project_id,three_A_date,three_A_notification,three_A_notification_normalized,three_D_date,three_D_notification,three_D_notification_normalized,days_3A_to_3D,delay_over_365d,match_method,geography_verified,research_label,project_number,project_name,url,land_required_ha,land_available_ha,land_to_be_acquired_ha,land_acquired_ha,land_available_ratio
18048,2018-01-10,152(E),152E,2018-10-25,5448,5448,288,0,deduped_nearest_subsequent_3D,False,True,MO/2017/18048,"Building (widening / Two Laning with Paved Shoulder , etc.), maintenance, management and operation of the National Highway No.927A in the State of Rajasthan. राष्ट्रीय राजमार्ग संख्या ९२७ अ के प्रबनध सञ्चालन एवं चौड़ीकरण का कार्य",https://bhoomirashi.gov.in/auth/revamp/prep_public.cshtml?nid=1&project_id=18048,1300.0,0.0,1300.0,2.203,0.0
18048,2018-01-16,244 (E),244E,2018-11-29,5942 (E),5942E,317,0,deduped_nearest_subsequent_3D,False,True,MO/2017/18048,"Building (widening / Two Laning with Paved Shoulder , etc.), maintenance, management and operation of the National Highway No.927A in the State of Rajasthan. राष्ट्रीय राजमार्ग संख्या ९२७ अ के प्रबनध सञ्चालन एवं चौड़ीकरण का कार्य",https://bhoomirashi.gov.in/auth/revamp/prep_public.cshtml?nid=1&project_id=18048,1300.0,0.0,1300.0,2.203,0.0
18048,2018-01-16,245(E),245E,2018-11-29,5945 (E),5945E,317,0,deduped_nearest_subsequent_3D,False,True,MO/2017/18048,"Building (widening / Two Laning with Paved Shoulder , etc.), maintenance, management and operation of the National Highway No.927A in the State of Rajasthan. राष्ट्रीय राजमार्ग संख्या ९२७ अ के प्रबनध सञ्चालन एवं चौड़ीकरण का कार्य",https://bhoomirashi.gov.in/auth/revamp/prep_public.cshtml?nid=1&project_id=18048,1300.0,0.0,1300.0,2.203,0.0
18048,2018-01-16,246(E),246E,2018-12-28,6438 (E),6438E,346,0,deduped_nearest_subsequent_3D,False,True,MO/2017/18048,"Building (widening / Two Laning with Paved Shoulder , etc.), maintenance, management and operation of the National Highway No.927A in the State of Rajasthan. राष्ट्रीय राजमार्ग संख्या ९२७ अ के प्रबनध सञ्चालन एवं चौड़ीकरण का कार्य",https://bhoomirashi.gov.in/auth/revamp/prep_public.cshtml?nid=1&project_id=18048,1300.0,0.0,1300.0,2.203,0.0
18048,2022-04-04,1588-E,1588E,2023-03-28,1449-E,1449E,358,0,deduped_nearest_subsequent_3D,False,True,MO/2017/18048,"Building (widening / Two Laning with Paved Shoulder , etc.), maintenance, management and operation of the National Highway No.927A in the State of Rajasthan. राष्ट्रीय राजमार्ग संख्या ९२७ अ के प्रबनध सञ्चालन एवं चौड़ीकरण का कार्य",https://bhoomirashi.gov.in/auth/revamp/prep_public.cshtml?nid=1&project_id=18048,1300.0,0.0,1300.0,2.203,0.0
18048,2025-02-28,1039-E,1039E,2026-01-20,283-E,283E,326,0,deduped_nearest_subsequent_3D,False,True,MO/2017/18048,"Building (widening / Two Laning with Paved Shoulder , etc.), maintenance, management and operation of the National Highway No.927A in the State of Rajasthan. राष्ट्रीय राजमार्ग संख्या ९२७ अ के प्रबनध सञ्चालन एवं चौड़ीकरण का कार्य",https://bhoomirashi.gov.in/auth/revamp/prep_public.cshtml?nid=1&project_id=18048,1300.0,0.0,1300.0,2.203,0.0
22059,2017-07-30,notificat222,CAT222,2017-07-31,notifi222,222,1,0,deduped_nearest_subsequent_3D,False,True,MO/2017/22059,Land Acquisition estimate for Theog by pass 2.317km length from 174/040 to 176/400 of NH-22 in the State of Himachal Pradesh. Land Acquisition estimate for Theog by pass 2.317km length from 174/040 to 176/400 of NH-22 in the State of Himachal Pradesh,https://bhoomirashi.gov.in/auth/revamp/prep_public.cshtml?nid=1&project_id=22059,2.32,2.0,0.32,0.0,0.8620689655172414
24065,2018-02-23,902(E),902E,2019-02-21,942 (E),942E,363,0,deduped_nearest_subsequent_3D,False,True,MO/2017/24065,Land Acquisition for construction of two laning with paved shoulder on national highway no.158 ( Ras-Beawar-Asind-Mandal Section) from Km 0.000 to 116.912 in the state of rajasthan लैंड एक्वीजीशन फॉर कंस्ट्रक्शन ऑफ़ तवो लैनिंग विथ पवेद शोल्डर ों नेशनल हाईवे no.१५८ ( Ras-Beawar-Asind-मंडल Section) फ्रॉम कम 0.००० तो 116.९१२ इन थे स्टेट ऑफ़ राजस्थान,https://bhoomirashi.gov.in/auth/revamp/prep_public.cshtml?nid=1&project_id=24065,3200.0,190.0,3010.0,4.9869,0.059375
24065,2018-02-23,903(E),903E,2019-02-21,943 (E),943E,363,0,deduped_nearest_subsequent_3D,False,True,MO/2017/24065,Land Acquisition for construction of two laning with paved shoulder on national highway no.158 ( Ras-Beawar-Asind-Mandal Section) from Km 0.000 to 116.912 in the state of rajasthan लैंड एक्वीजीशन फॉर कंस्ट्रक्शन ऑफ़ तवो लैनिंग विथ पवेद शोल्डर ों नेशनल हाईवे no.१५८ ( Ras-Beawar-Asind-मंडल Section) फ्रॉम कम 0.००० तो 116.९१२ इन थे स्टेट ऑफ़ राजस्थान,https://bhoomirashi.gov.in/auth/revamp/prep_public.cshtml?nid=1&project_id=24065,3200.0,190.0,3010.0,4.9869,0.059375
24065,2018-02-23,904(E),904E,2019-02-21,944 (E),944E,363,0,deduped_nearest_subsequent_3D,False,True,MO/2017/24065,Land Acquisition for construction of two laning with paved shoulder on national highway no.158 ( Ras-Beawar-Asind-Mandal Section) from Km 0.000 to 116.912 in the state of rajasthan लैंड एक्वीजीशन फॉर कंस्ट्रक्शन ऑफ़ तवो लैनिंग विथ पवेद शोल्डर ों नेशनल हाईवे no.१५८ ( Ras-Beawar-Asind-मंडल Section) फ्रॉम कम 0.००० तो 116.९१२ इन थे स्टेट ऑफ़ राजस्थान,https://bhoomirashi.gov.in/auth/revamp/prep_public.cshtml?nid=1&project_id=24065,3200.0,190.0,3010.0,4.9869,0.059375
24065,2018-02-23,905 (E),905E,2019-02-21,945(E),945E,363,0,deduped_nearest_subsequent_3D,False,True,MO/2017/24065,Land Acquisition for construction of two laning with paved shoulder on national highway no.158 ( Ras-Beawar-Asind-Mandal Section) from Km 0.000 to 116.912 in the state of rajasthan लैंड एक्वीजीशन फॉर कंस्ट्रक्शन ऑफ़ तवो लैनिंग विथ पवेद शोल्डर ों नेशनल हाईवे no.१५८ ( Ras-Beawar-Asind-मंडल Section) फ्रॉम कम 0.००० तो 116.९१२ इन थे स्टेट ऑफ़ राजस्थान,https://bhoomirashi.gov.in/auth/revamp/prep_public.cshtml?nid=1&project_id=24065,3200.0,190.0,3010.0,4.9869,0.059375
24065,2018-02-23,906(E),906E,2019-02-21,946 (E),946E,363,0,deduped_nearest_subsequent_3D,False,True,MO/2017/24065,Land Acquisition for construction of two laning with paved shoulder on national highway no.158 ( Ras-Beawar-Asind-Mandal Section) from Km 0.000 to 116.912 in the state of rajasthan लैंड एक्वीजीशन फॉर कंस्ट्रक्शन ऑफ़ तवो लैनिंग विथ पवेद शोल्डर ों नेशनल हाईवे no.१५८ ( Ras-Beawar-Asind-मंडल Section) फ्रॉम कम 0.००० तो 116.९१२ इन थे स्टेट ऑफ़ राजस्थान,https://bhoomirashi.gov.in/auth/revamp/prep_public.cshtml?nid=1&project_id=24065,3200.0,190.0,3010.0,4.9869,0.059375
24065,2018-06-29,4156(E),4156E,2019-06-28,2255 (E),2255E,364,0,deduped_nearest_subsequent_3D,False,True,MO/2017/24065,Land Acquisition for construction of two laning with paved shoulder on national highway no.158 ( Ras-Beawar-Asind-Mandal Section) from Km 0.000 to 116.912 in the state of rajasthan लैंड एक्वीजीशन फॉर कंस्ट्रक्शन ऑफ़ तवो लैनिंग विथ पवेद शोल्डर ों नेशनल हाईवे no.१५८ ( Ras-Beawar-Asind-मंडल Section) फ्रॉम कम 0.००० तो 116.९१२ इन थे स्टेट ऑफ़ राजस्थान,https://bhoomirashi.gov.in/auth/revamp/prep_public.cshtml?nid=1&project_id=24065,3200.0,190.0,3010.0,4.9869,0.059375
24065,2018-07-25,3648 (A),3648A,2019-07-24,2624(E),2624E,364,0,deduped_nearest_subsequent_3D,False,True,MO/2017/24065,Land Acquisition for construction of two laning with paved shoulder on national highway no.158 ( Ras-Beawar-Asind-Mandal Section) from Km 0.000 to 116.912 in the state of rajasthan लैंड एक्वीजीशन फॉर कंस्ट्रक्शन ऑफ़ तवो लैनिंग विथ पवेद शोल्डर ों नेशनल हाईवे no.१५८ ( Ras-Beawar-Asind-मंडल Section) फ्रॉम कम 0.००० तो 116.९१२ इन थे स्टेट ऑफ़ राजस्थान,https://bhoomirashi.gov.in/auth/revamp/prep_public.cshtml?nid=1&project_id=24065,3200.0,190.0,3010.0,4.9869,0.059375
24065,2020-01-06,95 (E),95E,2020-09-01,2966 (E),2966E,239,0,deduped_nearest_subsequent_3D,False,True,MO/2017/24065,Land Acquisition for construction of two laning with paved shoulder on national highway no.158 ( Ras-Beawar-Asind-Mandal Section) from Km 0.000 to 116.912 in the state of rajasthan लैंड एक्वीजीशन फॉर कंस्ट्रक्शन ऑफ़ तवो लैनिंग विथ पवेद शोल्डर ों नेशनल हाईवे no.१५८ ( Ras-Beawar-Asind-मंडल Section) फ्रॉम कम 0.००० तो 116.९१२ इन थे स्टेट ऑफ़ राजस्थान,https://bhoomirashi.gov.in/auth/revamp/prep_public.cshtml?nid=1&project_id=24065,3200.0,190.0,3010.0,4.9869,0.059375
24065,2020-01-06,96 (E),96E,2020-09-02,2965 (E),2965E,240,0,deduped_nearest_subsequent_3D,False,True,MO/2017/24065,Land Acquisition for construction of two laning with paved shoulder on national highway no.158 ( Ras-Beawar-Asind-Mandal Section) from Km 0.000 to 116.912 in the state of rajasthan लैंड एक्वीजीशन फॉर कंस्ट्रक्शन ऑफ़ तवो लैनिंग विथ पवेद शोल्डर ों नेशनल हाईवे no.१५८ ( Ras-Beawar-Asind-मंडल Section) फ्रॉम कम 0.००० तो 116.९१२ इन थे स्टेट ऑफ़ राजस्थान,https://bhoomirashi.gov.in/auth/revamp/prep_public.cshtml?nid=1&project_id=24065,3200.0,190.0,3010.0,4.9869,0.059375
24065,2020-01-06,97 (E),97E,2020-09-08,3037-E,3037E,246,0,deduped_nearest_subsequent_3D,False,True,MO/2017/24065,Land Acquisition for construction of two laning with paved shoulder on national highway no.158 ( Ras-Beawar-Asind-Mandal Section) from Km 0.000 to 116.912 in the state of rajasthan लैंड एक्वीजीशन फॉर कंस्ट्रक्शन ऑफ़ तवो लैनिंग विथ पवेद शोल्डर ों नेशनल हाईवे no.१५८ ( Ras-Beawar-Asind-मंडल Section) फ्रॉम कम 0.००० तो 116.९१२ इन थे स्टेट ऑफ़ राजस्थान,https://bhoomirashi.gov.in/auth/revamp/prep_public.cshtml?nid=1&project_id=24065,3200.0,190.0,3010.0,4.9869,0.059375
24065,2020-01-06,98 (E),98E,2020-09-08,3038E,3038E,246,0,deduped_nearest_subsequent_3D,False,True,MO/2017/24065,Land Acquisition for construction of two laning with paved shoulder on national highway no.158 ( Ras-Beawar-Asind-Mandal Section) from Km 0.000 to 116.912 in the state of rajasthan लैंड एक्वीजीशन फॉर कंस्ट्रक्शन ऑफ़ तवो लैनिंग विथ पवेद शोल्डर ों नेशनल हाईवे no.१५८ ( Ras-Beawar-Asind-मंडल Section) फ्रॉम कम 0.००० तो 116.९१२ इन थे स्टेट ऑफ़ राजस्थान,https://bhoomirashi.gov.in/auth/revamp/prep_public.cshtml?nid=1&project_id=24065,3200.0,190.0,3010.0,4.9869,0.059375
24065,2020-01-15,230 (E),230E,2020-09-10,3096-E,3096E,239,0,deduped_nearest_subsequent_3D,False,True,MO/2017/24065,Land Acquisition for construction of two laning with paved shoulder on national highway no.158 ( Ras-Beawar-Asind-Mandal Section) from Km 0.000 to 116.912 in the state of rajasthan लैंड एक्वीजीशन फॉर कंस्ट्रक्शन ऑफ़ तवो लैनिंग विथ पवेद शोल्डर ों नेशनल हाईवे no.१५८ ( Ras-Beawar-Asind-मंडल Section) फ्रॉम कम 0.००० तो 116.९१२ इन थे स्टेट ऑफ़ राजस्थान,https://bhoomirashi.gov.in/auth/revamp/prep_public.cshtml?nid=1&project_id=24065,3200.0,190.0,3010.0,4.9869,0.059375
24065,2020-03-13,1072 (E),1072E,2020-09-29,3399-E,3399E,200,0,deduped_nearest_subsequent_3D,False,True,MO/2017/24065,Land Acquisition for construction of two laning with paved shoulder on national highway no.158 ( Ras-Beawar-Asind-Mandal Section) from Km 0.000 to 116.912 in the state of rajasthan लैंड एक्वीजीशन फॉर कंस्ट्रक्शन ऑफ़ तवो लैनिंग विथ पवेद शोल्डर ों नेशनल हाईवे no.१५८ ( Ras-Beawar-Asind-मंडल Section) फ्रॉम कम 0.००० तो 116.९१२ इन थे स्टेट ऑफ़ राजस्थान,https://bhoomirashi.gov.in/auth/revamp/prep_public.cshtml?nid=1&project_id=24065,3200.0,190.0,3010.0,4.9869,0.059375
24065,2020-06-09,1814 (E),1814E,2020-10-13,3595-E,3595E,126,0,deduped_nearest_subsequent_3D,False,True,MO/2017/24065,Land Acquisition for construction of two laning with paved shoulder on national highway no.158 ( Ras-Beawar-Asind-Mandal Section) from Km 0.000 to 116.912 in the state of rajasthan लैंड एक्वीजीशन फॉर कंस्ट्रक्शन ऑफ़ तवो लैनिंग विथ पवेद शोल्डर ों नेशनल हाईवे no.१५८ ( Ras-Beawar-Asind-मंडल Section) फ्रॉम कम 0.००० तो 116.९१२ इन थे स्टेट ऑफ़ राजस्थान,https://bhoomirashi.gov.in/auth/revamp/prep_public.cshtml?nid=1&project_id=24065,3200.0,190.0,3010.0,4.9869,0.059375
24065,2020-10-19,3671-E,3671E,2020-10-29,3933-E,3933E,10,0,deduped_nearest_subsequent_3D,False,True,MO/2017/24065,Land Acquisition for construction of two laning with paved shoulder on national highway no.158 ( Ras-Beawar-Asind-Mandal Section) from Km 0.000 to 116.912 in the state of rajasthan लैंड एक्वीजीशन फॉर कंस्ट्रक्शन ऑफ़ तवो लैनिंग विथ पवेद शोल्डर ों नेशनल हाईवे no.१५८ ( Ras-Beawar-Asind-मंडल Section) फ्रॉम कम 0.००० तो 116.९१२ इन थे स्टेट ऑफ़ राजस्थान,https://bhoomirashi.gov.in/auth/revamp/prep_public.cshtml?nid=1&project_id=24065,3200.0,190.0,3010.0,4.9869,0.059375
24065,2020-10-19,3672-E,3672E,2020-12-18,4614-E,4614E,60,0,deduped_nearest_subsequent_3D,False,True,MO/2017/24065,Land Acquisition for construction of two laning with paved shoulder on national highway no.158 ( Ras-Beawar-Asind-Mandal Section) from Km 0.000 to 116.912 in the state of rajasthan लैंड एक्वीजीशन फॉर कंस्ट्रक्शन ऑफ़ तवो लैनिंग विथ पवेद शोल्डर ों नेशनल हाईवे no.१५८ ( Ras-Beawar-Asind-मंडल Section) फ्रॉम कम 0.००० तो 116.९१२ इन थे स्टेट ऑफ़ राजस्थान,https://bhoomirashi.gov.in/auth/revamp/prep_public.cshtml?nid=1&project_id=24065,3200.0,190.0,3010.0,4.9869,0.059375
24065,2020-10-19,3673-E,3673E,2020-12-18,4615-E,4615E,60,0,deduped_nearest_subsequent_3D,False,True,MO/2017/24065,Land Acquisition for construction of two laning with paved shoulder on national highway no.158 ( Ras-Beawar-Asind-Mandal Section) from Km 0.000 to 116.912 in the state of rajasthan लैंड एक्वीजीशन फॉर कंस्ट्रक्शन ऑफ़ तवो लैनिंग विथ पवेद शोल्डर ों नेशनल हाईवे no.१५८ ( Ras-Beawar-Asind-मंडल Section) फ्रॉम कम 0.००० तो 116.९१२ इन थे स्टेट ऑफ़ राजस्थान,https://bhoomirashi.gov.in/auth/revamp/prep_public.cshtml?nid=1&project_id=24065,3200.0,190.0,3010.0,4.9869,0.059375
24065,2020-10-28,3859-E,3859E,2020-12-18,4616-E,4616E,51,0,deduped_nearest_subsequent_3D,False,True,MO/2017/24065,Land Acquisition for construction of two laning with paved shoulder on national highway no.158 ( Ras-Beawar-Asind-Mandal Section) from Km 0.000 to 116.912 in the state of rajasthan लैंड एक्वीजीशन फॉर कंस्ट्रक्शन ऑफ़ तवो लैनिंग विथ पवेद शोल्डर ों नेशनल हाईवे no.१५८ ( Ras-Beawar-Asind-मंडल Section) फ्रॉम कम 0.००० तो 116.९१२ इन थे स्टेट ऑफ़ राजस्थान,https://bhoomirashi.gov.in/auth/revamp/prep_public.cshtml?nid=1&project_id=24065,3200.0,190.0,3010.0,4.9869,0.059375
24065,2020-10-28,3866-E,3866E,2020-12-18,4619-E,4619E,51,0,deduped_nearest_subsequent_3D,False,True,MO/2017/24065,Land Acquisition for construction of two laning with paved shoulder on national highway no.158 ( Ras-Beawar-Asind-Mandal Section) from Km 0.000 to 116.912 in the state of rajasthan लैंड एक्वीजीशन फॉर कंस्ट्रक्शन ऑफ़ तवो लैनिंग विथ पवेद शोल्डर ों नेशनल हाईवे no.१५८ ( Ras-Beawar-Asind-मंडल Section) फ्रॉम कम 0.००० तो 116.९१२ इन थे स्टेट ऑफ़ राजस्थान,https://bhoomirashi.gov.in/auth/revamp/prep_public.cshtml?nid=1&project_id=24065,3200.0,190.0,3010.0,4.9869,0.059375
24065,2020-10-28,3867-E,3867E,2021-01-20,284-E,284E,84,0,deduped_nearest_subsequent_3D,False,True,MO/2017/24065,Land Acquisition for construction of two laning with paved shoulder on national highway no.158 ( Ras-Beawar-Asind-Mandal Section) from Km 0.000 to 116.912 in the state of rajasthan लैंड एक्वीजीशन फॉर कंस्ट्रक्शन ऑफ़ तवो लैनिंग विथ पवेद शोल्डर ों नेशनल हाईवे no.१५८ ( Ras-Beawar-Asind-मंडल Section) फ्रॉम कम 0.००० तो 116.९१२ इन थे स्टेट ऑफ़ राजस्थान,https://bhoomirashi.gov.in/auth/revamp/prep_public.cshtml?nid=1&project_id=24065,3200.0,190.0,3010.0,4.9869,0.059375
24065,2020-11-13,4117-E,4117E,2021-01-25,352-E,352E,73,0,deduped_nearest_subsequent_3D,False,True,MO/2017/24065,Land Acquisition for construction of two laning with paved shoulder on national highway no.158 ( Ras-Beawar-Asind-Mandal Section) from Km 0.000 to 116.912 in the state of rajasthan लैंड एक्वीजीशन फॉर कंस्ट्रक्शन ऑफ़ तवो लैनिंग विथ पवेद शोल्डर ों नेशनल हाईवे no.१५८ ( Ras-Beawar-Asind-मंडल Section) फ्रॉम कम 0.००० तो 116.९१२ इन थे स्टेट ऑफ़ राजस्थान,https://bhoomirashi.gov.in/auth/revamp/prep_public.cshtml?nid=1&project_id=24065,3200.0,190.0,3010.0,4.9869,0.059375
24065,2021-09-20,3839-E,3839E,2022-03-29,1459-E,1459E,190,0,deduped_nearest_subsequent_3D,False,True,MO/2017/24065,Land Acquisition for construction of two laning with paved shoulder on national highway no.158 ( Ras-Beawar-Asind-Mandal Section) from Km 0.000 to 116.912 in the state of rajasthan लैंड एक्वीजीशन फॉर कंस्ट्रक्शन ऑफ़ तवो लैनिंग विथ पवेद शोल्डर ों नेशनल हाईवे no.१५८ ( Ras-Beawar-Asind-मंडल Section) फ्रॉम कम 0.००० तो 116.९१२ इन थे स्टेट ऑफ़ राजस्थान,https://bhoomirashi.gov.in/auth/revamp/prep_public.cshtml?nid=1&project_id=24065,3200.0,190.0,3010.0,4.9869,0.059375
24065,2022-01-05,59-E,59E,2022-12-29,6137-E,6137E,358,0,deduped_nearest_subsequent_3D,False,True,MO/2017/24065,Land Acquisition for construction of two laning with paved shoulder on national highway no.158 ( Ras-Beawar-Asind-Mandal Section) from Km 0.000 to 116.912 in the state of rajasthan लैंड एक्वीजीशन फॉर कंस्ट्रक्शन ऑफ़ तवो लैनिंग विथ पवेद शोल्डर ों नेशनल हाईवे no.१५८ ( Ras-Beawar-Asind-मंडल Section) फ्रॉम कम 0.००० तो 116.९१२ इन थे स्टेट ऑफ़ राजस्थान,https://bhoomirashi.gov.in/auth/revamp/prep_public.cshtml?nid=1&project_id=24065,3200.0,190.0,3010.0,4.9869,0.059375
24065,2022-07-01,3006-E,3006E,2023-02-03,551-E,551E,217,0,deduped_nearest_subsequent_3D,False,True,MO/2017/24065,Land Acquisition for construction of two laning with paved shoulder on national highway no.158 ( Ras-Beawar-Asind-Mandal Section) from Km 0.000 to 116.912 in the state of rajasthan लैंड एक्वीजीशन फॉर कंस्ट्रक्शन ऑफ़ तवो लैनिंग विथ पवेद शोल्डर ों नेशनल हाईवे no.१५८ ( Ras-Beawar-Asind-मंडल Section) फ्रॉम कम 0.००० तो 116.९१२ इन थे स्टेट ऑफ़ राजस्थान,https://bhoomirashi.gov.in/auth/revamp/prep_public.cshtml?nid=1&project_id=24065,3200.0,190.0,3010.0,4.9869,0.059375
24065,2022-07-01,3009-E,3009E,2023-06-30,2838-E,2838E,364,0,deduped_nearest_subsequent_3D,False,True,MO/2017/24065,Land Acquisition for construction of two laning with paved shoulder on national highway no.158 ( Ras-Beawar-Asind-Mandal Section) from Km 0.000 to 116.912 in the state of rajasthan लैंड एक्वीजीशन फॉर कंस्ट्रक्शन ऑफ़ तवो लैनिंग विथ पवेद शोल्डर ों नेशनल हाईवे no.१५८ ( Ras-Beawar-Asind-मंडल Section) फ्रॉम कम 0.००० तो 116.९१२ इन थे स्टेट ऑफ़ राजस्थान,https://bhoomirashi.gov.in/auth/revamp/prep_public.cshtml?nid=1&project_id=24065,3200.0,190.0,3010.0,4.9869,0.059375
28082,2017-05-16,1591,1591,2018-03-09,,,297,0,deduped_nearest_subsequent_3D,False,True,MO/2017/28082,Widening to 2L+PS from Km 181.00 to 239.280 of NH-26 (Bhawanipatna to Koksara). वाइडनिंग टो 2ऍल्‌+पीऍस्‌ फ्रम केएम 181.00 टो 239.280 ओफ ऍन्‌हॆच्‌-26 (भवानीपत्न टो कोक्सर).,https://bhoomirashi.gov.in/auth/revamp/prep_public.cshtml?nid=1&project_id=28082,16.9,0.0,16.9,0.0,0.0
30088,2017-08-08,2559,2559,2018-08-07,S.O. 3936 (E),SO3936E,364,0,deduped_nearest_subsequent_3D,False,True,MO/2017/30088,Acquisition of land for construction of ROB cum bypass road for Titlagarh Town on NH-59 एक्वीजीशन ऑफ़ लैंड फॉर कंस्ट्रक्शन ऑफ़ रॉब छुम बाईपास रोड फॉर टिटलागढ़ टाउन ों,https://bhoomirashi.gov.in/auth/revamp/prep_public.cshtml?nid=1&project_id=30088,115.0,0.0,115.0,0.0,0.0
30088,2024-09-18,3977(E),3977E,2025-01-16,310(E),310E,120,0,deduped_nearest_subsequent_3D,False,True,MO/2017/30088,Acquisition of land for construction of ROB cum bypass road for Titlagarh Town on NH-59 एक्वीजीशन ऑफ़ लैंड फॉर कंस्ट्रक्शन ऑफ़ रॉब छुम बाईपास रोड फॉर टिटलागढ़ टाउन ों,https://bhoomirashi.gov.in/auth/revamp/prep_public.cshtml?nid=1&project_id=30088,115.0,0.0,115.0,0.0,0.0
34119,2018-03-15,1164,1164,2018-10-09,5209 (E),5209E,208,0,deduped_nearest_subsequent_3D,False,True,MO/2017/34119,"Upgradation (widening /Two-laning,etc), maintenance, management and operation of National Highways No.325 in the stretch of land from design chainage Km 16+200 to 157+183 ( existing chainage Km 16+200 to Km 164+031) in District Barmer, Jalore, Pali in the state of Rajasthan ( Package No. NHAI/IAHE/22) उपग्रडेशन ऑफ़ (विडेनिंग /तवो / Two-laning, etc), maintenance, मैनेजमेंट एंड ऑपरेशन ऑफ़ नेशनल हाइवेज No.३२५ इन थे स्ट्रेच ऑफ़ लैंड फ्रॉम डिज़ाइन चैनगे कम 16+२०० तो 157+१८३ ( एक्सिस्टिंग चैनगे कम 16+२०० तो कम 164+031) इन डिस्ट्रिक्ट Barmer, Jalore, पाली इन थे स्टेट ऑफ़ राजस्थान ( पैकेज No.",https://bhoomirashi.gov.in/auth/revamp/prep_public.cshtml?nid=1&project_id=34119,1500.0,100.0,1400.0,9.1842,0.06666666666666667
34119,2018-03-15,1165(E),1165E,2018-12-07,6066 (E),6066E,267,0,deduped_nearest_subsequent_3D,False,True,MO/2017/34119,"Upgradation (widening /Two-laning,etc), maintenance, management and operation of National Highways No.325 in the stretch of land from design chainage Km 16+200 to 157+183 ( existing chainage Km 16+200 to Km 164+031) in District Barmer, Jalore, Pali in the state of Rajasthan ( Package No. NHAI/IAHE/22) उपग्रडेशन ऑफ़ (विडेनिंग /तवो / Two-laning, etc), maintenance, मैनेजमेंट एंड ऑपरेशन ऑफ़ नेशनल हाइवेज No.३२५ इन थे स्ट्रेच ऑफ़ लैंड फ्रॉम डिज़ाइन चैनगे कम 16+२०० तो 157+१८३ ( एक्सिस्टिंग चैनगे कम 16+२०० तो कम 164+031) इन डिस्ट्रिक्ट Barmer, Jalore, पाली इन थे स्टेट ऑफ़ राजस्थान ( पैकेज No.",https://bhoomirashi.gov.in/auth/revamp/prep_public.cshtml?nid=1&project_id=34119,1500.0,100.0,1400.0,9.1842,0.06666666666666667
34119,2018-03-15,1166(E),1166E,2019-02-13,864 (E),864E,335,0,deduped_nearest_subsequent_3D,False,True,MO/2017/34119,"Upgradation (widening /Two-laning,etc), maintenance, management and operation of National Highways No.325 in the stretch of land from design chainage Km 16+200 to 157+183 ( existing chainage Km 16+200 to Km 164+031) in District Barmer, Jalore, Pali in the state of Rajasthan ( Package No. NHAI/IAHE/22) उपग्रडेशन ऑफ़ (विडेनिंग /तवो / Two-laning, etc), maintenance, मैनेजमेंट एंड ऑपरेशन ऑफ़ नेशनल हाइवेज No.३२५ इन थे स्ट्रेच ऑफ़ लैंड फ्रॉम डिज़ाइन चैनगे कम 16+२०० तो 157+१८३ ( एक्सिस्टिंग चैनगे कम 16+२०० तो कम 164+031) इन डिस्ट्रिक्ट Barmer, Jalore, पाली इन थे स्टेट ऑफ़ राजस्थान ( पैकेज No.",https://bhoomirashi.gov.in/auth/revamp/prep_public.cshtml?nid=1&project_id=34119,1500.0,100.0,1400.0,9.1842,0.06666666666666667
34119,2018-03-15,1167(E),1167E,2019-03-14,1374(E),1374E,364,0,deduped_nearest_subsequent_3D,False,True,MO/2017/34119,"Upgradation (widening /Two-laning,etc), maintenance, management and operation of National Highways No.325 in the stretch of land from design chainage Km 16+200 to 157+183 ( existing chainage Km 16+200 to Km 164+031) in District Barmer, Jalore, Pali in the state of Rajasthan ( Package No. NHAI/IAHE/22) उपग्रडेशन ऑफ़ (विडेनिंग /तवो / Two-laning, etc), maintenance, मैनेजमेंट एंड ऑपरेशन ऑफ़ नेशनल हाइवेज No.३२५ इन थे स्ट्रेच ऑफ़ लैंड फ्रॉम डिज़ाइन चैनगे कम 16+२०० तो 157+१८३ ( एक्सिस्टिंग चैनगे कम 16+२०० तो कम 164+031) इन डिस्ट्रिक्ट Barmer, Jalore, पाली इन थे स्टेट ऑफ़ राजस्थान ( पैकेज No.",https://bhoomirashi.gov.in/auth/revamp/prep_public.cshtml?nid=1&project_id=34119,1500.0,100.0,1400.0,9.1842,0.06666666666666667
34119,2018-03-15,1168(E),1168E,2019-08-06,2833 (E),2833E,509,1,deduped_nearest_subsequent_3D,False,True,MO/2017/34119,"Upgradation (widening /Two-laning,etc), maintenance, management and operation of National Highways No.325 in the stretch of land from design chainage Km 16+200 to 157+183 ( existing chainage Km 16+200 to Km 164+031) in District Barmer, Jalore, Pali in the state of Rajasthan ( Package No. NHAI/IAHE/22) उपग्रडेशन ऑफ़ (विडेनिंग /तवो / Two-laning, etc), maintenance, मैनेजमेंट एंड ऑपरेशन ऑफ़ नेशनल हाइवेज No.३२५ इन थे स्ट्रेच ऑफ़ लैंड फ्रॉम डिज़ाइन चैनगे कम 16+२०० तो 157+१८३ ( एक्सिस्टिंग चैनगे कम 16+२०० तो कम 164+031) इन डिस्ट्रिक्ट Barmer, Jalore, पाली इन थे स्टेट ऑफ़ राजस्थान ( पैकेज No.",https://bhoomirashi.gov.in/auth/revamp/prep_public.cshtml?nid=1&project_id=34119,1500.0,100.0,1400.0,9.1842,0.06666666666666667
34119,2019-02-12,824 (E),824E,2019-08-06,2835 (E),2835E,175,0,deduped_nearest_subsequent_3D,False,True,MO/2017/34119,"Upgradation (widening /Two-laning,etc), maintenance, management and operation of National Highways No.325 in the stretch of land from design chainage Km 16+200 to 157+183 ( existing chainage Km 16+200 to Km 164+031) in District Barmer, Jalore, Pali in the state of Rajasthan ( Package No. NHAI/IAHE/22) उपग्रडेशन ऑफ़ (विडेनिंग /तवो / Two-laning, etc), maintenance, मैनेजमेंट एंड ऑपरेशन ऑफ़ नेशनल हाइवेज No.३२५ इन थे स्ट्रेच ऑफ़ लैंड फ्रॉम डिज़ाइन चैनगे कम 16+२०० तो 157+१८३ ( एक्सिस्टिंग चैनगे कम 16+२०० तो कम 164+031) इन डिस्ट्रिक्ट Barmer, Jalore, पाली इन थे स्टेट ऑफ़ राजस्थान ( पैकेज No.",https://bhoomirashi.gov.in/auth/revamp/prep_public.cshtml?nid=1&project_id=34119,1500.0,100.0,1400.0,9.1842,0.06666666666666667
34119,2019-02-12,826 (E),826E,2020-06-04,1750 (E),1750E,478,1,deduped_nearest_subsequent_3D,False,True,MO/2017/34119,"Upgradation (widening /Two-laning,etc), maintenance, management and operation of National Highways No.325 in the stretch of land from design chainage Km 16+200 to 157+183 ( existing chainage Km 16+200 to Km 164+031) in District Barmer, Jalore, Pali in the state of Rajasthan ( Package No. NHAI/IAHE/22) उपग्रडेशन ऑफ़ (विडेनिंग /तवो / Two-laning, etc), maintenance, मैनेजमेंट एंड ऑपरेशन ऑफ़ नेशनल हाइवेज No.३२५ इन थे स्ट्रेच ऑफ़ लैंड फ्रॉम डिज़ाइन चैनगे कम 16+२०० तो 157+१८३ ( एक्सिस्टिंग चैनगे कम 16+२०० तो कम 164+031) इन डिस्ट्रिक्ट Barmer, Jalore, पाली इन थे स्टेट ऑफ़ राजस्थान ( पैकेज No.",https://bhoomirashi.gov.in/auth/revamp/prep_public.cshtml?nid=1&project_id=34119,1500.0,100.0,1400.0,9.1842,0.06666666666666667
34119,2019-10-30,3931 (E),3931E,2022-09-26,4524-E,4524E,1062,1,deduped_nearest_subsequent_3D,False,True,MO/2017/34119,"Upgradation (widening /Two-laning,etc), maintenance, management and operation of National Highways No.325 in the stretch of land from design chainage Km 16+200 to 157+183 ( existing chainage Km 16+200 to Km 164+031) in District Barmer, Jalore, Pali in the state of Rajasthan ( Package No. NHAI/IAHE/22) उपग्रडेशन ऑफ़ (विडेनिंग /तवो / Two-laning, etc), maintenance, मैनेजमेंट एंड ऑपरेशन ऑफ़ नेशनल हाइवेज No.३२५ इन थे स्ट्रेच ऑफ़ लैंड फ्रॉम डिज़ाइन चैनगे कम 16+२०० तो 157+१८३ ( एक्सिस्टिंग चैनगे कम 16+२०० तो कम 164+031) इन डिस्ट्रिक्ट Barmer, Jalore, पाली इन थे स्टेट ऑफ़ राजस्थान ( पैकेज No.",https://bhoomirashi.gov.in/auth/revamp/prep_public.cshtml?nid=1&project_id=34119,1500.0,100.0,1400.0,9.1842,0.06666666666666667
34119,2021-09-30,4039-E,4039E,2023-04-25,1885-E,1885E,572,1,deduped_nearest_subsequent_3D,False,True,MO/2017/34119,"Upgradation (widening /Two-laning,etc), maintenance, management and operation of National Highways No.325 in the stretch of land from design chainage Km 16+200 to 157+183 ( existing chainage Km 16+200 to Km 164+031) in District Barmer, Jalore, Pali in the state of Rajasthan ( Package No. NHAI/IAHE/22) उपग्रडेशन ऑफ़ (विडेनिंग /तवो / Two-laning, etc), maintenance, मैनेजमेंट एंड ऑपरेशन ऑफ़ नेशनल हाइवेज No.३२५ इन थे स्ट्रेच ऑफ़ लैंड फ्रॉम डिज़ाइन चैनगे कम 16+२०० तो 157+१८३ ( एक्सिस्टिंग चैनगे कम 16+२०० तो कम 164+031) इन डिस्ट्रिक्ट Barmer, Jalore, पाली इन थे स्टेट ऑफ़ राजस्थान ( पैकेज No.",https://bhoomirashi.gov.in/auth/revamp/prep_public.cshtml?nid=1&project_id=34119,1500.0,100.0,1400.0,9.1842,0.06666666666666667
34119,2022-05-06,2126-E,2126E,2023-06-08,2534-E,2534E,398,1,deduped_nearest_subsequent_3D,False,True,MO/2017/34119,"Upgradation (widening /Two-laning,etc), maintenance, management and operation of National Highways No.325 in the stretch of land from design chainage Km 16+200 to 157+183 ( existing chainage Km 16+200 to Km 164+031) in District Barmer, Jalore, Pali in the state of Rajasthan ( Package No. NHAI/IAHE/22) उपग्रडेशन ऑफ़ (विडेनिंग /तवो / Two-laning, etc), maintenance, मैनेजमेंट एंड ऑपरेशन ऑफ़ नेशनल हाइवेज No.३२५ इन थे स्ट्रेच ऑफ़ लैंड फ्रॉम डिज़ाइन चैनगे कम 16+२०० तो 157+१८३ ( एक्सिस्टिंग चैनगे कम 16+२०० तो कम 164+031) इन डिस्ट्रिक्ट Barmer, Jalore, पाली इन थे स्टेट ऑफ़ राजस्थान ( पैकेज No.",https://bhoomirashi.gov.in/auth/revamp/prep_public.cshtml?nid=1&project_id=34119,1500.0,100.0,1400.0,9.1842,0.06666666666666667
34119,2023-04-05,1643-E,1643E,2023-07-21,3281-E,3281E,107,0,deduped_nearest_subsequent_3D,False,True,MO/2017/34119,"Upgradation (widening /Two-laning,etc), maintenance, management and operation of National Highways No.325 in the stretch of land from design chainage Km 16+200 to 157+183 ( existing chainage Km 16+200 to Km 164+031) in District Barmer, Jalore, Pali in the state of Rajasthan ( Package No. NHAI/IAHE/22) उपग्रडेशन ऑफ़ (विडेनिंग /तवो / Two-laning, etc), maintenance, मैनेजमेंट एंड ऑपरेशन ऑफ़ नेशनल हाइवेज No.३२५ इन थे स्ट्रेच ऑफ़ लैंड फ्रॉम डिज़ाइन चैनगे कम 16+२०० तो 157+१८३ ( एक्सिस्टिंग चैनगे कम 16+२०० तो कम 164+031) इन डिस्ट्रिक्ट Barmer, Jalore, पाली इन थे स्टेट ऑफ़ राजस्थान ( पैकेज No.",https://bhoomirashi.gov.in/auth/revamp/prep_public.cshtml?nid=1&project_id=34119,1500.0,100.0,1400.0,9.1842,0.06666666666666667
34119,2023-04-25,1895-E,1895E,2023-12-29,5519 (E),5519E,248,0,deduped_nearest_subsequent_3D,False,True,MO/2017/34119,"Upgradation (widening /Two-laning,etc), maintenance, management and operation of National Highways No.325 in the stretch of land from design chainage Km 16+200 to 157+183 ( existing chainage Km 16+200 to Km 164+031) in District Barmer, Jalore, Pali in the state of Rajasthan ( Package No. NHAI/IAHE/22) उपग्रडेशन ऑफ़ (विडेनिंग /तवो / Two-laning, etc), maintenance, मैनेजमेंट एंड ऑपरेशन ऑफ़ नेशनल हाइवेज No.३२५ इन थे स्ट्रेच ऑफ़ लैंड फ्रॉम डिज़ाइन चैनगे कम 16+२०० तो 157+१८३ ( एक्सिस्टिंग चैनगे कम 16+२०० तो कम 164+031) इन डिस्ट्रिक्ट Barmer, Jalore, पाली इन थे स्टेट ऑफ़ राजस्थान ( पैकेज No.",https://bhoomirashi.gov.in/auth/revamp/prep_public.cshtml?nid=1&project_id=34119,1500.0,100.0,1400.0,9.1842,0.06666666666666667
34119,2023-10-25,4658-E,4658E,2024-07-10,2690-E,2690E,259,0,deduped_nearest_subsequent_3D,False,True,MO/2017/34119,"Upgradation (widening /Two-laning,etc), maintenance, management and operation of National Highways No.325 in the stretch of land from design chainage Km 16+200 to 157+183 ( existing chainage Km 16+200 to Km 164+031) in District Barmer, Jalore, Pali in the state of Rajasthan ( Package No. NHAI/IAHE/22) उपग्रडेशन ऑफ़ (विडेनिंग /तवो / Two-laning, etc), maintenance, मैनेजमेंट एंड ऑपरेशन ऑफ़ नेशनल हाइवेज No.३२५ इन थे स्ट्रेच ऑफ़ लैंड फ्रॉम डिज़ाइन चैनगे कम 16+२०० तो 157+१८३ ( एक्सिस्टिंग चैनगे कम 16+२०० तो कम 164+031) इन डिस्ट्रिक्ट Barmer, Jalore, पाली इन थे स्टेट ऑफ़ राजस्थान ( पैकेज No.",https://bhoomirashi.gov.in/auth/revamp/prep_public.cshtml?nid=1&project_id=34119,1500.0,100.0,1400.0,9.1842,0.06666666666666667
34119,2024-01-10,140-E,140E,2024-10-01,4306-E,4306E,265,0,deduped_nearest_subsequent_3D,False,True,MO/2017/34119,"Upgradation (widening /Two-laning,etc), maintenance, management and operation of National Highways No.325 in the stretch of land from design chainage Km 16+200 to 157+183 ( existing chainage Km 16+200 to Km 164+031) in District Barmer, Jalore, Pali in the state of Rajasthan ( Package No. NHAI/IAHE/22) उपग्रडेशन ऑफ़ (विडेनिंग /तवो / Two-laning, etc), maintenance, मैनेजमेंट एंड ऑपरेशन ऑफ़ नेशनल हाइवेज No.३२५ इन थे स्ट्रेच ऑफ़ लैंड फ्रॉम डिज़ाइन चैनगे कम 16+२०० तो 157+१८३ ( एक्सिस्टिंग चैनगे कम 16+२०० तो कम 164+031) इन डिस्ट्रिक्ट Barmer, Jalore, पाली इन थे स्टेट ऑफ़ राजस्थान ( पैकेज No.",https://bhoomirashi.gov.in/auth/revamp/prep_public.cshtml?nid=1&project_id=34119,1500.0,100.0,1400.0,9.1842,0.06666666666666667
34119,2024-05-21,2058-E,2058E,2024-10-25,4680-E,4680E,157,0,deduped_nearest_subsequent_3D,False,True,MO/2017/34119,"Upgradation (widening /Two-laning,etc), maintenance, management and operation of National Highways No.325 in the stretch of land from design chainage Km 16+200 to 157+183 ( existing chainage Km 16+200 to Km 164+031) in District Barmer, Jalore, Pali in the state of Rajasthan ( Package No. NHAI/IAHE/22) उपग्रडेशन ऑफ़ (विडेनिंग /तवो / Two-laning, etc), maintenance, मैनेजमेंट एंड ऑपरेशन ऑफ़ नेशनल हाइवेज No.३२५ इन थे स्ट्रेच ऑफ़ लैंड फ्रॉम डिज़ाइन चैनगे कम 16+२०० तो 157+१८३ ( एक्सिस्टिंग चैनगे कम 16+२०० तो कम 164+031) इन डिस्ट्रिक्ट Barmer, Jalore, पाली इन थे स्टेट ऑफ़ राजस्थान ( पैकेज No.",https://bhoomirashi.gov.in/auth/revamp/prep_public.cshtml?nid=1&project_id=34119,1500.0,100.0,1400.0,9.1842,0.06666666666666667
34119,2024-07-12,2728-E,2728E,2024-11-05,4809-E,4809E,116,0,deduped_nearest_subsequent_3D,False,True,MO/2017/34119,"Upgradation (widening /Two-laning,etc), maintenance, management and operation of National Highways No.325 in the stretch of land from design chainage Km 16+200 to 157+183 ( existing chainage Km 16+200 to Km 164+031) in District Barmer, Jalore, Pali in the state of Rajasthan ( Package No. NHAI/IAHE/22) उपग्रडेशन ऑफ़ (विडेनिंग /तवो / Two-laning, etc), maintenance, मैनेजमेंट एंड ऑपरेशन ऑफ़ नेशनल हाइवेज No.३२५ इन थे स्ट्रेच ऑफ़ लैंड फ्रॉम डिज़ाइन चैनगे कम 16+२०० तो 157+१८३ ( एक्सिस्टिंग चैनगे कम 16+२०० तो कम 164+031) इन डिस्ट्रिक्ट Barmer, Jalore, पाली इन थे स्टेट ऑफ़ राजस्थान ( पैकेज No.",https://bhoomirashi.gov.in/auth/revamp/prep_public.cshtml?nid=1&project_id=34119,1500.0,100.0,1400.0,9.1842,0.06666666666666667
34119,2024-07-12,2734-E,2734E,2025-04-25,1893-E,1893E,287,0,deduped_nearest_subsequent_3D,False,True,MO/2017/34119,"Upgradation (widening /Two-laning,etc), maintenance, management and operation of National Highways No.325 in the stretch of land from design chainage Km 16+200 to 157+183 ( existing chainage Km 16+200 to Km 164+031) in District Barmer, Jalore, Pali in the state of Rajasthan ( Package No. NHAI/IAHE/22) उपग्रडेशन ऑफ़ (विडेनिंग /तवो / Two-laning, etc), maintenance, मैनेजमेंट एंड ऑपरेशन ऑफ़ नेशनल हाइवेज No.३२५ इन थे स्ट्रेच ऑफ़ लैंड फ्रॉम डिज़ाइन चैनगे कम 16+२०० तो 157+१८३ ( एक्सिस्टिंग चैनगे कम 16+२०० तो कम 164+031) इन डिस्ट्रिक्ट Barmer, Jalore, पाली इन थे स्टेट ऑफ़ राजस्थान ( पैकेज No.",https://bhoomirashi.gov.in/auth/revamp/prep_public.cshtml?nid=1&project_id=34119,1500.0,100.0,1400.0,9.1842,0.06666666666666667
34119,2025-01-27,474-E,474E,2026-05-12,2436-E,2436E,470,1,deduped_nearest_subsequent_3D,False,True,MO/2017/34119,"Upgradation (widening /Two-laning,etc), maintenance, management and operation of National Highways No.325 in the stretch of land from design chainage Km 16+200 to 157+183 ( existing chainage Km 16+200 to Km 164+031) in District Barmer, Jalore, Pali in the state of Rajasthan ( Package No. NHAI/IAHE/22) उपग्रडेशन ऑफ़ (विडेनिंग /तवो / Two-laning, etc), maintenance, मैनेजमेंट एंड ऑपरेशन ऑफ़ नेशनल हाइवेज No.३२५ इन थे स्ट्रेच ऑफ़ लैंड फ्रॉम डिज़ाइन चैनगे कम 16+२०० तो 157+१८३ ( एक्सिस्टिंग चैनगे कम 16+२०० तो कम 164+031) इन डिस्ट्रिक्ट Barmer, Jalore, पाली इन थे स्टेट ऑफ़ राजस्थान ( पैकेज No.",https://bhoomirashi.gov.in/auth/revamp/prep_public.cshtml?nid=1&project_id=34119,1500.0,100.0,1400.0,9.1842,0.06666666666666667
36167,2017-09-01,2926,2926,2017-12-20,4002,4002,110,0,deduped_nearest_subsequent_3D,False,True,MO/2017/36167,"building (widening / two-laning, etc.), maintenance, management and operation of the National Highway No. 709E in the State of Rajasthan. राजस्थान राज्य में राष्ट्रीय राजमार्ग संख्या ७०९ एक्सटेंशन क निर्माण (चौड़ा करने / डॉ लेन को बनाने आदि ), अनुरक्षण प्रबंध और प्रचलन",https://bhoomirashi.gov.in/auth/revamp/prep_public.cshtml?nid=1&project_id=36167,190.0,100.0,90.0,6.127,0.5263157894736842
36167,2017-09-01,2926 (E),2926E,2018-03-09,1092-E,1092E,189,0,deduped_nearest_subsequent_3D,False,True,MO/2017/36167,"building (widening / two-laning, etc.), maintenance, management and operation of the National Highway No. 709E in the State of Rajasthan. राजस्थान राज्य में राष्ट्रीय राजमार्ग संख्या ७०९ एक्सटेंशन क निर्माण (चौड़ा करने / डॉ लेन को बनाने आदि ), अनुरक्षण प्रबंध और प्रचलन",https://bhoomirashi.gov.in/auth/revamp/prep_public.cshtml?nid=1&project_id=36167,190.0,100.0,90.0,6.127,0.5263157894736842
36167,2017-09-01,2927,2927,2018-03-10,1092(E),1092E,190,0,deduped_nearest_subsequent_3D,False,True,MO/2017/36167,"building (widening / two-laning, etc.), maintenance, management and operation of the National Highway No. 709E in the State of Rajasthan. राजस्थान राज्य में राष्ट्रीय राजमार्ग संख्या ७०९ एक्सटेंशन क निर्माण (चौड़ा करने / डॉ लेन को बनाने आदि ), अनुरक्षण प्रबंध और प्रचलन",https://bhoomirashi.gov.in/auth/revamp/prep_public.cshtml?nid=1&project_id=36167,190.0,100.0,90.0,6.127,0.5263157894736842
36167,2017-09-01,2927-E,2927E,2018-03-10,1093(E),1093E,190,0,deduped_nearest_subsequent_3D,False,True,MO/2017/36167,"building (widening / two-laning, etc.), maintenance, management and operation of the National Highway No. 709E in the State of Rajasthan. राजस्थान राज्य में राष्ट्रीय राजमार्ग संख्या ७०९ एक्सटेंशन क निर्माण (चौड़ा करने / डॉ लेन को बनाने आदि ), अनुरक्षण प्रबंध और प्रचलन",https://bhoomirashi.gov.in/auth/revamp/prep_public.cshtml?nid=1&project_id=36167,190.0,100.0,90.0,6.127,0.5263157894736842
36167,2019-01-02,32,32,2019-02-22,995 (E),995E,51,0,deduped_nearest_subsequent_3D,False,True,MO/2017/36167,"building (widening / two-laning, etc.), maintenance, management and operation of the National Highway No. 709E in the State of Rajasthan. राजस्थान राज्य में राष्ट्रीय राजमार्ग संख्या ७०९ एक्सटेंशन क निर्माण (चौड़ा करने / डॉ लेन को बनाने आदि ), अनुरक्षण प्रबंध और प्रचलन",https://bhoomirashi.gov.in/auth/revamp/prep_public.cshtml?nid=1&project_id=36167,190.0,100.0,90.0,6.127,0.5263157894736842
36167,2024-06-24,2436-E,2436E,2024-08-29,3684-E,3684E,66,0,deduped_nearest_subsequent_3D,False,True,MO/2017/36167,"building (widening / two-laning, etc.), maintenance, management and operation of the National Highway No. 709E in the State of Rajasthan. राजस्थान राज्य में राष्ट्रीय राजमार्ग संख्या ७०९ एक्सटेंशन क निर्माण (चौड़ा करने / डॉ लेन को बनाने आदि ), अनुरक्षण प्रबंध और प्रचलन",https://bhoomirashi.gov.in/auth/revamp/prep_public.cshtml?nid=1&project_id=36167,190.0,100.0,90.0,6.127,0.5263157894736842
36167,2024-07-24,2940-E,2940E,2024-09-18,3964-E,3964E,56,0,deduped_nearest_subsequent_3D,False,True,MO/2017/36167,"building (widening / two-laning, etc.), maintenance, management and operation of the National Highway No. 709E in the State of Rajasthan. राजस्थान राज्य में राष्ट्रीय राजमार्ग संख्या ७०९ एक्सटेंशन क निर्माण (चौड़ा करने / डॉ लेन को बनाने आदि ), अनुरक्षण प्रबंध और प्रचलन",https://bhoomirashi.gov.in/auth/revamp/prep_public.cshtml?nid=1&project_id=36167,190.0,100.0,90.0,6.127,0.5263157894736842
36167,2025-02-27,1008-E,1008E,2025-05-09,2111-E,2111E,71,0,deduped_nearest_subsequent_3D,False,True,MO/2017/36167,"building (widening / two-laning, etc.), maintenance, management and operation of the National Highway No. 709E in the State of Rajasthan. राजस्थान राज्य में राष्ट्रीय राजमार्ग संख्या ७०९ एक्सटेंशन क निर्माण (चौड़ा करने / डॉ लेन को बनाने आदि ), अनुरक्षण प्रबंध और प्रचलन",https://bhoomirashi.gov.in/auth/revamp/prep_public.cshtml?nid=1&project_id=36167,190.0,100.0,90.0,6.127,0.5263157894736842
36172,2017-06-06,1883-E,1883E,2018-03-16,1161-E,1161E,283,0,deduped_nearest_subsequent_3D,False,True,MO/2017/36172,Construction of 2 lane with paved shoulder Northern Bypass Phase-II at Kota from Design chainage Km 0/0 (Km 178+300 of SH-33) to Km 12/725 (Km 236+800 of NH-52) comprising the section from Gamach Phatak to Ballop. नोरथें कोटा बाईपास पकग कंस्ट्रक्शन ऑफ़ २ लें लेन विथ पवेद शौल्डे शोल्डर फ्रॉम 0/०० km. 12/७३० फ ऑफ़ नॉर्थन कोटा बाईपास बाईपास फेज फेज ऑफ़ -ी फ्रॉम गमच तो बल्लोप सेक्शन स्टेट और ऑफ़,https://bhoomirashi.gov.in/auth/revamp/prep_public.cshtml?nid=1&project_id=36172,68.43,0.0,68.43,0.2114,0.0
36172,2025-01-20,339-E,339E,2025-03-13,1182-E,1182E,52,0,deduped_nearest_subsequent_3D,False,True,MO/2017/36172,Construction of 2 lane with paved shoulder Northern Bypass Phase-II at Kota from Design chainage Km 0/0 (Km 178+300 of SH-33) to Km 12/725 (Km 236+800 of NH-52) comprising the section from Gamach Phatak to Ballop. नोरथें कोटा बाईपास पकग कंस्ट्रक्शन ऑफ़ २ लें लेन विथ पवेद शौल्डे शोल्डर फ्रॉम 0/०० km. 12/७३० फ ऑफ़ नॉर्थन कोटा बाईपास बाईपास फेज फेज ऑफ़ -ी फ्रॉम गमच तो बल्लोप सेक्शन स्टेट और ऑफ़,https://bhoomirashi.gov.in/auth/revamp/prep_public.cshtml?nid=1&project_id=36172,68.43,0.0,68.43,0.2114,0.0
37174,2021-12-13,S.O.5172(E),SO5172E,2022-08-22,3931(E),3931E,252,0,deduped_nearest_subsequent_3D,False,True,MO/2017/37174,2-Lane ROB at L/C No. AB-27 on Manendragarh to Ambikapur Road of NH No.43 at Railway Chainage 937/14-15 on Ambikapur to Bishrampur Railway line near Belbahara (Chhattisgarh) 2-लेन रॉब ात L/स No. AB-२७ ों मनेन्द्रगढ़ तो अंबिकापुर रोड ऑफ़ नह No. No.४३ ात रेलवे चैनगे 937/14-१५ ों अंबिकापुर तो बिश्रामपुर रेलवे लाइन नियर बेलबहरा,https://bhoomirashi.gov.in/auth/revamp/prep_public.cshtml?nid=1&project_id=37174,3.4,1.069,2.33,0.0,0.31441176470588234
37178,2022-01-05,56E,56E,2022-10-04,4696-E,4696E,272,0,deduped_nearest_subsequent_3D,False,True,MO/2017/37178,construction of 2 lane with paved shoulder from km 0/00 to 87/200 of 248A (Sahapura - Alwar section) in the State of Rajasthan कंस्ट्रक्शन ऑफ़ २ लें लेन विथ पावह शोल्डर फ्रॉम कम 0/०० ओट तो 87/२०० ऑफ़ २४८ ा (साहपुरा - अलवर सेक्शन section) इन थे स्टेट ऑफ़,https://bhoomirashi.gov.in/auth/revamp/prep_public.cshtml?nid=1&project_id=37178,550.0,195.0,355.0,0.0023,0.35454545454545455
37178,2022-01-17,214-E,214E,2022-10-06,4735-E,4735E,262,0,deduped_nearest_subsequent_3D,False,True,MO/2017/37178,construction of 2 lane with paved shoulder from km 0/00 to 87/200 of 248A (Sahapura - Alwar section) in the State of Rajasthan कंस्ट्रक्शन ऑफ़ २ लें लेन विथ पावह शोल्डर फ्रॉम कम 0/०० ओट तो 87/२०० ऑफ़ २४८ ा (साहपुरा - अलवर सेक्शन section) इन थे स्टेट ऑफ़,https://bhoomirashi.gov.in/auth/revamp/prep_public.cshtml?nid=1&project_id=37178,550.0,195.0,355.0,0.0023,0.35454545454545455
37178,2023-03-21,1346-E,1346E,2024-03-11,1219 (E),1219E,356,0,deduped_nearest_subsequent_3D,False,True,MO/2017/37178,construction of 2 lane with paved shoulder from km 0/00 to 87/200 of 248A (Sahapura - Alwar section) in the State of Rajasthan कंस्ट्रक्शन ऑफ़ २ लें लेन विथ पावह शोल्डर फ्रॉम कम 0/०० ओट तो 87/२०० ऑफ़ २४८ ा (साहपुरा - अलवर सेक्शन section) इन थे स्टेट ऑफ़,https://bhoomirashi.gov.in/auth/revamp/prep_public.cshtml?nid=1&project_id=37178,550.0,195.0,355.0,0.0023,0.35454545454545455
37178,2023-07-18,3212-E,3212E,2024-07-03,2597-E,2597E,351,0,deduped_nearest_subsequent_3D,False,True,MO/2017/37178,construction of 2 lane with paved shoulder from km 0/00 to 87/200 of 248A (Sahapura - Alwar section) in the State of Rajasthan कंस्ट्रक्शन ऑफ़ २ लें लेन विथ पावह शोल्डर फ्रॉम कम 0/०० ओट तो 87/२०० ऑफ़ २४८ ा (साहपुरा - अलवर सेक्शन section) इन थे स्टेट ऑफ़,https://bhoomirashi.gov.in/auth/revamp/prep_public.cshtml?nid=1&project_id=37178,550.0,195.0,355.0,0.0023,0.35454545454545455
37178,2024-10-29,4742-E,4742E,2025-04-02,1582-E,1582E,155,0,deduped_nearest_subsequent_3D,False,True,MO/2017/37178,construction of 2 lane with paved shoulder from km 0/00 to 87/200 of 248A (Sahapura - Alwar section) in the State of Rajasthan कंस्ट्रक्शन ऑफ़ २ लें लेन विथ पावह शोल्डर फ्रॉम कम 0/०० ओट तो 87/२०० ऑफ़ २४८ ा (साहपुरा - अलवर सेक्शन section) इन थे स्टेट ऑफ़,https://bhoomirashi.gov.in/auth/revamp/prep_public.cshtml?nid=1&project_id=37178,550.0,195.0,355.0,0.0023,0.35454545454545455
37178,2024-11-22,5033-E,5033E,2025-04-02,1584-E,1584E,131,0,deduped_nearest_subsequent_3D,False,True,MO/2017/37178,construction of 2 lane with paved shoulder from km 0/00 to 87/200 of 248A (Sahapura - Alwar section) in the State of Rajasthan कंस्ट्रक्शन ऑफ़ २ लें लेन विथ पावह शोल्डर फ्रॉम कम 0/०० ओट तो 87/२०० ऑफ़ २४८ ा (साहपुरा - अलवर सेक्शन section) इन थे स्टेट ऑफ़,https://bhoomirashi.gov.in/auth/revamp/prep_public.cshtml?nid=1&project_id=37178,550.0,195.0,355.0,0.0023,0.35454545454545455
37178,2024-12-23,5523-E,5523E,2025-05-26,2388-E,2388E,154,0,deduped_nearest_subsequent_3D,False,True,MO/2017/37178,construction of 2 lane with paved shoulder from km 0/00 to 87/200 of 248A (Sahapura - Alwar section) in the State of Rajasthan कंस्ट्रक्शन ऑफ़ २ लें लेन विथ पावह शोल्डर फ्रॉम कम 0/०० ओट तो 87/२०० ऑफ़ २४८ ा (साहपुरा - अलवर सेक्शन section) इन थे स्टेट ऑफ़,https://bhoomirashi.gov.in/auth/revamp/prep_public.cshtml?nid=1&project_id=37178,550.0,195.0,355.0,0.0023,0.35454545454545455
37178,2026-02-03,520-E,520E,2026-06-24,3398-E,3398E,141,0,deduped_nearest_subsequent_3D,False,True,MO/2017/37178,construction of 2 lane with paved shoulder from km 0/00 to 87/200 of 248A (Sahapura - Alwar section) in the State of Rajasthan कंस्ट्रक्शन ऑफ़ २ लें लेन विथ पावह शोल्डर फ्रॉम कम 0/०० ओट तो 87/२०० ऑफ़ २४८ ा (साहपुरा - अलवर सेक्शन section) इन थे स्टेट ऑफ़,https://bhoomirashi.gov.in/auth/revamp/prep_public.cshtml?nid=1&project_id=37178,550.0,195.0,355.0,0.0023,0.35454545454545455
38180,2018-01-12,158,158,2018-05-24,2104,2104,132,0,deduped_nearest_subsequent_3D,False,True,MO/2017/38180,Construction of ROB and its approaches at LC No:- 65-B/2-E from Km 131 to 133 of NH-19 रारा -19 (छपरा- मांझी) के किमी 132 पर किमी 65-बी/2ई पर विद्यमान लेवल क्रासिंग के स्थान पर आरओबी और इसके पहुंच मार्गों के निर्माण,https://bhoomirashi.gov.in/auth/revamp/prep_public.cshtml?nid=1&project_id=38180,6.063,3.133,2.93,0.0,0.516740887349497
40216,2018-02-13,901(E),901E,2018-09-28,5076,5076,227,0,deduped_nearest_subsequent_3D,False,True,MO/2017/40216,Acquisition of land in respect of bypass for Barmer city on NH-15 Jaisalmer-Barmer-Sanchore stretch in Km 144/500 to 160/700 in the state of Rajasthan एक्वज़िषन् आफ् लेन्ड् इन् रिस्पैक्ट् आफ् बैपेस् फौर् बर्मर सिटी आन् ऍन्‌हॆच्‌-15 जैसलमेर-बर्मर-सांचोर स्ट्रैच् इन् केएम 144/500 टू 160/700 इन् द स्टेय्ट आफ् राजस्थान,https://bhoomirashi.gov.in/auth/revamp/prep_public.cshtml?nid=1&project_id=40216,300.0,0.0,300.0,0.0,0.0
40218,2018-03-15,1162-E,1162E,2019-02-11,787(E),787E,333,0,deduped_nearest_subsequent_3D,False,True,MO/2017/40218,Acquisition of land in respect of National Highway No. 11 from Km 0.000 ( Fathehpur) to Km 49.000 ( Jhunjhunu) in the state of Rajasthan. राजस्थान राज्य में किमी 0.0 (फतेहपुर) से किमी 49.00 (झुनझुनू) तक राष्ट्रीय राजमार्ग संख्या 11 के बीच भूमि अधिग्रहण।,https://bhoomirashi.gov.in/auth/revamp/prep_public.cshtml?nid=1&project_id=40218,238.0,65.64,172.36,4.112,0.2757983193277311
40218,2018-03-15,1237 (E) & 1243(E),1237E1243E,2019-02-11,788 (E),788E,333,0,deduped_nearest_subsequent_3D,False,True,MO/2017/40218,Acquisition of land in respect of National Highway No. 11 from Km 0.000 ( Fathehpur) to Km 49.000 ( Jhunjhunu) in the state of Rajasthan. राजस्थान राज्य में किमी 0.0 (फतेहपुर) से किमी 49.00 (झुनझुनू) तक राष्ट्रीय राजमार्ग संख्या 11 के बीच भूमि अधिग्रहण।,https://bhoomirashi.gov.in/auth/revamp/prep_public.cshtml?nid=1&project_id=40218,238.0,65.64,172.36,4.112,0.2757983193277311
40218,2021-02-17,712-E,712E,2021-12-24,5390-E,5390E,310,0,deduped_nearest_subsequent_3D,False,True,MO/2017/40218,Acquisition of land in respect of National Highway No. 11 from Km 0.000 ( Fathehpur) to Km 49.000 ( Jhunjhunu) in the state of Rajasthan. राजस्थान राज्य में किमी 0.0 (फतेहपुर) से किमी 49.00 (झुनझुनू) तक राष्ट्रीय राजमार्ग संख्या 11 के बीच भूमि अधिग्रहण।,https://bhoomirashi.gov.in/auth/revamp/prep_public.cshtml?nid=1&project_id=40218,238.0,65.64,172.36,4.112,0.2757983193277311
40218,2024-07-15,2758-E,2758E,2024-08-29,3682-E,3682E,45,0,deduped_nearest_subsequent_3D,False,True,MO/2017/40218,Acquisition of land in respect of National Highway No. 11 from Km 0.000 ( Fathehpur) to Km 49.000 ( Jhunjhunu) in the state of Rajasthan. राजस्थान राज्य में किमी 0.0 (फतेहपुर) से किमी 49.00 (झुनझुनू) तक राष्ट्रीय राजमार्ग संख्या 11 के बीच भूमि अधिग्रहण।,https://bhoomirashi.gov.in/auth/revamp/prep_public.cshtml?nid=1&project_id=40218,238.0,65.64,172.36,4.112,0.2757983193277311
40218,2024-08-29,3671-E,3671E,2024-12-27,5596-E,5596E,120,0,deduped_nearest_subsequent_3D,False,True,MO/2017/40218,Acquisition of land in respect of National Highway No. 11 from Km 0.000 ( Fathehpur) to Km 49.000 ( Jhunjhunu) in the state of Rajasthan. राजस्थान राज्य में किमी 0.0 (फतेहपुर) से किमी 49.00 (झुनझुनू) तक राष्ट्रीय राजमार्ग संख्या 11 के बीच भूमि अधिग्रहण।,https://bhoomirashi.gov.in/auth/revamp/prep_public.cshtml?nid=1&project_id=40218,238.0,65.64,172.36,4.112,0.2757983193277311
40238,2018-04-04,1476(E),1476E,2019-04-02,1515(E),1515E,363,0,deduped_nearest_subsequent_3D,False,True,MO/2017/40238,Widening and strengthening of 2 lane to 2 lane carriage way with paved shoulder from 269/3 to 328/20 including Kuchinda bypass of NH-49. विडेनिंग ाँद स्ट्रेंग्थेनिंग ऑफ़ २ लेन तो २ लेन कैरिज वयवय विथ पवेद शोल्डर फ्रॉम 269/३ तो 328/२० इन्क्लूडिंग कुचिंडा बाईपास ऑफ़ NH-49.,https://bhoomirashi.gov.in/auth/revamp/prep_public.cshtml?nid=1&project_id=40238,16.92,0.0,16.92,0.384055,0.0
40238,2018-06-20,S.O. 3042(E),SO3042E,2019-06-19,2004,2004,364,0,deduped_nearest_subsequent_3D,False,True,MO/2017/40238,Widening and strengthening of 2 lane to 2 lane carriage way with paved shoulder from 269/3 to 328/20 including Kuchinda bypass of NH-49. विडेनिंग ाँद स्ट्रेंग्थेनिंग ऑफ़ २ लेन तो २ लेन कैरिज वयवय विथ पवेद शोल्डर फ्रॉम 269/३ तो 328/२० इन्क्लूडिंग कुचिंडा बाईपास ऑफ़ NH-49.,https://bhoomirashi.gov.in/auth/revamp/prep_public.cshtml?nid=1&project_id=40238,16.92,0.0,16.92,0.384055,0.0
40238,2022-04-19,1873(E),1873E,2022-06-23,2850(E),2850E,65,0,deduped_nearest_subsequent_3D,False,True,MO/2017/40238,Widening and strengthening of 2 lane to 2 lane carriage way with paved shoulder from 269/3 to 328/20 including Kuchinda bypass of NH-49. विडेनिंग ाँद स्ट्रेंग्थेनिंग ऑफ़ २ लेन तो २ लेन कैरिज वयवय विथ पवेद शोल्डर फ्रॉम 269/३ तो 328/२० इन्क्लूडिंग कुचिंडा बाईपास ऑफ़ NH-49.,https://bhoomirashi.gov.in/auth/revamp/prep_public.cshtml?nid=1&project_id=40238,16.92,0.0,16.92,0.384055,0.0
40238,2022-05-10,2178(E),2178E,2022-08-31,4082(E),4082E,113,0,deduped_nearest_subsequent_3D,False,True,MO/2017/40238,Widening and strengthening of 2 lane to 2 lane carriage way with paved shoulder from 269/3 to 328/20 including Kuchinda bypass of NH-49. विडेनिंग ाँद स्ट्रेंग्थेनिंग ऑफ़ २ लेन तो २ लेन कैरिज वयवय विथ पवेद शोल्डर फ्रॉम 269/३ तो 328/२० इन्क्लूडिंग कुचिंडा बाईपास ऑफ़ NH-49.,https://bhoomirashi.gov.in/auth/revamp/prep_public.cshtml?nid=1&project_id=40238,16.92,0.0,16.92,0.384055,0.0
40240,2018-11-14,5711,5711,2021-06-29,2612(E),2612E,958,1,deduped_nearest_subsequent_3D,False,True,MO/2017/40240,Construction of Thiruvaiyaru Bypass of NH-226 Extn in the state of Tamil Nadu कंस्ट्रक्शन ऑफ़ तिरुवैयारु बाईपास ऑफ़ NH-२२६ इन थे स्टेट ऑफ़ तमिलनाडु,https://bhoomirashi.gov.in/auth/revamp/prep_public.cshtml?nid=1&project_id=40240,42.3942,0.0,42.3942,0.0,0.0
40240,2024-09-19,S.O. 4080(E),SO4080E,2025-01-20,S.O. 334(E),SO334E,123,0,deduped_nearest_subsequent_3D,False,True,MO/2017/40240,Construction of Thiruvaiyaru Bypass of NH-226 Extn in the state of Tamil Nadu कंस्ट्रक्शन ऑफ़ तिरुवैयारु बाईपास ऑफ़ NH-२२६ इन थे स्टेट ऑफ़ तमिलनाडु,https://bhoomirashi.gov.in/auth/revamp/prep_public.cshtml?nid=1&project_id=40240,42.3942,0.0,42.3942,0.0,0.0
40242,2020-08-17,2774,2774,2022-02-03,S.O. 437(E),SO437E,535,1,deduped_nearest_subsequent_3D,False,True,MO/2017/40242,Construction of ROB in lieu of existing level crossing No.17 at Km 22/2 (near Checkkanurani) of NH-49Extn (New NH No. 85) Madurai-Cochin Road in the district of Madurai in the state of Tamil Nadu तमिलनाडु राज्य के मदुरै जिले में एन एच 49E (नया एनएच नंबर 85) मदुरै-कोचीन रोड के किमी 22/2 (चेककनुरानी के पास) पर मौजूदा एलसी नंबर 17 के स्थान पर आरओबी का निर्माण,https://bhoomirashi.gov.in/auth/revamp/prep_public.cshtml?nid=1&project_id=40242,2.515,0.0,2.515,0.0,0.0
40242,2021-10-07,4123 (E),4123E,2023-01-25,S.O 410 (E),SO410E,475,1,deduped_nearest_subsequent_3D,False,True,MO/2017/40242,Construction of ROB in lieu of existing level crossing No.17 at Km 22/2 (near Checkkanurani) of NH-49Extn (New NH No. 85) Madurai-Cochin Road in the district of Madurai in the state of Tamil Nadu तमिलनाडु राज्य के मदुरै जिले में एन एच 49E (नया एनएच नंबर 85) मदुरै-कोचीन रोड के किमी 22/2 (चेककनुरानी के पास) पर मौजूदा एलसी नंबर 17 के स्थान पर आरओबी का निर्माण,https://bhoomirashi.gov.in/auth/revamp/prep_public.cshtml?nid=1&project_id=40242,2.515,0.0,2.515,0.0,0.0
40244,2022-11-16,S.O 5327 (E),SO5327E,2023-04-17,S.O. 1747(E),SO1747E,152,0,deduped_nearest_subsequent_3D,False,True,MO/2017/40244,Construction of ROB from km 75.228 to 76.273 in lieu of LC-68 (near Theni)on NH-49Extn in district of Theni in the State of TAMIL NADU तमिलनाडु राज्य के थेनी जिले में एनएच-49 एक्सटेंशन पर एलसी-68 (थेनी के पास) के स्थान पर किमी 75.228 से 76.273 तक आरओबी का निर्माण,https://bhoomirashi.gov.in/auth/revamp/prep_public.cshtml?nid=1&project_id=40244,1.214,0.0,1.214,0.02,0.0
40245,2018-11-14,5715(E),5715E,2021-09-21,3888(E),3888E,1042,1,deduped_nearest_subsequent_3D,False,True,MO/2017/40245,Construction of ROB in lieu of existing level crossing No.85 at Km 93/4 (near Bodi) of NH-49 Extn कंस्ट्रक्शन ऑफ़ रॉब इन लिएउ ऑफ़ एक्सिस्टिंग level क्रासिंग No.८५ ात कम 93/४ (नियर Bodi) ऑफ़ NH-49,https://bhoomirashi.gov.in/auth/revamp/prep_public.cshtml?nid=1&project_id=40245,1.8,0.0,1.8,0.0,0.0
47341,2019-06-20,2020,2020,2022-04-05,S.O. 1630(E),SO1630E,1020,1,deduped_nearest_subsequent_3D,False,True,MO/2018/47341,Construction of ROB in lieu of existing level crossing No. 86-A/3-E (at Railway Km 107.030) at Km 103.4 (near Ettivadi) of NH-234 in the district of TIRUVANNAMALAI in the state of TAMIL NADU तमिलनाडु राज्य के तिरुवन्नामलाई में एनएच -234 के किमी 103.4 (एट्टीवाडी के पास) पर मौजूदा समपार संख्या 86-ए / 3-ई (रेलवे किमी 107.030 पर) के स्थान पर आरओबी का निर्माण,https://bhoomirashi.gov.in/auth/revamp/prep_public.cshtml?nid=1&project_id=47341,15.0,8.8,6.2,0.0,0.5866666666666667
50372,2018-05-16,1952,1952,2018-10-09,5208,5208,146,0,deduped_nearest_subsequent_3D,False,True,MO/2018/50372,Construction of ROB and its approaches in replacement of existing level crossing at Km 12 of NH 103 (Hajipur- Mushrigharari) in state of Bihar. रारा - 103 (हाजीपुर-मुशरिघरारी) के किमी 12 में विद्यमान लेवल क्रासिंग के स्थान पर आरओबी और इसके पहुंच मार्गों के निर्माण,https://bhoomirashi.gov.in/auth/revamp/prep_public.cshtml?nid=1&project_id=50372,10.0,1.917,8.083,0.0,0.1917
50372,2020-06-26,2110,2110,2021-01-13,131(E),131E,201,0,deduped_nearest_subsequent_3D,False,True,MO/2018/50372,Construction of ROB and its approaches in replacement of existing level crossing at Km 12 of NH 103 (Hajipur- Mushrigharari) in state of Bihar. रारा - 103 (हाजीपुर-मुशरिघरारी) के किमी 12 में विद्यमान लेवल क्रासिंग के स्थान पर आरओबी और इसके पहुंच मार्गों के निर्माण,https://bhoomirashi.gov.in/auth/revamp/prep_public.cshtml?nid=1&project_id=50372,10.0,1.917,8.083,0.0,0.1917
51379,2018-10-29,5547,5547,2019-06-24,2087,2087,238,0,deduped_nearest_subsequent_3D,False,True,MO/2018/51379,Acquistion of land in respect of under construction of Ghorghat RCC H.L. Bridge and approach road ( towards Munger ) in km 94 of the National Highway No. 80 in Munger district of the state of Bihar . बिहार राज्य के मुंगेर जिले में राष्ट्रीय राजमार्ग संख्या 80 के कि0मी0 94 में घोरघट आर0 सी0 सी0 उच्चस्तरीय पुल एवं पहुंच पथ (मुंगेर तरफ ) निर्माण हेतु भूमि अर्जन,https://bhoomirashi.gov.in/auth/revamp/prep_public.cshtml?nid=1&project_id=51379,1.0,0.0,1.0,0.0,0.0
51412,2019-06-20,2021,2021,2020-06-18,1955,1955,364,0,deduped_nearest_subsequent_3D,False,True,MO/2018/51412,Construction of Vellore and Gudiyatham bypass of NH-234 in the district of Vellore in the state of Tamil Nadu. तमिलनाडु राज्य के वेल्लोर जिले में NH-234 के वेल्लोर और गुडियाथम बाईपास का निर्माण।,https://bhoomirashi.gov.in/auth/revamp/prep_public.cshtml?nid=1&project_id=51412,265.0,0.87,264.13,0.3551,0.003283018867924528
51412,2019-06-20,2022,2022,2020-06-18,1957,1957,364,0,deduped_nearest_subsequent_3D,False,True,MO/2018/51412,Construction of Vellore and Gudiyatham bypass of NH-234 in the district of Vellore in the state of Tamil Nadu. तमिलनाडु राज्य के वेल्लोर जिले में NH-234 के वेल्लोर और गुडियाथम बाईपास का निर्माण।,https://bhoomirashi.gov.in/auth/revamp/prep_public.cshtml?nid=1&project_id=51412,265.0,0.87,264.13,0.3551,0.003283018867924528
51412,2019-07-18,2585,2585,2020-06-18,1971,1971,336,0,deduped_nearest_subsequent_3D,False,True,MO/2018/51412,Construction of Vellore and Gudiyatham bypass of NH-234 in the district of Vellore in the state of Tamil Nadu. तमिलनाडु राज्य के वेल्लोर जिले में NH-234 के वेल्लोर और गुडियाथम बाईपास का निर्माण।,https://bhoomirashi.gov.in/auth/revamp/prep_public.cshtml?nid=1&project_id=51412,265.0,0.87,264.13,0.3551,0.003283018867924528
51412,2019-07-18,2586,2586,2020-07-16,2375,2375,364,0,deduped_nearest_subsequent_3D,False,True,MO/2018/51412,Construction of Vellore and Gudiyatham bypass of NH-234 in the district of Vellore in the state of Tamil Nadu. तमिलनाडु राज्य के वेल्लोर जिले में NH-234 के वेल्लोर और गुडियाथम बाईपास का निर्माण।,https://bhoomirashi.gov.in/auth/revamp/prep_public.cshtml?nid=1&project_id=51412,265.0,0.87,264.13,0.3551,0.003283018867924528
51412,2023-01-25,S.O 432 (E),SO432E,2023-08-07,S.O 3524 (E),SO3524E,194,0,deduped_nearest_subsequent_3D,False,True,MO/2018/51412,Construction of Vellore and Gudiyatham bypass of NH-234 in the district of Vellore in the state of Tamil Nadu. तमिलनाडु राज्य के वेल्लोर जिले में NH-234 के वेल्लोर और गुडियाथम बाईपास का निर्माण।,https://bhoomirashi.gov.in/auth/revamp/prep_public.cshtml?nid=1&project_id=51412,265.0,0.87,264.13,0.3551,0.003283018867924528
51412,2023-01-25,S.O 433 (E),SO433E,2023-10-16,S.O. 4521(E),SO4521E,264,0,deduped_nearest_subsequent_3D,False,True,MO/2018/51412,Construction of Vellore and Gudiyatham bypass of NH-234 in the district of Vellore in the state of Tamil Nadu. तमिलनाडु राज्य के वेल्लोर जिले में NH-234 के वेल्लोर और गुडियाथम बाईपास का निर्माण।,https://bhoomirashi.gov.in/auth/revamp/prep_public.cshtml?nid=1&project_id=51412,265.0,0.87,264.13,0.3551,0.003283018867924528
51412,2023-01-25,S.O 434 (E),SO434E,2023-11-03,4774,4774,282,0,deduped_nearest_subsequent_3D,False,True,MO/2018/51412,Construction of Vellore and Gudiyatham bypass of NH-234 in the district of Vellore in the state of Tamil Nadu. तमिलनाडु राज्य के वेल्लोर जिले में NH-234 के वेल्लोर और गुडियाथम बाईपास का निर्माण।,https://bhoomirashi.gov.in/auth/revamp/prep_public.cshtml?nid=1&project_id=51412,265.0,0.87,264.13,0.3551,0.003283018867924528
51412,2023-02-02,S.O 520 (E),SO520E,2024-01-25,S.O. 339(E),SO339E,357,0,deduped_nearest_subsequent_3D,False,True,MO/2018/51412,Construction of Vellore and Gudiyatham bypass of NH-234 in the district of Vellore in the state of Tamil Nadu. तमिलनाडु राज्य के वेल्लोर जिले में NH-234 के वेल्लोर और गुडियाथम बाईपास का निर्माण।,https://bhoomirashi.gov.in/auth/revamp/prep_public.cshtml?nid=1&project_id=51412,265.0,0.87,264.13,0.3551,0.003283018867924528
51412,2024-11-27,S.O. 5099(E),SO5099E,2025-03-13,S.O. 1185(E),SO1185E,106,0,deduped_nearest_subsequent_3D,False,True,MO/2018/51412,Construction of Vellore and Gudiyatham bypass of NH-234 in the district of Vellore in the state of Tamil Nadu. तमिलनाडु राज्य के वेल्लोर जिले में NH-234 के वेल्लोर और गुडियाथम बाईपास का निर्माण।,https://bhoomirashi.gov.in/auth/revamp/prep_public.cshtml?nid=1&project_id=51412,265.0,0.87,264.13,0.3551,0.003283018867924528
51412,2025-07-18,S.O. 3280(E),SO3280E,2025-09-22,S.O. 4256(E),SO4256E,66,0,deduped_nearest_subsequent_3D,False,True,MO/2018/51412,Construction of Vellore and Gudiyatham bypass of NH-234 in the district of Vellore in the state of Tamil Nadu. तमिलनाडु राज्य के वेल्लोर जिले में NH-234 के वेल्लोर और गुडियाथम बाईपास का निर्माण।,https://bhoomirashi.gov.in/auth/revamp/prep_public.cshtml?nid=1&project_id=51412,265.0,0.87,264.13,0.3551,0.003283018867924528
51412,2025-07-18,S.O. 3281(E),SO3281E,2025-10-24,4869(E),4869E,98,0,deduped_nearest_subsequent_3D,False,True,MO/2018/51412,Construction of Vellore and Gudiyatham bypass of NH-234 in the district of Vellore in the state of Tamil Nadu. तमिलनाडु राज्य के वेल्लोर जिले में NH-234 के वेल्लोर और गुडियाथम बाईपास का निर्माण।,https://bhoomirashi.gov.in/auth/revamp/prep_public.cshtml?nid=1&project_id=51412,265.0,0.87,264.13,0.3551,0.003283018867924528
51412,2025-07-18,S.O. 3303(E),SO3303E,2025-10-31,S.O. 4954(E),SO4954E,105,0,deduped_nearest_subsequent_3D,False,True,MO/2018/51412,Construction of Vellore and Gudiyatham bypass of NH-234 in the district of Vellore in the state of Tamil Nadu. तमिलनाडु राज्य के वेल्लोर जिले में NH-234 के वेल्लोर और गुडियाथम बाईपास का निर्माण।,https://bhoomirashi.gov.in/auth/revamp/prep_public.cshtml?nid=1&project_id=51412,265.0,0.87,264.13,0.3551,0.003283018867924528
51442,2018-03-21,1315,1315,2018-10-25,5446,5446,218,0,deduped_nearest_subsequent_3D,False,True,MO/2018/51442,Construction of Bhagalpur Bypass from km 124.175 to 140.200 of NH 80 in the state of Bihar under EPC mode. बिहार राज्य के भागलपुर जिला में राष्ट्रीय राजमार्ग संख्या -८० के किमी 124.175 से किमी 140.200 तक ( भागलपुर बाईपास सेक्शन ) तक पर भू - अर्जन,https://bhoomirashi.gov.in/auth/revamp/prep_public.cshtml?nid=1&project_id=51442,2.0,0.0,2.0,0.0,0.0
51442,2022-11-30,5318,5318,2023-02-08,591,591,70,0,deduped_nearest_subsequent_3D,False,True,MO/2018/51442,Construction of Bhagalpur Bypass from km 124.175 to 140.200 of NH 80 in the state of Bihar under EPC mode. बिहार राज्य के भागलपुर जिला में राष्ट्रीय राजमार्ग संख्या -८० के किमी 124.175 से किमी 140.200 तक ( भागलपुर बाईपास सेक्शन ) तक पर भू - अर्जन,https://bhoomirashi.gov.in/auth/revamp/prep_public.cshtml?nid=1&project_id=51442,2.0,0.0,2.0,0.0,0.0
51453,2020-10-23,S.O. 3785(E),SO3785E,2021-05-28,SO 2351(E),SO2351E,217,0,deduped_nearest_subsequent_3D,False,True,MO/2018/51453,Development to four lanes with paved shoulders of Jalandhar- Hoshiarpur section of NH-70 (New NH-03) from existing Km 11/400 to Km 49.200 including construction of Hoshiarpur Bypass in the State of Punjab पंजाब,https://bhoomirashi.gov.in/auth/revamp/prep_public.cshtml?nid=1&project_id=51453,152.12,136.0,16.12,0.0,0.8940310281356824
51463,2018-11-29,S.O. 6014 (E),SO6014E,2019-11-20,S.O. 4169E,SO4169E,356,0,deduped_nearest_subsequent_3D,False,True,MO/2018/51463,Widening and strengthening of 2 lane to two lane carriageway with paved shoulder from km 173/370 to 229/400 विडेनिंग एंड स्ट्रेंग्थेनिंग ऑफ़ २ लेन तो तवो लेन कार्रिअगेवय विथ पवेद शोल्डर फ्रॉम कम 173/३७० तो 229/४००,https://bhoomirashi.gov.in/auth/revamp/prep_public.cshtml?nid=1&project_id=51463,14.0,0.0,14.0,0.0,0.0
51466,2017-10-10,3302,3302,2018-03-09,1091,1091,150,0,deduped_nearest_subsequent_3D,False,True,MO/2018/51466,construction of 2-lane combined ROB IN KM 1.10& KM 1.11 On NH 101 at chapra railway crossing in the state of Bihar on EPC mode. बिहार राज्य के छपरा में EPC मोड आधारित राष्ट्रीय राज्य मार्ग संख्या -101 के किमी 1.10 और किमी 1.11 के रेलवे क्रासिंग पर दो लेन संयुक्त आर.ओ. बी के निर्माण.,https://bhoomirashi.gov.in/auth/revamp/prep_public.cshtml?nid=1&project_id=51466,7.0,3.804,3.196,0.0,0.5434285714285714
51474,2018-04-05,1529,1529,2018-06-18,2962,2962,74,0,deduped_nearest_subsequent_3D,False,True,MO/2018/51474,construction of major bridge over dhasan river at km146/6-8 on NH-86ext. sanchi sagar road in the state of madhya pradesh कंस्ट्रक्शन ऑफ़ मेजर ब्रिज ओवर धसान रिवर at km146/6-८ ऑन NH-86ext. साँची सागर रोड इन थे स्टेट ऑफ़ मध्य प्रदेश,https://bhoomirashi.gov.in/auth/revamp/prep_public.cshtml?nid=1&project_id=51474,1.89,0.97,0.92,0.0,0.5132275132275133
51476,2017-10-06,3255,3255,2018-04-10,1632(E),1632E,186,0,deduped_nearest_subsequent_3D,False,True,MO/2018/51476,widening of road to 2-lane with paved shoulder from km1 to km73/2 on NH-26A sagar -khurai -bina road in the state of madhya pradesh विडेनिंग ऑफ़ रोड तो 2-लेन विथ पवेद शोल्डर फ्रॉम कम्य१ तो km73/२ ऑन NH-26A सागर -खुरई -बिना रोड इन थे स्टेट ऑफ़ मध्य प्रदेश,https://bhoomirashi.gov.in/auth/revamp/prep_public.cshtml?nid=1&project_id=51476,79.02,20.02,59.0,0.0,0.25335358137180464
51476,2017-10-06,3256,3256,2018-04-10,1633,1633,186,0,deduped_nearest_subsequent_3D,False,True,MO/2018/51476,widening of road to 2-lane with paved shoulder from km1 to km73/2 on NH-26A sagar -khurai -bina road in the state of madhya pradesh विडेनिंग ऑफ़ रोड तो 2-लेन विथ पवेद शोल्डर फ्रॉम कम्य१ तो km73/२ ऑन NH-26A सागर -खुरई -बिना रोड इन थे स्टेट ऑफ़ मध्य प्रदेश,https://bhoomirashi.gov.in/auth/revamp/prep_public.cshtml?nid=1&project_id=51476,79.02,20.02,59.0,0.0,0.25335358137180464
51476,2017-10-06,3259,3259,2018-05-24,2098,2098,230,0,deduped_nearest_subsequent_3D,False,True,MO/2018/51476,widening of road to 2-lane with paved shoulder from km1 to km73/2 on NH-26A sagar -khurai -bina road in the state of madhya pradesh विडेनिंग ऑफ़ रोड तो 2-लेन विथ पवेद शोल्डर फ्रॉम कम्य१ तो km73/२ ऑन NH-26A सागर -खुरई -बिना रोड इन थे स्टेट ऑफ़ मध्य प्रदेश,https://bhoomirashi.gov.in/auth/revamp/prep_public.cshtml?nid=1&project_id=51476,79.02,20.02,59.0,0.0,0.25335358137180464
51476,2018-05-16,1948,1948,2018-08-31,4258(E),4258E,107,0,deduped_nearest_subsequent_3D,False,True,MO/2018/51476,widening of road to 2-lane with paved shoulder from km1 to km73/2 on NH-26A sagar -khurai -bina road in the state of madhya pradesh विडेनिंग ऑफ़ रोड तो 2-लेन विथ पवेद शोल्डर फ्रॉम कम्य१ तो km73/२ ऑन NH-26A सागर -खुरई -बिना रोड इन थे स्टेट ऑफ़ मध्य प्रदेश,https://bhoomirashi.gov.in/auth/revamp/prep_public.cshtml?nid=1&project_id=51476,79.02,20.02,59.0,0.0,0.25335358137180464
51476,2018-05-16,1954,1954,2018-08-31,4268 (E),4268E,107,0,deduped_nearest_subsequent_3D,False,True,MO/2018/51476,widening of road to 2-lane with paved shoulder from km1 to km73/2 on NH-26A sagar -khurai -bina road in the state of madhya pradesh विडेनिंग ऑफ़ रोड तो 2-लेन विथ पवेद शोल्डर फ्रॉम कम्य१ तो km73/२ ऑन NH-26A सागर -खुरई -बिना रोड इन थे स्टेट ऑफ़ मध्य प्रदेश,https://bhoomirashi.gov.in/auth/revamp/prep_public.cshtml?nid=1&project_id=51476,79.02,20.02,59.0,0.0,0.25335358137180464
51476,2018-05-16,1958,1958,2018-08-31,4270(E),4270E,107,0,deduped_nearest_subsequent_3D,False,True,MO/2018/51476,widening of road to 2-lane with paved shoulder from km1 to km73/2 on NH-26A sagar -khurai -bina road in the state of madhya pradesh विडेनिंग ऑफ़ रोड तो 2-लेन विथ पवेद शोल्डर फ्रॉम कम्य१ तो km73/२ ऑन NH-26A सागर -खुरई -बिना रोड इन थे स्टेट ऑफ़ मध्य प्रदेश,https://bhoomirashi.gov.in/auth/revamp/prep_public.cshtml?nid=1&project_id=51476,79.02,20.02,59.0,0.0,0.25335358137180464
51483,2017-09-01,2512,2512,2018-04-10,1631,1631,221,0,deduped_nearest_subsequent_3D,False,True,MO/2018/51483,Widening of road to 2-lane with paved shoulder i/c Construction of Bridges & Culvert in km 182 to 266/6 (Design length 81.60km) on NH 59A (INDORE BETUL ROAD) in the state of madhya pradesh on EPC Mode. विडेनिनगॉफ फोरड तो 2-लेन विथ पवेद शोल्डर i/स कंस्ट्रक्शन ऑफ़ ब्रिड्जस & कल्वर्ट इन कम १८२ तो 266/६ (डिज़ाइन लेंथ 81.60) ों NH ५९ा (इंदौर बैतूल ROAD) इन इन थे स्टेट ऑफ़ ऑफ़ मध्य प्रदेश ों EPC,https://bhoomirashi.gov.in/auth/revamp/prep_public.cshtml?nid=1&project_id=51483,142.2,84.439,57.761,0.731,0.5938045007032349
51483,2018-05-16,1963,1963,2018-07-13,3480,3480,58,0,deduped_nearest_subsequent_3D,False,True,MO/2018/51483,Widening of road to 2-lane with paved shoulder i/c Construction of Bridges & Culvert in km 182 to 266/6 (Design length 81.60km) on NH 59A (INDORE BETUL ROAD) in the state of madhya pradesh on EPC Mode. विडेनिनगॉफ फोरड तो 2-लेन विथ पवेद शोल्डर i/स कंस्ट्रक्शन ऑफ़ ब्रिड्जस & कल्वर्ट इन कम १८२ तो 266/६ (डिज़ाइन लेंथ 81.60) ों NH ५९ा (इंदौर बैतूल ROAD) इन इन थे स्टेट ऑफ़ ऑफ़ मध्य प्रदेश ों EPC,https://bhoomirashi.gov.in/auth/revamp/prep_public.cshtml?nid=1&project_id=51483,142.2,84.439,57.761,0.731,0.5938045007032349
51483,2018-05-19,1962,1962,2018-08-30,4231(E),4231E,103,0,deduped_nearest_subsequent_3D,False,True,MO/2018/51483,Widening of road to 2-lane with paved shoulder i/c Construction of Bridges & Culvert in km 182 to 266/6 (Design length 81.60km) on NH 59A (INDORE BETUL ROAD) in the state of madhya pradesh on EPC Mode. विडेनिनगॉफ फोरड तो 2-लेन विथ पवेद शोल्डर i/स कंस्ट्रक्शन ऑफ़ ब्रिड्जस & कल्वर्ट इन कम १८२ तो 266/६ (डिज़ाइन लेंथ 81.60) ों NH ५९ा (इंदौर बैतूल ROAD) इन इन थे स्टेट ऑफ़ ऑफ़ मध्य प्रदेश ों EPC,https://bhoomirashi.gov.in/auth/revamp/prep_public.cshtml?nid=1&project_id=51483,142.2,84.439,57.761,0.731,0.5938045007032349
51485,2018-05-23,2073,2073,2018-09-12,4800(E),4800E,112,0,deduped_nearest_subsequent_3D,False,True,MO/2018/51485,construction of 4-lane ROB at km14+800 of NH-26A on katni bina railway line at LC-19 on sagar bina road in the state of madhya pradesh कंस्ट्रक्शन ऑफ़ 4-लेन आर ओ बी at km14+८०० ऑफ़ NH-26A ऑन कटनी बिना रेलवे लाइन at LC-१९ ऑन सागर बिना रोड इन थे स्टेट ऑफ़ मध्य प्रदेश,https://bhoomirashi.gov.in/auth/revamp/prep_public.cshtml?nid=1&project_id=51485,5.191,1.691,3.5,0.0,0.3257561163552302
51487,2021-12-30,5465,5465,2022-06-23,2844,2844,175,0,deduped_nearest_subsequent_3D,False,True,MO/2018/51487,construction of Harpalpur bypass starting at km91/8 & ending at km92/10 on NH-76 in the state of madhya pradesh & uttar pradesh कंस्ट्रक्शन ऑफ़ हरपालपुर बाईपास स्टार्टिंग at km91/८ & एंडिंग at km92/१० ऑन NH-७६ इन थे स्टेट ऑफ़ मध्य प्रदेश & उत्तर प्रदेश,https://bhoomirashi.gov.in/auth/revamp/prep_public.cshtml?nid=1&project_id=51487,46.055,0.0,46.055,0.921,0.0
51487,2022-07-30,295,295,2024-06-20,2377(E),2377E,691,1,deduped_nearest_subsequent_3D,False,True,MO/2018/51487,construction of Harpalpur bypass starting at km91/8 & ending at km92/10 on NH-76 in the state of madhya pradesh & uttar pradesh कंस्ट्रक्शन ऑफ़ हरपालपुर बाईपास स्टार्टिंग at km91/८ & एंडिंग at km92/१० ऑन NH-७६ इन थे स्टेट ऑफ़ मध्य प्रदेश & उत्तर प्रदेश,https://bhoomirashi.gov.in/auth/revamp/prep_public.cshtml?nid=1&project_id=51487,46.055,0.0,46.055,0.921,0.0
51495,2018-05-31,2223(E),2223E,2020-09-03,3002 (E),3002E,826,1,deduped_nearest_subsequent_3D,False,True,MO/2018/51495,land acquisition Somesar R.O.B. C-67 at NH-162E at k.m. 29.065 K.M. TO K.M. 30.793 in the state of rajasthan . राजस्थान राज्य में राष्ट्रीय राजमार्ग संख्या १६२ ई पर किमी २९.०६५ से ९०.७९३ तक आर.ओ.बी. के निर्माण के लिए भूमि अधिग्रहण।,https://bhoomirashi.gov.in/auth/revamp/prep_public.cshtml?nid=1&project_id=51495,20.0,0.0,20.0,0.0,0.0
51495,2020-05-15,1480-(E),1480E,2021-05-05,1756-E,1756E,355,0,deduped_nearest_subsequent_3D,False,True,MO/2018/51495,land acquisition Somesar R.O.B. C-67 at NH-162E at k.m. 29.065 K.M. TO K.M. 30.793 in the state of rajasthan . राजस्थान राज्य में राष्ट्रीय राजमार्ग संख्या १६२ ई पर किमी २९.०६५ से ९०.७९३ तक आर.ओ.बी. के निर्माण के लिए भूमि अधिग्रहण।,https://bhoomirashi.gov.in/auth/revamp/prep_public.cshtml?nid=1&project_id=51495,20.0,0.0,20.0,0.0,0.0
51518,2017-12-19,3921,3921,2018-05-24,2100(E),2100E,156,0,deduped_nearest_subsequent_3D,False,True,MO/2018/51518,Rehabilitation & upgradation to 2-lane with paved shoulder from km81 to km175 on NH-86ext. sanchi sagar road in the state of madhya pradesh रिहैबिलिटेशन & अपग्रडेशन तो 2-लेन विथ पवेद शोल्डर फ्रॉम km81 तो km175 ऑन NH-86ext. साँची सागर रोड इन थे स्टेट ऑफ़ मध्य प्रदेश,https://bhoomirashi.gov.in/auth/revamp/prep_public.cshtml?nid=1&project_id=51518,180.816,140.0,40.816,0.0,0.7742677639146978
51518,2017-12-19,3922,3922,2018-05-24,2101,2101,156,0,deduped_nearest_subsequent_3D,False,True,MO/2018/51518,Rehabilitation & upgradation to 2-lane with paved shoulder from km81 to km175 on NH-86ext. sanchi sagar road in the state of madhya pradesh रिहैबिलिटेशन & अपग्रडेशन तो 2-लेन विथ पवेद शोल्डर फ्रॉम km81 तो km175 ऑन NH-86ext. साँची सागर रोड इन थे स्टेट ऑफ़ मध्य प्रदेश,https://bhoomirashi.gov.in/auth/revamp/prep_public.cshtml?nid=1&project_id=51518,180.816,140.0,40.816,0.0,0.7742677639146978
51518,2017-12-19,3923,3923,2018-08-30,4226(E),4226E,254,0,deduped_nearest_subsequent_3D,False,True,MO/2018/51518,Rehabilitation & upgradation to 2-lane with paved shoulder from km81 to km175 on NH-86ext. sanchi sagar road in the state of madhya pradesh रिहैबिलिटेशन & अपग्रडेशन तो 2-लेन विथ पवेद शोल्डर फ्रॉम km81 तो km175 ऑन NH-86ext. साँची सागर रोड इन थे स्टेट ऑफ़ मध्य प्रदेश,https://bhoomirashi.gov.in/auth/revamp/prep_public.cshtml?nid=1&project_id=51518,180.816,140.0,40.816,0.0,0.7742677639146978
51518,2017-12-19,3924,3924,2018-08-30,4227(E),4227E,254,0,deduped_nearest_subsequent_3D,False,True,MO/2018/51518,Rehabilitation & upgradation to 2-lane with paved shoulder from km81 to km175 on NH-86ext. sanchi sagar road in the state of madhya pradesh रिहैबिलिटेशन & अपग्रडेशन तो 2-लेन विथ पवेद शोल्डर फ्रॉम km81 तो km175 ऑन NH-86ext. साँची सागर रोड इन थे स्टेट ऑफ़ मध्य प्रदेश,https://bhoomirashi.gov.in/auth/revamp/prep_public.cshtml?nid=1&project_id=51518,180.816,140.0,40.816,0.0,0.7742677639146978
51518,2018-05-15,1933,1933,2018-08-30,4228(E),4228E,107,0,deduped_nearest_subsequent_3D,False,True,MO/2018/51518,Rehabilitation & upgradation to 2-lane with paved shoulder from km81 to km175 on NH-86ext. sanchi sagar road in the state of madhya pradesh रिहैबिलिटेशन & अपग्रडेशन तो 2-लेन विथ पवेद शोल्डर फ्रॉम km81 तो km175 ऑन NH-86ext. साँची सागर रोड इन थे स्टेट ऑफ़ मध्य प्रदेश,https://bhoomirashi.gov.in/auth/revamp/prep_public.cshtml?nid=1&project_id=51518,180.816,140.0,40.816,0.0,0.7742677639146978
51518,2018-05-15,1934,1934,2018-08-30,4229(E),4229E,107,0,deduped_nearest_subsequent_3D,False,True,MO/2018/51518,Rehabilitation & upgradation to 2-lane with paved shoulder from km81 to km175 on NH-86ext. sanchi sagar road in the state of madhya pradesh रिहैबिलिटेशन & अपग्रडेशन तो 2-लेन विथ पवेद शोल्डर फ्रॉम km81 तो km175 ऑन NH-86ext. साँची सागर रोड इन थे स्टेट ऑफ़ मध्य प्रदेश,https://bhoomirashi.gov.in/auth/revamp/prep_public.cshtml?nid=1&project_id=51518,180.816,140.0,40.816,0.0,0.7742677639146978
51518,2018-05-15,1936,1936,2018-08-31,4271(E),4271E,108,0,deduped_nearest_subsequent_3D,False,True,MO/2018/51518,Rehabilitation & upgradation to 2-lane with paved shoulder from km81 to km175 on NH-86ext. sanchi sagar road in the state of madhya pradesh रिहैबिलिटेशन & अपग्रडेशन तो 2-लेन विथ पवेद शोल्डर फ्रॉम km81 तो km175 ऑन NH-86ext. साँची सागर रोड इन थे स्टेट ऑफ़ मध्य प्रदेश,https://bhoomirashi.gov.in/auth/revamp/prep_public.cshtml?nid=1&project_id=51518,180.816,140.0,40.816,0.0,0.7742677639146978
51518,2018-05-15,1937,1937,2018-10-24,2099,2099,162,0,deduped_nearest_subsequent_3D,False,True,MO/2018/51518,Rehabilitation & upgradation to 2-lane with paved shoulder from km81 to km175 on NH-86ext. sanchi sagar road in the state of madhya pradesh रिहैबिलिटेशन & अपग्रडेशन तो 2-लेन विथ पवेद शोल्डर फ्रॉम km81 तो km175 ऑन NH-86ext. साँची सागर रोड इन थे स्टेट ऑफ़ मध्य प्रदेश,https://bhoomirashi.gov.in/auth/revamp/prep_public.cshtml?nid=1&project_id=51518,180.816,140.0,40.816,0.0,0.7742677639146978
51523,2018-09-28,5055,5055,2019-02-05,752(E),752E,130,0,deduped_nearest_subsequent_3D,False,True,MO/2018/51523,Rehabilitation & Upgradation of intermediate lane flexible pavement to 2- lane with paved shoulders Rigid pavement on Pachore - Shujalpur Road from km 2+700 to km 33+000 on Pachore to Shujalpur section of newly declared NH-752-C in the State of Madhya Pradesh on EPC Mode Under NH (O) रिहैबिलिटेशन & अपग्रेडेशन ऑफ़ इंटरमीडिएट लेन फिलेक्सिबल पेवमेंट टू 2- लेन विथ पेवड शोल्डर्स रिजिड पेवमेंट ऑन पचौर - शुजालपुर रोड फ्रम कि.मी. 2.700 टू कि.मी. 33.000 ऑन पचौर - शुजालपुर सेक्शन ऑफ़ न्यूलि डिक्लेयरड NH-752-C इन द स्टे ऑफ़ मध्य प्रदेश ऑन- इपीसी मोड अंडर NH (o).,https://bhoomirashi.gov.in/auth/revamp/prep_public.cshtml?nid=1&project_id=51523,414.891,192.105,222.786,4.748,0.46302522831297854
51523,2018-09-28,5056,5056,2019-03-22,1408(E),1408E,175,0,deduped_nearest_subsequent_3D,False,True,MO/2018/51523,Rehabilitation & Upgradation of intermediate lane flexible pavement to 2- lane with paved shoulders Rigid pavement on Pachore - Shujalpur Road from km 2+700 to km 33+000 on Pachore to Shujalpur section of newly declared NH-752-C in the State of Madhya Pradesh on EPC Mode Under NH (O) रिहैबिलिटेशन & अपग्रेडेशन ऑफ़ इंटरमीडिएट लेन फिलेक्सिबल पेवमेंट टू 2- लेन विथ पेवड शोल्डर्स रिजिड पेवमेंट ऑन पचौर - शुजालपुर रोड फ्रम कि.मी. 2.700 टू कि.मी. 33.000 ऑन पचौर - शुजालपुर सेक्शन ऑफ़ न्यूलि डिक्लेयरड NH-752-C इन द स्टे ऑफ़ मध्य प्रदेश ऑन- इपीसी मोड अंडर NH (o).,https://bhoomirashi.gov.in/auth/revamp/prep_public.cshtml?nid=1&project_id=51523,414.891,192.105,222.786,4.748,0.46302522831297854
51523,2018-09-28,5057,5057,2019-03-23,1408,1408,176,0,deduped_nearest_subsequent_3D,False,True,MO/2018/51523,Rehabilitation & Upgradation of intermediate lane flexible pavement to 2- lane with paved shoulders Rigid pavement on Pachore - Shujalpur Road from km 2+700 to km 33+000 on Pachore to Shujalpur section of newly declared NH-752-C in the State of Madhya Pradesh on EPC Mode Under NH (O) रिहैबिलिटेशन & अपग्रेडेशन ऑफ़ इंटरमीडिएट लेन फिलेक्सिबल पेवमेंट टू 2- लेन विथ पेवड शोल्डर्स रिजिड पेवमेंट ऑन पचौर - शुजालपुर रोड फ्रम कि.मी. 2.700 टू कि.मी. 33.000 ऑन पचौर - शुजालपुर सेक्शन ऑफ़ न्यूलि डिक्लेयरड NH-752-C इन द स्टे ऑफ़ मध्य प्रदेश ऑन- इपीसी मोड अंडर NH (o).,https://bhoomirashi.gov.in/auth/revamp/prep_public.cshtml?nid=1&project_id=51523,414.891,192.105,222.786,4.748,0.46302522831297854
51523,2018-10-01,5055,5055,2019-07-18,2578,2578,290,0,deduped_nearest_subsequent_3D,False,True,MO/2018/51523,Rehabilitation & Upgradation of intermediate lane flexible pavement to 2- lane with paved shoulders Rigid pavement on Pachore - Shujalpur Road from km 2+700 to km 33+000 on Pachore to Shujalpur section of newly declared NH-752-C in the State of Madhya Pradesh on EPC Mode Under NH (O) रिहैबिलिटेशन & अपग्रेडेशन ऑफ़ इंटरमीडिएट लेन फिलेक्सिबल पेवमेंट टू 2- लेन विथ पेवड शोल्डर्स रिजिड पेवमेंट ऑन पचौर - शुजालपुर रोड फ्रम कि.मी. 2.700 टू कि.मी. 33.000 ऑन पचौर - शुजालपुर सेक्शन ऑफ़ न्यूलि डिक्लेयरड NH-752-C इन द स्टे ऑफ़ मध्य प्रदेश ऑन- इपीसी मोड अंडर NH (o).,https://bhoomirashi.gov.in/auth/revamp/prep_public.cshtml?nid=1&project_id=51523,414.891,192.105,222.786,4.748,0.46302522831297854
51523,2019-02-12,832,832,2019-09-25,3481,3481,225,0,deduped_nearest_subsequent_3D,False,True,MO/2018/51523,Rehabilitation & Upgradation of intermediate lane flexible pavement to 2- lane with paved shoulders Rigid pavement on Pachore - Shujalpur Road from km 2+700 to km 33+000 on Pachore to Shujalpur section of newly declared NH-752-C in the State of Madhya Pradesh on EPC Mode Under NH (O) रिहैबिलिटेशन & अपग्रेडेशन ऑफ़ इंटरमीडिएट लेन फिलेक्सिबल पेवमेंट टू 2- लेन विथ पेवड शोल्डर्स रिजिड पेवमेंट ऑन पचौर - शुजालपुर रोड फ्रम कि.मी. 2.700 टू कि.मी. 33.000 ऑन पचौर - शुजालपुर सेक्शन ऑफ़ न्यूलि डिक्लेयरड NH-752-C इन द स्टे ऑफ़ मध्य प्रदेश ऑन- इपीसी मोड अंडर NH (o).,https://bhoomirashi.gov.in/auth/revamp/prep_public.cshtml?nid=1&project_id=51523,414.891,192.105,222.786,4.748,0.46302522831297854
51523,2019-07-25,2646,2646,2020-01-24,364,364,183,0,deduped_nearest_subsequent_3D,False,True,MO/2018/51523,Rehabilitation & Upgradation of intermediate lane flexible pavement to 2- lane with paved shoulders Rigid pavement on Pachore - Shujalpur Road from km 2+700 to km 33+000 on Pachore to Shujalpur section of newly declared NH-752-C in the State of Madhya Pradesh on EPC Mode Under NH (O) रिहैबिलिटेशन & अपग्रेडेशन ऑफ़ इंटरमीडिएट लेन फिलेक्सिबल पेवमेंट टू 2- लेन विथ पेवड शोल्डर्स रिजिड पेवमेंट ऑन पचौर - शुजालपुर रोड फ्रम कि.मी. 2.700 टू कि.मी. 33.000 ऑन पचौर - शुजालपुर सेक्शन ऑफ़ न्यूलि डिक्लेयरड NH-752-C इन द स्टे ऑफ़ मध्य प्रदेश ऑन- इपीसी मोड अंडर NH (o).,https://bhoomirashi.gov.in/auth/revamp/prep_public.cshtml?nid=1&project_id=51523,414.891,192.105,222.786,4.748,0.46302522831297854
51523,2019-09-26,3510,3510,2021-10-29,4514,4514,764,1,deduped_nearest_subsequent_3D,False,True,MO/2018/51523,Rehabilitation & Upgradation of intermediate lane flexible pavement to 2- lane with paved shoulders Rigid pavement on Pachore - Shujalpur Road from km 2+700 to km 33+000 on Pachore to Shujalpur section of newly declared NH-752-C in the State of Madhya Pradesh on EPC Mode Under NH (O) रिहैबिलिटेशन & अपग्रेडेशन ऑफ़ इंटरमीडिएट लेन फिलेक्सिबल पेवमेंट टू 2- लेन विथ पेवड शोल्डर्स रिजिड पेवमेंट ऑन पचौर - शुजालपुर रोड फ्रम कि.मी. 2.700 टू कि.मी. 33.000 ऑन पचौर - शुजालपुर सेक्शन ऑफ़ न्यूलि डिक्लेयरड NH-752-C इन द स्टे ऑफ़ मध्य प्रदेश ऑन- इपीसी मोड अंडर NH (o).,https://bhoomirashi.gov.in/auth/revamp/prep_public.cshtml?nid=1&project_id=51523,414.891,192.105,222.786,4.748,0.46302522831297854
51523,2021-06-14,2309,2309,2022-03-10,1074(E),1074E,269,0,deduped_nearest_subsequent_3D,False,True,MO/2018/51523,Rehabilitation & Upgradation of intermediate lane flexible pavement to 2- lane with paved shoulders Rigid pavement on Pachore - Shujalpur Road from km 2+700 to km 33+000 on Pachore to Shujalpur section of newly declared NH-752-C in the State of Madhya Pradesh on EPC Mode Under NH (O) रिहैबिलिटेशन & अपग्रेडेशन ऑफ़ इंटरमीडिएट लेन फिलेक्सिबल पेवमेंट टू 2- लेन विथ पेवड शोल्डर्स रिजिड पेवमेंट ऑन पचौर - शुजालपुर रोड फ्रम कि.मी. 2.700 टू कि.मी. 33.000 ऑन पचौर - शुजालपुर सेक्शन ऑफ़ न्यूलि डिक्लेयरड NH-752-C इन द स्टे ऑफ़ मध्य प्रदेश ऑन- इपीसी मोड अंडर NH (o).,https://bhoomirashi.gov.in/auth/revamp/prep_public.cshtml?nid=1&project_id=51523,414.891,192.105,222.786,4.748,0.46302522831297854
51523,2021-06-24,2514,2514,2023-07-04,2926(E),2926E,740,1,deduped_nearest_subsequent_3D,False,True,MO/2018/51523,Rehabilitation & Upgradation of intermediate lane flexible pavement to 2- lane with paved shoulders Rigid pavement on Pachore - Shujalpur Road from km 2+700 to km 33+000 on Pachore to Shujalpur section of newly declared NH-752-C in the State of Madhya Pradesh on EPC Mode Under NH (O) रिहैबिलिटेशन & अपग्रेडेशन ऑफ़ इंटरमीडिएट लेन फिलेक्सिबल पेवमेंट टू 2- लेन विथ पेवड शोल्डर्स रिजिड पेवमेंट ऑन पचौर - शुजालपुर रोड फ्रम कि.मी. 2.700 टू कि.मी. 33.000 ऑन पचौर - शुजालपुर सेक्शन ऑफ़ न्यूलि डिक्लेयरड NH-752-C इन द स्टे ऑफ़ मध्य प्रदेश ऑन- इपीसी मोड अंडर NH (o).,https://bhoomirashi.gov.in/auth/revamp/prep_public.cshtml?nid=1&project_id=51523,414.891,192.105,222.786,4.748,0.46302522831297854
51523,2021-12-14,5189,5189,2023-07-07,2511,2511,570,1,deduped_nearest_subsequent_3D,False,True,MO/2018/51523,Rehabilitation & Upgradation of intermediate lane flexible pavement to 2- lane with paved shoulders Rigid pavement on Pachore - Shujalpur Road from km 2+700 to km 33+000 on Pachore to Shujalpur section of newly declared NH-752-C in the State of Madhya Pradesh on EPC Mode Under NH (O) रिहैबिलिटेशन & अपग्रेडेशन ऑफ़ इंटरमीडिएट लेन फिलेक्सिबल पेवमेंट टू 2- लेन विथ पेवड शोल्डर्स रिजिड पेवमेंट ऑन पचौर - शुजालपुर रोड फ्रम कि.मी. 2.700 टू कि.मी. 33.000 ऑन पचौर - शुजालपुर सेक्शन ऑफ़ न्यूलि डिक्लेयरड NH-752-C इन द स्टे ऑफ़ मध्य प्रदेश ऑन- इपीसी मोड अंडर NH (o).,https://bhoomirashi.gov.in/auth/revamp/prep_public.cshtml?nid=1&project_id=51523,414.891,192.105,222.786,4.748,0.46302522831297854
51523,2022-04-11,1751,1751,2024-01-17,240,240,646,1,deduped_nearest_subsequent_3D,False,True,MO/2018/51523,Rehabilitation & Upgradation of intermediate lane flexible pavement to 2- lane with paved shoulders Rigid pavement on Pachore - Shujalpur Road from km 2+700 to km 33+000 on Pachore to Shujalpur section of newly declared NH-752-C in the State of Madhya Pradesh on EPC Mode Under NH (O) रिहैबिलिटेशन & अपग्रेडेशन ऑफ़ इंटरमीडिएट लेन फिलेक्सिबल पेवमेंट टू 2- लेन विथ पेवड शोल्डर्स रिजिड पेवमेंट ऑन पचौर - शुजालपुर रोड फ्रम कि.मी. 2.700 टू कि.मी. 33.000 ऑन पचौर - शुजालपुर सेक्शन ऑफ़ न्यूलि डिक्लेयरड NH-752-C इन द स्टे ऑफ़ मध्य प्रदेश ऑन- इपीसी मोड अंडर NH (o).,https://bhoomirashi.gov.in/auth/revamp/prep_public.cshtml?nid=1&project_id=51523,414.891,192.105,222.786,4.748,0.46302522831297854
51523,2023-01-25,S.O.427(E),SO427E,2024-07-10,2691,2691,532,1,deduped_nearest_subsequent_3D,False,True,MO/2018/51523,Rehabilitation & Upgradation of intermediate lane flexible pavement to 2- lane with paved shoulders Rigid pavement on Pachore - Shujalpur Road from km 2+700 to km 33+000 on Pachore to Shujalpur section of newly declared NH-752-C in the State of Madhya Pradesh on EPC Mode Under NH (O) रिहैबिलिटेशन & अपग्रेडेशन ऑफ़ इंटरमीडिएट लेन फिलेक्सिबल पेवमेंट टू 2- लेन विथ पेवड शोल्डर्स रिजिड पेवमेंट ऑन पचौर - शुजालपुर रोड फ्रम कि.मी. 2.700 टू कि.मी. 33.000 ऑन पचौर - शुजालपुर सेक्शन ऑफ़ न्यूलि डिक्लेयरड NH-752-C इन द स्टे ऑफ़ मध्य प्रदेश ऑन- इपीसी मोड अंडर NH (o).,https://bhoomirashi.gov.in/auth/revamp/prep_public.cshtml?nid=1&project_id=51523,414.891,192.105,222.786,4.748,0.46302522831297854
51523,2023-07-26,3366(E),3366E,2024-12-10,4406,4406,503,1,deduped_nearest_subsequent_3D,False,True,MO/2018/51523,Rehabilitation & Upgradation of intermediate lane flexible pavement to 2- lane with paved shoulders Rigid pavement on Pachore - Shujalpur Road from km 2+700 to km 33+000 on Pachore to Shujalpur section of newly declared NH-752-C in the State of Madhya Pradesh on EPC Mode Under NH (O) रिहैबिलिटेशन & अपग्रेडेशन ऑफ़ इंटरमीडिएट लेन फिलेक्सिबल पेवमेंट टू 2- लेन विथ पेवड शोल्डर्स रिजिड पेवमेंट ऑन पचौर - शुजालपुर रोड फ्रम कि.मी. 2.700 टू कि.मी. 33.000 ऑन पचौर - शुजालपुर सेक्शन ऑफ़ न्यूलि डिक्लेयरड NH-752-C इन द स्टे ऑफ़ मध्य प्रदेश ऑन- इपीसी मोड अंडर NH (o).,https://bhoomirashi.gov.in/auth/revamp/prep_public.cshtml?nid=1&project_id=51523,414.891,192.105,222.786,4.748,0.46302522831297854
51532,2017-04-21,1085,1085,2018-12-21,6271E,6271E,609,1,deduped_nearest_subsequent_3D,False,True,MO/2018/51532,Construction of ROB and its approaches in lieu of existing level crossing No RV-168 (Presently RV-172) at Km 176 on NH-201 (New Km 143 on NH-26) in the district of Kalahandi in the state of Odisha कंस्ट्रक्शन ऊफ रॉब एंड इतस अप्प्रोचेस इन लिएउ ऊफ एक्सिस्टिंग लेवल स्क्रोसिंग नो RV-१६८ (प्रेसेंटली RV-172) ात कम १७६ ो ों NH-२०१ (नई कम १४३ ों NH-26) इन थे डिस्ट्रिक्ट ऑफ़ ऑफ़ कालाहांडी इन थे स्टेट ऑफ़ ऑफ़,https://bhoomirashi.gov.in/auth/revamp/prep_public.cshtml?nid=1&project_id=51532,40.0,0.0,40.0,0.7817,0.0
51542,2018-05-25,864,864,2019-09-25,3482,3482,488,1,deduped_nearest_subsequent_3D,False,True,MO/2018/51542,Acquistion of land respect of National Highway No.81 in the state of bihar on the Stretch from Km 48.950 to Km 49. 000 (Village Khushalpur ) km 52 . 000 to 52.040 ( Village Sakraili ) and Km 52. 040 to 53.000 (Village Lalganj Teghra English ) बिहार राज्य में राष्ट्रीय राजमार्ग संख्या 81 के कि0मी0 48.950 से कि0मी0 49. 000 (मौजा खुशहालपुर ) कि0मी0 52 . 000 से 52.040 (सकरैली ) तथा कि0मी0 52. 040 से कि0मी0 53.000 (लालगंज तैघरा ईंगलीश) तक की बाबत भूमि का अर्जन,https://bhoomirashi.gov.in/auth/revamp/prep_public.cshtml?nid=1&project_id=51542,4.425,0.0,4.425,0.0101,0.0
51546,2017-10-03,2813,2813,2018-05-31,2192(E),2192E,240,0,deduped_nearest_subsequent_3D,False,True,MO/2018/51546,Construction of ROB and its approaches in lieu of existing level crossing No. RV 71 at Km 435 on NH 217 in the state of Odisha कंस्ट्रक्शन ऑफ़ रॉब एंड इतस अप्प्रोचेस इन लिएउ ऑफ़ एक्सिस्टिंग लेवल क्रासिंग No. रव ७१ ात कम ४३५ ों नह २१७ इन थे स्टेट ऑफ़ ओडिशा,https://bhoomirashi.gov.in/auth/revamp/prep_public.cshtml?nid=1&project_id=51546,10.0,0.0,10.0,0.0036,0.0
51546,2023-01-09,121(E),121E,2023-04-06,1668(E),1668E,87,0,deduped_nearest_subsequent_3D,False,True,MO/2018/51546,Construction of ROB and its approaches in lieu of existing level crossing No. RV 71 at Km 435 on NH 217 in the state of Odisha कंस्ट्रक्शन ऑफ़ रॉब एंड इतस अप्प्रोचेस इन लिएउ ऑफ़ एक्सिस्टिंग लेवल क्रासिंग No. रव ७१ ात कम ४३५ ों नह २१७ इन थे स्टेट ऑफ़ ओडिशा,https://bhoomirashi.gov.in/auth/revamp/prep_public.cshtml?nid=1&project_id=51546,10.0,0.0,10.0,0.0036,0.0
51551,2013-07-01,1933,1933,2014-06-11,1500,1500,345,0,deduped_nearest_subsequent_3D,False,True,MO/2018/51551,Acquistion of land National Highway No. 106 (Birpur- Bihpur Section) From Km. 0.00 to Km. 136.00 in the state of bihar.. बिहार राज्य में राष्ट्रीय राजमार्ग संख्या 106 के कि0मी0 0.00 से कि0मी0 136.00 तक ( बीरपुर -बिहपुर खंड ) पर भूमि का अधिग्रहण |,https://bhoomirashi.gov.in/auth/revamp/prep_public.cshtml?nid=1&project_id=51551,110.0,67.038,42.962,0.0,0.6094363636363636
51551,2014-05-13,1301,1301,2015-03-10,712,712,301,0,deduped_nearest_subsequent_3D,False,True,MO/2018/51551,Acquistion of land National Highway No. 106 (Birpur- Bihpur Section) From Km. 0.00 to Km. 136.00 in the state of bihar.. बिहार राज्य में राष्ट्रीय राजमार्ग संख्या 106 के कि0मी0 0.00 से कि0मी0 136.00 तक ( बीरपुर -बिहपुर खंड ) पर भूमि का अधिग्रहण |,https://bhoomirashi.gov.in/auth/revamp/prep_public.cshtml?nid=1&project_id=51551,110.0,67.038,42.962,0.0,0.6094363636363636
51551,2014-06-12,1499,1499,2015-03-10,714,714,271,0,deduped_nearest_subsequent_3D,False,True,MO/2018/51551,Acquistion of land National Highway No. 106 (Birpur- Bihpur Section) From Km. 0.00 to Km. 136.00 in the state of bihar.. बिहार राज्य में राष्ट्रीय राजमार्ग संख्या 106 के कि0मी0 0.00 से कि0मी0 136.00 तक ( बीरपुर -बिहपुर खंड ) पर भूमि का अधिग्रहण |,https://bhoomirashi.gov.in/auth/revamp/prep_public.cshtml?nid=1&project_id=51551,110.0,67.038,42.962,0.0,0.6094363636363636
51551,2018-01-05,89,89,2018-09-10,4771(E),4771E,248,0,deduped_nearest_subsequent_3D,False,True,MO/2018/51551,Acquistion of land National Highway No. 106 (Birpur- Bihpur Section) From Km. 0.00 to Km. 136.00 in the state of bihar.. बिहार राज्य में राष्ट्रीय राजमार्ग संख्या 106 के कि0मी0 0.00 से कि0मी0 136.00 तक ( बीरपुर -बिहपुर खंड ) पर भूमि का अधिग्रहण |,https://bhoomirashi.gov.in/auth/revamp/prep_public.cshtml?nid=1&project_id=51551,110.0,67.038,42.962,0.0,0.6094363636363636
51551,2018-10-29,5548,5548,2019-03-21,949(E),949E,143,0,deduped_nearest_subsequent_3D,False,True,MO/2018/51551,Acquistion of land National Highway No. 106 (Birpur- Bihpur Section) From Km. 0.00 to Km. 136.00 in the state of bihar.. बिहार राज्य में राष्ट्रीय राजमार्ग संख्या 106 के कि0मी0 0.00 से कि0मी0 136.00 तक ( बीरपुर -बिहपुर खंड ) पर भूमि का अधिग्रहण |,https://bhoomirashi.gov.in/auth/revamp/prep_public.cshtml?nid=1&project_id=51551,110.0,67.038,42.962,0.0,0.6094363636363636
51551,2021-05-06,1769,1769,2021-07-26,2936,2936,81,0,deduped_nearest_subsequent_3D,False,True,MO/2018/51551,Acquistion of land National Highway No. 106 (Birpur- Bihpur Section) From Km. 0.00 to Km. 136.00 in the state of bihar.. बिहार राज्य में राष्ट्रीय राजमार्ग संख्या 106 के कि0मी0 0.00 से कि0मी0 136.00 तक ( बीरपुर -बिहपुर खंड ) पर भूमि का अधिग्रहण |,https://bhoomirashi.gov.in/auth/revamp/prep_public.cshtml?nid=1&project_id=51551,110.0,67.038,42.962,0.0,0.6094363636363636
52568,2018-12-31,6454 (E),6454E,2019-12-20,4581 (E),4581E,354,0,deduped_nearest_subsequent_3D,False,True,MO/2018/52568,Rehabilitation & Upgrading to 2 lane/ 2 lane with paved shoulder and strengthening of Lalsot Karauli Section of NH -11B (Km. 00+000 to Km.85+000). पेवड़ शोल्डर के साथ 2 लेन / 2 लेन के पुनर्वास और उन्नयन और NH -11 B (KM 00 + 000 से Km.85 + 000) के लालसोट करौली अनुभाग को मजबूत करना,https://bhoomirashi.gov.in/auth/revamp/prep_public.cshtml?nid=1&project_id=52568,130.0,50.0,80.0,0.0,0.38461538461538464
52568,2019-12-30,4713 (E),4713E,2020-12-28,4732-E,4732E,364,0,deduped_nearest_subsequent_3D,False,True,MO/2018/52568,Rehabilitation & Upgrading to 2 lane/ 2 lane with paved shoulder and strengthening of Lalsot Karauli Section of NH -11B (Km. 00+000 to Km.85+000). पेवड़ शोल्डर के साथ 2 लेन / 2 लेन के पुनर्वास और उन्नयन और NH -11 B (KM 00 + 000 से Km.85 + 000) के लालसोट करौली अनुभाग को मजबूत करना,https://bhoomirashi.gov.in/auth/revamp/prep_public.cshtml?nid=1&project_id=52568,130.0,50.0,80.0,0.0,0.38461538461538464
53575,2018-12-29,6376E,6376E,2018-12-29,S.O.6376 E,SO6376E,0,0,deduped_nearest_subsequent_3D,False,True,MO/2018/53575,Widening to 2 lane with paved shoulder from Km 0/000 to 41/055 of NH 63 in the state of Odisha विडेनिंग तो २ लेन विथ पवेद सशोल्डर फ्रॉम कम 0/००० तो 41/०५५ ऑफ़ नह ६३ इन थे स्टेट ऑफ़,https://bhoomirashi.gov.in/auth/revamp/prep_public.cshtml?nid=1&project_id=53575,3.8,0.0,3.8,0.0162,0.0
53601,2017-08-21,2855(E),2855E,2018-04-05,1537(E),1537E,227,0,deduped_nearest_subsequent_3D,False,True,MO/2018/53601,Construction of 4 lane Rohat Bypass NH-65 from Km 0.00 to Km 4.913 (existing chainage Km 344/835 to Km 348/835) in the state of Rajasthan. कंस्ट्रक्शन ऑफ़ ४ लेन रोहट बाईपास ों NH-६५ फ्रॉम कम 0.०० तो कम 4.९१३ (एक्सिस्टिंग चैनगे कम 344/८३५ तो कम 348/835) .,https://bhoomirashi.gov.in/auth/revamp/prep_public.cshtml?nid=1&project_id=53601,165.0,0.0,165.0,0.0,0.0
53601,2018-07-26,3671(A),3671A,2019-07-11,2480 (E),2480E,350,0,deduped_nearest_subsequent_3D,False,True,MO/2018/53601,Construction of 4 lane Rohat Bypass NH-65 from Km 0.00 to Km 4.913 (existing chainage Km 344/835 to Km 348/835) in the state of Rajasthan. कंस्ट्रक्शन ऑफ़ ४ लेन रोहट बाईपास ों NH-६५ फ्रॉम कम 0.०० तो कम 4.९१३ (एक्सिस्टिंग चैनगे कम 344/८३५ तो कम 348/835) .,https://bhoomirashi.gov.in/auth/revamp/prep_public.cshtml?nid=1&project_id=53601,165.0,0.0,165.0,0.0,0.0
53601,2018-07-26,3671(E),3671E,2021-06-23,2490-E,2490E,1063,1,deduped_nearest_subsequent_3D,False,True,MO/2018/53601,Construction of 4 lane Rohat Bypass NH-65 from Km 0.00 to Km 4.913 (existing chainage Km 344/835 to Km 348/835) in the state of Rajasthan. कंस्ट्रक्शन ऑफ़ ४ लेन रोहट बाईपास ों NH-६५ फ्रॉम कम 0.०० तो कम 4.९१३ (एक्सिस्टिंग चैनगे कम 344/८३५ तो कम 348/835) .,https://bhoomirashi.gov.in/auth/revamp/prep_public.cshtml?nid=1&project_id=53601,165.0,0.0,165.0,0.0,0.0
53601,2021-02-04,532-E,532E,2023-04-06,1663-E,1663E,791,1,deduped_nearest_subsequent_3D,False,True,MO/2018/53601,Construction of 4 lane Rohat Bypass NH-65 from Km 0.00 to Km 4.913 (existing chainage Km 344/835 to Km 348/835) in the state of Rajasthan. कंस्ट्रक्शन ऑफ़ ४ लेन रोहट बाईपास ों NH-६५ फ्रॉम कम 0.०० तो कम 4.९१३ (एक्सिस्टिंग चैनगे कम 344/८३५ तो कम 348/835) .,https://bhoomirashi.gov.in/auth/revamp/prep_public.cshtml?nid=1&project_id=53601,165.0,0.0,165.0,0.0,0.0
53601,2022-05-10,2177-E,2177E,2024-03-11,1239 (E),1239E,671,1,deduped_nearest_subsequent_3D,False,True,MO/2018/53601,Construction of 4 lane Rohat Bypass NH-65 from Km 0.00 to Km 4.913 (existing chainage Km 344/835 to Km 348/835) in the state of Rajasthan. कंस्ट्रक्शन ऑफ़ ४ लेन रोहट बाईपास ों NH-६५ फ्रॉम कम 0.०० तो कम 4.९१३ (एक्सिस्टिंग चैनगे कम 344/८३५ तो कम 348/835) .,https://bhoomirashi.gov.in/auth/revamp/prep_public.cshtml?nid=1&project_id=53601,165.0,0.0,165.0,0.0,0.0
53603,2018-06-29,3220,3220,2018-12-21,6260(E),6260E,175,0,deduped_nearest_subsequent_3D,False,True,MO/2018/53603,Rehabilitation & Up-gradation to 2 lanes with Paved Shoulders of Flexible Pavement (27.56 km) and Rigid Pavement (22.57 km) on Maksudangarh -Sironj section from km 42.510 to km 92.640 & White topping (inside sironj city around which bypass has been proposed in length of km 6.610) section of newly declared NH-752(B) in the state of Madhya Pradesh on EPC Mode under NH(o). रिहैबिलिटेशन & अपग्रेडेशन ऑफ़ 2 लेनस विथ पेवड शोल्डर्स ऑफ फिलेक्सिबल पेवमेंट (27.56 km) एंड रिजिड पेवमेंट(27.56 km) ऑन मकसूदनगढ़ - सिरोंज सेक्शन फ्रम कि.मी.42.510 टू 92.640 कि.मी. & व्हाइल टोंपिंग ( इनसाइड सिरोंज सिटी अराउंड विच बायपास हेज बिन प्रोपोज्ड इन लेनथ ऑफ कि.मी. 6.610) सेक्शन ऑफ न्यूलि डिक्लेयर्ड NH No.-752 (B) इन द स्टे ऑफ़ मध्य प्रदेश ऑन- इपीसी मोड अंडर NH (o).,https://bhoomirashi.gov.in/auth/revamp/prep_public.cshtml?nid=1&project_id=53603,278.032,204.684,73.348,0.176,0.7361886401565287
53603,2018-06-29,3221,3221,2018-12-21,6261(E),6261E,175,0,deduped_nearest_subsequent_3D,False,True,MO/2018/53603,Rehabilitation & Up-gradation to 2 lanes with Paved Shoulders of Flexible Pavement (27.56 km) and Rigid Pavement (22.57 km) on Maksudangarh -Sironj section from km 42.510 to km 92.640 & White topping (inside sironj city around which bypass has been proposed in length of km 6.610) section of newly declared NH-752(B) in the state of Madhya Pradesh on EPC Mode under NH(o). रिहैबिलिटेशन & अपग्रेडेशन ऑफ़ 2 लेनस विथ पेवड शोल्डर्स ऑफ फिलेक्सिबल पेवमेंट (27.56 km) एंड रिजिड पेवमेंट(27.56 km) ऑन मकसूदनगढ़ - सिरोंज सेक्शन फ्रम कि.मी.42.510 टू 92.640 कि.मी. & व्हाइल टोंपिंग ( इनसाइड सिरोंज सिटी अराउंड विच बायपास हेज बिन प्रोपोज्ड इन लेनथ ऑफ कि.मी. 6.610) सेक्शन ऑफ न्यूलि डिक्लेयर्ड NH No.-752 (B) इन द स्टे ऑफ़ मध्य प्रदेश ऑन- इपीसी मोड अंडर NH (o).,https://bhoomirashi.gov.in/auth/revamp/prep_public.cshtml?nid=1&project_id=53603,278.032,204.684,73.348,0.176,0.7361886401565287
53603,2018-06-29,3222,3222,2018-12-27,6383(E),6383E,181,0,deduped_nearest_subsequent_3D,False,True,MO/2018/53603,Rehabilitation & Up-gradation to 2 lanes with Paved Shoulders of Flexible Pavement (27.56 km) and Rigid Pavement (22.57 km) on Maksudangarh -Sironj section from km 42.510 to km 92.640 & White topping (inside sironj city around which bypass has been proposed in length of km 6.610) section of newly declared NH-752(B) in the state of Madhya Pradesh on EPC Mode under NH(o). रिहैबिलिटेशन & अपग्रेडेशन ऑफ़ 2 लेनस विथ पेवड शोल्डर्स ऑफ फिलेक्सिबल पेवमेंट (27.56 km) एंड रिजिड पेवमेंट(27.56 km) ऑन मकसूदनगढ़ - सिरोंज सेक्शन फ्रम कि.मी.42.510 टू 92.640 कि.मी. & व्हाइल टोंपिंग ( इनसाइड सिरोंज सिटी अराउंड विच बायपास हेज बिन प्रोपोज्ड इन लेनथ ऑफ कि.मी. 6.610) सेक्शन ऑफ न्यूलि डिक्लेयर्ड NH No.-752 (B) इन द स्टे ऑफ़ मध्य प्रदेश ऑन- इपीसी मोड अंडर NH (o).,https://bhoomirashi.gov.in/auth/revamp/prep_public.cshtml?nid=1&project_id=53603,278.032,204.684,73.348,0.176,0.7361886401565287
53603,2018-06-29,3268,3268,2018-12-27,6384(E),6384E,181,0,deduped_nearest_subsequent_3D,False,True,MO/2018/53603,Rehabilitation & Up-gradation to 2 lanes with Paved Shoulders of Flexible Pavement (27.56 km) and Rigid Pavement (22.57 km) on Maksudangarh -Sironj section from km 42.510 to km 92.640 & White topping (inside sironj city around which bypass has been proposed in length of km 6.610) section of newly declared NH-752(B) in the state of Madhya Pradesh on EPC Mode under NH(o). रिहैबिलिटेशन & अपग्रेडेशन ऑफ़ 2 लेनस विथ पेवड शोल्डर्स ऑफ फिलेक्सिबल पेवमेंट (27.56 km) एंड रिजिड पेवमेंट(27.56 km) ऑन मकसूदनगढ़ - सिरोंज सेक्शन फ्रम कि.मी.42.510 टू 92.640 कि.मी. & व्हाइल टोंपिंग ( इनसाइड सिरोंज सिटी अराउंड विच बायपास हेज बिन प्रोपोज्ड इन लेनथ ऑफ कि.मी. 6.610) सेक्शन ऑफ न्यूलि डिक्लेयर्ड NH No.-752 (B) इन द स्टे ऑफ़ मध्य प्रदेश ऑन- इपीसी मोड अंडर NH (o).,https://bhoomirashi.gov.in/auth/revamp/prep_public.cshtml?nid=1&project_id=53603,278.032,204.684,73.348,0.176,0.7361886401565287
53603,2018-07-02,3221,3221,2018-12-29,6383,6383,180,0,deduped_nearest_subsequent_3D,False,True,MO/2018/53603,Rehabilitation & Up-gradation to 2 lanes with Paved Shoulders of Flexible Pavement (27.56 km) and Rigid Pavement (22.57 km) on Maksudangarh -Sironj section from km 42.510 to km 92.640 & White topping (inside sironj city around which bypass has been proposed in length of km 6.610) section of newly declared NH-752(B) in the state of Madhya Pradesh on EPC Mode under NH(o). रिहैबिलिटेशन & अपग्रेडेशन ऑफ़ 2 लेनस विथ पेवड शोल्डर्स ऑफ फिलेक्सिबल पेवमेंट (27.56 km) एंड रिजिड पेवमेंट(27.56 km) ऑन मकसूदनगढ़ - सिरोंज सेक्शन फ्रम कि.मी.42.510 टू 92.640 कि.मी. & व्हाइल टोंपिंग ( इनसाइड सिरोंज सिटी अराउंड विच बायपास हेज बिन प्रोपोज्ड इन लेनथ ऑफ कि.मी. 6.610) सेक्शन ऑफ न्यूलि डिक्लेयर्ड NH No.-752 (B) इन द स्टे ऑफ़ मध्य प्रदेश ऑन- इपीसी मोड अंडर NH (o).,https://bhoomirashi.gov.in/auth/revamp/prep_public.cshtml?nid=1&project_id=53603,278.032,204.684,73.348,0.176,0.7361886401565287
53603,2019-03-07,1182,1182,2019-10-17,3737,3737,224,0,deduped_nearest_subsequent_3D,False,True,MO/2018/53603,Rehabilitation & Up-gradation to 2 lanes with Paved Shoulders of Flexible Pavement (27.56 km) and Rigid Pavement (22.57 km) on Maksudangarh -Sironj section from km 42.510 to km 92.640 & White topping (inside sironj city around which bypass has been proposed in length of km 6.610) section of newly declared NH-752(B) in the state of Madhya Pradesh on EPC Mode under NH(o). रिहैबिलिटेशन & अपग्रेडेशन ऑफ़ 2 लेनस विथ पेवड शोल्डर्स ऑफ फिलेक्सिबल पेवमेंट (27.56 km) एंड रिजिड पेवमेंट(27.56 km) ऑन मकसूदनगढ़ - सिरोंज सेक्शन फ्रम कि.मी.42.510 टू 92.640 कि.मी. & व्हाइल टोंपिंग ( इनसाइड सिरोंज सिटी अराउंड विच बायपास हेज बिन प्रोपोज्ड इन लेनथ ऑफ कि.मी. 6.610) सेक्शन ऑफ न्यूलि डिक्लेयर्ड NH No.-752 (B) इन द स्टे ऑफ़ मध्य प्रदेश ऑन- इपीसी मोड अंडर NH (o).,https://bhoomirashi.gov.in/auth/revamp/prep_public.cshtml?nid=1&project_id=53603,278.032,204.684,73.348,0.176,0.7361886401565287
53603,2019-03-07,1184,1184,2019-10-17,3738,3738,224,0,deduped_nearest_subsequent_3D,False,True,MO/2018/53603,Rehabilitation & Up-gradation to 2 lanes with Paved Shoulders of Flexible Pavement (27.56 km) and Rigid Pavement (22.57 km) on Maksudangarh -Sironj section from km 42.510 to km 92.640 & White topping (inside sironj city around which bypass has been proposed in length of km 6.610) section of newly declared NH-752(B) in the state of Madhya Pradesh on EPC Mode under NH(o). रिहैबिलिटेशन & अपग्रेडेशन ऑफ़ 2 लेनस विथ पेवड शोल्डर्स ऑफ फिलेक्सिबल पेवमेंट (27.56 km) एंड रिजिड पेवमेंट(27.56 km) ऑन मकसूदनगढ़ - सिरोंज सेक्शन फ्रम कि.मी.42.510 टू 92.640 कि.मी. & व्हाइल टोंपिंग ( इनसाइड सिरोंज सिटी अराउंड विच बायपास हेज बिन प्रोपोज्ड इन लेनथ ऑफ कि.मी. 6.610) सेक्शन ऑफ न्यूलि डिक्लेयर्ड NH No.-752 (B) इन द स्टे ऑफ़ मध्य प्रदेश ऑन- इपीसी मोड अंडर NH (o).,https://bhoomirashi.gov.in/auth/revamp/prep_public.cshtml?nid=1&project_id=53603,278.032,204.684,73.348,0.176,0.7361886401565287
53603,2019-07-01,2308,2308,2019-12-26,4621,4621,178,0,deduped_nearest_subsequent_3D,False,True,MO/2018/53603,Rehabilitation & Up-gradation to 2 lanes with Paved Shoulders of Flexible Pavement (27.56 km) and Rigid Pavement (22.57 km) on Maksudangarh -Sironj section from km 42.510 to km 92.640 & White topping (inside sironj city around which bypass has been proposed in length of km 6.610) section of newly declared NH-752(B) in the state of Madhya Pradesh on EPC Mode under NH(o). रिहैबिलिटेशन & अपग्रेडेशन ऑफ़ 2 लेनस विथ पेवड शोल्डर्स ऑफ फिलेक्सिबल पेवमेंट (27.56 km) एंड रिजिड पेवमेंट(27.56 km) ऑन मकसूदनगढ़ - सिरोंज सेक्शन फ्रम कि.मी.42.510 टू 92.640 कि.मी. & व्हाइल टोंपिंग ( इनसाइड सिरोंज सिटी अराउंड विच बायपास हेज बिन प्रोपोज्ड इन लेनथ ऑफ कि.मी. 6.610) सेक्शन ऑफ न्यूलि डिक्लेयर्ड NH No.-752 (B) इन द स्टे ऑफ़ मध्य प्रदेश ऑन- इपीसी मोड अंडर NH (o).,https://bhoomirashi.gov.in/auth/revamp/prep_public.cshtml?nid=1&project_id=53603,278.032,204.684,73.348,0.176,0.7361886401565287
53603,2019-07-01,2309,2309,2020-04-22,1293,1293,296,0,deduped_nearest_subsequent_3D,False,True,MO/2018/53603,Rehabilitation & Up-gradation to 2 lanes with Paved Shoulders of Flexible Pavement (27.56 km) and Rigid Pavement (22.57 km) on Maksudangarh -Sironj section from km 42.510 to km 92.640 & White topping (inside sironj city around which bypass has been proposed in length of km 6.610) section of newly declared NH-752(B) in the state of Madhya Pradesh on EPC Mode under NH(o). रिहैबिलिटेशन & अपग्रेडेशन ऑफ़ 2 लेनस विथ पेवड शोल्डर्स ऑफ फिलेक्सिबल पेवमेंट (27.56 km) एंड रिजिड पेवमेंट(27.56 km) ऑन मकसूदनगढ़ - सिरोंज सेक्शन फ्रम कि.मी.42.510 टू 92.640 कि.मी. & व्हाइल टोंपिंग ( इनसाइड सिरोंज सिटी अराउंड विच बायपास हेज बिन प्रोपोज्ड इन लेनथ ऑफ कि.मी. 6.610) सेक्शन ऑफ न्यूलि डिक्लेयर्ड NH No.-752 (B) इन द स्टे ऑफ़ मध्य प्रदेश ऑन- इपीसी मोड अंडर NH (o).,https://bhoomirashi.gov.in/auth/revamp/prep_public.cshtml?nid=1&project_id=53603,278.032,204.684,73.348,0.176,0.7361886401565287
53603,2019-07-01,2310,2310,2020-11-13,4116,4116,501,1,deduped_nearest_subsequent_3D,False,True,MO/2018/53603,Rehabilitation & Up-gradation to 2 lanes with Paved Shoulders of Flexible Pavement (27.56 km) and Rigid Pavement (22.57 km) on Maksudangarh -Sironj section from km 42.510 to km 92.640 & White topping (inside sironj city around which bypass has been proposed in length of km 6.610) section of newly declared NH-752(B) in the state of Madhya Pradesh on EPC Mode under NH(o). रिहैबिलिटेशन & अपग्रेडेशन ऑफ़ 2 लेनस विथ पेवड शोल्डर्स ऑफ फिलेक्सिबल पेवमेंट (27.56 km) एंड रिजिड पेवमेंट(27.56 km) ऑन मकसूदनगढ़ - सिरोंज सेक्शन फ्रम कि.मी.42.510 टू 92.640 कि.मी. & व्हाइल टोंपिंग ( इनसाइड सिरोंज सिटी अराउंड विच बायपास हेज बिन प्रोपोज्ड इन लेनथ ऑफ कि.मी. 6.610) सेक्शन ऑफ न्यूलि डिक्लेयर्ड NH No.-752 (B) इन द स्टे ऑफ़ मध्य प्रदेश ऑन- इपीसी मोड अंडर NH (o).,https://bhoomirashi.gov.in/auth/revamp/prep_public.cshtml?nid=1&project_id=53603,278.032,204.684,73.348,0.176,0.7361886401565287
53603,2019-11-20,4206,4206,2021-05-24,1960,1960,551,1,deduped_nearest_subsequent_3D,False,True,MO/2018/53603,Rehabilitation & Up-gradation to 2 lanes with Paved Shoulders of Flexible Pavement (27.56 km) and Rigid Pavement (22.57 km) on Maksudangarh -Sironj section from km 42.510 to km 92.640 & White topping (inside sironj city around which bypass has been proposed in length of km 6.610) section of newly declared NH-752(B) in the state of Madhya Pradesh on EPC Mode under NH(o). रिहैबिलिटेशन & अपग्रेडेशन ऑफ़ 2 लेनस विथ पेवड शोल्डर्स ऑफ फिलेक्सिबल पेवमेंट (27.56 km) एंड रिजिड पेवमेंट(27.56 km) ऑन मकसूदनगढ़ - सिरोंज सेक्शन फ्रम कि.मी.42.510 टू 92.640 कि.मी. & व्हाइल टोंपिंग ( इनसाइड सिरोंज सिटी अराउंड विच बायपास हेज बिन प्रोपोज्ड इन लेनथ ऑफ कि.मी. 6.610) सेक्शन ऑफ न्यूलि डिक्लेयर्ड NH No.-752 (B) इन द स्टे ऑफ़ मध्य प्रदेश ऑन- इपीसी मोड अंडर NH (o).,https://bhoomirashi.gov.in/auth/revamp/prep_public.cshtml?nid=1&project_id=53603,278.032,204.684,73.348,0.176,0.7361886401565287
53603,2021-01-14,169,169,2021-06-17,2376,2376,154,0,deduped_nearest_subsequent_3D,False,True,MO/2018/53603,Rehabilitation & Up-gradation to 2 lanes with Paved Shoulders of Flexible Pavement (27.56 km) and Rigid Pavement (22.57 km) on Maksudangarh -Sironj section from km 42.510 to km 92.640 & White topping (inside sironj city around which bypass has been proposed in length of km 6.610) section of newly declared NH-752(B) in the state of Madhya Pradesh on EPC Mode under NH(o). रिहैबिलिटेशन & अपग्रेडेशन ऑफ़ 2 लेनस विथ पेवड शोल्डर्स ऑफ फिलेक्सिबल पेवमेंट (27.56 km) एंड रिजिड पेवमेंट(27.56 km) ऑन मकसूदनगढ़ - सिरोंज सेक्शन फ्रम कि.मी.42.510 टू 92.640 कि.मी. & व्हाइल टोंपिंग ( इनसाइड सिरोंज सिटी अराउंड विच बायपास हेज बिन प्रोपोज्ड इन लेनथ ऑफ कि.मी. 6.610) सेक्शन ऑफ न्यूलि डिक्लेयर्ड NH No.-752 (B) इन द स्टे ऑफ़ मध्य प्रदेश ऑन- इपीसी मोड अंडर NH (o).,https://bhoomirashi.gov.in/auth/revamp/prep_public.cshtml?nid=1&project_id=53603,278.032,204.684,73.348,0.176,0.7361886401565287
53603,2021-02-25,900,900,2021-08-03,3110,3110,159,0,deduped_nearest_subsequent_3D,False,True,MO/2018/53603,Rehabilitation & Up-gradation to 2 lanes with Paved Shoulders of Flexible Pavement (27.56 km) and Rigid Pavement (22.57 km) on Maksudangarh -Sironj section from km 42.510 to km 92.640 & White topping (inside sironj city around which bypass has been proposed in length of km 6.610) section of newly declared NH-752(B) in the state of Madhya Pradesh on EPC Mode under NH(o). रिहैबिलिटेशन & अपग्रेडेशन ऑफ़ 2 लेनस विथ पेवड शोल्डर्स ऑफ फिलेक्सिबल पेवमेंट (27.56 km) एंड रिजिड पेवमेंट(27.56 km) ऑन मकसूदनगढ़ - सिरोंज सेक्शन फ्रम कि.मी.42.510 टू 92.640 कि.मी. & व्हाइल टोंपिंग ( इनसाइड सिरोंज सिटी अराउंड विच बायपास हेज बिन प्रोपोज्ड इन लेनथ ऑफ कि.मी. 6.610) सेक्शन ऑफ न्यूलि डिक्लेयर्ड NH No.-752 (B) इन द स्टे ऑफ़ मध्य प्रदेश ऑन- इपीसी मोड अंडर NH (o).,https://bhoomirashi.gov.in/auth/revamp/prep_public.cshtml?nid=1&project_id=53603,278.032,204.684,73.348,0.176,0.7361886401565287
53603,2021-05-21,1942,1942,2021-12-30,5450,5450,223,0,deduped_nearest_subsequent_3D,False,True,MO/2018/53603,Rehabilitation & Up-gradation to 2 lanes with Paved Shoulders of Flexible Pavement (27.56 km) and Rigid Pavement (22.57 km) on Maksudangarh -Sironj section from km 42.510 to km 92.640 & White topping (inside sironj city around which bypass has been proposed in length of km 6.610) section of newly declared NH-752(B) in the state of Madhya Pradesh on EPC Mode under NH(o). रिहैबिलिटेशन & अपग्रेडेशन ऑफ़ 2 लेनस विथ पेवड शोल्डर्स ऑफ फिलेक्सिबल पेवमेंट (27.56 km) एंड रिजिड पेवमेंट(27.56 km) ऑन मकसूदनगढ़ - सिरोंज सेक्शन फ्रम कि.मी.42.510 टू 92.640 कि.मी. & व्हाइल टोंपिंग ( इनसाइड सिरोंज सिटी अराउंड विच बायपास हेज बिन प्रोपोज्ड इन लेनथ ऑफ कि.मी. 6.610) सेक्शन ऑफ न्यूलि डिक्लेयर्ड NH No.-752 (B) इन द स्टे ऑफ़ मध्य प्रदेश ऑन- इपीसी मोड अंडर NH (o).,https://bhoomirashi.gov.in/auth/revamp/prep_public.cshtml?nid=1&project_id=53603,278.032,204.684,73.348,0.176,0.7361886401565287
53603,2021-07-20,2888,2888,2022-05-30,2437,2437,314,0,deduped_nearest_subsequent_3D,False,True,MO/2018/53603,Rehabilitation & Up-gradation to 2 lanes with Paved Shoulders of Flexible Pavement (27.56 km) and Rigid Pavement (22.57 km) on Maksudangarh -Sironj section from km 42.510 to km 92.640 & White topping (inside sironj city around which bypass has been proposed in length of km 6.610) section of newly declared NH-752(B) in the state of Madhya Pradesh on EPC Mode under NH(o). रिहैबिलिटेशन & अपग्रेडेशन ऑफ़ 2 लेनस विथ पेवड शोल्डर्स ऑफ फिलेक्सिबल पेवमेंट (27.56 km) एंड रिजिड पेवमेंट(27.56 km) ऑन मकसूदनगढ़ - सिरोंज सेक्शन फ्रम कि.मी.42.510 टू 92.640 कि.मी. & व्हाइल टोंपिंग ( इनसाइड सिरोंज सिटी अराउंड विच बायपास हेज बिन प्रोपोज्ड इन लेनथ ऑफ कि.मी. 6.610) सेक्शन ऑफ न्यूलि डिक्लेयर्ड NH No.-752 (B) इन द स्टे ऑफ़ मध्य प्रदेश ऑन- इपीसी मोड अंडर NH (o).,https://bhoomirashi.gov.in/auth/revamp/prep_public.cshtml?nid=1&project_id=53603,278.032,204.684,73.348,0.176,0.7361886401565287
53603,2021-12-09,5110,5110,2023-03-22,S.O.1363(E),SO1363E,468,1,deduped_nearest_subsequent_3D,False,True,MO/2018/53603,Rehabilitation & Up-gradation to 2 lanes with Paved Shoulders of Flexible Pavement (27.56 km) and Rigid Pavement (22.57 km) on Maksudangarh -Sironj section from km 42.510 to km 92.640 & White topping (inside sironj city around which bypass has been proposed in length of km 6.610) section of newly declared NH-752(B) in the state of Madhya Pradesh on EPC Mode under NH(o). रिहैबिलिटेशन & अपग्रेडेशन ऑफ़ 2 लेनस विथ पेवड शोल्डर्स ऑफ फिलेक्सिबल पेवमेंट (27.56 km) एंड रिजिड पेवमेंट(27.56 km) ऑन मकसूदनगढ़ - सिरोंज सेक्शन फ्रम कि.मी.42.510 टू 92.640 कि.मी. & व्हाइल टोंपिंग ( इनसाइड सिरोंज सिटी अराउंड विच बायपास हेज बिन प्रोपोज्ड इन लेनथ ऑफ कि.मी. 6.610) सेक्शन ऑफ न्यूलि डिक्लेयर्ड NH No.-752 (B) इन द स्टे ऑफ़ मध्य प्रदेश ऑन- इपीसी मोड अंडर NH (o).,https://bhoomirashi.gov.in/auth/revamp/prep_public.cshtml?nid=1&project_id=53603,278.032,204.684,73.348,0.176,0.7361886401565287
53603,2022-11-23,S.O.5439(E),SO5439E,2025-06-30,2932,2932,950,1,deduped_nearest_subsequent_3D,False,True,MO/2018/53603,Rehabilitation & Up-gradation to 2 lanes with Paved Shoulders of Flexible Pavement (27.56 km) and Rigid Pavement (22.57 km) on Maksudangarh -Sironj section from km 42.510 to km 92.640 & White topping (inside sironj city around which bypass has been proposed in length of km 6.610) section of newly declared NH-752(B) in the state of Madhya Pradesh on EPC Mode under NH(o). रिहैबिलिटेशन & अपग्रेडेशन ऑफ़ 2 लेनस विथ पेवड शोल्डर्स ऑफ फिलेक्सिबल पेवमेंट (27.56 km) एंड रिजिड पेवमेंट(27.56 km) ऑन मकसूदनगढ़ - सिरोंज सेक्शन फ्रम कि.मी.42.510 टू 92.640 कि.मी. & व्हाइल टोंपिंग ( इनसाइड सिरोंज सिटी अराउंड विच बायपास हेज बिन प्रोपोज्ड इन लेनथ ऑफ कि.मी. 6.610) सेक्शन ऑफ न्यूलि डिक्लेयर्ड NH No.-752 (B) इन द स्टे ऑफ़ मध्य प्रदेश ऑन- इपीसी मोड अंडर NH (o).,https://bhoomirashi.gov.in/auth/revamp/prep_public.cshtml?nid=1&project_id=53603,278.032,204.684,73.348,0.176,0.7361886401565287
53603,2024-11-22,5039,5039,2025-11-26,5422(E),5422E,369,1,deduped_nearest_subsequent_3D,False,True,MO/2018/53603,Rehabilitation & Up-gradation to 2 lanes with Paved Shoulders of Flexible Pavement (27.56 km) and Rigid Pavement (22.57 km) on Maksudangarh -Sironj section from km 42.510 to km 92.640 & White topping (inside sironj city around which bypass has been proposed in length of km 6.610) section of newly declared NH-752(B) in the state of Madhya Pradesh on EPC Mode under NH(o). रिहैबिलिटेशन & अपग्रेडेशन ऑफ़ 2 लेनस विथ पेवड शोल्डर्स ऑफ फिलेक्सिबल पेवमेंट (27.56 km) एंड रिजिड पेवमेंट(27.56 km) ऑन मकसूदनगढ़ - सिरोंज सेक्शन फ्रम कि.मी.42.510 टू 92.640 कि.मी. & व्हाइल टोंपिंग ( इनसाइड सिरोंज सिटी अराउंड विच बायपास हेज बिन प्रोपोज्ड इन लेनथ ऑफ कि.मी. 6.610) सेक्शन ऑफ न्यूलि डिक्लेयर्ड NH No.-752 (B) इन द स्टे ऑफ़ मध्य प्रदेश ऑन- इपीसी मोड अंडर NH (o).,https://bhoomirashi.gov.in/auth/revamp/prep_public.cshtml?nid=1&project_id=53603,278.032,204.684,73.348,0.176,0.7361886401565287
53606,2018-06-22,3077,3077,2018-11-29,5932,5932,160,0,deduped_nearest_subsequent_3D,False,True,MO/2018/53606,Rehabilitation & Up-gradation of 2 lane flexible pavement to 2 lane with paved shoulders of rigid pavement in km 0+000 to 34+560 on Thikri to Anjad on NH-347B in the state of Madhya Pradesh on EPC mode under NH(O). रिहैबिलिटेशन & अपग्रेडेशन ऑफ़ 2 - लेन फ्लेकिसबल पेवमेंट टू लेन विथ पेव्ड शोल्डरस ऑफ रिजिड पेवमेंट इन कि.मी.0.000 टू 34.560 कि.मी. ऑन ठीकरी - अंजड़ ऑन NH-347-B इन द स्टे ऑफ़ मध्य प्रदेश ऑन- इपीसी मोड अंडर NH (o).,https://bhoomirashi.gov.in/auth/revamp/prep_public.cshtml?nid=1&project_id=53606,170.013,43.202,126.811,1.079,0.25410997982507216
53606,2018-06-22,3078,3078,2018-11-29,5932(E),5932E,160,0,deduped_nearest_subsequent_3D,False,True,MO/2018/53606,Rehabilitation & Up-gradation of 2 lane flexible pavement to 2 lane with paved shoulders of rigid pavement in km 0+000 to 34+560 on Thikri to Anjad on NH-347B in the state of Madhya Pradesh on EPC mode under NH(O). रिहैबिलिटेशन & अपग्रेडेशन ऑफ़ 2 - लेन फ्लेकिसबल पेवमेंट टू लेन विथ पेव्ड शोल्डरस ऑफ रिजिड पेवमेंट इन कि.मी.0.000 टू 34.560 कि.मी. ऑन ठीकरी - अंजड़ ऑन NH-347-B इन द स्टे ऑफ़ मध्य प्रदेश ऑन- इपीसी मोड अंडर NH (o).,https://bhoomirashi.gov.in/auth/revamp/prep_public.cshtml?nid=1&project_id=53606,170.013,43.202,126.811,1.079,0.25410997982507216
53606,2018-12-11,6192,6192,2019-01-31,620(E),620E,51,0,deduped_nearest_subsequent_3D,False,True,MO/2018/53606,Rehabilitation & Up-gradation of 2 lane flexible pavement to 2 lane with paved shoulders of rigid pavement in km 0+000 to 34+560 on Thikri to Anjad on NH-347B in the state of Madhya Pradesh on EPC mode under NH(O). रिहैबिलिटेशन & अपग्रेडेशन ऑफ़ 2 - लेन फ्लेकिसबल पेवमेंट टू लेन विथ पेव्ड शोल्डरस ऑफ रिजिड पेवमेंट इन कि.मी.0.000 टू 34.560 कि.मी. ऑन ठीकरी - अंजड़ ऑन NH-347-B इन द स्टे ऑफ़ मध्य प्रदेश ऑन- इपीसी मोड अंडर NH (o).,https://bhoomirashi.gov.in/auth/revamp/prep_public.cshtml?nid=1&project_id=53606,170.013,43.202,126.811,1.079,0.25410997982507216
53606,2019-02-07,768,768,2020-01-28,465,465,355,0,deduped_nearest_subsequent_3D,False,True,MO/2018/53606,Rehabilitation & Up-gradation of 2 lane flexible pavement to 2 lane with paved shoulders of rigid pavement in km 0+000 to 34+560 on Thikri to Anjad on NH-347B in the state of Madhya Pradesh on EPC mode under NH(O). रिहैबिलिटेशन & अपग्रेडेशन ऑफ़ 2 - लेन फ्लेकिसबल पेवमेंट टू लेन विथ पेव्ड शोल्डरस ऑफ रिजिड पेवमेंट इन कि.मी.0.000 टू 34.560 कि.मी. ऑन ठीकरी - अंजड़ ऑन NH-347-B इन द स्टे ऑफ़ मध्य प्रदेश ऑन- इपीसी मोड अंडर NH (o).,https://bhoomirashi.gov.in/auth/revamp/prep_public.cshtml?nid=1&project_id=53606,170.013,43.202,126.811,1.079,0.25410997982507216
53606,2022-11-02,S.O.5092(E),SO5092E,2023-03-21,S.O.1328(E),SO1328E,139,0,deduped_nearest_subsequent_3D,False,True,MO/2018/53606,Rehabilitation & Up-gradation of 2 lane flexible pavement to 2 lane with paved shoulders of rigid pavement in km 0+000 to 34+560 on Thikri to Anjad on NH-347B in the state of Madhya Pradesh on EPC mode under NH(O). रिहैबिलिटेशन & अपग्रेडेशन ऑफ़ 2 - लेन फ्लेकिसबल पेवमेंट टू लेन विथ पेव्ड शोल्डरस ऑफ रिजिड पेवमेंट इन कि.मी.0.000 टू 34.560 कि.मी. ऑन ठीकरी - अंजड़ ऑन NH-347-B इन द स्टे ऑफ़ मध्य प्रदेश ऑन- इपीसी मोड अंडर NH (o).,https://bhoomirashi.gov.in/auth/revamp/prep_public.cshtml?nid=1&project_id=53606,170.013,43.202,126.811,1.079,0.25410997982507216
53606,2022-11-07,S.O.5184(E),SO5184E,2023-03-22,S.O.1365(E),SO1365E,135,0,deduped_nearest_subsequent_3D,False,True,MO/2018/53606,Rehabilitation & Up-gradation of 2 lane flexible pavement to 2 lane with paved shoulders of rigid pavement in km 0+000 to 34+560 on Thikri to Anjad on NH-347B in the state of Madhya Pradesh on EPC mode under NH(O). रिहैबिलिटेशन & अपग्रेडेशन ऑफ़ 2 - लेन फ्लेकिसबल पेवमेंट टू लेन विथ पेव्ड शोल्डरस ऑफ रिजिड पेवमेंट इन कि.मी.0.000 टू 34.560 कि.मी. ऑन ठीकरी - अंजड़ ऑन NH-347-B इन द स्टे ऑफ़ मध्य प्रदेश ऑन- इपीसी मोड अंडर NH (o).,https://bhoomirashi.gov.in/auth/revamp/prep_public.cshtml?nid=1&project_id=53606,170.013,43.202,126.811,1.079,0.25410997982507216
53606,2023-03-21,S.O.1343(E),SO1343E,2023-07-04,2924(E),2924E,105,0,deduped_nearest_subsequent_3D,False,True,MO/2018/53606,Rehabilitation & Up-gradation of 2 lane flexible pavement to 2 lane with paved shoulders of rigid pavement in km 0+000 to 34+560 on Thikri to Anjad on NH-347B in the state of Madhya Pradesh on EPC mode under NH(O). रिहैबिलिटेशन & अपग्रेडेशन ऑफ़ 2 - लेन फ्लेकिसबल पेवमेंट टू लेन विथ पेव्ड शोल्डरस ऑफ रिजिड पेवमेंट इन कि.मी.0.000 टू 34.560 कि.मी. ऑन ठीकरी - अंजड़ ऑन NH-347-B इन द स्टे ऑफ़ मध्य प्रदेश ऑन- इपीसी मोड अंडर NH (o).,https://bhoomirashi.gov.in/auth/revamp/prep_public.cshtml?nid=1&project_id=53606,170.013,43.202,126.811,1.079,0.25410997982507216
53606,2023-03-28,S.O.1472(E),SO1472E,2025-05-01,1961,1961,765,1,deduped_nearest_subsequent_3D,False,True,MO/2018/53606,Rehabilitation & Up-gradation of 2 lane flexible pavement to 2 lane with paved shoulders of rigid pavement in km 0+000 to 34+560 on Thikri to Anjad on NH-347B in the state of Madhya Pradesh on EPC mode under NH(O). रिहैबिलिटेशन & अपग्रेडेशन ऑफ़ 2 - लेन फ्लेकिसबल पेवमेंट टू लेन विथ पेव्ड शोल्डरस ऑफ रिजिड पेवमेंट इन कि.मी.0.000 टू 34.560 कि.मी. ऑन ठीकरी - अंजड़ ऑन NH-347-B इन द स्टे ऑफ़ मध्य प्रदेश ऑन- इपीसी मोड अंडर NH (o).,https://bhoomirashi.gov.in/auth/revamp/prep_public.cshtml?nid=1&project_id=53606,170.013,43.202,126.811,1.079,0.25410997982507216
53624,2018-01-05,140,140,2018-05-14,S.O. 1914 (E),SO1914E,129,0,deduped_nearest_subsequent_3D,False,True,MO/2018/53624,Widening existing two lane to two lane with paved shoulder from Km 91/100 to Km 125/400 of NH-220 (Saharapada to Dhenkikote excluding Patna bypass) in the state of Odisha. विडेनिंग एक्सिस्टिंग तवो लेन तो तवो लेन ववित पवेद शोल्डर फ्रॉम कम 91/१०० तो कम 125/४०० ऑफ़ NH-२२० (सहरापड़ा तो ढंकीकोटे एक्सक्लूडिंग पटना bypass) इन थे थे स्टेट ऑफ़ Odisha.,https://bhoomirashi.gov.in/auth/revamp/prep_public.cshtml?nid=1&project_id=53624,1.8,0.0,1.8,0.0,0.0
54635,2017-09-18,2685,2685,2018-09-28,S.O. 5048 (E),SO5048E,375,1,deduped_nearest_subsequent_3D,False,True,MO/2018/54635,Widening the existing lane to two lane paved shoulder from km 239.900 to 294.300 (Nayagarh to Khordha) on NH-57 in the state of Odisha विडेनिंग थे एक्सिस्टिंग लेन तो तवो लेन पवेद शोल्डर फ्रॉम कम 239.९०० तो 294.३०० (नयागढ़ तो Khordha) ों NH-५७ इन थे स्टेट ऑफ़ ओडिशा,https://bhoomirashi.gov.in/auth/revamp/prep_public.cshtml?nid=1&project_id=54635,22.0,0.0,22.0,0.529,0.0
54635,2017-11-17,3173,3173,2018-11-15,S.O. 5781 (E),SO5781E,363,0,deduped_nearest_subsequent_3D,False,True,MO/2018/54635,Widening the existing lane to two lane paved shoulder from km 239.900 to 294.300 (Nayagarh to Khordha) on NH-57 in the state of Odisha विडेनिंग थे एक्सिस्टिंग लेन तो तवो लेन पवेद शोल्डर फ्रॉम कम 239.९०० तो 294.३०० (नयागढ़ तो Khordha) ों NH-५७ इन थे स्टेट ऑफ़ ओडिशा,https://bhoomirashi.gov.in/auth/revamp/prep_public.cshtml?nid=1&project_id=54635,22.0,0.0,22.0,0.529,0.0
54635,2021-11-15,4732(E),4732E,2022-03-24,1306(E),1306E,129,0,deduped_nearest_subsequent_3D,False,True,MO/2018/54635,Widening the existing lane to two lane paved shoulder from km 239.900 to 294.300 (Nayagarh to Khordha) on NH-57 in the state of Odisha विडेनिंग थे एक्सिस्टिंग लेन तो तवो लेन पवेद शोल्डर फ्रॉम कम 239.९०० तो 294.३०० (नयागढ़ तो Khordha) ों NH-५७ इन थे स्टेट ऑफ़ ओडिशा,https://bhoomirashi.gov.in/auth/revamp/prep_public.cshtml?nid=1&project_id=54635,22.0,0.0,22.0,0.529,0.0
54637,2019-06-21,2019,2019,2020-06-22,S.O. 1988E,SO1988E,367,1,deduped_nearest_subsequent_3D,False,True,MO/2018/54637,Construction of BY-Pass near Khorda Town on NH-57 in the state of Odisha कंस्ट्रक्शन ऊफ BY-पास नियर खोर्दा टाउन ों NH-५७ इन थे स्टेट ऑफ़,https://bhoomirashi.gov.in/auth/revamp/prep_public.cshtml?nid=1&project_id=54637,32.0,0.0,32.0,0.1622,0.0
54637,2019-06-21,S.O.2019E,SO2019E,2022-03-24,1307(E),1307E,1007,1,deduped_nearest_subsequent_3D,False,True,MO/2018/54637,Construction of BY-Pass near Khorda Town on NH-57 in the state of Odisha कंस्ट्रक्शन ऊफ BY-पास नियर खोर्दा टाउन ों NH-५७ इन थे स्टेट ऑफ़,https://bhoomirashi.gov.in/auth/revamp/prep_public.cshtml?nid=1&project_id=54637,32.0,0.0,32.0,0.1622,0.0
54637,2021-11-11,4668(E),4668E,2023-12-01,5137(E),5137E,750,1,deduped_nearest_subsequent_3D,False,True,MO/2018/54637,Construction of BY-Pass near Khorda Town on NH-57 in the state of Odisha कंस्ट्रक्शन ऊफ BY-पास नियर खोर्दा टाउन ों NH-५७ इन थे स्टेट ऑफ़,https://bhoomirashi.gov.in/auth/revamp/prep_public.cshtml?nid=1&project_id=54637,32.0,0.0,32.0,0.1622,0.0
54637,2026-02-12,755(E),755E,2026-09-24,4663(E),4663E,224,0,deduped_nearest_subsequent_3D,False,True,MO/2018/54637,Construction of BY-Pass near Khorda Town on NH-57 in the state of Odisha कंस्ट्रक्शन ऊफ BY-पास नियर खोर्दा टाउन ों NH-५७ इन थे स्टेट ऑफ़,https://bhoomirashi.gov.in/auth/revamp/prep_public.cshtml?nid=1&project_id=54637,32.0,0.0,32.0,0.1622,0.0
54638,2018-12-29,6381E,6381E,2019-08-06,S.O.2812E,SO2812E,220,0,deduped_nearest_subsequent_3D,False,True,MO/2018/54638,Improvement to two lane with paved shoulder from Km 224/900 to 231/900 of NH-57 (Maicheli to Semilisahi) in the state of Odisha इम्प्रूवमेंट तो तवो लाने विथ पवेद शोल्डर फ्रॉम कम 224/९०० तो 231/९०० ऑफ़ NH-५७ (मिचली तो Semilisahi) इन थे स्टेट ऑफ़ ओडिशा,https://bhoomirashi.gov.in/auth/revamp/prep_public.cshtml?nid=1&project_id=54638,4.3,0.0,4.3,0.0,0.0
54641,2019-01-11,284,284,2019-06-27,2208,2208,167,0,deduped_nearest_subsequent_3D,False,True,MO/2018/54641,"Name of Project:- Rehabilitation and Upgradation of two lanes with paved shoulder from Moga (Design Ch 0+000) to Makhu (Design Ch 33+611) & Harike (Design Ch 44+680) to Khalra (Design Ch 86+236) including construction of ROB at 81-S/2-E at km 32.240 and ROB at LC No: B-53/E-2 at km 59.007 (Project Length=75.167 kms) of NH-703- B in the state of Punjab on EPC Mode मोगा से मखु एवं हरिके से खालड़ा राष्ट्रीय राजमार्ग (703B), पंजाब का पुर्नवास एवं उनयन",https://bhoomirashi.gov.in/auth/revamp/prep_public.cshtml?nid=1&project_id=54641,139.93,138.8,1.13,0.1817282,0.9919245336954192
54641,2019-01-24,411,411,2019-08-06,2832,2832,194,0,deduped_nearest_subsequent_3D,False,True,MO/2018/54641,"Name of Project:- Rehabilitation and Upgradation of two lanes with paved shoulder from Moga (Design Ch 0+000) to Makhu (Design Ch 33+611) & Harike (Design Ch 44+680) to Khalra (Design Ch 86+236) including construction of ROB at 81-S/2-E at km 32.240 and ROB at LC No: B-53/E-2 at km 59.007 (Project Length=75.167 kms) of NH-703- B in the state of Punjab on EPC Mode मोगा से मखु एवं हरिके से खालड़ा राष्ट्रीय राजमार्ग (703B), पंजाब का पुर्नवास एवं उनयन",https://bhoomirashi.gov.in/auth/revamp/prep_public.cshtml?nid=1&project_id=54641,139.93,138.8,1.13,0.1817282,0.9919245336954192
54641,2019-01-24,412,412,2019-08-09,2905,2905,197,0,deduped_nearest_subsequent_3D,False,True,MO/2018/54641,"Name of Project:- Rehabilitation and Upgradation of two lanes with paved shoulder from Moga (Design Ch 0+000) to Makhu (Design Ch 33+611) & Harike (Design Ch 44+680) to Khalra (Design Ch 86+236) including construction of ROB at 81-S/2-E at km 32.240 and ROB at LC No: B-53/E-2 at km 59.007 (Project Length=75.167 kms) of NH-703- B in the state of Punjab on EPC Mode मोगा से मखु एवं हरिके से खालड़ा राष्ट्रीय राजमार्ग (703B), पंजाब का पुर्नवास एवं उनयन",https://bhoomirashi.gov.in/auth/revamp/prep_public.cshtml?nid=1&project_id=54641,139.93,138.8,1.13,0.1817282,0.9919245336954192
54655,2020-05-29,S.O.1687(E),SO1687E,2021-05-24,S.O.1986(E),SO1986E,360,0,deduped_nearest_subsequent_3D,False,True,MO/2018/54655,consultancy servces for project manangement Phase - 1 including prepration of detailed project report for upgradation to Two / Four lane with paved shoulder under corridor scheme on EPC basis of NH / CE / PWD / 12 & 13 Ambikapur - Ramanujgang Road & Keonchi Kabir Chabutra road of tentative lenght 125.00 Km in the state of Chhattisgarh कंसल्टेंसी सेर्वेस फॉर प्रोजेक्ट मननगमेंट फेज - १ इन्क्लूडिंग प्रेपरेशन ऑफ़ डिटेल्ड प्रोजेक्ट रिपोर्ट फॉर उपग्रडेशन तो तवो / फोर लेन विथ पवेद शोल्डर अंडर कॉरिडोर स्कीम ों एप्स बेसिस ऑफ़ नह / के / पव्ड / १२ & १३ अंबिकापुर - रामानुजगंज रोड & कोंची कबीर चबूतरा रोड ऑफ़ टेंटेटिव लंघत 125.०० कम इन थे स्टेट ऑफ़,https://bhoomirashi.gov.in/auth/revamp/prep_public.cshtml?nid=1&project_id=54655,411.0,130.0,281.0,0.558,0.31630170316301703
54655,2020-05-29,S.O.1689(E),SO1689E,2021-05-24,S.O.1987(E),SO1987E,360,0,deduped_nearest_subsequent_3D,False,True,MO/2018/54655,consultancy servces for project manangement Phase - 1 including prepration of detailed project report for upgradation to Two / Four lane with paved shoulder under corridor scheme on EPC basis of NH / CE / PWD / 12 & 13 Ambikapur - Ramanujgang Road & Keonchi Kabir Chabutra road of tentative lenght 125.00 Km in the state of Chhattisgarh कंसल्टेंसी सेर्वेस फॉर प्रोजेक्ट मननगमेंट फेज - १ इन्क्लूडिंग प्रेपरेशन ऑफ़ डिटेल्ड प्रोजेक्ट रिपोर्ट फॉर उपग्रडेशन तो तवो / फोर लेन विथ पवेद शोल्डर अंडर कॉरिडोर स्कीम ों एप्स बेसिस ऑफ़ नह / के / पव्ड / १२ & १३ अंबिकापुर - रामानुजगंज रोड & कोंची कबीर चबूतरा रोड ऑफ़ टेंटेटिव लंघत 125.०० कम इन थे स्टेट ऑफ़,https://bhoomirashi.gov.in/auth/revamp/prep_public.cshtml?nid=1&project_id=54655,411.0,130.0,281.0,0.558,0.31630170316301703
54655,2020-05-29,S.O.1690(E),SO1690E,2021-06-03,S.O.2144(E),SO2144E,370,1,deduped_nearest_subsequent_3D,False,True,MO/2018/54655,consultancy servces for project manangement Phase - 1 including prepration of detailed project report for upgradation to Two / Four lane with paved shoulder under corridor scheme on EPC basis of NH / CE / PWD / 12 & 13 Ambikapur - Ramanujgang Road & Keonchi Kabir Chabutra road of tentative lenght 125.00 Km in the state of Chhattisgarh कंसल्टेंसी सेर्वेस फॉर प्रोजेक्ट मननगमेंट फेज - १ इन्क्लूडिंग प्रेपरेशन ऑफ़ डिटेल्ड प्रोजेक्ट रिपोर्ट फॉर उपग्रडेशन तो तवो / फोर लेन विथ पवेद शोल्डर अंडर कॉरिडोर स्कीम ों एप्स बेसिस ऑफ़ नह / के / पव्ड / १२ & १३ अंबिकापुर - रामानुजगंज रोड & कोंची कबीर चबूतरा रोड ऑफ़ टेंटेटिव लंघत 125.०० कम इन थे स्टेट ऑफ़,https://bhoomirashi.gov.in/auth/revamp/prep_public.cshtml?nid=1&project_id=54655,411.0,130.0,281.0,0.558,0.31630170316301703
54655,2020-06-10,S.O.1832(E),SO1832E,2022-04-11,1741(E),1741E,670,1,deduped_nearest_subsequent_3D,False,True,MO/2018/54655,consultancy servces for project manangement Phase - 1 including prepration of detailed project report for upgradation to Two / Four lane with paved shoulder under corridor scheme on EPC basis of NH / CE / PWD / 12 & 13 Ambikapur - Ramanujgang Road & Keonchi Kabir Chabutra road of tentative lenght 125.00 Km in the state of Chhattisgarh कंसल्टेंसी सेर्वेस फॉर प्रोजेक्ट मननगमेंट फेज - १ इन्क्लूडिंग प्रेपरेशन ऑफ़ डिटेल्ड प्रोजेक्ट रिपोर्ट फॉर उपग्रडेशन तो तवो / फोर लेन विथ पवेद शोल्डर अंडर कॉरिडोर स्कीम ों एप्स बेसिस ऑफ़ नह / के / पव्ड / १२ & १३ अंबिकापुर - रामानुजगंज रोड & कोंची कबीर चबूतरा रोड ऑफ़ टेंटेटिव लंघत 125.०० कम इन थे स्टेट ऑफ़,https://bhoomirashi.gov.in/auth/revamp/prep_public.cshtml?nid=1&project_id=54655,411.0,130.0,281.0,0.558,0.31630170316301703
54655,2021-08-18,S.O.3382(E),SO3382E,2022-06-23,2832(E),2832E,309,0,deduped_nearest_subsequent_3D,False,True,MO/2018/54655,consultancy servces for project manangement Phase - 1 including prepration of detailed project report for upgradation to Two / Four lane with paved shoulder under corridor scheme on EPC basis of NH / CE / PWD / 12 & 13 Ambikapur - Ramanujgang Road & Keonchi Kabir Chabutra road of tentative lenght 125.00 Km in the state of Chhattisgarh कंसल्टेंसी सेर्वेस फॉर प्रोजेक्ट मननगमेंट फेज - १ इन्क्लूडिंग प्रेपरेशन ऑफ़ डिटेल्ड प्रोजेक्ट रिपोर्ट फॉर उपग्रडेशन तो तवो / फोर लेन विथ पवेद शोल्डर अंडर कॉरिडोर स्कीम ों एप्स बेसिस ऑफ़ नह / के / पव्ड / १२ & १३ अंबिकापुर - रामानुजगंज रोड & कोंची कबीर चबूतरा रोड ऑफ़ टेंटेटिव लंघत 125.०० कम इन थे स्टेट ऑफ़,https://bhoomirashi.gov.in/auth/revamp/prep_public.cshtml?nid=1&project_id=54655,411.0,130.0,281.0,0.558,0.31630170316301703
54655,2021-10-22,S.O.4422(E),SO4422E,2022-12-01,5576(E),5576E,405,1,deduped_nearest_subsequent_3D,False,True,MO/2018/54655,consultancy servces for project manangement Phase - 1 including prepration of detailed project report for upgradation to Two / Four lane with paved shoulder under corridor scheme on EPC basis of NH / CE / PWD / 12 & 13 Ambikapur - Ramanujgang Road & Keonchi Kabir Chabutra road of tentative lenght 125.00 Km in the state of Chhattisgarh कंसल्टेंसी सेर्वेस फॉर प्रोजेक्ट मननगमेंट फेज - १ इन्क्लूडिंग प्रेपरेशन ऑफ़ डिटेल्ड प्रोजेक्ट रिपोर्ट फॉर उपग्रडेशन तो तवो / फोर लेन विथ पवेद शोल्डर अंडर कॉरिडोर स्कीम ों एप्स बेसिस ऑफ़ नह / के / पव्ड / १२ & १३ अंबिकापुर - रामानुजगंज रोड & कोंची कबीर चबूतरा रोड ऑफ़ टेंटेटिव लंघत 125.०० कम इन थे स्टेट ऑफ़,https://bhoomirashi.gov.in/auth/revamp/prep_public.cshtml?nid=1&project_id=54655,411.0,130.0,281.0,0.558,0.31630170316301703
54655,2021-12-30,S.O.5466(E),SO5466E,2022-12-01,5638(E),5638E,336,0,deduped_nearest_subsequent_3D,False,True,MO/2018/54655,consultancy servces for project manangement Phase - 1 including prepration of detailed project report for upgradation to Two / Four lane with paved shoulder under corridor scheme on EPC basis of NH / CE / PWD / 12 & 13 Ambikapur - Ramanujgang Road & Keonchi Kabir Chabutra road of tentative lenght 125.00 Km in the state of Chhattisgarh कंसल्टेंसी सेर्वेस फॉर प्रोजेक्ट मननगमेंट फेज - १ इन्क्लूडिंग प्रेपरेशन ऑफ़ डिटेल्ड प्रोजेक्ट रिपोर्ट फॉर उपग्रडेशन तो तवो / फोर लेन विथ पवेद शोल्डर अंडर कॉरिडोर स्कीम ों एप्स बेसिस ऑफ़ नह / के / पव्ड / १२ & १३ अंबिकापुर - रामानुजगंज रोड & कोंची कबीर चबूतरा रोड ऑफ़ टेंटेटिव लंघत 125.०० कम इन थे स्टेट ऑफ़,https://bhoomirashi.gov.in/auth/revamp/prep_public.cshtml?nid=1&project_id=54655,411.0,130.0,281.0,0.558,0.31630170316301703
54655,2021-12-30,S.O.5467(E),SO5467E,2022-12-01,5639(E),5639E,336,0,deduped_nearest_subsequent_3D,False,True,MO/2018/54655,consultancy servces for project manangement Phase - 1 including prepration of detailed project report for upgradation to Two / Four lane with paved shoulder under corridor scheme on EPC basis of NH / CE / PWD / 12 & 13 Ambikapur - Ramanujgang Road & Keonchi Kabir Chabutra road of tentative lenght 125.00 Km in the state of Chhattisgarh कंसल्टेंसी सेर्वेस फॉर प्रोजेक्ट मननगमेंट फेज - १ इन्क्लूडिंग प्रेपरेशन ऑफ़ डिटेल्ड प्रोजेक्ट रिपोर्ट फॉर उपग्रडेशन तो तवो / फोर लेन विथ पवेद शोल्डर अंडर कॉरिडोर स्कीम ों एप्स बेसिस ऑफ़ नह / के / पव्ड / १२ & १३ अंबिकापुर - रामानुजगंज रोड & कोंची कबीर चबूतरा रोड ऑफ़ टेंटेटिव लंघत 125.०० कम इन थे स्टेट ऑफ़,https://bhoomirashi.gov.in/auth/revamp/prep_public.cshtml?nid=1&project_id=54655,411.0,130.0,281.0,0.558,0.31630170316301703
54661,2018-09-28,5022,5022,2019-03-06,1164(E),1164E,159,0,deduped_nearest_subsequent_3D,False,True,MO/2018/54661,Detailed Project Report (DPR)/ Feasibility study for 4 Package (2 New declared NH & 2 In Principle NH) in the state of Madhya Pradesh during 2016-17 (Sanctioned issued under Ministrys letter no. RW/NH-12037/06/2016/MP/P-5 dated 30.03.2017 )- regarding revised technical approval. Package-3 डिटेल्ड प्रोजेक्ट रिपोर्ट डीपीआर/फिजिबिलिटी फिजिबिलिटी स्टडी फॉर 4 पैकेज ( न्यू डिक्लेयरड एन .एच. ) इन द स्टेट ऑफ मध्यप्रदेश ड्यूरिंग 2016-17 (सेंक्शन इसूड अंडर मिनिस्ट्री लेटर नं. RW/NH- 12037/06/2016/Misc/MP/P-5 dated 30.03.2017)- रिगार्डिंग रिवाइज्ड टेक्निकल एप्रूवल. (पैकेज-3 ),https://bhoomirashi.gov.in/auth/revamp/prep_public.cshtml?nid=1&project_id=54661,1900.96,506.407,1294.553,2.185,0.2663954002188368
54661,2018-09-28,5023,5023,2019-03-08,1267(E),1267E,161,0,deduped_nearest_subsequent_3D,False,True,MO/2018/54661,Detailed Project Report (DPR)/ Feasibility study for 4 Package (2 New declared NH & 2 In Principle NH) in the state of Madhya Pradesh during 2016-17 (Sanctioned issued under Ministrys letter no. RW/NH-12037/06/2016/MP/P-5 dated 30.03.2017 )- regarding revised technical approval. Package-3 डिटेल्ड प्रोजेक्ट रिपोर्ट डीपीआर/फिजिबिलिटी फिजिबिलिटी स्टडी फॉर 4 पैकेज ( न्यू डिक्लेयरड एन .एच. ) इन द स्टेट ऑफ मध्यप्रदेश ड्यूरिंग 2016-17 (सेंक्शन इसूड अंडर मिनिस्ट्री लेटर नं. RW/NH- 12037/06/2016/Misc/MP/P-5 dated 30.03.2017)- रिगार्डिंग रिवाइज्ड टेक्निकल एप्रूवल. (पैकेज-3 ),https://bhoomirashi.gov.in/auth/revamp/prep_public.cshtml?nid=1&project_id=54661,1900.96,506.407,1294.553,2.185,0.2663954002188368
54661,2018-10-11,5294,5294,2019-06-17,2213,2213,249,0,deduped_nearest_subsequent_3D,False,True,MO/2018/54661,Detailed Project Report (DPR)/ Feasibility study for 4 Package (2 New declared NH & 2 In Principle NH) in the state of Madhya Pradesh during 2016-17 (Sanctioned issued under Ministrys letter no. RW/NH-12037/06/2016/MP/P-5 dated 30.03.2017 )- regarding revised technical approval. Package-3 डिटेल्ड प्रोजेक्ट रिपोर्ट डीपीआर/फिजिबिलिटी फिजिबिलिटी स्टडी फॉर 4 पैकेज ( न्यू डिक्लेयरड एन .एच. ) इन द स्टेट ऑफ मध्यप्रदेश ड्यूरिंग 2016-17 (सेंक्शन इसूड अंडर मिनिस्ट्री लेटर नं. RW/NH- 12037/06/2016/Misc/MP/P-5 dated 30.03.2017)- रिगार्डिंग रिवाइज्ड टेक्निकल एप्रूवल. (पैकेज-3 ),https://bhoomirashi.gov.in/auth/revamp/prep_public.cshtml?nid=1&project_id=54661,1900.96,506.407,1294.553,2.185,0.2663954002188368
54661,2018-10-11,5460,5460,2019-06-27,2213,2213,259,0,deduped_nearest_subsequent_3D,False,True,MO/2018/54661,Detailed Project Report (DPR)/ Feasibility study for 4 Package (2 New declared NH & 2 In Principle NH) in the state of Madhya Pradesh during 2016-17 (Sanctioned issued under Ministrys letter no. RW/NH-12037/06/2016/MP/P-5 dated 30.03.2017 )- regarding revised technical approval. Package-3 डिटेल्ड प्रोजेक्ट रिपोर्ट डीपीआर/फिजिबिलिटी फिजिबिलिटी स्टडी फॉर 4 पैकेज ( न्यू डिक्लेयरड एन .एच. ) इन द स्टेट ऑफ मध्यप्रदेश ड्यूरिंग 2016-17 (सेंक्शन इसूड अंडर मिनिस्ट्री लेटर नं. RW/NH- 12037/06/2016/Misc/MP/P-5 dated 30.03.2017)- रिगार्डिंग रिवाइज्ड टेक्निकल एप्रूवल. (पैकेज-3 ),https://bhoomirashi.gov.in/auth/revamp/prep_public.cshtml?nid=1&project_id=54661,1900.96,506.407,1294.553,2.185,0.2663954002188368
54661,2019-01-24,408,408,2019-07-18,2589,2589,175,0,deduped_nearest_subsequent_3D,False,True,MO/2018/54661,Detailed Project Report (DPR)/ Feasibility study for 4 Package (2 New declared NH & 2 In Principle NH) in the state of Madhya Pradesh during 2016-17 (Sanctioned issued under Ministrys letter no. RW/NH-12037/06/2016/MP/P-5 dated 30.03.2017 )- regarding revised technical approval. Package-3 डिटेल्ड प्रोजेक्ट रिपोर्ट डीपीआर/फिजिबिलिटी फिजिबिलिटी स्टडी फॉर 4 पैकेज ( न्यू डिक्लेयरड एन .एच. ) इन द स्टेट ऑफ मध्यप्रदेश ड्यूरिंग 2016-17 (सेंक्शन इसूड अंडर मिनिस्ट्री लेटर नं. RW/NH- 12037/06/2016/Misc/MP/P-5 dated 30.03.2017)- रिगार्डिंग रिवाइज्ड टेक्निकल एप्रूवल. (पैकेज-3 ),https://bhoomirashi.gov.in/auth/revamp/prep_public.cshtml?nid=1&project_id=54661,1900.96,506.407,1294.553,2.185,0.2663954002188368
54661,2019-01-24,413,413,2019-08-09,2907,2907,197,0,deduped_nearest_subsequent_3D,False,True,MO/2018/54661,Detailed Project Report (DPR)/ Feasibility study for 4 Package (2 New declared NH & 2 In Principle NH) in the state of Madhya Pradesh during 2016-17 (Sanctioned issued under Ministrys letter no. RW/NH-12037/06/2016/MP/P-5 dated 30.03.2017 )- regarding revised technical approval. Package-3 डिटेल्ड प्रोजेक्ट रिपोर्ट डीपीआर/फिजिबिलिटी फिजिबिलिटी स्टडी फॉर 4 पैकेज ( न्यू डिक्लेयरड एन .एच. ) इन द स्टेट ऑफ मध्यप्रदेश ड्यूरिंग 2016-17 (सेंक्शन इसूड अंडर मिनिस्ट्री लेटर नं. RW/NH- 12037/06/2016/Misc/MP/P-5 dated 30.03.2017)- रिगार्डिंग रिवाइज्ड टेक्निकल एप्रूवल. (पैकेज-3 ),https://bhoomirashi.gov.in/auth/revamp/prep_public.cshtml?nid=1&project_id=54661,1900.96,506.407,1294.553,2.185,0.2663954002188368
54661,2019-01-24,431,431,2019-08-20,3011,3011,208,0,deduped_nearest_subsequent_3D,False,True,MO/2018/54661,Detailed Project Report (DPR)/ Feasibility study for 4 Package (2 New declared NH & 2 In Principle NH) in the state of Madhya Pradesh during 2016-17 (Sanctioned issued under Ministrys letter no. RW/NH-12037/06/2016/MP/P-5 dated 30.03.2017 )- regarding revised technical approval. Package-3 डिटेल्ड प्रोजेक्ट रिपोर्ट डीपीआर/फिजिबिलिटी फिजिबिलिटी स्टडी फॉर 4 पैकेज ( न्यू डिक्लेयरड एन .एच. ) इन द स्टेट ऑफ मध्यप्रदेश ड्यूरिंग 2016-17 (सेंक्शन इसूड अंडर मिनिस्ट्री लेटर नं. RW/NH- 12037/06/2016/Misc/MP/P-5 dated 30.03.2017)- रिगार्डिंग रिवाइज्ड टेक्निकल एप्रूवल. (पैकेज-3 ),https://bhoomirashi.gov.in/auth/revamp/prep_public.cshtml?nid=1&project_id=54661,1900.96,506.407,1294.553,2.185,0.2663954002188368
54661,2019-01-24,440,440,2019-08-27,3091,3091,215,0,deduped_nearest_subsequent_3D,False,True,MO/2018/54661,Detailed Project Report (DPR)/ Feasibility study for 4 Package (2 New declared NH & 2 In Principle NH) in the state of Madhya Pradesh during 2016-17 (Sanctioned issued under Ministrys letter no. RW/NH-12037/06/2016/MP/P-5 dated 30.03.2017 )- regarding revised technical approval. Package-3 डिटेल्ड प्रोजेक्ट रिपोर्ट डीपीआर/फिजिबिलिटी फिजिबिलिटी स्टडी फॉर 4 पैकेज ( न्यू डिक्लेयरड एन .एच. ) इन द स्टेट ऑफ मध्यप्रदेश ड्यूरिंग 2016-17 (सेंक्शन इसूड अंडर मिनिस्ट्री लेटर नं. RW/NH- 12037/06/2016/Misc/MP/P-5 dated 30.03.2017)- रिगार्डिंग रिवाइज्ड टेक्निकल एप्रूवल. (पैकेज-3 ),https://bhoomirashi.gov.in/auth/revamp/prep_public.cshtml?nid=1&project_id=54661,1900.96,506.407,1294.553,2.185,0.2663954002188368
54661,2019-02-21,992,992,2019-10-30,2584,2584,251,0,deduped_nearest_subsequent_3D,False,True,MO/2018/54661,Detailed Project Report (DPR)/ Feasibility study for 4 Package (2 New declared NH & 2 In Principle NH) in the state of Madhya Pradesh during 2016-17 (Sanctioned issued under Ministrys letter no. RW/NH-12037/06/2016/MP/P-5 dated 30.03.2017 )- regarding revised technical approval. Package-3 डिटेल्ड प्रोजेक्ट रिपोर्ट डीपीआर/फिजिबिलिटी फिजिबिलिटी स्टडी फॉर 4 पैकेज ( न्यू डिक्लेयरड एन .एच. ) इन द स्टेट ऑफ मध्यप्रदेश ड्यूरिंग 2016-17 (सेंक्शन इसूड अंडर मिनिस्ट्री लेटर नं. RW/NH- 12037/06/2016/Misc/MP/P-5 dated 30.03.2017)- रिगार्डिंग रिवाइज्ड टेक्निकल एप्रूवल. (पैकेज-3 ),https://bhoomirashi.gov.in/auth/revamp/prep_public.cshtml?nid=1&project_id=54661,1900.96,506.407,1294.553,2.185,0.2663954002188368
54661,2019-07-18,2584,2584,2019-11-20,4196,4196,125,0,deduped_nearest_subsequent_3D,False,True,MO/2018/54661,Detailed Project Report (DPR)/ Feasibility study for 4 Package (2 New declared NH & 2 In Principle NH) in the state of Madhya Pradesh during 2016-17 (Sanctioned issued under Ministrys letter no. RW/NH-12037/06/2016/MP/P-5 dated 30.03.2017 )- regarding revised technical approval. Package-3 डिटेल्ड प्रोजेक्ट रिपोर्ट डीपीआर/फिजिबिलिटी फिजिबिलिटी स्टडी फॉर 4 पैकेज ( न्यू डिक्लेयरड एन .एच. ) इन द स्टेट ऑफ मध्यप्रदेश ड्यूरिंग 2016-17 (सेंक्शन इसूड अंडर मिनिस्ट्री लेटर नं. RW/NH- 12037/06/2016/Misc/MP/P-5 dated 30.03.2017)- रिगार्डिंग रिवाइज्ड टेक्निकल एप्रूवल. (पैकेज-3 ),https://bhoomirashi.gov.in/auth/revamp/prep_public.cshtml?nid=1&project_id=54661,1900.96,506.407,1294.553,2.185,0.2663954002188368
54661,2019-07-18,2589,2589,2019-12-17,4504,4504,152,0,deduped_nearest_subsequent_3D,False,True,MO/2018/54661,Detailed Project Report (DPR)/ Feasibility study for 4 Package (2 New declared NH & 2 In Principle NH) in the state of Madhya Pradesh during 2016-17 (Sanctioned issued under Ministrys letter no. RW/NH-12037/06/2016/MP/P-5 dated 30.03.2017 )- regarding revised technical approval. Package-3 डिटेल्ड प्रोजेक्ट रिपोर्ट डीपीआर/फिजिबिलिटी फिजिबिलिटी स्टडी फॉर 4 पैकेज ( न्यू डिक्लेयरड एन .एच. ) इन द स्टेट ऑफ मध्यप्रदेश ड्यूरिंग 2016-17 (सेंक्शन इसूड अंडर मिनिस्ट्री लेटर नं. RW/NH- 12037/06/2016/Misc/MP/P-5 dated 30.03.2017)- रिगार्डिंग रिवाइज्ड टेक्निकल एप्रूवल. (पैकेज-3 ),https://bhoomirashi.gov.in/auth/revamp/prep_public.cshtml?nid=1&project_id=54661,1900.96,506.407,1294.553,2.185,0.2663954002188368
54661,2019-07-18,2590,2590,2020-01-25,369,369,191,0,deduped_nearest_subsequent_3D,False,True,MO/2018/54661,Detailed Project Report (DPR)/ Feasibility study for 4 Package (2 New declared NH & 2 In Principle NH) in the state of Madhya Pradesh during 2016-17 (Sanctioned issued under Ministrys letter no. RW/NH-12037/06/2016/MP/P-5 dated 30.03.2017 )- regarding revised technical approval. Package-3 डिटेल्ड प्रोजेक्ट रिपोर्ट डीपीआर/फिजिबिलिटी फिजिबिलिटी स्टडी फॉर 4 पैकेज ( न्यू डिक्लेयरड एन .एच. ) इन द स्टेट ऑफ मध्यप्रदेश ड्यूरिंग 2016-17 (सेंक्शन इसूड अंडर मिनिस्ट्री लेटर नं. RW/NH- 12037/06/2016/Misc/MP/P-5 dated 30.03.2017)- रिगार्डिंग रिवाइज्ड टेक्निकल एप्रूवल. (पैकेज-3 ),https://bhoomirashi.gov.in/auth/revamp/prep_public.cshtml?nid=1&project_id=54661,1900.96,506.407,1294.553,2.185,0.2663954002188368
54661,2019-08-27,3089,3089,2021-04-15,1635 (E),1635E,597,1,deduped_nearest_subsequent_3D,False,True,MO/2018/54661,Detailed Project Report (DPR)/ Feasibility study for 4 Package (2 New declared NH & 2 In Principle NH) in the state of Madhya Pradesh during 2016-17 (Sanctioned issued under Ministrys letter no. RW/NH-12037/06/2016/MP/P-5 dated 30.03.2017 )- regarding revised technical approval. Package-3 डिटेल्ड प्रोजेक्ट रिपोर्ट डीपीआर/फिजिबिलिटी फिजिबिलिटी स्टडी फॉर 4 पैकेज ( न्यू डिक्लेयरड एन .एच. ) इन द स्टेट ऑफ मध्यप्रदेश ड्यूरिंग 2016-17 (सेंक्शन इसूड अंडर मिनिस्ट्री लेटर नं. RW/NH- 12037/06/2016/Misc/MP/P-5 dated 30.03.2017)- रिगार्डिंग रिवाइज्ड टेक्निकल एप्रूवल. (पैकेज-3 ),https://bhoomirashi.gov.in/auth/revamp/prep_public.cshtml?nid=1&project_id=54661,1900.96,506.407,1294.553,2.185,0.2663954002188368
54661,2019-12-02,4337,4337,2021-11-24,4866,4866,723,1,deduped_nearest_subsequent_3D,False,True,MO/2018/54661,Detailed Project Report (DPR)/ Feasibility study for 4 Package (2 New declared NH & 2 In Principle NH) in the state of Madhya Pradesh during 2016-17 (Sanctioned issued under Ministrys letter no. RW/NH-12037/06/2016/MP/P-5 dated 30.03.2017 )- regarding revised technical approval. Package-3 डिटेल्ड प्रोजेक्ट रिपोर्ट डीपीआर/फिजिबिलिटी फिजिबिलिटी स्टडी फॉर 4 पैकेज ( न्यू डिक्लेयरड एन .एच. ) इन द स्टेट ऑफ मध्यप्रदेश ड्यूरिंग 2016-17 (सेंक्शन इसूड अंडर मिनिस्ट्री लेटर नं. RW/NH- 12037/06/2016/Misc/MP/P-5 dated 30.03.2017)- रिगार्डिंग रिवाइज्ड टेक्निकल एप्रूवल. (पैकेज-3 ),https://bhoomirashi.gov.in/auth/revamp/prep_public.cshtml?nid=1&project_id=54661,1900.96,506.407,1294.553,2.185,0.2663954002188368
54661,2020-11-19,4159,4159,2021-11-24,4867,4867,370,1,deduped_nearest_subsequent_3D,False,True,MO/2018/54661,Detailed Project Report (DPR)/ Feasibility study for 4 Package (2 New declared NH & 2 In Principle NH) in the state of Madhya Pradesh during 2016-17 (Sanctioned issued under Ministrys letter no. RW/NH-12037/06/2016/MP/P-5 dated 30.03.2017 )- regarding revised technical approval. Package-3 डिटेल्ड प्रोजेक्ट रिपोर्ट डीपीआर/फिजिबिलिटी फिजिबिलिटी स्टडी फॉर 4 पैकेज ( न्यू डिक्लेयरड एन .एच. ) इन द स्टेट ऑफ मध्यप्रदेश ड्यूरिंग 2016-17 (सेंक्शन इसूड अंडर मिनिस्ट्री लेटर नं. RW/NH- 12037/06/2016/Misc/MP/P-5 dated 30.03.2017)- रिगार्डिंग रिवाइज्ड टेक्निकल एप्रूवल. (पैकेज-3 ),https://bhoomirashi.gov.in/auth/revamp/prep_public.cshtml?nid=1&project_id=54661,1900.96,506.407,1294.553,2.185,0.2663954002188368
54661,2020-12-02,4337,4337,2022-02-15,658,658,440,1,deduped_nearest_subsequent_3D,False,True,MO/2018/54661,Detailed Project Report (DPR)/ Feasibility study for 4 Package (2 New declared NH & 2 In Principle NH) in the state of Madhya Pradesh during 2016-17 (Sanctioned issued under Ministrys letter no. RW/NH-12037/06/2016/MP/P-5 dated 30.03.2017 )- regarding revised technical approval. Package-3 डिटेल्ड प्रोजेक्ट रिपोर्ट डीपीआर/फिजिबिलिटी फिजिबिलिटी स्टडी फॉर 4 पैकेज ( न्यू डिक्लेयरड एन .एच. ) इन द स्टेट ऑफ मध्यप्रदेश ड्यूरिंग 2016-17 (सेंक्शन इसूड अंडर मिनिस्ट्री लेटर नं. RW/NH- 12037/06/2016/Misc/MP/P-5 dated 30.03.2017)- रिगार्डिंग रिवाइज्ड टेक्निकल एप्रूवल. (पैकेज-3 ),https://bhoomirashi.gov.in/auth/revamp/prep_public.cshtml?nid=1&project_id=54661,1900.96,506.407,1294.553,2.185,0.2663954002188368
54661,2021-03-23,1284 (E),1284E,2022-02-15,686,686,329,0,deduped_nearest_subsequent_3D,False,True,MO/2018/54661,Detailed Project Report (DPR)/ Feasibility study for 4 Package (2 New declared NH & 2 In Principle NH) in the state of Madhya Pradesh during 2016-17 (Sanctioned issued under Ministrys letter no. RW/NH-12037/06/2016/MP/P-5 dated 30.03.2017 )- regarding revised technical approval. Package-3 डिटेल्ड प्रोजेक्ट रिपोर्ट डीपीआर/फिजिबिलिटी फिजिबिलिटी स्टडी फॉर 4 पैकेज ( न्यू डिक्लेयरड एन .एच. ) इन द स्टेट ऑफ मध्यप्रदेश ड्यूरिंग 2016-17 (सेंक्शन इसूड अंडर मिनिस्ट्री लेटर नं. RW/NH- 12037/06/2016/Misc/MP/P-5 dated 30.03.2017)- रिगार्डिंग रिवाइज्ड टेक्निकल एप्रूवल. (पैकेज-3 ),https://bhoomirashi.gov.in/auth/revamp/prep_public.cshtml?nid=1&project_id=54661,1900.96,506.407,1294.553,2.185,0.2663954002188368
54661,2021-05-28,2054,2054,2022-02-15,687(E),687E,263,0,deduped_nearest_subsequent_3D,False,True,MO/2018/54661,Detailed Project Report (DPR)/ Feasibility study for 4 Package (2 New declared NH & 2 In Principle NH) in the state of Madhya Pradesh during 2016-17 (Sanctioned issued under Ministrys letter no. RW/NH-12037/06/2016/MP/P-5 dated 30.03.2017 )- regarding revised technical approval. Package-3 डिटेल्ड प्रोजेक्ट रिपोर्ट डीपीआर/फिजिबिलिटी फिजिबिलिटी स्टडी फॉर 4 पैकेज ( न्यू डिक्लेयरड एन .एच. ) इन द स्टेट ऑफ मध्यप्रदेश ड्यूरिंग 2016-17 (सेंक्शन इसूड अंडर मिनिस्ट्री लेटर नं. RW/NH- 12037/06/2016/Misc/MP/P-5 dated 30.03.2017)- रिगार्डिंग रिवाइज्ड टेक्निकल एप्रूवल. (पैकेज-3 ),https://bhoomirashi.gov.in/auth/revamp/prep_public.cshtml?nid=1&project_id=54661,1900.96,506.407,1294.553,2.185,0.2663954002188368
54661,2021-05-28,2055,2055,2022-03-02,918(E),918E,278,0,deduped_nearest_subsequent_3D,False,True,MO/2018/54661,Detailed Project Report (DPR)/ Feasibility study for 4 Package (2 New declared NH & 2 In Principle NH) in the state of Madhya Pradesh during 2016-17 (Sanctioned issued under Ministrys letter no. RW/NH-12037/06/2016/MP/P-5 dated 30.03.2017 )- regarding revised technical approval. Package-3 डिटेल्ड प्रोजेक्ट रिपोर्ट डीपीआर/फिजिबिलिटी फिजिबिलिटी स्टडी फॉर 4 पैकेज ( न्यू डिक्लेयरड एन .एच. ) इन द स्टेट ऑफ मध्यप्रदेश ड्यूरिंग 2016-17 (सेंक्शन इसूड अंडर मिनिस्ट्री लेटर नं. RW/NH- 12037/06/2016/Misc/MP/P-5 dated 30.03.2017)- रिगार्डिंग रिवाइज्ड टेक्निकल एप्रूवल. (पैकेज-3 ),https://bhoomirashi.gov.in/auth/revamp/prep_public.cshtml?nid=1&project_id=54661,1900.96,506.407,1294.553,2.185,0.2663954002188368
54661,2021-05-28,2056,2056,2022-03-09,1041(E),1041E,285,0,deduped_nearest_subsequent_3D,False,True,MO/2018/54661,Detailed Project Report (DPR)/ Feasibility study for 4 Package (2 New declared NH & 2 In Principle NH) in the state of Madhya Pradesh during 2016-17 (Sanctioned issued under Ministrys letter no. RW/NH-12037/06/2016/MP/P-5 dated 30.03.2017 )- regarding revised technical approval. Package-3 डिटेल्ड प्रोजेक्ट रिपोर्ट डीपीआर/फिजिबिलिटी फिजिबिलिटी स्टडी फॉर 4 पैकेज ( न्यू डिक्लेयरड एन .एच. ) इन द स्टेट ऑफ मध्यप्रदेश ड्यूरिंग 2016-17 (सेंक्शन इसूड अंडर मिनिस्ट्री लेटर नं. RW/NH- 12037/06/2016/Misc/MP/P-5 dated 30.03.2017)- रिगार्डिंग रिवाइज्ड टेक्निकल एप्रूवल. (पैकेज-3 ),https://bhoomirashi.gov.in/auth/revamp/prep_public.cshtml?nid=1&project_id=54661,1900.96,506.407,1294.553,2.185,0.2663954002188368
54661,2021-06-21,2466,2466,2022-03-24,1296,1296,276,0,deduped_nearest_subsequent_3D,False,True,MO/2018/54661,Detailed Project Report (DPR)/ Feasibility study for 4 Package (2 New declared NH & 2 In Principle NH) in the state of Madhya Pradesh during 2016-17 (Sanctioned issued under Ministrys letter no. RW/NH-12037/06/2016/MP/P-5 dated 30.03.2017 )- regarding revised technical approval. Package-3 डिटेल्ड प्रोजेक्ट रिपोर्ट डीपीआर/फिजिबिलिटी फिजिबिलिटी स्टडी फॉर 4 पैकेज ( न्यू डिक्लेयरड एन .एच. ) इन द स्टेट ऑफ मध्यप्रदेश ड्यूरिंग 2016-17 (सेंक्शन इसूड अंडर मिनिस्ट्री लेटर नं. RW/NH- 12037/06/2016/Misc/MP/P-5 dated 30.03.2017)- रिगार्डिंग रिवाइज्ड टेक्निकल एप्रूवल. (पैकेज-3 ),https://bhoomirashi.gov.in/auth/revamp/prep_public.cshtml?nid=1&project_id=54661,1900.96,506.407,1294.553,2.185,0.2663954002188368
54661,2021-07-05,2307,2307,2022-05-02,2038,2038,301,0,deduped_nearest_subsequent_3D,False,True,MO/2018/54661,Detailed Project Report (DPR)/ Feasibility study for 4 Package (2 New declared NH & 2 In Principle NH) in the state of Madhya Pradesh during 2016-17 (Sanctioned issued under Ministrys letter no. RW/NH-12037/06/2016/MP/P-5 dated 30.03.2017 )- regarding revised technical approval. Package-3 डिटेल्ड प्रोजेक्ट रिपोर्ट डीपीआर/फिजिबिलिटी फिजिबिलिटी स्टडी फॉर 4 पैकेज ( न्यू डिक्लेयरड एन .एच. ) इन द स्टेट ऑफ मध्यप्रदेश ड्यूरिंग 2016-17 (सेंक्शन इसूड अंडर मिनिस्ट्री लेटर नं. RW/NH- 12037/06/2016/Misc/MP/P-5 dated 30.03.2017)- रिगार्डिंग रिवाइज्ड टेक्निकल एप्रूवल. (पैकेज-3 ),https://bhoomirashi.gov.in/auth/revamp/prep_public.cshtml?nid=1&project_id=54661,1900.96,506.407,1294.553,2.185,0.2663954002188368
54661,2021-08-25,3493,3493,2022-05-02,2039,2039,250,0,deduped_nearest_subsequent_3D,False,True,MO/2018/54661,Detailed Project Report (DPR)/ Feasibility study for 4 Package (2 New declared NH & 2 In Principle NH) in the state of Madhya Pradesh during 2016-17 (Sanctioned issued under Ministrys letter no. RW/NH-12037/06/2016/MP/P-5 dated 30.03.2017 )- regarding revised technical approval. Package-3 डिटेल्ड प्रोजेक्ट रिपोर्ट डीपीआर/फिजिबिलिटी फिजिबिलिटी स्टडी फॉर 4 पैकेज ( न्यू डिक्लेयरड एन .एच. ) इन द स्टेट ऑफ मध्यप्रदेश ड्यूरिंग 2016-17 (सेंक्शन इसूड अंडर मिनिस्ट्री लेटर नं. RW/NH- 12037/06/2016/Misc/MP/P-5 dated 30.03.2017)- रिगार्डिंग रिवाइज्ड टेक्निकल एप्रूवल. (पैकेज-3 ),https://bhoomirashi.gov.in/auth/revamp/prep_public.cshtml?nid=1&project_id=54661,1900.96,506.407,1294.553,2.185,0.2663954002188368
54661,2021-09-14,3722,3722,2022-05-18,2287,2287,246,0,deduped_nearest_subsequent_3D,False,True,MO/2018/54661,Detailed Project Report (DPR)/ Feasibility study for 4 Package (2 New declared NH & 2 In Principle NH) in the state of Madhya Pradesh during 2016-17 (Sanctioned issued under Ministrys letter no. RW/NH-12037/06/2016/MP/P-5 dated 30.03.2017 )- regarding revised technical approval. Package-3 डिटेल्ड प्रोजेक्ट रिपोर्ट डीपीआर/फिजिबिलिटी फिजिबिलिटी स्टडी फॉर 4 पैकेज ( न्यू डिक्लेयरड एन .एच. ) इन द स्टेट ऑफ मध्यप्रदेश ड्यूरिंग 2016-17 (सेंक्शन इसूड अंडर मिनिस्ट्री लेटर नं. RW/NH- 12037/06/2016/Misc/MP/P-5 dated 30.03.2017)- रिगार्डिंग रिवाइज्ड टेक्निकल एप्रूवल. (पैकेज-3 ),https://bhoomirashi.gov.in/auth/revamp/prep_public.cshtml?nid=1&project_id=54661,1900.96,506.407,1294.553,2.185,0.2663954002188368
54661,2021-09-14,3725,3725,2022-05-30,2444,2444,258,0,deduped_nearest_subsequent_3D,False,True,MO/2018/54661,Detailed Project Report (DPR)/ Feasibility study for 4 Package (2 New declared NH & 2 In Principle NH) in the state of Madhya Pradesh during 2016-17 (Sanctioned issued under Ministrys letter no. RW/NH-12037/06/2016/MP/P-5 dated 30.03.2017 )- regarding revised technical approval. Package-3 डिटेल्ड प्रोजेक्ट रिपोर्ट डीपीआर/फिजिबिलिटी फिजिबिलिटी स्टडी फॉर 4 पैकेज ( न्यू डिक्लेयरड एन .एच. ) इन द स्टेट ऑफ मध्यप्रदेश ड्यूरिंग 2016-17 (सेंक्शन इसूड अंडर मिनिस्ट्री लेटर नं. RW/NH- 12037/06/2016/Misc/MP/P-5 dated 30.03.2017)- रिगार्डिंग रिवाइज्ड टेक्निकल एप्रूवल. (पैकेज-3 ),https://bhoomirashi.gov.in/auth/revamp/prep_public.cshtml?nid=1&project_id=54661,1900.96,506.407,1294.553,2.185,0.2663954002188368
54661,2021-10-20,4346,4346,2022-07-20,3278,3278,273,0,deduped_nearest_subsequent_3D,False,True,MO/2018/54661,Detailed Project Report (DPR)/ Feasibility study for 4 Package (2 New declared NH & 2 In Principle NH) in the state of Madhya Pradesh during 2016-17 (Sanctioned issued under Ministrys letter no. RW/NH-12037/06/2016/MP/P-5 dated 30.03.2017 )- regarding revised technical approval. Package-3 डिटेल्ड प्रोजेक्ट रिपोर्ट डीपीआर/फिजिबिलिटी फिजिबिलिटी स्टडी फॉर 4 पैकेज ( न्यू डिक्लेयरड एन .एच. ) इन द स्टेट ऑफ मध्यप्रदेश ड्यूरिंग 2016-17 (सेंक्शन इसूड अंडर मिनिस्ट्री लेटर नं. RW/NH- 12037/06/2016/Misc/MP/P-5 dated 30.03.2017)- रिगार्डिंग रिवाइज्ड टेक्निकल एप्रूवल. (पैकेज-3 ),https://bhoomirashi.gov.in/auth/revamp/prep_public.cshtml?nid=1&project_id=54661,1900.96,506.407,1294.553,2.185,0.2663954002188368
54661,2021-10-22,4424,4424,2022-08-16,3823,3823,298,0,deduped_nearest_subsequent_3D,False,True,MO/2018/54661,Detailed Project Report (DPR)/ Feasibility study for 4 Package (2 New declared NH & 2 In Principle NH) in the state of Madhya Pradesh during 2016-17 (Sanctioned issued under Ministrys letter no. RW/NH-12037/06/2016/MP/P-5 dated 30.03.2017 )- regarding revised technical approval. Package-3 डिटेल्ड प्रोजेक्ट रिपोर्ट डीपीआर/फिजिबिलिटी फिजिबिलिटी स्टडी फॉर 4 पैकेज ( न्यू डिक्लेयरड एन .एच. ) इन द स्टेट ऑफ मध्यप्रदेश ड्यूरिंग 2016-17 (सेंक्शन इसूड अंडर मिनिस्ट्री लेटर नं. RW/NH- 12037/06/2016/Misc/MP/P-5 dated 30.03.2017)- रिगार्डिंग रिवाइज्ड टेक्निकल एप्रूवल. (पैकेज-3 ),https://bhoomirashi.gov.in/auth/revamp/prep_public.cshtml?nid=1&project_id=54661,1900.96,506.407,1294.553,2.185,0.2663954002188368
54661,2021-11-15,4742,4742,2022-08-25,S.O.4011(E),SO4011E,283,0,deduped_nearest_subsequent_3D,False,True,MO/2018/54661,Detailed Project Report (DPR)/ Feasibility study for 4 Package (2 New declared NH & 2 In Principle NH) in the state of Madhya Pradesh during 2016-17 (Sanctioned issued under Ministrys letter no. RW/NH-12037/06/2016/MP/P-5 dated 30.03.2017 )- regarding revised technical approval. Package-3 डिटेल्ड प्रोजेक्ट रिपोर्ट डीपीआर/फिजिबिलिटी फिजिबिलिटी स्टडी फॉर 4 पैकेज ( न्यू डिक्लेयरड एन .एच. ) इन द स्टेट ऑफ मध्यप्रदेश ड्यूरिंग 2016-17 (सेंक्शन इसूड अंडर मिनिस्ट्री लेटर नं. RW/NH- 12037/06/2016/Misc/MP/P-5 dated 30.03.2017)- रिगार्डिंग रिवाइज्ड टेक्निकल एप्रूवल. (पैकेज-3 ),https://bhoomirashi.gov.in/auth/revamp/prep_public.cshtml?nid=1&project_id=54661,1900.96,506.407,1294.553,2.185,0.2663954002188368
54661,2021-11-24,4852,4852,2022-10-19,S.O.4935(E),SO4935E,329,0,deduped_nearest_subsequent_3D,False,True,MO/2018/54661,Detailed Project Report (DPR)/ Feasibility study for 4 Package (2 New declared NH & 2 In Principle NH) in the state of Madhya Pradesh during 2016-17 (Sanctioned issued under Ministrys letter no. RW/NH-12037/06/2016/MP/P-5 dated 30.03.2017 )- regarding revised technical approval. Package-3 डिटेल्ड प्रोजेक्ट रिपोर्ट डीपीआर/फिजिबिलिटी फिजिबिलिटी स्टडी फॉर 4 पैकेज ( न्यू डिक्लेयरड एन .एच. ) इन द स्टेट ऑफ मध्यप्रदेश ड्यूरिंग 2016-17 (सेंक्शन इसूड अंडर मिनिस्ट्री लेटर नं. RW/NH- 12037/06/2016/Misc/MP/P-5 dated 30.03.2017)- रिगार्डिंग रिवाइज्ड टेक्निकल एप्रूवल. (पैकेज-3 ),https://bhoomirashi.gov.in/auth/revamp/prep_public.cshtml?nid=1&project_id=54661,1900.96,506.407,1294.553,2.185,0.2663954002188368
54661,2021-11-24,4858,4858,2022-12-27,S.O.6084(E),SO6084E,398,1,deduped_nearest_subsequent_3D,False,True,MO/2018/54661,Detailed Project Report (DPR)/ Feasibility study for 4 Package (2 New declared NH & 2 In Principle NH) in the state of Madhya Pradesh during 2016-17 (Sanctioned issued under Ministrys letter no. RW/NH-12037/06/2016/MP/P-5 dated 30.03.2017 )- regarding revised technical approval. Package-3 डिटेल्ड प्रोजेक्ट रिपोर्ट डीपीआर/फिजिबिलिटी फिजिबिलिटी स्टडी फॉर 4 पैकेज ( न्यू डिक्लेयरड एन .एच. ) इन द स्टेट ऑफ मध्यप्रदेश ड्यूरिंग 2016-17 (सेंक्शन इसूड अंडर मिनिस्ट्री लेटर नं. RW/NH- 12037/06/2016/Misc/MP/P-5 dated 30.03.2017)- रिगार्डिंग रिवाइज्ड टेक्निकल एप्रूवल. (पैकेज-3 ),https://bhoomirashi.gov.in/auth/revamp/prep_public.cshtml?nid=1&project_id=54661,1900.96,506.407,1294.553,2.185,0.2663954002188368
54661,2021-12-07,5057,5057,2023-01-05,S.O.79(E),SO79E,394,1,deduped_nearest_subsequent_3D,False,True,MO/2018/54661,Detailed Project Report (DPR)/ Feasibility study for 4 Package (2 New declared NH & 2 In Principle NH) in the state of Madhya Pradesh during 2016-17 (Sanctioned issued under Ministrys letter no. RW/NH-12037/06/2016/MP/P-5 dated 30.03.2017 )- regarding revised technical approval. Package-3 डिटेल्ड प्रोजेक्ट रिपोर्ट डीपीआर/फिजिबिलिटी फिजिबिलिटी स्टडी फॉर 4 पैकेज ( न्यू डिक्लेयरड एन .एच. ) इन द स्टेट ऑफ मध्यप्रदेश ड्यूरिंग 2016-17 (सेंक्शन इसूड अंडर मिनिस्ट्री लेटर नं. RW/NH- 12037/06/2016/Misc/MP/P-5 dated 30.03.2017)- रिगार्डिंग रिवाइज्ड टेक्निकल एप्रूवल. (पैकेज-3 ),https://bhoomirashi.gov.in/auth/revamp/prep_public.cshtml?nid=1&project_id=54661,1900.96,506.407,1294.553,2.185,0.2663954002188368
54661,2021-12-15,5220,5220,2023-01-06,S.O.91(E),SO91E,387,1,deduped_nearest_subsequent_3D,False,True,MO/2018/54661,Detailed Project Report (DPR)/ Feasibility study for 4 Package (2 New declared NH & 2 In Principle NH) in the state of Madhya Pradesh during 2016-17 (Sanctioned issued under Ministrys letter no. RW/NH-12037/06/2016/MP/P-5 dated 30.03.2017 )- regarding revised technical approval. Package-3 डिटेल्ड प्रोजेक्ट रिपोर्ट डीपीआर/फिजिबिलिटी फिजिबिलिटी स्टडी फॉर 4 पैकेज ( न्यू डिक्लेयरड एन .एच. ) इन द स्टेट ऑफ मध्यप्रदेश ड्यूरिंग 2016-17 (सेंक्शन इसूड अंडर मिनिस्ट्री लेटर नं. RW/NH- 12037/06/2016/Misc/MP/P-5 dated 30.03.2017)- रिगार्डिंग रिवाइज्ड टेक्निकल एप्रूवल. (पैकेज-3 ),https://bhoomirashi.gov.in/auth/revamp/prep_public.cshtml?nid=1&project_id=54661,1900.96,506.407,1294.553,2.185,0.2663954002188368
54661,2022-03-02,938,938,2023-07-04,2929,2929,489,1,deduped_nearest_subsequent_3D,False,True,MO/2018/54661,Detailed Project Report (DPR)/ Feasibility study for 4 Package (2 New declared NH & 2 In Principle NH) in the state of Madhya Pradesh during 2016-17 (Sanctioned issued under Ministrys letter no. RW/NH-12037/06/2016/MP/P-5 dated 30.03.2017 )- regarding revised technical approval. Package-3 डिटेल्ड प्रोजेक्ट रिपोर्ट डीपीआर/फिजिबिलिटी फिजिबिलिटी स्टडी फॉर 4 पैकेज ( न्यू डिक्लेयरड एन .एच. ) इन द स्टेट ऑफ मध्यप्रदेश ड्यूरिंग 2016-17 (सेंक्शन इसूड अंडर मिनिस्ट्री लेटर नं. RW/NH- 12037/06/2016/Misc/MP/P-5 dated 30.03.2017)- रिगार्डिंग रिवाइज्ड टेक्निकल एप्रूवल. (पैकेज-3 ),https://bhoomirashi.gov.in/auth/revamp/prep_public.cshtml?nid=1&project_id=54661,1900.96,506.407,1294.553,2.185,0.2663954002188368
54661,2022-03-02,945,945,2023-07-04,2930,2930,489,1,deduped_nearest_subsequent_3D,False,True,MO/2018/54661,Detailed Project Report (DPR)/ Feasibility study for 4 Package (2 New declared NH & 2 In Principle NH) in the state of Madhya Pradesh during 2016-17 (Sanctioned issued under Ministrys letter no. RW/NH-12037/06/2016/MP/P-5 dated 30.03.2017 )- regarding revised technical approval. Package-3 डिटेल्ड प्रोजेक्ट रिपोर्ट डीपीआर/फिजिबिलिटी फिजिबिलिटी स्टडी फॉर 4 पैकेज ( न्यू डिक्लेयरड एन .एच. ) इन द स्टेट ऑफ मध्यप्रदेश ड्यूरिंग 2016-17 (सेंक्शन इसूड अंडर मिनिस्ट्री लेटर नं. RW/NH- 12037/06/2016/Misc/MP/P-5 dated 30.03.2017)- रिगार्डिंग रिवाइज्ड टेक्निकल एप्रूवल. (पैकेज-3 ),https://bhoomirashi.gov.in/auth/revamp/prep_public.cshtml?nid=1&project_id=54661,1900.96,506.407,1294.553,2.185,0.2663954002188368
54661,2022-03-03,947,947,2023-08-26,3360,3360,541,1,deduped_nearest_subsequent_3D,False,True,MO/2018/54661,Detailed Project Report (DPR)/ Feasibility study for 4 Package (2 New declared NH & 2 In Principle NH) in the state of Madhya Pradesh during 2016-17 (Sanctioned issued under Ministrys letter no. RW/NH-12037/06/2016/MP/P-5 dated 30.03.2017 )- regarding revised technical approval. Package-3 डिटेल्ड प्रोजेक्ट रिपोर्ट डीपीआर/फिजिबिलिटी फिजिबिलिटी स्टडी फॉर 4 पैकेज ( न्यू डिक्लेयरड एन .एच. ) इन द स्टेट ऑफ मध्यप्रदेश ड्यूरिंग 2016-17 (सेंक्शन इसूड अंडर मिनिस्ट्री लेटर नं. RW/NH- 12037/06/2016/Misc/MP/P-5 dated 30.03.2017)- रिगार्डिंग रिवाइज्ड टेक्निकल एप्रूवल. (पैकेज-3 ),https://bhoomirashi.gov.in/auth/revamp/prep_public.cshtml?nid=1&project_id=54661,1900.96,506.407,1294.553,2.185,0.2663954002188368
54661,2022-07-22,3370,3370,2023-10-03,4318,4318,438,1,deduped_nearest_subsequent_3D,False,True,MO/2018/54661,Detailed Project Report (DPR)/ Feasibility study for 4 Package (2 New declared NH & 2 In Principle NH) in the state of Madhya Pradesh during 2016-17 (Sanctioned issued under Ministrys letter no. RW/NH-12037/06/2016/MP/P-5 dated 30.03.2017 )- regarding revised technical approval. Package-3 डिटेल्ड प्रोजेक्ट रिपोर्ट डीपीआर/फिजिबिलिटी फिजिबिलिटी स्टडी फॉर 4 पैकेज ( न्यू डिक्लेयरड एन .एच. ) इन द स्टेट ऑफ मध्यप्रदेश ड्यूरिंग 2016-17 (सेंक्शन इसूड अंडर मिनिस्ट्री लेटर नं. RW/NH- 12037/06/2016/Misc/MP/P-5 dated 30.03.2017)- रिगार्डिंग रिवाइज्ड टेक्निकल एप्रूवल. (पैकेज-3 ),https://bhoomirashi.gov.in/auth/revamp/prep_public.cshtml?nid=1&project_id=54661,1900.96,506.407,1294.553,2.185,0.2663954002188368
54661,2022-10-27,S.O.5053(E),SO5053E,2023-10-03,4319(E),4319E,341,0,deduped_nearest_subsequent_3D,False,True,MO/2018/54661,Detailed Project Report (DPR)/ Feasibility study for 4 Package (2 New declared NH & 2 In Principle NH) in the state of Madhya Pradesh during 2016-17 (Sanctioned issued under Ministrys letter no. RW/NH-12037/06/2016/MP/P-5 dated 30.03.2017 )- regarding revised technical approval. Package-3 डिटेल्ड प्रोजेक्ट रिपोर्ट डीपीआर/फिजिबिलिटी फिजिबिलिटी स्टडी फॉर 4 पैकेज ( न्यू डिक्लेयरड एन .एच. ) इन द स्टेट ऑफ मध्यप्रदेश ड्यूरिंग 2016-17 (सेंक्शन इसूड अंडर मिनिस्ट्री लेटर नं. RW/NH- 12037/06/2016/Misc/MP/P-5 dated 30.03.2017)- रिगार्डिंग रिवाइज्ड टेक्निकल एप्रूवल. (पैकेज-3 ),https://bhoomirashi.gov.in/auth/revamp/prep_public.cshtml?nid=1&project_id=54661,1900.96,506.407,1294.553,2.185,0.2663954002188368
54661,2023-01-05,S.O.70(E),SO70E,2024-01-31,381,381,391,1,deduped_nearest_subsequent_3D,False,True,MO/2018/54661,Detailed Project Report (DPR)/ Feasibility study for 4 Package (2 New declared NH & 2 In Principle NH) in the state of Madhya Pradesh during 2016-17 (Sanctioned issued under Ministrys letter no. RW/NH-12037/06/2016/MP/P-5 dated 30.03.2017 )- regarding revised technical approval. Package-3 डिटेल्ड प्रोजेक्ट रिपोर्ट डीपीआर/फिजिबिलिटी फिजिबिलिटी स्टडी फॉर 4 पैकेज ( न्यू डिक्लेयरड एन .एच. ) इन द स्टेट ऑफ मध्यप्रदेश ड्यूरिंग 2016-17 (सेंक्शन इसूड अंडर मिनिस्ट्री लेटर नं. RW/NH- 12037/06/2016/Misc/MP/P-5 dated 30.03.2017)- रिगार्डिंग रिवाइज्ड टेक्निकल एप्रूवल. (पैकेज-3 ),https://bhoomirashi.gov.in/auth/revamp/prep_public.cshtml?nid=1&project_id=54661,1900.96,506.407,1294.553,2.185,0.2663954002188368
54661,2023-02-28,S.O.920(E),SO920E,2024-03-06,1147,1147,372,1,deduped_nearest_subsequent_3D,False,True,MO/2018/54661,Detailed Project Report (DPR)/ Feasibility study for 4 Package (2 New declared NH & 2 In Principle NH) in the state of Madhya Pradesh during 2016-17 (Sanctioned issued under Ministrys letter no. RW/NH-12037/06/2016/MP/P-5 dated 30.03.2017 )- regarding revised technical approval. Package-3 डिटेल्ड प्रोजेक्ट रिपोर्ट डीपीआर/फिजिबिलिटी फिजिबिलिटी स्टडी फॉर 4 पैकेज ( न्यू डिक्लेयरड एन .एच. ) इन द स्टेट ऑफ मध्यप्रदेश ड्यूरिंग 2016-17 (सेंक्शन इसूड अंडर मिनिस्ट्री लेटर नं. RW/NH- 12037/06/2016/Misc/MP/P-5 dated 30.03.2017)- रिगार्डिंग रिवाइज्ड टेक्निकल एप्रूवल. (पैकेज-3 ),https://bhoomirashi.gov.in/auth/revamp/prep_public.cshtml?nid=1&project_id=54661,1900.96,506.407,1294.553,2.185,0.2663954002188368
54661,2023-04-28,S.O.1965(E),SO1965E,2025-01-16,314,314,629,1,deduped_nearest_subsequent_3D,False,True,MO/2018/54661,Detailed Project Report (DPR)/ Feasibility study for 4 Package (2 New declared NH & 2 In Principle NH) in the state of Madhya Pradesh during 2016-17 (Sanctioned issued under Ministrys letter no. RW/NH-12037/06/2016/MP/P-5 dated 30.03.2017 )- regarding revised technical approval. Package-3 डिटेल्ड प्रोजेक्ट रिपोर्ट डीपीआर/फिजिबिलिटी फिजिबिलिटी स्टडी फॉर 4 पैकेज ( न्यू डिक्लेयरड एन .एच. ) इन द स्टेट ऑफ मध्यप्रदेश ड्यूरिंग 2016-17 (सेंक्शन इसूड अंडर मिनिस्ट्री लेटर नं. RW/NH- 12037/06/2016/Misc/MP/P-5 dated 30.03.2017)- रिगार्डिंग रिवाइज्ड टेक्निकल एप्रूवल. (पैकेज-3 ),https://bhoomirashi.gov.in/auth/revamp/prep_public.cshtml?nid=1&project_id=54661,1900.96,506.407,1294.553,2.185,0.2663954002188368
54661,2023-07-11,3070(E),3070E,2025-12-07,666,666,880,1,deduped_nearest_subsequent_3D,False,True,MO/2018/54661,Detailed Project Report (DPR)/ Feasibility study for 4 Package (2 New declared NH & 2 In Principle NH) in the state of Madhya Pradesh during 2016-17 (Sanctioned issued under Ministrys letter no. RW/NH-12037/06/2016/MP/P-5 dated 30.03.2017 )- regarding revised technical approval. Package-3 डिटेल्ड प्रोजेक्ट रिपोर्ट डीपीआर/फिजिबिलिटी फिजिबिलिटी स्टडी फॉर 4 पैकेज ( न्यू डिक्लेयरड एन .एच. ) इन द स्टेट ऑफ मध्यप्रदेश ड्यूरिंग 2016-17 (सेंक्शन इसूड अंडर मिनिस्ट्री लेटर नं. RW/NH- 12037/06/2016/Misc/MP/P-5 dated 30.03.2017)- रिगार्डिंग रिवाइज्ड टेक्निकल एप्रूवल. (पैकेज-3 ),https://bhoomirashi.gov.in/auth/revamp/prep_public.cshtml?nid=1&project_id=54661,1900.96,506.407,1294.553,2.185,0.2663954002188368
54661,2023-09-01,387,387,2026-08-24,4662(E),4662E,1088,1,deduped_nearest_subsequent_3D,False,True,MO/2018/54661,Detailed Project Report (DPR)/ Feasibility study for 4 Package (2 New declared NH & 2 In Principle NH) in the state of Madhya Pradesh during 2016-17 (Sanctioned issued under Ministrys letter no. RW/NH-12037/06/2016/MP/P-5 dated 30.03.2017 )- regarding revised technical approval. Package-3 डिटेल्ड प्रोजेक्ट रिपोर्ट डीपीआर/फिजिबिलिटी फिजिबिलिटी स्टडी फॉर 4 पैकेज ( न्यू डिक्लेयरड एन .एच. ) इन द स्टेट ऑफ मध्यप्रदेश ड्यूरिंग 2016-17 (सेंक्शन इसूड अंडर मिनिस्ट्री लेटर नं. RW/NH- 12037/06/2016/Misc/MP/P-5 dated 30.03.2017)- रिगार्डिंग रिवाइज्ड टेक्निकल एप्रूवल. (पैकेज-3 ),https://bhoomirashi.gov.in/auth/revamp/prep_public.cshtml?nid=1&project_id=54661,1900.96,506.407,1294.553,2.185,0.2663954002188368
54694,2018-06-06,2330,2330,2019-01-24,391(E),391E,232,0,deduped_nearest_subsequent_3D,False,True,MO/2018/54694,construction of ROB at km 31 of NH-81 in lieu of L.C. NO.KK/4A (MANIYAN) in the state of bihar बिहार राज्य में राष्ट्रीय राजमार्ग -81 के किमी 31 पर एल. सी.सं. केके-4ए (माणियम ) के स्थान पर आरओबी के निर्माण के लिए ढांचों सहित अथवा ढांचों के बिना अधिग्रहित की जाने वाली भूमि का संक्षिप्त विवरण,https://bhoomirashi.gov.in/auth/revamp/prep_public.cshtml?nid=1&project_id=54694,1.207,0.0,1.207,0.0,0.0
54715,2010-06-14,1419,1419,2011-05-16,1073 (E),1073E,336,0,deduped_nearest_subsequent_3D,False,True,MO/2018/54715,Jabalpur â€“ Bhopal Road NH - 12 from KM 103.500 to KM 309.100 जबलपुर – भोपाल रोड नह -१२ फ्रॉम कम १०३.५०० तो कम ३०९.१००,https://bhoomirashi.gov.in/auth/revamp/prep_public.cshtml?nid=1&project_id=54715,450.0,150.0,300.0,0.5976,0.3333333333333333
54715,2010-06-14,1419E,1419E,2011-05-16,1099,1099,336,0,deduped_nearest_subsequent_3D,False,True,MO/2018/54715,Jabalpur â€“ Bhopal Road NH - 12 from KM 103.500 to KM 309.100 जबलपुर – भोपाल रोड नह -१२ फ्रॉम कम १०३.५०० तो कम ३०९.१००,https://bhoomirashi.gov.in/auth/revamp/prep_public.cshtml?nid=1&project_id=54715,450.0,150.0,300.0,0.5976,0.3333333333333333
54715,2010-06-14,3121(E),3121E,2011-05-16,1126,1126,336,0,deduped_nearest_subsequent_3D,False,True,MO/2018/54715,Jabalpur â€“ Bhopal Road NH - 12 from KM 103.500 to KM 309.100 जबलपुर – भोपाल रोड नह -१२ फ्रॉम कम १०३.५०० तो कम ३०९.१००,https://bhoomirashi.gov.in/auth/revamp/prep_public.cshtml?nid=1&project_id=54715,450.0,150.0,300.0,0.5976,0.3333333333333333
54715,2010-08-17,1419E,1419E,2011-05-18,1099,1099,274,0,deduped_nearest_subsequent_3D,False,True,MO/2018/54715,Jabalpur â€“ Bhopal Road NH - 12 from KM 103.500 to KM 309.100 जबलपुर – भोपाल रोड नह -१२ फ्रॉम कम १०३.५०० तो कम ३०९.१००,https://bhoomirashi.gov.in/auth/revamp/prep_public.cshtml?nid=1&project_id=54715,450.0,150.0,300.0,0.5976,0.3333333333333333
54715,2010-08-17,2011,2011,2011-05-18,1126E,1126E,274,0,deduped_nearest_subsequent_3D,False,True,MO/2018/54715,Jabalpur â€“ Bhopal Road NH - 12 from KM 103.500 to KM 309.100 जबलपुर – भोपाल रोड नह -१२ फ्रॉम कम १०३.५०० तो कम ३०९.१००,https://bhoomirashi.gov.in/auth/revamp/prep_public.cshtml?nid=1&project_id=54715,450.0,150.0,300.0,0.5976,0.3333333333333333
54715,2010-08-17,2011(E),2011E,2011-05-18,1419E,1419E,274,0,deduped_nearest_subsequent_3D,False,True,MO/2018/54715,Jabalpur â€“ Bhopal Road NH - 12 from KM 103.500 to KM 309.100 जबलपुर – भोपाल रोड नह -१२ फ्रॉम कम १०३.५०० तो कम ३०९.१००,https://bhoomirashi.gov.in/auth/revamp/prep_public.cshtml?nid=1&project_id=54715,450.0,150.0,300.0,0.5976,0.3333333333333333
54715,2010-08-17,2019,2019,2011-05-20,1126E,1126E,276,0,deduped_nearest_subsequent_3D,False,True,MO/2018/54715,Jabalpur â€“ Bhopal Road NH - 12 from KM 103.500 to KM 309.100 जबलपुर – भोपाल रोड नह -१२ फ्रॉम कम १०३.५०० तो कम ३०९.१००,https://bhoomirashi.gov.in/auth/revamp/prep_public.cshtml?nid=1&project_id=54715,450.0,150.0,300.0,0.5976,0.3333333333333333
54715,2010-08-17,2019(E),2019E,2011-05-24,1200,1200,280,0,deduped_nearest_subsequent_3D,False,True,MO/2018/54715,Jabalpur â€“ Bhopal Road NH - 12 from KM 103.500 to KM 309.100 जबलपुर – भोपाल रोड नह -१२ फ्रॉम कम १०३.५०० तो कम ३०९.१००,https://bhoomirashi.gov.in/auth/revamp/prep_public.cshtml?nid=1&project_id=54715,450.0,150.0,300.0,0.5976,0.3333333333333333
54715,2015-12-07,3296,3296,2016-04-04,1320,1320,119,0,deduped_nearest_subsequent_3D,False,True,MO/2018/54715,Jabalpur â€“ Bhopal Road NH - 12 from KM 103.500 to KM 309.100 जबलपुर – भोपाल रोड नह -१२ फ्रॉम कम १०३.५०० तो कम ३०९.१००,https://bhoomirashi.gov.in/auth/revamp/prep_public.cshtml?nid=1&project_id=54715,450.0,150.0,300.0,0.5976,0.3333333333333333
54715,2015-12-07,3296(e),3296E,2016-04-04,1320(E),1320E,119,0,deduped_nearest_subsequent_3D,False,True,MO/2018/54715,Jabalpur â€“ Bhopal Road NH - 12 from KM 103.500 to KM 309.100 जबलपुर – भोपाल रोड नह -१२ फ्रॉम कम १०३.५०० तो कम ३०९.१००,https://bhoomirashi.gov.in/auth/revamp/prep_public.cshtml?nid=1&project_id=54715,450.0,150.0,300.0,0.5976,0.3333333333333333
54715,2017-09-25,1419E,1419E,2018-07-06,3385,3385,284,0,deduped_nearest_subsequent_3D,False,True,MO/2018/54715,Jabalpur â€“ Bhopal Road NH - 12 from KM 103.500 to KM 309.100 जबलपुर – भोपाल रोड नह -१२ फ्रॉम कम १०३.५०० तो कम ३०९.१००,https://bhoomirashi.gov.in/auth/revamp/prep_public.cshtml?nid=1&project_id=54715,450.0,150.0,300.0,0.5976,0.3333333333333333
54715,2022-05-18,2284,2284,2023-01-13,S.O.254(E),SO254E,240,0,deduped_nearest_subsequent_3D,False,True,MO/2018/54715,Jabalpur â€“ Bhopal Road NH - 12 from KM 103.500 to KM 309.100 जबलपुर – भोपाल रोड नह -१२ फ्रॉम कम १०३.५०० तो कम ३०९.१००,https://bhoomirashi.gov.in/auth/revamp/prep_public.cshtml?nid=1&project_id=54715,450.0,150.0,300.0,0.5976,0.3333333333333333
54722,2021-04-07,1481,1481,2022-02-11,584,584,310,0,deduped_nearest_subsequent_3D,False,True,MO/2018/54722,Detailed Project Report (DPR)/Feasibility for 4 package (2 New declared NH & 2 In Principle NH) in the State of Madhya Pradesh during 2016-2017 (Sanctioned issued under Ministrys letter no. RW/NH-12037/06/2016/Misc/MP/P-5 dated 30.03.2017) - regarding revised technical approval. NH No. 752 B Khilchipur - jirapur Road डिटेल्ड प्रोजेक्ट रिपोर्ट डीपीआर/फिजिबिलिटी फिजिबिलिटी स्टडी फॉर 4 पैकेज ( न्यू डिक्लेयरड एन .एच. ) इन द स्टेट ऑफ मध्यप्रदेश ड्यूरिंग 2016-17 (सेंक्शन इसूड अंडर मिनिस्ट्री लेटर नं. RW/NH- 12037/06/2016/Misc/MP/P-5 dated 30.03.2017)- रिगार्डिंग रिवाइज्ड टेक्निकल एप्रूवल. रा.रा. 752 B के कि.मी. 0.000 से 29.567 कि.मी. तक के (खिलचीपुर - जीरापुर रोड),https://bhoomirashi.gov.in/auth/revamp/prep_public.cshtml?nid=1&project_id=54722,80.172,1.254,78.918,0.065,0.01564137105223769
54722,2021-04-07,1482,1482,2022-11-04,5146,5146,576,1,deduped_nearest_subsequent_3D,False,True,MO/2018/54722,Detailed Project Report (DPR)/Feasibility for 4 package (2 New declared NH & 2 In Principle NH) in the State of Madhya Pradesh during 2016-2017 (Sanctioned issued under Ministrys letter no. RW/NH-12037/06/2016/Misc/MP/P-5 dated 30.03.2017) - regarding revised technical approval. NH No. 752 B Khilchipur - jirapur Road डिटेल्ड प्रोजेक्ट रिपोर्ट डीपीआर/फिजिबिलिटी फिजिबिलिटी स्टडी फॉर 4 पैकेज ( न्यू डिक्लेयरड एन .एच. ) इन द स्टेट ऑफ मध्यप्रदेश ड्यूरिंग 2016-17 (सेंक्शन इसूड अंडर मिनिस्ट्री लेटर नं. RW/NH- 12037/06/2016/Misc/MP/P-5 dated 30.03.2017)- रिगार्डिंग रिवाइज्ड टेक्निकल एप्रूवल. रा.रा. 752 B के कि.मी. 0.000 से 29.567 कि.मी. तक के (खिलचीपुर - जीरापुर रोड),https://bhoomirashi.gov.in/auth/revamp/prep_public.cshtml?nid=1&project_id=54722,80.172,1.254,78.918,0.065,0.01564137105223769
54722,2021-12-31,5495,5495,2022-11-04,S.O.5146(E),SO5146E,308,0,deduped_nearest_subsequent_3D,False,True,MO/2018/54722,Detailed Project Report (DPR)/Feasibility for 4 package (2 New declared NH & 2 In Principle NH) in the State of Madhya Pradesh during 2016-2017 (Sanctioned issued under Ministrys letter no. RW/NH-12037/06/2016/Misc/MP/P-5 dated 30.03.2017) - regarding revised technical approval. NH No. 752 B Khilchipur - jirapur Road डिटेल्ड प्रोजेक्ट रिपोर्ट डीपीआर/फिजिबिलिटी फिजिबिलिटी स्टडी फॉर 4 पैकेज ( न्यू डिक्लेयरड एन .एच. ) इन द स्टेट ऑफ मध्यप्रदेश ड्यूरिंग 2016-17 (सेंक्शन इसूड अंडर मिनिस्ट्री लेटर नं. RW/NH- 12037/06/2016/Misc/MP/P-5 dated 30.03.2017)- रिगार्डिंग रिवाइज्ड टेक्निकल एप्रूवल. रा.रा. 752 B के कि.मी. 0.000 से 29.567 कि.मी. तक के (खिलचीपुर - जीरापुर रोड),https://bhoomirashi.gov.in/auth/revamp/prep_public.cshtml?nid=1&project_id=54722,80.172,1.254,78.918,0.065,0.01564137105223769
54722,2022-06-16,2770,2770,2022-11-24,4860,4860,161,0,deduped_nearest_subsequent_3D,False,True,MO/2018/54722,Detailed Project Report (DPR)/Feasibility for 4 package (2 New declared NH & 2 In Principle NH) in the State of Madhya Pradesh during 2016-2017 (Sanctioned issued under Ministrys letter no. RW/NH-12037/06/2016/Misc/MP/P-5 dated 30.03.2017) - regarding revised technical approval. NH No. 752 B Khilchipur - jirapur Road डिटेल्ड प्रोजेक्ट रिपोर्ट डीपीआर/फिजिबिलिटी फिजिबिलिटी स्टडी फॉर 4 पैकेज ( न्यू डिक्लेयरड एन .एच. ) इन द स्टेट ऑफ मध्यप्रदेश ड्यूरिंग 2016-17 (सेंक्शन इसूड अंडर मिनिस्ट्री लेटर नं. RW/NH- 12037/06/2016/Misc/MP/P-5 dated 30.03.2017)- रिगार्डिंग रिवाइज्ड टेक्निकल एप्रूवल. रा.रा. 752 B के कि.मी. 0.000 से 29.567 कि.मी. तक के (खिलचीपुर - जीरापुर रोड),https://bhoomirashi.gov.in/auth/revamp/prep_public.cshtml?nid=1&project_id=54722,80.172,1.254,78.918,0.065,0.01564137105223769
54722,2022-11-04,5146,5146,2022-12-26,S.O.6061(E),SO6061E,52,0,deduped_nearest_subsequent_3D,False,True,MO/2018/54722,Detailed Project Report (DPR)/Feasibility for 4 package (2 New declared NH & 2 In Principle NH) in the State of Madhya Pradesh during 2016-2017 (Sanctioned issued under Ministrys letter no. RW/NH-12037/06/2016/Misc/MP/P-5 dated 30.03.2017) - regarding revised technical approval. NH No. 752 B Khilchipur - jirapur Road डिटेल्ड प्रोजेक्ट रिपोर्ट डीपीआर/फिजिबिलिटी फिजिबिलिटी स्टडी फॉर 4 पैकेज ( न्यू डिक्लेयरड एन .एच. ) इन द स्टेट ऑफ मध्यप्रदेश ड्यूरिंग 2016-17 (सेंक्शन इसूड अंडर मिनिस्ट्री लेटर नं. RW/NH- 12037/06/2016/Misc/MP/P-5 dated 30.03.2017)- रिगार्डिंग रिवाइज्ड टेक्निकल एप्रूवल. रा.रा. 752 B के कि.मी. 0.000 से 29.567 कि.मी. तक के (खिलचीपुर - जीरापुर रोड),https://bhoomirashi.gov.in/auth/revamp/prep_public.cshtml?nid=1&project_id=54722,80.172,1.254,78.918,0.065,0.01564137105223769
54722,2023-05-02,S.O.2021(E),SO2021E,2023-12-29,5495,5495,241,0,deduped_nearest_subsequent_3D,False,True,MO/2018/54722,Detailed Project Report (DPR)/Feasibility for 4 package (2 New declared NH & 2 In Principle NH) in the State of Madhya Pradesh during 2016-2017 (Sanctioned issued under Ministrys letter no. RW/NH-12037/06/2016/Misc/MP/P-5 dated 30.03.2017) - regarding revised technical approval. NH No. 752 B Khilchipur - jirapur Road डिटेल्ड प्रोजेक्ट रिपोर्ट डीपीआर/फिजिबिलिटी फिजिबिलिटी स्टडी फॉर 4 पैकेज ( न्यू डिक्लेयरड एन .एच. ) इन द स्टेट ऑफ मध्यप्रदेश ड्यूरिंग 2016-17 (सेंक्शन इसूड अंडर मिनिस्ट्री लेटर नं. RW/NH- 12037/06/2016/Misc/MP/P-5 dated 30.03.2017)- रिगार्डिंग रिवाइज्ड टेक्निकल एप्रूवल. रा.रा. 752 B के कि.मी. 0.000 से 29.567 कि.मी. तक के (खिलचीपुर - जीरापुर रोड),https://bhoomirashi.gov.in/auth/revamp/prep_public.cshtml?nid=1&project_id=54722,80.172,1.254,78.918,0.065,0.01564137105223769
54722,2025-09-23,4477(E),4477E,2026-06-08,2897(E),2897E,258,0,deduped_nearest_subsequent_3D,False,True,MO/2018/54722,Detailed Project Report (DPR)/Feasibility for 4 package (2 New declared NH & 2 In Principle NH) in the State of Madhya Pradesh during 2016-2017 (Sanctioned issued under Ministrys letter no. RW/NH-12037/06/2016/Misc/MP/P-5 dated 30.03.2017) - regarding revised technical approval. NH No. 752 B Khilchipur - jirapur Road डिटेल्ड प्रोजेक्ट रिपोर्ट डीपीआर/फिजिबिलिटी फिजिबिलिटी स्टडी फॉर 4 पैकेज ( न्यू डिक्लेयरड एन .एच. ) इन द स्टेट ऑफ मध्यप्रदेश ड्यूरिंग 2016-17 (सेंक्शन इसूड अंडर मिनिस्ट्री लेटर नं. RW/NH- 12037/06/2016/Misc/MP/P-5 dated 30.03.2017)- रिगार्डिंग रिवाइज्ड टेक्निकल एप्रूवल. रा.रा. 752 B के कि.मी. 0.000 से 29.567 कि.मी. तक के (खिलचीपुर - जीरापुर रोड),https://bhoomirashi.gov.in/auth/revamp/prep_public.cshtml?nid=1&project_id=54722,80.172,1.254,78.918,0.065,0.01564137105223769
54756,2017-09-14,3111,3111,2018-05-14,1913,1913,242,0,deduped_nearest_subsequent_3D,False,True,MO/2018/54756,Construction of ROB and its approaches in replacement of existing Level crossing No:- 62-A/3-E from Km 134+000 to 136+000 0f NH-19 . रारा - 19 के कि0मी0 134+000 से कि0मी0 136+000 पर किमी 62ए-3ई पर विद्यमान लेवल क्रासिंग के स्थान पर आरओबी और इसके पहुंच मार्गों के निर्माण,https://bhoomirashi.gov.in/auth/revamp/prep_public.cshtml?nid=1&project_id=54756,3.119,0.321,2.798,0.0,0.10291760179544725
54759,2018-06-06,2329,2329,2019-10-17,3740,3740,498,1,deduped_nearest_subsequent_3D,False,True,MO/2018/54759,construction of ROB at Km 49 of NH-131A in lieu of L.C. NO.KB/1B in state of Bihar बिहार राज्य में राष्ट्रीय राजमार्ग -131 ए के किमी 49 पर एल. सी.सं. केबी / 1बी के स्थान पर आरओबी के निर्माण के लिए ढांचों सहित अथवा ढांचों के बिना अधिग्रहित की जाने वाली भूमि का संक्षिप्त विवरण,https://bhoomirashi.gov.in/auth/revamp/prep_public.cshtml?nid=1&project_id=54759,10.62,1.212,9.408,0.0,0.11412429378531073
54775,2018-02-20,754 (E),754E,2018-10-25,544 (E),544E,247,0,deduped_nearest_subsequent_3D,False,True,MO/2018/54775,LOHAGHAT BYPASS FROM KM 136.450 TO km 142.150 OF NH 125 लोहाघाट बाईपास फ्रॉम कम 136.४५० तो कम 142.१५० ऑफ़ नह १२५,https://bhoomirashi.gov.in/auth/revamp/prep_public.cshtml?nid=1&project_id=54775,50.0,20.0,30.0,0.0,0.4
54788,2018-06-28,3152(E),3152E,2018-12-07,6075(E),6075E,162,0,deduped_nearest_subsequent_3D,False,True,MO/2018/54788,Widening to 2-lane with paved shoulder of Maur to Raman Mandi section of NH-254 from km 105.890 to 132.300 in the state of Punjab on EPC mode. विडेनिंग तो 2-लेन विथ पवेद शोल्डर ऑफ़ मौर तो रमन मंडी सेक्शन ऑफ़ NH-२५४ फ्रॉम कम 105.८९० तो 132.३०० इन थे स्टेट ऑफ़ पंजाब ों एप्स mode.,https://bhoomirashi.gov.in/auth/revamp/prep_public.cshtml?nid=1&project_id=54788,75.1277,70.8316,4.2961,0.0595,0.942816031903013
55882,2023-07-17,3174-E,3174E,2025-05-20,2261-E,2261E,673,1,deduped_nearest_subsequent_3D,False,True,MO/2018/55882,Ghatol Bypass : Construction of 2 lane with paved shoulder of Ghatol Bypass on NH 113 कंस्ट्रक्शन ऑफ़ घाटोल बाईपास २ लेन विथ पवेद शोल्डर ऑफ़ ों नह,https://bhoomirashi.gov.in/auth/revamp/prep_public.cshtml?nid=1&project_id=55882,130.0,0.0,130.0,0.1356,0.0
55911,2018-10-25,5415,5415,2019-02-05,713(E),713E,103,0,deduped_nearest_subsequent_3D,False,True,MO/2018/55911,Rehabilitation and up-gradation to 2-lane/ 4-lane with paved shoulders of Mudki - Jawahar Singh wala section of NH-254 from design chainage 0.00 to 38.00 km in the State of Punjab on EPC mode रेहाबिलिएशन एंड उपग्रडेशन तो 2-lane/ 4-लेन विथ शोल्डर्स ऑफ़ मुदकी - जवाहर वाला सेक्शन ऑफ़ NH-२५४ फ्रॉम डिज़ाइन चैनगे 0.०० तो 38.०० कम इन थे स्टेट ऑफ़ पंजाब ों एप्स,https://bhoomirashi.gov.in/auth/revamp/prep_public.cshtml?nid=1&project_id=55911,66.225,63.9815,2.2435,0.0,0.9661230653076633
56935,2019-07-18,2588,2588,2020-07-16,2376,2376,364,0,deduped_nearest_subsequent_3D,False,True,MO/2018/56935,Construction of ROB at Km 81.8 in lieu of existing LC No. 109-A/3-T at Railway Km 130.700 of NH-234 in the district of Vellore in the state of Tamil Nadu तमिलनाडु राज्य के वेल्लोर जिले में एनएच-234 के रेलवे किमी 130.700 पर मौजूदा समपार संख्या 109-ए/3-टी के स्थान पर किमी 81.8 पर आरओबी का निर्माण,https://bhoomirashi.gov.in/auth/revamp/prep_public.cshtml?nid=1&project_id=56935,9.7,2.85,6.85,0.008,0.29381443298969073
56935,2023-01-20,S.O 354 (E),SO354E,2023-05-02,S.O. 2009(E),SO2009E,102,0,deduped_nearest_subsequent_3D,False,True,MO/2018/56935,Construction of ROB at Km 81.8 in lieu of existing LC No. 109-A/3-T at Railway Km 130.700 of NH-234 in the district of Vellore in the state of Tamil Nadu तमिलनाडु राज्य के वेल्लोर जिले में एनएच-234 के रेलवे किमी 130.700 पर मौजूदा समपार संख्या 109-ए/3-टी के स्थान पर किमी 81.8 पर आरओबी का निर्माण,https://bhoomirashi.gov.in/auth/revamp/prep_public.cshtml?nid=1&project_id=56935,9.7,2.85,6.85,0.008,0.29381443298969073
56935,2025-02-07,S.O. 651(E),SO651E,2025-07-25,S.O. 3425(E),SO3425E,168,0,deduped_nearest_subsequent_3D,False,True,MO/2018/56935,Construction of ROB at Km 81.8 in lieu of existing LC No. 109-A/3-T at Railway Km 130.700 of NH-234 in the district of Vellore in the state of Tamil Nadu तमिलनाडु राज्य के वेल्लोर जिले में एनएच-234 के रेलवे किमी 130.700 पर मौजूदा समपार संख्या 109-ए/3-टी के स्थान पर किमी 81.8 पर आरओबी का निर्माण,https://bhoomirashi.gov.in/auth/revamp/prep_public.cshtml?nid=1&project_id=56935,9.7,2.85,6.85,0.008,0.29381443298969073
56943,2017-10-12,3302,3302,2018-06-05,2308,2308,236,0,deduped_nearest_subsequent_3D,False,True,MO/2018/56943,construction of 2-lane combined ROB IN KM 1.10& KM 1.11 On National Highway - 101 at chapra railway crossing in the state of Bihar on EPC mode. बिहार राज्य के छपरा में EPC मोड आधारित राष्ट्रीय राज्य मार्ग संख्या - 101 के किमी 1.10 और किमी 1.11 के रेलवे क्रासिंग पर दो लेन संयुक्त आर .ओ. बी के निर्माण.,https://bhoomirashi.gov.in/auth/revamp/prep_public.cshtml?nid=1&project_id=56943,7.0,3.803,3.197,0.0,0.5432857142857143
56943,2023-02-08,592,592,2023-04-26,1906,1906,77,0,deduped_nearest_subsequent_3D,False,True,MO/2018/56943,construction of 2-lane combined ROB IN KM 1.10& KM 1.11 On National Highway - 101 at chapra railway crossing in the state of Bihar on EPC mode. बिहार राज्य के छपरा में EPC मोड आधारित राष्ट्रीय राज्य मार्ग संख्या - 101 के किमी 1.10 और किमी 1.11 के रेलवे क्रासिंग पर दो लेन संयुक्त आर .ओ. बी के निर्माण.,https://bhoomirashi.gov.in/auth/revamp/prep_public.cshtml?nid=1&project_id=56943,7.0,3.803,3.197,0.0,0.5432857142857143
56951,2019-01-31,596,596,2019-12-30,10,10,333,0,deduped_nearest_subsequent_3D,False,True,MO/2018/56951,Construction of ROB From KM-89.800 To KM - 91.700 (Bagaha - Rampur) Of NH-28B in District West Champaran in the State of Bihar. बिहार राज्य में पश्चिम चम्पारण जिला अंतर्गत राष्ट्रीय राजमार्ग संख्या - 28B के कि0मी0 -89.800 से कि0मी0 -91.700 ( बगहा- रामपुर ) पर आरओबी निर्माण .,https://bhoomirashi.gov.in/auth/revamp/prep_public.cshtml?nid=1&project_id=56951,5.75,4.178,1.572,0.0,0.7266086956521739
56952,2019-01-31,597,597,2019-12-30,11,11,333,0,deduped_nearest_subsequent_3D,False,True,MO/2018/56952,Construction of ROB From KM -92.940 To KM - 94.700 (Bagaha - Rampur) Of NH-28B in District West Champaran in the State of Bihar. बिहार राज्य में पश्चिम चम्पारण जिला अंतर्गत राष्ट्रीय राजमार्ग संख्या - 28B के कि0मी0 -92.940 से कि0मी0 -94.700 ( बगहा- रामपुर ) पर आरओबी निर्माण .,https://bhoomirashi.gov.in/auth/revamp/prep_public.cshtml?nid=1&project_id=56952,4.4,2.846,1.554,0.0,0.6468181818181817
57017,2018-10-25,S.O. 5416(E),SO5416E,2019-02-11,789(E),789E,109,0,deduped_nearest_subsequent_3D,False,True,MO/2018/57017,Rehabilitation & Up gradation to 2 Lane with paved Shoulders of Abohar-Sito-Gunno-Dabwali Road from Km. 0.00 to Km. 50.885 of NH 354E including construction of one High Level Major Steel Bridge on EPC Mode in the State of Punjab पुनर्वास और उन्नयन 2 लेन अबोहर-सिटो-गुन्नो-दबवाली रोड के किलोमीटर 0.00 से किलोमीटर से 50.885 तक एनएच 354 ई के पंजाब राज्य में ईपीसी मोड पर एक उच्च स्तरीय मेजर स्टील ब्रिज के निर्माण सहित,https://bhoomirashi.gov.in/auth/revamp/prep_public.cshtml?nid=1&project_id=57017,133.2,129.859,3.341,0.0051,0.9749174174174176
57017,2018-11-28,6005,6005,2019-08-21,3012,3012,266,0,deduped_nearest_subsequent_3D,False,True,MO/2018/57017,Rehabilitation & Up gradation to 2 Lane with paved Shoulders of Abohar-Sito-Gunno-Dabwali Road from Km. 0.00 to Km. 50.885 of NH 354E including construction of one High Level Major Steel Bridge on EPC Mode in the State of Punjab पुनर्वास और उन्नयन 2 लेन अबोहर-सिटो-गुन्नो-दबवाली रोड के किलोमीटर 0.00 से किलोमीटर से 50.885 तक एनएच 354 ई के पंजाब राज्य में ईपीसी मोड पर एक उच्च स्तरीय मेजर स्टील ब्रिज के निर्माण सहित,https://bhoomirashi.gov.in/auth/revamp/prep_public.cshtml?nid=1&project_id=57017,133.2,129.859,3.341,0.0051,0.9749174174174176
57044,2017-01-31,273,273,2017-10-06,SO no. 3260(E) dated 06.10.2017,SONO3260EDATED06102017,248,0,deduped_nearest_subsequent_3D,False,True,MO/2018/57044,Widening to 2 lane with paved shoulder and strengthening from Km 269/300 to 328/200 of NH-49 in the state of Odisha - Kuchinda Bypass Portion विडेनिंग ततो २ लेन विथ पवेद शोल्डर एंड स्ट्रेंग्थेनिंग फ्रॉम कम 269/३०० तो 328/२०० ऑफ़ NH-४९ इन थे स्टेट ऑफ़ ओडिशा - कुचिंडा बाईपास पोरशन,https://bhoomirashi.gov.in/auth/revamp/prep_public.cshtml?nid=1&project_id=57044,35.0,0.0,35.0,0.017,0.0
57157,2018-10-25,5406,5406,2019-02-21,950(E),950E,119,0,deduped_nearest_subsequent_3D,False,True,MO/2018/57157,Acquisition of land National Highway No. -106 ( Birpur- Bihpur Section ) From Km. 106.00 to Km 136.00 in the state of Bihar. बिहार राज्य में राष्ट्रीय राजमार्ग संख्या - 106 के कि0मी0 106.00 से कि0मी0 136.00 तक ( बीरपुर - बिहपुर खंड ) पर भूमि का अधिग्रहण |,https://bhoomirashi.gov.in/auth/revamp/prep_public.cshtml?nid=1&project_id=57157,41.78,8.72,33.06,0.0,0.2087123025370991
57157,2023-03-20,1244,1244,2023-10-11,4404,4404,205,0,deduped_nearest_subsequent_3D,False,True,MO/2018/57157,Acquisition of land National Highway No. -106 ( Birpur- Bihpur Section ) From Km. 106.00 to Km 136.00 in the state of Bihar. बिहार राज्य में राष्ट्रीय राजमार्ग संख्या - 106 के कि0मी0 106.00 से कि0मी0 136.00 तक ( बीरपुर - बिहपुर खंड ) पर भूमि का अधिग्रहण |,https://bhoomirashi.gov.in/auth/revamp/prep_public.cshtml?nid=1&project_id=57157,41.78,8.72,33.06,0.0,0.2087123025370991
57160,2018-10-01,5026 (E),5026E,2019-08-22,3026 (E),3026E,325,0,deduped_nearest_subsequent_3D,False,True,MO/2018/57160,Additional Land Acquisition on NH-94 from Paul Gaon to Jankichatti km from 50.900 to km 97.900 लैंड एक्वीजीशन ों NH-९४ फ्रॉम पॉल गाओं तो जानकीचट्टी कम फ्रॉम 50.९०० तो कम 97.९००,https://bhoomirashi.gov.in/auth/revamp/prep_public.cshtml?nid=1&project_id=57160,30.0,0.0,30.0,0.0,0.0
57170,2016-04-05,825,825,2017-04-03,1050,1050,363,0,deduped_nearest_subsequent_3D,False,True,MO/2018/57170,Acquisition of Land for Interconnectivity amongst National Highways around Pratapgarh city (Pratapgarh Bypass on NH 96) in the state of Uttar Pradesh उत्तर प्रदेश राज्य में प्रतापगढ़ शहर (एनएच 96 पर प्रतापगढ़ बाईपास) के आसपास राष्ट्रीय राजमार्गों के बीच अंतःक्रियाशीलता के लिए भूमि अधिग्रहण,https://bhoomirashi.gov.in/auth/revamp/prep_public.cshtml?nid=1&project_id=57170,200.0,0.0,200.0,0.217,0.0
57174,2017-12-22,3505,3505,2018-06-05,S.O.2320(E),SO2320E,165,0,deduped_nearest_subsequent_3D,False,True,MO/2018/57174,"Widening and strengthening of existing SL, IL & DL to two lane with paved shoulder from Km 246.100 to 321.000 (Except Km 292/164 to 307/934 and Km 314/130 to 321/00) of NH-53 in the state of Odisha (Left out Plots) विडेनिंग एंड स्ट्रेंग्थेनिंग ऑफ़ एक्सिस्टिंग SL/IL/दल तो तवो तवो लेन विथ पवेद शोल्डर फ्रॉम कम 246/१०० तो कम 321/०० (एक्सेप्ट कम 292/१६४ तो 307/९३४ ाँद कम 314/१३० तो 321/00) ऑफ़ NH-५३ इन थे स्टेट ऑफ़ ओडिशा (लेफ्ट आउट प्लॉट्स )",https://bhoomirashi.gov.in/auth/revamp/prep_public.cshtml?nid=1&project_id=57174,4.735,0.0,4.735,0.0,0.0
57176,2018-06-28,3149E,3149E,2019-01-24,399 (E),399E,210,0,deduped_nearest_subsequent_3D,False,True,MO/2018/57176,Development of Punjab/Haryana Border to Moonak-Jakhal-Budhlada-Bhikhi from Km. 236.600 to 287.710 section of NH-148B in the State of Punjab Punjab पंजाब,https://bhoomirashi.gov.in/auth/revamp/prep_public.cshtml?nid=1&project_id=57176,168.27,126.974,41.296,0.2224,0.7545848933262019
57176,2018-06-28,3150E,3150E,2019-06-18,1985,1985,355,0,deduped_nearest_subsequent_3D,False,True,MO/2018/57176,Development of Punjab/Haryana Border to Moonak-Jakhal-Budhlada-Bhikhi from Km. 236.600 to 287.710 section of NH-148B in the State of Punjab Punjab पंजाब,https://bhoomirashi.gov.in/auth/revamp/prep_public.cshtml?nid=1&project_id=57176,168.27,126.974,41.296,0.2224,0.7545848933262019
57176,2018-06-28,3151E,3151E,2019-06-18,1986,1986,355,0,deduped_nearest_subsequent_3D,False,True,MO/2018/57176,Development of Punjab/Haryana Border to Moonak-Jakhal-Budhlada-Bhikhi from Km. 236.600 to 287.710 section of NH-148B in the State of Punjab Punjab पंजाब,https://bhoomirashi.gov.in/auth/revamp/prep_public.cshtml?nid=1&project_id=57176,168.27,126.974,41.296,0.2224,0.7545848933262019
57176,2023-03-10,1151(E),1151E,2023-06-30,2844(E),2844E,112,0,deduped_nearest_subsequent_3D,False,True,MO/2018/57176,Development of Punjab/Haryana Border to Moonak-Jakhal-Budhlada-Bhikhi from Km. 236.600 to 287.710 section of NH-148B in the State of Punjab Punjab पंजाब,https://bhoomirashi.gov.in/auth/revamp/prep_public.cshtml?nid=1&project_id=57176,168.27,126.974,41.296,0.2224,0.7545848933262019
57202,2017-09-14,RW/NH-12017/UP(2)LA/17-S&R (B),RWNH12017UP2LA17SRB,2018-07-13,3490,3490,302,0,deduped_nearest_subsequent_3D,False,True,MO/2018/57202,"Construction of a new 6-lane Bridge with its approaches across River Ganga on NH-96 at Phaphamau, Allahabad in Uttar Pradesh on EPC mode. राष्ट्रीय राजमार्ग-96 पर फाफामऊ मे गंगा नदी पर बने सेतु के समानान्तर नये 6 लेन सेतु का निर्माण",https://bhoomirashi.gov.in/auth/revamp/prep_public.cshtml?nid=1&project_id=57202,100.0,0.0,100.0,0.4274,0.0
57202,2020-10-28,3870,3870,2021-01-13,126,126,77,0,deduped_nearest_subsequent_3D,False,True,MO/2018/57202,"Construction of a new 6-lane Bridge with its approaches across River Ganga on NH-96 at Phaphamau, Allahabad in Uttar Pradesh on EPC mode. राष्ट्रीय राजमार्ग-96 पर फाफामऊ मे गंगा नदी पर बने सेतु के समानान्तर नये 6 लेन सेतु का निर्माण",https://bhoomirashi.gov.in/auth/revamp/prep_public.cshtml?nid=1&project_id=57202,100.0,0.0,100.0,0.4274,0.0
57202,2022-02-15,706,706,2022-04-26,1944,1944,70,0,deduped_nearest_subsequent_3D,False,True,MO/2018/57202,"Construction of a new 6-lane Bridge with its approaches across River Ganga on NH-96 at Phaphamau, Allahabad in Uttar Pradesh on EPC mode. राष्ट्रीय राजमार्ग-96 पर फाफामऊ मे गंगा नदी पर बने सेतु के समानान्तर नये 6 लेन सेतु का निर्माण",https://bhoomirashi.gov.in/auth/revamp/prep_public.cshtml?nid=1&project_id=57202,100.0,0.0,100.0,0.4274,0.0
57202,2023-12-01,5148(E),5148E,2024-04-10,1699(E),1699E,131,0,deduped_nearest_subsequent_3D,False,True,MO/2018/57202,"Construction of a new 6-lane Bridge with its approaches across River Ganga on NH-96 at Phaphamau, Allahabad in Uttar Pradesh on EPC mode. राष्ट्रीय राजमार्ग-96 पर फाफामऊ मे गंगा नदी पर बने सेतु के समानान्तर नये 6 लेन सेतु का निर्माण",https://bhoomirashi.gov.in/auth/revamp/prep_public.cshtml?nid=1&project_id=57202,100.0,0.0,100.0,0.4274,0.0
57203,2015-08-20,2270(E),2270E,2016-03-02,643 (E),643E,195,0,deduped_nearest_subsequent_3D,False,True,MO/2018/57203,Rehabilitation and up-gradation of Losari to Machavaram section from Km 34/230 to Km 84/550 of NH-214(New NH-216) to two lane with paved shoulder in the state of Andhra Pradesh under NHDP-IV on EPC mode रिहैबिलिटेशन एंड अप - ग्रेडेशन ऑफ़ लोसरि टु मचवरम सेक्शन फ्रॉम कि. मी. ३४ /२३० से कि. मी. ८४ /५५० ऑफ़ एनएच-२१४(नई एनएच-२१६ ) टु टू लेन विद पेव्ड शोल्डर इन द स्टेट ऑफ़ आंध्र प्रदेश अंडर एनएचडीपी IV (इपीसी) मोड,https://bhoomirashi.gov.in/auth/revamp/prep_public.cshtml?nid=1&project_id=57203,110.0,26.45,83.55,0.2833,0.24045454545454545
57203,2016-06-23,2189 (E),2189E,2017-01-24,255 (E),255E,215,0,deduped_nearest_subsequent_3D,False,True,MO/2018/57203,Rehabilitation and up-gradation of Losari to Machavaram section from Km 34/230 to Km 84/550 of NH-214(New NH-216) to two lane with paved shoulder in the state of Andhra Pradesh under NHDP-IV on EPC mode रिहैबिलिटेशन एंड अप - ग्रेडेशन ऑफ़ लोसरि टु मचवरम सेक्शन फ्रॉम कि. मी. ३४ /२३० से कि. मी. ८४ /५५० ऑफ़ एनएच-२१४(नई एनएच-२१६ ) टु टू लेन विद पेव्ड शोल्डर इन द स्टेट ऑफ़ आंध्र प्रदेश अंडर एनएचडीपी IV (इपीसी) मोड,https://bhoomirashi.gov.in/auth/revamp/prep_public.cshtml?nid=1&project_id=57203,110.0,26.45,83.55,0.2833,0.24045454545454545
57203,2017-04-21,1270 (E),1270E,2017-04-25,1289 (E),1289E,4,0,deduped_nearest_subsequent_3D,False,True,MO/2018/57203,Rehabilitation and up-gradation of Losari to Machavaram section from Km 34/230 to Km 84/550 of NH-214(New NH-216) to two lane with paved shoulder in the state of Andhra Pradesh under NHDP-IV on EPC mode रिहैबिलिटेशन एंड अप - ग्रेडेशन ऑफ़ लोसरि टु मचवरम सेक्शन फ्रॉम कि. मी. ३४ /२३० से कि. मी. ८४ /५५० ऑफ़ एनएच-२१४(नई एनएच-२१६ ) टु टू लेन विद पेव्ड शोल्डर इन द स्टेट ऑफ़ आंध्र प्रदेश अंडर एनएचडीपी IV (इपीसी) मोड,https://bhoomirashi.gov.in/auth/revamp/prep_public.cshtml?nid=1&project_id=57203,110.0,26.45,83.55,0.2833,0.24045454545454545
57203,2018-06-19,S.O. 3003 (E),SO3003E,2018-12-08,S.O 6067E,SO6067E,172,0,deduped_nearest_subsequent_3D,False,True,MO/2018/57203,Rehabilitation and up-gradation of Losari to Machavaram section from Km 34/230 to Km 84/550 of NH-214(New NH-216) to two lane with paved shoulder in the state of Andhra Pradesh under NHDP-IV on EPC mode रिहैबिलिटेशन एंड अप - ग्रेडेशन ऑफ़ लोसरि टु मचवरम सेक्शन फ्रॉम कि. मी. ३४ /२३० से कि. मी. ८४ /५५० ऑफ़ एनएच-२१४(नई एनएच-२१६ ) टु टू लेन विद पेव्ड शोल्डर इन द स्टेट ऑफ़ आंध्र प्रदेश अंडर एनएचडीपी IV (इपीसी) मोड,https://bhoomirashi.gov.in/auth/revamp/prep_public.cshtml?nid=1&project_id=57203,110.0,26.45,83.55,0.2833,0.24045454545454545
57203,2020-03-19,S.O. 1156E,SO1156E,2021-01-25,359(E),359E,312,0,deduped_nearest_subsequent_3D,False,True,MO/2018/57203,Rehabilitation and up-gradation of Losari to Machavaram section from Km 34/230 to Km 84/550 of NH-214(New NH-216) to two lane with paved shoulder in the state of Andhra Pradesh under NHDP-IV on EPC mode रिहैबिलिटेशन एंड अप - ग्रेडेशन ऑफ़ लोसरि टु मचवरम सेक्शन फ्रॉम कि. मी. ३४ /२३० से कि. मी. ८४ /५५० ऑफ़ एनएच-२१४(नई एनएच-२१६ ) टु टू लेन विद पेव्ड शोल्डर इन द स्टेट ऑफ़ आंध्र प्रदेश अंडर एनएचडीपी IV (इपीसी) मोड,https://bhoomirashi.gov.in/auth/revamp/prep_public.cshtml?nid=1&project_id=57203,110.0,26.45,83.55,0.2833,0.24045454545454545
57218,2017-02-21,S.O. 595(E),SO595E,2017-05-17,S.O. 1632(E),SO1632E,85,0,deduped_nearest_subsequent_3D,False,True,MO/2018/57218,Construction of ROB and its appraoches in lieu of level crossing No. 21/SPL/E at km 338.600 of NH-60(Suri) एनएच -60 (सूरी) के किलोमीटर 338.600 पर स्तर क्रॉसिंग सं। 21 / एसपीएल / ई के बदले आरओबी और उसके अपहरण का निर्माण,https://bhoomirashi.gov.in/auth/revamp/prep_public.cshtml?nid=1&project_id=57218,2.11,0.0,2.11,0.0,0.0
57223,2017-01-27,S.O.307,SO307,2017-04-25,S.O.1315,SO1315,88,0,deduped_nearest_subsequent_3D,False,True,MO/2018/57223,Construction of ROB and its approaches in lieu of existing RUB (Rly. Km 31/22-24) between Bhedia & Bolapur in Bhedia at km 41.760 of NH-2B in West Bengal. पश्चिम बंगाल में एनएच -2 बी के 41.760 किलोमीटर के बीच भेदिया में भेदिया और बोलापुर के बीच मौजूदा आरयूबी (रैली किलोमीटर 31 / 22-24) के बदले आरओबी और इसके दृष्टिकोण का निर्माण,https://bhoomirashi.gov.in/auth/revamp/prep_public.cshtml?nid=1&project_id=57223,6.57,0.0,6.57,0.0,0.0
57225,2016-12-27,02(E),02E,2017-04-19,1229(E),1229E,113,0,deduped_nearest_subsequent_3D,False,True,MO/2018/57225,Construction of ROB and its approaches in lieu of Level Crossing No. 6/B/T at km 284.170 on NH-60 (Topsi) एनएच -60 (टॉपसी) पर किलोमीटर 284.170 पर लेवल क्रॉसिंग नं। 6 / बी / टी के बदले आरओबी और इसके दृष्टिकोण का निर्माण,https://bhoomirashi.gov.in/auth/revamp/prep_public.cshtml?nid=1&project_id=57225,6.1695669,0.0,6.1695669,0.0,0.0
57235,2021-01-27,383 E,383E,2022-06-10,S.O. 2666(E).,SO2666E,499,1,deduped_nearest_subsequent_3D,False,True,MO/2018/57235,"Rehabilation and upgradation to two lane with paved sholders of existing km 44+700 (NH-353I, Seldoh junction ) to km 54+780 (nh-353I kandhali junction & from existing km. 54+780 (nh-353I, kandhali junction) to km 94+120 (nh-353Ipavnar junction (design km.39.200 to km. 88.620, excluding sindhi railway ROB approach from km.44.630 to km.45.430)of NH-353I in the state of maharashtra on EPC mode. रेहाबिलेशन एंड उपग्रडेशन तो तवो लेन विथ पवेद शोल्डर्स ऑफ़ एक्सिस्टिंग कम 44+७०० (NH-353I, सेलडोह जंक्शन ) तो कम 54+७८० (nh-३५३ी काँधली जंक्शन & फ्रॉम एक्सिस्टिंग km. 54+७८० (nh-353I, काँधली junction) तो कम 94+१२० (nh-३५३ीपावणार जंक्शन (डिज़ाइन km.39.२०० तो km. 88.620, एक्सक्लूडिंग सिंधी रेलवे रॉब एप्रोच फ्रॉम km.44.६३० तो km.45.430)ऑफ़ NH-३५३ी इन थे स्टेट ऑफ़ महाराष्ट्र ों एप्स",https://bhoomirashi.gov.in/auth/revamp/prep_public.cshtml?nid=1&project_id=57235,116.633,84.1727,32.4603,0.064,0.7216885444085294
57239,2018-03-09,1027 (E),1027E,2019-03-06,1151 (E),1151E,362,0,deduped_nearest_subsequent_3D,False,True,MO/2018/57239,Consultancy Services for Preparation of Detailed Project Report (DPR) for Rehabilitation and up-gradation to 2 lane/ 2 lane with paved shoulder configuration & strengthening from Km 228.00 (Rishikesh) to Km 368.00 (Rudraprayag) of NH-58 in the State of Uttarakhand. कंसल्टेंसी सर्विसेज फॉर प्रिपरेशन ऑफ़ डिटेल्ड प्रोजेक्ट रिपोर्ट (DPR) फॉर रिहैबिलिटेशन up-ग्रेडेशन तो विथ स्ट्रेंग्थेनिंग फ्रॉम 228.०० तो कम 368.०० (Rudraprayag) ऑफ़ NH-५८ इन थे स्टेट ऑफ़ Uttarakhand.,https://bhoomirashi.gov.in/auth/revamp/prep_public.cshtml?nid=1&project_id=57239,221.278,197.9968,23.2812,0.0,0.8947875523097643
57239,2019-01-31,615 (E),615E,2019-08-05,2811,2811,186,0,deduped_nearest_subsequent_3D,False,True,MO/2018/57239,Consultancy Services for Preparation of Detailed Project Report (DPR) for Rehabilitation and up-gradation to 2 lane/ 2 lane with paved shoulder configuration & strengthening from Km 228.00 (Rishikesh) to Km 368.00 (Rudraprayag) of NH-58 in the State of Uttarakhand. कंसल्टेंसी सर्विसेज फॉर प्रिपरेशन ऑफ़ डिटेल्ड प्रोजेक्ट रिपोर्ट (DPR) फॉर रिहैबिलिटेशन up-ग्रेडेशन तो विथ स्ट्रेंग्थेनिंग फ्रॉम 228.०० तो कम 368.०० (Rudraprayag) ऑफ़ NH-५८ इन थे स्टेट ऑफ़ Uttarakhand.,https://bhoomirashi.gov.in/auth/revamp/prep_public.cshtml?nid=1&project_id=57239,221.278,197.9968,23.2812,0.0,0.8947875523097643
57239,2019-03-07,1187 (E),1187E,2020-01-24,371 (E),371E,323,0,deduped_nearest_subsequent_3D,False,True,MO/2018/57239,Consultancy Services for Preparation of Detailed Project Report (DPR) for Rehabilitation and up-gradation to 2 lane/ 2 lane with paved shoulder configuration & strengthening from Km 228.00 (Rishikesh) to Km 368.00 (Rudraprayag) of NH-58 in the State of Uttarakhand. कंसल्टेंसी सर्विसेज फॉर प्रिपरेशन ऑफ़ डिटेल्ड प्रोजेक्ट रिपोर्ट (DPR) फॉर रिहैबिलिटेशन up-ग्रेडेशन तो विथ स्ट्रेंग्थेनिंग फ्रॉम 228.०० तो कम 368.०० (Rudraprayag) ऑफ़ NH-५८ इन थे स्टेट ऑफ़ Uttarakhand.,https://bhoomirashi.gov.in/auth/revamp/prep_public.cshtml?nid=1&project_id=57239,221.278,197.9968,23.2812,0.0,0.8947875523097643
57239,2019-08-07,2861 (E),2861E,2020-01-28,458 (E),458E,174,0,deduped_nearest_subsequent_3D,False,True,MO/2018/57239,Consultancy Services for Preparation of Detailed Project Report (DPR) for Rehabilitation and up-gradation to 2 lane/ 2 lane with paved shoulder configuration & strengthening from Km 228.00 (Rishikesh) to Km 368.00 (Rudraprayag) of NH-58 in the State of Uttarakhand. कंसल्टेंसी सर्विसेज फॉर प्रिपरेशन ऑफ़ डिटेल्ड प्रोजेक्ट रिपोर्ट (DPR) फॉर रिहैबिलिटेशन up-ग्रेडेशन तो विथ स्ट्रेंग्थेनिंग फ्रॉम 228.०० तो कम 368.०० (Rudraprayag) ऑफ़ NH-५८ इन थे स्टेट ऑफ़ Uttarakhand.,https://bhoomirashi.gov.in/auth/revamp/prep_public.cshtml?nid=1&project_id=57239,221.278,197.9968,23.2812,0.0,0.8947875523097643
57239,2020-03-13,S.O. 1071(E),SO1071E,2021-03-09,1079 (E),1079E,361,0,deduped_nearest_subsequent_3D,False,True,MO/2018/57239,Consultancy Services for Preparation of Detailed Project Report (DPR) for Rehabilitation and up-gradation to 2 lane/ 2 lane with paved shoulder configuration & strengthening from Km 228.00 (Rishikesh) to Km 368.00 (Rudraprayag) of NH-58 in the State of Uttarakhand. कंसल्टेंसी सर्विसेज फॉर प्रिपरेशन ऑफ़ डिटेल्ड प्रोजेक्ट रिपोर्ट (DPR) फॉर रिहैबिलिटेशन up-ग्रेडेशन तो विथ स्ट्रेंग्थेनिंग फ्रॉम 228.०० तो कम 368.०० (Rudraprayag) ऑफ़ NH-५८ इन थे स्टेट ऑफ़ Uttarakhand.,https://bhoomirashi.gov.in/auth/revamp/prep_public.cshtml?nid=1&project_id=57239,221.278,197.9968,23.2812,0.0,0.8947875523097643
57241,2020-07-07,2260 E,2260E,2020-12-28,4731 E,4731E,174,0,deduped_nearest_subsequent_3D,False,True,MO/2018/57241,"Rehabilation and upgradation of Wardha-Arvi from km 0+00 (Wardha ) to km 53+708 (Arvi) of NH -647 to two Lane with paved shoulders in the state of maharashtra on engineering, Procurement & Construction (EPC) Contract basis. mode. ऑफ़ Wardha-वि Wardha-अरवी फ्रॉम कम 0+०० (वर्धा ) तो कम 53+७०८ (Arvi) ऑफ़ नह -६४७ तो तवो लेन विथ पवेद शोल्डर्स इन थे स्टेट ऑफ़ महाराष्ट्र ों engineering, प्रोक्योरमेंट & कंस्ट्रक्शन (EPC) कॉन्ट्रैक्ट",https://bhoomirashi.gov.in/auth/revamp/prep_public.cshtml?nid=1&project_id=57241,99.773,97.365,2.408,0.0,0.9758652140358614
57241,2020-11-25,4224 E,4224E,2021-01-25,358 E,358E,61,0,deduped_nearest_subsequent_3D,False,True,MO/2018/57241,"Rehabilation and upgradation of Wardha-Arvi from km 0+00 (Wardha ) to km 53+708 (Arvi) of NH -647 to two Lane with paved shoulders in the state of maharashtra on engineering, Procurement & Construction (EPC) Contract basis. mode. ऑफ़ Wardha-वि Wardha-अरवी फ्रॉम कम 0+०० (वर्धा ) तो कम 53+७०८ (Arvi) ऑफ़ नह -६४७ तो तवो लेन विथ पवेद शोल्डर्स इन थे स्टेट ऑफ़ महाराष्ट्र ों engineering, प्रोक्योरमेंट & कंस्ट्रक्शन (EPC) कॉन्ट्रैक्ट",https://bhoomirashi.gov.in/auth/revamp/prep_public.cshtml?nid=1&project_id=57241,99.773,97.365,2.408,0.0,0.9758652140358614
57242,2021-12-02,4941 E,4941E,2022-04-05,S.O. 1627(E),SO1627E,124,0,deduped_nearest_subsequent_3D,False,True,MO/2018/57242,"Rehabilation and upgradation of Salaikhurdrvi -Nawegaon-Tirora section of NH-753, from existing KM120+100 (Salaikhurd) to km 163+200 (Tirora) (design km 44.000 to km 87.000) excluding 0.80 km length from km. 58+700 to km. 59+500 (ROB at Tumsar) (42.200 km) of NH-753 to two lane with pave shoulder configuration in the state of maharashtra on EPC mode. रेहाबिलेशन एंड उपग्रडेशन ऑफ़ सलिखुरदवि नावेगों तिरोरा सेक्शन ऑफ़ नह 753 फ्रॉम एग्ज़िस्टिंग कम्य१२० 100 सलाईखुर्द टू कम 163 200 तिरोरा डिज़ाइन कम ४४ ००० टू कम ८७ ००० एक्सक्लूडिंग ० ८० कम लेंथ फ्रॉम कम 58 700 टू कम 59 500 रॉब एट तुमसर ४२ २०० कम ऑफ़ नह 753 टू तवो लेन विद पेव शोल्डर कॉन्फ़िगरेशन इन दे स्टेट ऑफ़ महाराष्ट्र ऑन एप्स मोड",https://bhoomirashi.gov.in/auth/revamp/prep_public.cshtml?nid=1&project_id=57242,70.79,63.8405,6.9495,0.0,0.9018293544285915
57242,2021-12-02,4942 E,4942E,2024-02-06,S.O. 541(E).,SO541E,796,1,deduped_nearest_subsequent_3D,False,True,MO/2018/57242,"Rehabilation and upgradation of Salaikhurdrvi -Nawegaon-Tirora section of NH-753, from existing KM120+100 (Salaikhurd) to km 163+200 (Tirora) (design km 44.000 to km 87.000) excluding 0.80 km length from km. 58+700 to km. 59+500 (ROB at Tumsar) (42.200 km) of NH-753 to two lane with pave shoulder configuration in the state of maharashtra on EPC mode. रेहाबिलेशन एंड उपग्रडेशन ऑफ़ सलिखुरदवि नावेगों तिरोरा सेक्शन ऑफ़ नह 753 फ्रॉम एग्ज़िस्टिंग कम्य१२० 100 सलाईखुर्द टू कम 163 200 तिरोरा डिज़ाइन कम ४४ ००० टू कम ८७ ००० एक्सक्लूडिंग ० ८० कम लेंथ फ्रॉम कम 58 700 टू कम 59 500 रॉब एट तुमसर ४२ २०० कम ऑफ़ नह 753 टू तवो लेन विद पेव शोल्डर कॉन्फ़िगरेशन इन दे स्टेट ऑफ़ महाराष्ट्र ऑन एप्स मोड",https://bhoomirashi.gov.in/auth/revamp/prep_public.cshtml?nid=1&project_id=57242,70.79,63.8405,6.9495,0.0,0.9018293544285915
57242,2023-09-21,S.O. 4177(E),SO4177E,2024-04-05,S.O. 1628(E),SO1628E,197,0,deduped_nearest_subsequent_3D,False,True,MO/2018/57242,"Rehabilation and upgradation of Salaikhurdrvi -Nawegaon-Tirora section of NH-753, from existing KM120+100 (Salaikhurd) to km 163+200 (Tirora) (design km 44.000 to km 87.000) excluding 0.80 km length from km. 58+700 to km. 59+500 (ROB at Tumsar) (42.200 km) of NH-753 to two lane with pave shoulder configuration in the state of maharashtra on EPC mode. रेहाबिलेशन एंड उपग्रडेशन ऑफ़ सलिखुरदवि नावेगों तिरोरा सेक्शन ऑफ़ नह 753 फ्रॉम एग्ज़िस्टिंग कम्य१२० 100 सलाईखुर्द टू कम 163 200 तिरोरा डिज़ाइन कम ४४ ००० टू कम ८७ ००० एक्सक्लूडिंग ० ८० कम लेंथ फ्रॉम कम 58 700 टू कम 59 500 रॉब एट तुमसर ४२ २०० कम ऑफ़ नह 753 टू तवो लेन विद पेव शोल्डर कॉन्फ़िगरेशन इन दे स्टेट ऑफ़ महाराष्ट्र ऑन एप्स मोड",https://bhoomirashi.gov.in/auth/revamp/prep_public.cshtml?nid=1&project_id=57242,70.79,63.8405,6.9495,0.0,0.9018293544285915
57243,2021-01-14,168 E,168E,2021-03-12,1177 E,1177E,57,0,deduped_nearest_subsequent_3D,False,True,MO/2018/57243,Estimate of upgradation to two lane with paved shoulder/four lane configuration for the work from Km.109/790 to KM.163/050 of Nilajphata to Bhandara phata section of NH-247 on EPC mode in the state of Maharashtra. एस्टीमेट ऑफ़ उपग्रडेशन तो तवो लेन विथ पवेद shoulder/फोर लेन कॉन्फ़िगरेशन फॉर थे वर्क फ्रॉम Km.109/७९० तो KM.163/०५० ऑफ़ नीलजफता तो भंडारा फटा सेक्शन ऑफ़ नह NH-२४७ ों एप्स मोड इन थे स्टेट ऑफ़,https://bhoomirashi.gov.in/auth/revamp/prep_public.cshtml?nid=1&project_id=57243,150.0,140.4,9.6,0.0,0.936
57245,2022-09-01,S.O. 4112(E).,SO4112E,2023-05-03,S.O. 2107(E).,SO2107E,244,0,deduped_nearest_subsequent_3D,False,True,MO/2018/57245,"Rehabilitation & up-gradation of Mansar-Ramtek-Salaikhurd , from existing km 75+800 (Mansar) to km 120+100 (Salaikhurd) (Design km. 0.000 to km. 44.000 ) (44.000km) of NH-753 to two lane with paved shoulder configuration in the state of maharashtra on EPC basis mode. रिहैबिलिटेशन & up-ग्रेडेशन ऑफ़ Mansar-Ramtek-सलाईखुर्द , फ्रॉम एक्सिस्टिंग कम 75+८०० (Mansar) तो कम 120+१०० (Salaikhurd) (डिज़ाइन km. 0.००० तो km. 44.००० ) (44.000km) ऑफ़ नह NH-७५३ तो तवो लेन विथ पवेद शोल्डर कॉन्फ़िगरेशन इन थे स्टेट ऑफ़ महाराष्ट्र ों एप्स बेसिस",https://bhoomirashi.gov.in/auth/revamp/prep_public.cshtml?nid=1&project_id=57245,77.26,67.76,9.5,0.03,0.8770385710587626
57245,2024-12-27,S.O. 5585(E).,SO5585E,2025-10-17,S.O. 4741(E).,SO4741E,294,0,deduped_nearest_subsequent_3D,False,True,MO/2018/57245,"Rehabilitation & up-gradation of Mansar-Ramtek-Salaikhurd , from existing km 75+800 (Mansar) to km 120+100 (Salaikhurd) (Design km. 0.000 to km. 44.000 ) (44.000km) of NH-753 to two lane with paved shoulder configuration in the state of maharashtra on EPC basis mode. रिहैबिलिटेशन & up-ग्रेडेशन ऑफ़ Mansar-Ramtek-सलाईखुर्द , फ्रॉम एक्सिस्टिंग कम 75+८०० (Mansar) तो कम 120+१०० (Salaikhurd) (डिज़ाइन km. 0.००० तो km. 44.००० ) (44.000km) ऑफ़ नह NH-७५३ तो तवो लेन विथ पवेद शोल्डर कॉन्फ़िगरेशन इन थे स्टेट ऑफ़ महाराष्ट्र ों एप्स बेसिस",https://bhoomirashi.gov.in/auth/revamp/prep_public.cshtml?nid=1&project_id=57245,77.26,67.76,9.5,0.03,0.8770385710587626
57248,2020-04-22,1330 E,1330E,2020-07-29,2520 E,2520E,98,0,deduped_nearest_subsequent_3D,False,True,MO/2018/57248,"Rehabilitation & Ugradation of Wardha-Hinganghat-Jam-Warora Length35.460 km) section of NH-347A from Existing Ch.132+541 (Wardha) to km 169+391 (Hinganghat) (Design Ch. 0+000 to 36+850) to two lanes paved shoulder in the state of Maharashtra on Engineering, Procurement & Construction (EPC) mode in the state of Maharashtra. रिहैबिलिटेशन & उग्रदेशन ऑफ़ Wardha-Hinganghat-Jam-वरोरा ng3.४६० km) सेक्शन ऑफ़ NH-३ फर्म फ्रॉम एक्सिस्टिंग Ch.132+५४१ (Wardha) तो कम 169+३९१ (Hinganghat) (डिज़ाइन Ch. 0+००० तो 36+850) तो तवो लेन्स पवेद शोल्डर इन थे स्टेट ऑफ़ महाराष्ट्र ों Engineering, प्रोक्योरमेंट & कन्स्ट्रकिटन कंस्ट्रक्शन (EPC) मोड इन थे स्टेट ऑफ़",https://bhoomirashi.gov.in/auth/revamp/prep_public.cshtml?nid=1&project_id=57248,72.917,71.034,1.883,0.0,0.9741761180520319
57259,2015-06-19,1644,1644,2016-06-16,2132,2132,363,0,deduped_nearest_subsequent_3D,False,True,MO/2018/57259,Acquisition of Land for providing bypass on NH-931 for amethi city in the state of Uttar Pradesh उत्तर प्रदेश राज्य में अमेठी शहर के लिए एनएच-931 पर बाईपास प्रदान करने के लिए भूमि अधिग्रहण,https://bhoomirashi.gov.in/auth/revamp/prep_public.cshtml?nid=1&project_id=57259,3.0197,0.0,3.0197,0.0,0.0
57267,2013-07-12,2151- E,2151E,2014-05-05,1213-E,1213E,297,0,deduped_nearest_subsequent_3D,False,True,MO/2018/57267,Land Acquisition on the stretch between km. 308.000 to km. 378.115 ( Jodhpur- Pali Section ) of the National Highways No. 65 (New NH 62) in the state of Rajasthan. Land Acquisition on the stretch between km. 308.000 to km. 378.115 ( Jodhpur- Pali Section ) of the National Highways No. 65 (New NH 62) in the state of Rajasthan.,https://bhoomirashi.gov.in/auth/revamp/prep_public.cshtml?nid=1&project_id=57267,200.0,0.0,200.0,0.0,0.0
57267,2014-05-05,1214-E,1214E,2014-10-10,2603-E,2603E,158,0,deduped_nearest_subsequent_3D,False,True,MO/2018/57267,Land Acquisition on the stretch between km. 308.000 to km. 378.115 ( Jodhpur- Pali Section ) of the National Highways No. 65 (New NH 62) in the state of Rajasthan. Land Acquisition on the stretch between km. 308.000 to km. 378.115 ( Jodhpur- Pali Section ) of the National Highways No. 65 (New NH 62) in the state of Rajasthan.,https://bhoomirashi.gov.in/auth/revamp/prep_public.cshtml?nid=1&project_id=57267,200.0,0.0,200.0,0.0,0.0
57287,2016-01-13,114(E),114E,2016-08-26,S.O.2794(E),SO2794E,226,0,deduped_nearest_subsequent_3D,False,True,MO/2018/57287,Rehabilitation and Up-gradation of Machilipatnam to Avanigadda section from Km 84/550 - 124/200 of NH 214A (New NH 216) to two lane with paved shoulder n the state f AP under NHDPIV through EPC basis रिहैबिलिटेशन एंड अप - ग्रेडेशन ऑफ़ मचिलीपट्नम टु अवनीगड्डा सेक्शन फ्रॉम कि. मी. ८४ /५५० - १२४ /२०० ऑफ़ एनएच-२१४ ए (नई एनएच-२१६ ) ) टु टू लेन विद पेव्ड शोल्डर इन द स्टेट ऑफ़ आंध्र प्रदेश अंडर एनएचडीपी IV थ्रू इपीसी बेसिस,https://bhoomirashi.gov.in/auth/revamp/prep_public.cshtml?nid=1&project_id=57287,500.0,250.0,250.0,0.0,0.5
57287,2017-07-21,2036,2036,2018-06-18,S.O. 2965 (E),SO2965E,332,0,deduped_nearest_subsequent_3D,False,True,MO/2018/57287,Rehabilitation and Up-gradation of Machilipatnam to Avanigadda section from Km 84/550 - 124/200 of NH 214A (New NH 216) to two lane with paved shoulder n the state f AP under NHDPIV through EPC basis रिहैबिलिटेशन एंड अप - ग्रेडेशन ऑफ़ मचिलीपट्नम टु अवनीगड्डा सेक्शन फ्रॉम कि. मी. ८४ /५५० - १२४ /२०० ऑफ़ एनएच-२१४ ए (नई एनएच-२१६ ) ) टु टू लेन विद पेव्ड शोल्डर इन द स्टेट ऑफ़ आंध्र प्रदेश अंडर एनएचडीपी IV थ्रू इपीसी बेसिस,https://bhoomirashi.gov.in/auth/revamp/prep_public.cshtml?nid=1&project_id=57287,500.0,250.0,250.0,0.0,0.5
57287,2020-03-19,S.O. 1157E,SO1157E,2021-03-11,1148(E),1148E,357,0,deduped_nearest_subsequent_3D,False,True,MO/2018/57287,Rehabilitation and Up-gradation of Machilipatnam to Avanigadda section from Km 84/550 - 124/200 of NH 214A (New NH 216) to two lane with paved shoulder n the state f AP under NHDPIV through EPC basis रिहैबिलिटेशन एंड अप - ग्रेडेशन ऑफ़ मचिलीपट्नम टु अवनीगड्डा सेक्शन फ्रॉम कि. मी. ८४ /५५० - १२४ /२०० ऑफ़ एनएच-२१४ ए (नई एनएच-२१६ ) ) टु टू लेन विद पेव्ड शोल्डर इन द स्टेट ऑफ़ आंध्र प्रदेश अंडर एनएचडीपी IV थ्रू इपीसी बेसिस,https://bhoomirashi.gov.in/auth/revamp/prep_public.cshtml?nid=1&project_id=57287,500.0,250.0,250.0,0.0,0.5
57288,2017-12-05,3340,3340,2018-11-22,S.O. 5828 (E),SO5828E,352,0,deduped_nearest_subsequent_3D,False,True,MO/2018/57288,Acquisition of land for the Construction of Bypass near Borigumma Town on NH-26 (Old NH-43) in the state of Odisha एक्वीजीशन ऑफ़ लैंड फॉर थे कंस्ट्रक्शन ऑफ़ बाईपास नियर बोरिगुम्मा टाउन ों NH-२६ (ओल्ड NH-43) इन थे स्टेट ोड ओडिशा,https://bhoomirashi.gov.in/auth/revamp/prep_public.cshtml?nid=1&project_id=57288,25.0,0.0,25.0,0.506,0.0
57288,2025-06-13,2614(E),2614E,2026-01-20,285(E),285E,221,0,deduped_nearest_subsequent_3D,False,True,MO/2018/57288,Acquisition of land for the Construction of Bypass near Borigumma Town on NH-26 (Old NH-43) in the state of Odisha एक्वीजीशन ऑफ़ लैंड फॉर थे कंस्ट्रक्शन ऑफ़ बाईपास नियर बोरिगुम्मा टाउन ों NH-२६ (ओल्ड NH-43) इन थे स्टेट ोड ओडिशा,https://bhoomirashi.gov.in/auth/revamp/prep_public.cshtml?nid=1&project_id=57288,25.0,0.0,25.0,0.506,0.0
57309,2017-07-07,2153,2153,2018-02-27,820,820,235,0,deduped_nearest_subsequent_3D,False,True,MO/2018/57309,"Rehabilitation and Up-gradation of Pratapgarh to Allahabad Bypass Road Junction section of NH-96 from existing km 100/800 to km 135/230 [Design Ch. 100.800 to Ch. 135.500] to four lane with paved shoulder in the state of Uttar Pradesh on Engineering, Procurement & Construction (EPC)Basis .",https://bhoomirashi.gov.in/auth/revamp/prep_public.cshtml?nid=1&project_id=57309,155.0,145.0,10.0,0.0,0.9354838709677419
57309,2018-07-25,3649,3649,2019-02-21,957,957,211,0,deduped_nearest_subsequent_3D,False,True,MO/2018/57309,"Rehabilitation and Up-gradation of Pratapgarh to Allahabad Bypass Road Junction section of NH-96 from existing km 100/800 to km 135/230 [Design Ch. 100.800 to Ch. 135.500] to four lane with paved shoulder in the state of Uttar Pradesh on Engineering, Procurement & Construction (EPC)Basis .",https://bhoomirashi.gov.in/auth/revamp/prep_public.cshtml?nid=1&project_id=57309,155.0,145.0,10.0,0.0,0.9354838709677419
57309,2018-10-25,5423,5423,2019-04-29,1674,1674,186,0,deduped_nearest_subsequent_3D,False,True,MO/2018/57309,"Rehabilitation and Up-gradation of Pratapgarh to Allahabad Bypass Road Junction section of NH-96 from existing km 100/800 to km 135/230 [Design Ch. 100.800 to Ch. 135.500] to four lane with paved shoulder in the state of Uttar Pradesh on Engineering, Procurement & Construction (EPC)Basis .",https://bhoomirashi.gov.in/auth/revamp/prep_public.cshtml?nid=1&project_id=57309,155.0,145.0,10.0,0.0,0.9354838709677419
57309,2019-07-11,2488,2488,2019-10-21,3801,3801,102,0,deduped_nearest_subsequent_3D,False,True,MO/2018/57309,"Rehabilitation and Up-gradation of Pratapgarh to Allahabad Bypass Road Junction section of NH-96 from existing km 100/800 to km 135/230 [Design Ch. 100.800 to Ch. 135.500] to four lane with paved shoulder in the state of Uttar Pradesh on Engineering, Procurement & Construction (EPC)Basis .",https://bhoomirashi.gov.in/auth/revamp/prep_public.cshtml?nid=1&project_id=57309,155.0,145.0,10.0,0.0,0.9354838709677419
57310,2017-04-11,"1147 , 278 , 1106",11472781106,2018-07-04,3283,3283,449,1,deduped_nearest_subsequent_3D,False,True,MO/2018/57310,Rehabilitation and upgradation of Rudhauli to Basti side approach of Ghaghra Bridge section [Km. 65+870 to Km. 122+270] of NH-233 in Uttar Pradesh उत्तर प्रदेश राज्य में राष्ट्रीय राजमार्ग सं0-233 के किमी0 65.870 से 122.270 (रूधौली से घाघरा पुल के बस्ती की तरफ का पहुंच मार्ग) तक के खण्ड का जीर्णोधार एवं उन्नयन का कार्य,https://bhoomirashi.gov.in/auth/revamp/prep_public.cshtml?nid=1&project_id=57310,208.0614,176.0,32.0614,0.0,0.8459041417581541
57310,2018-02-28,864,864,2018-09-19,4939(E),4939E,203,0,deduped_nearest_subsequent_3D,False,True,MO/2018/57310,Rehabilitation and upgradation of Rudhauli to Basti side approach of Ghaghra Bridge section [Km. 65+870 to Km. 122+270] of NH-233 in Uttar Pradesh उत्तर प्रदेश राज्य में राष्ट्रीय राजमार्ग सं0-233 के किमी0 65.870 से 122.270 (रूधौली से घाघरा पुल के बस्ती की तरफ का पहुंच मार्ग) तक के खण्ड का जीर्णोधार एवं उन्नयन का कार्य,https://bhoomirashi.gov.in/auth/revamp/prep_public.cshtml?nid=1&project_id=57310,208.0614,176.0,32.0614,0.0,0.8459041417581541
57346,2018-10-30,5582,5582,2019-01-24,395(E),395E,86,0,deduped_nearest_subsequent_3D,False,True,MO/2018/57346,Construction of ROB and its approaches in lieu of existing level crossing ( L C NO. KJ/45 )at Km. 100 on NH -327E in state of Bihar. बिहार राज्य में राष्ट्रीय राजमार्ग संख्या - 327E के कि0मी0 100 पर में स्थित ( एल. सी. संख्या KJ/45 ) पर आरओबी के निर्माण एवं पहुंच पथ निर्माण कार्य |,https://bhoomirashi.gov.in/auth/revamp/prep_public.cshtml?nid=1&project_id=57346,3.425,1.659,1.766,0.0058,0.4843795620437957
57370,2018-01-05,91,91,2018-04-10,1552,1552,95,0,deduped_nearest_subsequent_3D,False,True,MO/2018/57370,Rehabilitation and Up-gradation of Bahraich-Shravasti Section (Km. 248+400 to Km 310+000) of NH-730 to two lane with paved shoulder under EPC mode in the State of Uttar Pradesh रा0मा0 सं0 73० के कि0मी0 २४८.४०० से ३१०.००० तक 2 लेन विथ पेव्ड शोल्डर पुर्नरूद्धार एवं उच्चीकरण कार्य,https://bhoomirashi.gov.in/auth/revamp/prep_public.cshtml?nid=1&project_id=57370,0.8,0.0,0.8,0.0,0.0
57370,2018-06-29,3219,3219,2019-06-24,2064,2064,360,0,deduped_nearest_subsequent_3D,False,True,MO/2018/57370,Rehabilitation and Up-gradation of Bahraich-Shravasti Section (Km. 248+400 to Km 310+000) of NH-730 to two lane with paved shoulder under EPC mode in the State of Uttar Pradesh रा0मा0 सं0 73० के कि0मी0 २४८.४०० से ३१०.००० तक 2 लेन विथ पेव्ड शोल्डर पुर्नरूद्धार एवं उच्चीकरण कार्य,https://bhoomirashi.gov.in/auth/revamp/prep_public.cshtml?nid=1&project_id=57370,0.8,0.0,0.8,0.0,0.0
57375,2016-05-20,1844(E),1844E,2018-07-20,S.O. 3569 (E),SO3569E,791,1,deduped_nearest_subsequent_3D,False,True,MO/2018/57375,"Rehabilitation and up-gradation of Eppurpalem - Ongole section from Km 195+000 to Km 254+500 of NH-214A (New NH-216 ) to two lane with paved shoulder in the state of Andhra Pradesh under NHDP-IV through Engineering ,Procurement and Construction (EPC)basis रिहैबिलिटेशन एंड अप - ग्रेडेशन ऑफ़ इपुरपलेम - ओंगोल सेक्शन फ्रॉम कि. मी. १९५+००० से कि. मी. २५४+५०० ऑफ़ एनएच-२१४ ए (नई एनएच-२१६ ) टु टू लेन विद पेव्ड शोल्डर इन द स्टेट ऑफ़ आंध्र प्रदेश अंडर एनएचडीपी IV थ्रू इंजीनियरिंग , प्रोक्योरमेंट एंड कंस्ट्रक्शन (इपीसी) बेसिस",https://bhoomirashi.gov.in/auth/revamp/prep_public.cshtml?nid=1&project_id=57375,201.25,87.49,113.76,0.0,0.43473291925465835
57375,2017-07-28,2089,2089,2019-06-19,S.O.1987E,SO1987E,691,1,deduped_nearest_subsequent_3D,False,True,MO/2018/57375,"Rehabilitation and up-gradation of Eppurpalem - Ongole section from Km 195+000 to Km 254+500 of NH-214A (New NH-216 ) to two lane with paved shoulder in the state of Andhra Pradesh under NHDP-IV through Engineering ,Procurement and Construction (EPC)basis रिहैबिलिटेशन एंड अप - ग्रेडेशन ऑफ़ इपुरपलेम - ओंगोल सेक्शन फ्रॉम कि. मी. १९५+००० से कि. मी. २५४+५०० ऑफ़ एनएच-२१४ ए (नई एनएच-२१६ ) टु टू लेन विद पेव्ड शोल्डर इन द स्टेट ऑफ़ आंध्र प्रदेश अंडर एनएचडीपी IV थ्रू इंजीनियरिंग , प्रोक्योरमेंट एंड कंस्ट्रक्शन (इपीसी) बेसिस",https://bhoomirashi.gov.in/auth/revamp/prep_public.cshtml?nid=1&project_id=57375,201.25,87.49,113.76,0.0,0.43473291925465835
57375,2018-06-20,S.O. 3044 (E),SO3044E,2021-03-04,1046(E),1046E,988,1,deduped_nearest_subsequent_3D,False,True,MO/2018/57375,"Rehabilitation and up-gradation of Eppurpalem - Ongole section from Km 195+000 to Km 254+500 of NH-214A (New NH-216 ) to two lane with paved shoulder in the state of Andhra Pradesh under NHDP-IV through Engineering ,Procurement and Construction (EPC)basis रिहैबिलिटेशन एंड अप - ग्रेडेशन ऑफ़ इपुरपलेम - ओंगोल सेक्शन फ्रॉम कि. मी. १९५+००० से कि. मी. २५४+५०० ऑफ़ एनएच-२१४ ए (नई एनएच-२१६ ) टु टू लेन विद पेव्ड शोल्डर इन द स्टेट ऑफ़ आंध्र प्रदेश अंडर एनएचडीपी IV थ्रू इंजीनियरिंग , प्रोक्योरमेंट एंड कंस्ट्रक्शन (इपीसी) बेसिस",https://bhoomirashi.gov.in/auth/revamp/prep_public.cshtml?nid=1&project_id=57375,201.25,87.49,113.76,0.0,0.43473291925465835
57393,2018-03-21,1151,1151,2018-07-13,S.O. 3453 (E),SO3453E,114,0,deduped_nearest_subsequent_3D,False,True,MO/2018/57393,Construction of ROB & its approaches in lieu of existing unmanned level crossing at Km 1.30 on NH-217 in the state of Odisha कंस्ट्रक्शन ऑफ़ रॉब & इतस अप्प्रोचेस इन लिएउ ऑफ़ एक्सिस्टिंग उनमैंनेद लेवल क्रासिंग ात कम 1.३० ों NH-२१७ इन थे स्टेट ऑफ़ ओडिशा,https://bhoomirashi.gov.in/auth/revamp/prep_public.cshtml?nid=1&project_id=57393,10.0,0.0,10.0,0.0,0.0
57395,2018-03-21,1150,1150,2018-10-25,S.O. 5435 (E),SO5435E,218,0,deduped_nearest_subsequent_3D,False,True,MO/2018/57395,Construction of 4-lane ROB including viaduct & approaches at Km 3.7 on NH-217 (Presently known as NH-516) between Gopalpur Port & Chatrapur in the state of Odisha ओडिशा राज्य में गोपालपुर बंदरगाह और छत्रपुर के बीच एनएच -217 (वर्तमान में एनएच -516 के रूप में जाना जाता है) पर किलोमीटर 3.7 पर वाइडक्ट और दृष्टिकोण सहित 4-लेन आरओबी का निर्माण,https://bhoomirashi.gov.in/auth/revamp/prep_public.cshtml?nid=1&project_id=57395,10.0,0.0,10.0,0.0,0.0
57401,2016-10-03,2415,2415,2017-06-02,1593,1593,242,0,deduped_nearest_subsequent_3D,False,True,MO/2018/57401,Rehabilitation and upgradation of NH-40 from Km 108/850 to Km 160/200 Rayachoty to Kadapa section to two lane with paved shoulders in the state of Andhra Pradesh through EPC Basis रिहैबिलिटेशन एंड उपग्रडेशन ऑफ़ NH-१८ फ्रॉम कम 108/८५० तो कम 160/२००रया 160/२०० Rayachoty तो कडपा सेक्शन तो तवो लेन विथ पवेद शोल्डर्स इन थे स्टेट ऑफ़ आंध्र प्रदेश थ्रू एप्स,https://bhoomirashi.gov.in/auth/revamp/prep_public.cshtml?nid=1&project_id=57401,106.87,96.91,9.96,0.0,0.9068026574342659
57401,2016-10-04,RW/NH-12011/18/2015-AP/P-7,RWNH12011182015APP7,2018-08-21,S.O. 4131 (E),SO4131E,686,1,deduped_nearest_subsequent_3D,False,True,MO/2018/57401,Rehabilitation and upgradation of NH-40 from Km 108/850 to Km 160/200 Rayachoty to Kadapa section to two lane with paved shoulders in the state of Andhra Pradesh through EPC Basis रिहैबिलिटेशन एंड उपग्रडेशन ऑफ़ NH-१८ फ्रॉम कम 108/८५० तो कम 160/२००रया 160/२०० Rayachoty तो कडपा सेक्शन तो तवो लेन विथ पवेद शोल्डर्स इन थे स्टेट ऑफ़ आंध्र प्रदेश थ्रू एप्स,https://bhoomirashi.gov.in/auth/revamp/prep_public.cshtml?nid=1&project_id=57401,106.87,96.91,9.96,0.0,0.9068026574342659
57403,2018-09-28,5027(E),5027E,2019-01-24,393(E),393E,118,0,deduped_nearest_subsequent_3D,False,True,MO/2018/57403,Development to four lanes with paved side shoulders of Lambra-Tallewal Section of NH 71 from Km 12.00 to Km 114.00 in the state of Punjab on EPC Mode under NHDP IV डेवलपमेंट तो फोर लेन्स विथ पवेद साइड शोल्डर्स ऑफ़ Lambra-टल्लेवाल सेक्शन ऑफ़ नह ७१ फ्रॉम कम 12.०० तो कम 114.०० इन थे स्टेट ऑफ़ पंजाब ों EPC मोड अंडर NHDP,https://bhoomirashi.gov.in/auth/revamp/prep_public.cshtml?nid=1&project_id=57403,400.0,115.0,285.0,0.0,0.2875
57403,2018-10-25,5422,5422,2019-01-28,479(E),479E,95,0,deduped_nearest_subsequent_3D,False,True,MO/2018/57403,Development to four lanes with paved side shoulders of Lambra-Tallewal Section of NH 71 from Km 12.00 to Km 114.00 in the state of Punjab on EPC Mode under NHDP IV डेवलपमेंट तो फोर लेन्स विथ पवेद साइड शोल्डर्स ऑफ़ Lambra-टल्लेवाल सेक्शन ऑफ़ नह ७१ फ्रॉम कम 12.०० तो कम 114.०० इन थे स्टेट ऑफ़ पंजाब ों EPC मोड अंडर NHDP,https://bhoomirashi.gov.in/auth/revamp/prep_public.cshtml?nid=1&project_id=57403,400.0,115.0,285.0,0.0,0.2875
57403,2019-03-08,1258,1258,2019-07-11,2482,2482,125,0,deduped_nearest_subsequent_3D,False,True,MO/2018/57403,Development to four lanes with paved side shoulders of Lambra-Tallewal Section of NH 71 from Km 12.00 to Km 114.00 in the state of Punjab on EPC Mode under NHDP IV डेवलपमेंट तो फोर लेन्स विथ पवेद साइड शोल्डर्स ऑफ़ Lambra-टल्लेवाल सेक्शन ऑफ़ नह ७१ फ्रॉम कम 12.०० तो कम 114.०० इन थे स्टेट ऑफ़ पंजाब ों EPC मोड अंडर NHDP,https://bhoomirashi.gov.in/auth/revamp/prep_public.cshtml?nid=1&project_id=57403,400.0,115.0,285.0,0.0,0.2875
57410,2021-01-27,376 E,376E,2023-02-14,S.O. 655(E).,SO655E,748,1,deduped_nearest_subsequent_3D,False,True,MO/2018/57410,"Upgradation to 2 lane with paved shoulder standards of Highway Starting at NH66 (17) near Pen connecting to Ransai and terminating at its junction with NH-548AnearMadh (Mahad Ashtvinyak), NH-166D approximate length of 33.328 km in the state of Maharashtra on EPC mode मोड",https://bhoomirashi.gov.in/auth/revamp/prep_public.cshtml?nid=1&project_id=57410,63.68,52.78,10.9,0.005,0.8288316582914573
57410,2022-08-23,S.O. 3964(E).,SO3964E,2023-02-17,S.O. 745(E).,SO745E,178,0,deduped_nearest_subsequent_3D,False,True,MO/2018/57410,"Upgradation to 2 lane with paved shoulder standards of Highway Starting at NH66 (17) near Pen connecting to Ransai and terminating at its junction with NH-548AnearMadh (Mahad Ashtvinyak), NH-166D approximate length of 33.328 km in the state of Maharashtra on EPC mode मोड",https://bhoomirashi.gov.in/auth/revamp/prep_public.cshtml?nid=1&project_id=57410,63.68,52.78,10.9,0.005,0.8288316582914573
57414,2019-09-06,SO 3237(E),SO3237E,2019-11-05,3990,3990,60,0,deduped_nearest_subsequent_3D,False,True,MO/2018/57414,Construction of 4 lane ROB and its approaches in lieu of existing level crossing 92C at KM 63 on NH 503 (Extn.) in Nangal near Ajouli Mour in the State of Punjab on EPC Mode. कंस्ट्रक्शन ऑफ़ ४ लेन रॉब एंड इतस अप्प्रोचेस इन लिएउ ऑफ़ एक्सिस्टिंग लेवल क्रासिंग ९२क ात कम ६३ ों नह ५०३ (Extn.) इन नांगल नियर अजौली मौर इन थे स्टेट ऑफ़ पंजाब ों एप्स Mode.,https://bhoomirashi.gov.in/auth/revamp/prep_public.cshtml?nid=1&project_id=57414,4.7988,1.42,3.3788,0.0,0.2959073101608735
57417,2018-09-28,5021,5021,2019-01-11,268(E),268E,105,0,deduped_nearest_subsequent_3D,False,True,MO/2018/57417,Construction of 4 lane ROB and its approaches in lieu of existing Level Crossing No.48/E at Km 66.900 on NH-50(railway chainage 96/6-7) near Naubad in the State of Karnataka. (Job No.NH-50/KNT (14)/17-S&R(B)-013) (जॉब,https://bhoomirashi.gov.in/auth/revamp/prep_public.cshtml?nid=1&project_id=57417,18.5,1.55,16.95,0.0,0.08378378378378379
57417,2019-01-31,603,603,2019-05-17,1779,1779,106,0,deduped_nearest_subsequent_3D,False,True,MO/2018/57417,Construction of 4 lane ROB and its approaches in lieu of existing Level Crossing No.48/E at Km 66.900 on NH-50(railway chainage 96/6-7) near Naubad in the State of Karnataka. (Job No.NH-50/KNT (14)/17-S&R(B)-013) (जॉब,https://bhoomirashi.gov.in/auth/revamp/prep_public.cshtml?nid=1&project_id=57417,18.5,1.55,16.95,0.0,0.08378378378378379
57417,2020-10-12,3556,3556,2021-02-25,915(E),915E,136,0,deduped_nearest_subsequent_3D,False,True,MO/2018/57417,Construction of 4 lane ROB and its approaches in lieu of existing Level Crossing No.48/E at Km 66.900 on NH-50(railway chainage 96/6-7) near Naubad in the State of Karnataka. (Job No.NH-50/KNT (14)/17-S&R(B)-013) (जॉब,https://bhoomirashi.gov.in/auth/revamp/prep_public.cshtml?nid=1&project_id=57417,18.5,1.55,16.95,0.0,0.08378378378378379
57418,2016-05-19,1240,1240,2017-03-07,760(E),760E,292,0,deduped_nearest_subsequent_3D,False,True,MO/2018/57418,Widening and strengthening of existing SL/IL/DL to two lane with paved shoulder from Km 246/100 to Km 321/00 (Except Km 292/164 to 307/934 and Km 314/130 to 321/00) of NH-53 in the state of Odisha विडेनिंग एंड स्ट्रेंग्थेनिंग ऑफ़ एक्सिस्टिंग SL/IL/दल तो तवो तवो लेन विथ पवेद शोल्डर फ्रॉम कम 246/१०० तो कम 321/०० (एक्सेप्ट कम 292/१६४ तो 307/९३४ ाँद कम 314/१३० तो 321/00) ऑफ़ NH-५३ इन थे स्टेट ऑफ़ ओडिशा,https://bhoomirashi.gov.in/auth/revamp/prep_public.cshtml?nid=1&project_id=57418,69.838,0.0,69.838,0.008,0.0
57420,2018-06-29,3212,3212,2019-03-22,1413(E),1413E,266,0,deduped_nearest_subsequent_3D,False,True,MO/2018/57420,Sultanpur - Pratapgarh Section of NH-96 from Existing K.M.-60/000 to K.M.-90/865 सुल्तानपुर - प्रतापगढ़ सेक्शन ऑफ़ एन.एच.96 फ्रॉम एक्सिस्टिंग कि.मी-60.000 से कि.मी.90.865,https://bhoomirashi.gov.in/auth/revamp/prep_public.cshtml?nid=1&project_id=57420,91.46,90.4408,1.0192,0.0,0.9888563306363438
57423,2017-12-01,3330,3330,2018-08-21,S.O. 4125 (E),SO4125E,263,0,deduped_nearest_subsequent_3D,False,True,MO/2018/57423,Rehabilitation and upgradation of NH-340 from km 0/0 to km 60/380 (Design Ch. 0/000 to 60/025) excluding km 55/600 to km 57/650 (2.050 km ) of Rayachoty to Angallu section to two lane with paved shoulders on EPC mode under NH(O) in the state of Andhra Pradesh रिहैबिलिटेशन एंड उपग्रडेशन ऑफ़ NH-३४० फ्रॉम कम 0/० तो कम 60/३८० (डिज़ाइन Ch. 0/००० तो 60/025) एक्सक्लूडिंग कम 55.६०० तो कम (2.०५० कम ) ऑफ़ रायचात्य तो अनगल्लू सेक्शन तो तवो लेन विथ पवेद शोल्डर्स ों एप्स मोड अंडर NH(O) इन थे स्टेट ऑफ़ आंध्र प्रदेश,https://bhoomirashi.gov.in/auth/revamp/prep_public.cshtml?nid=1&project_id=57423,154.0,115.95,38.05,0.0,0.752922077922078
57423,2017-12-01,3332,3332,2018-11-15,S.O. 5778 (E),SO5778E,349,0,deduped_nearest_subsequent_3D,False,True,MO/2018/57423,Rehabilitation and upgradation of NH-340 from km 0/0 to km 60/380 (Design Ch. 0/000 to 60/025) excluding km 55/600 to km 57/650 (2.050 km ) of Rayachoty to Angallu section to two lane with paved shoulders on EPC mode under NH(O) in the state of Andhra Pradesh रिहैबिलिटेशन एंड उपग्रडेशन ऑफ़ NH-३४० फ्रॉम कम 0/० तो कम 60/३८० (डिज़ाइन Ch. 0/००० तो 60/025) एक्सक्लूडिंग कम 55.६०० तो कम (2.०५० कम ) ऑफ़ रायचात्य तो अनगल्लू सेक्शन तो तवो लेन विथ पवेद शोल्डर्स ों एप्स मोड अंडर NH(O) इन थे स्टेट ऑफ़ आंध्र प्रदेश,https://bhoomirashi.gov.in/auth/revamp/prep_public.cshtml?nid=1&project_id=57423,154.0,115.95,38.05,0.0,0.752922077922078
57423,2018-08-23,3350,3350,2019-02-06,S.O 712E,SO712E,167,0,deduped_nearest_subsequent_3D,False,True,MO/2018/57423,Rehabilitation and upgradation of NH-340 from km 0/0 to km 60/380 (Design Ch. 0/000 to 60/025) excluding km 55/600 to km 57/650 (2.050 km ) of Rayachoty to Angallu section to two lane with paved shoulders on EPC mode under NH(O) in the state of Andhra Pradesh रिहैबिलिटेशन एंड उपग्रडेशन ऑफ़ NH-३४० फ्रॉम कम 0/० तो कम 60/३८० (डिज़ाइन Ch. 0/००० तो 60/025) एक्सक्लूडिंग कम 55.६०० तो कम (2.०५० कम ) ऑफ़ रायचात्य तो अनगल्लू सेक्शन तो तवो लेन विथ पवेद शोल्डर्स ों एप्स मोड अंडर NH(O) इन थे स्टेट ऑफ़ आंध्र प्रदेश,https://bhoomirashi.gov.in/auth/revamp/prep_public.cshtml?nid=1&project_id=57423,154.0,115.95,38.05,0.0,0.752922077922078
57423,2018-08-23,S.O.4157 (E),SO4157E,2020-01-24,S.O.359E,SO359E,519,1,deduped_nearest_subsequent_3D,False,True,MO/2018/57423,Rehabilitation and upgradation of NH-340 from km 0/0 to km 60/380 (Design Ch. 0/000 to 60/025) excluding km 55/600 to km 57/650 (2.050 km ) of Rayachoty to Angallu section to two lane with paved shoulders on EPC mode under NH(O) in the state of Andhra Pradesh रिहैबिलिटेशन एंड उपग्रडेशन ऑफ़ NH-३४० फ्रॉम कम 0/० तो कम 60/३८० (डिज़ाइन Ch. 0/००० तो 60/025) एक्सक्लूडिंग कम 55.६०० तो कम (2.०५० कम ) ऑफ़ रायचात्य तो अनगल्लू सेक्शन तो तवो लेन विथ पवेद शोल्डर्स ों एप्स मोड अंडर NH(O) इन थे स्टेट ऑफ़ आंध्र प्रदेश,https://bhoomirashi.gov.in/auth/revamp/prep_public.cshtml?nid=1&project_id=57423,154.0,115.95,38.05,0.0,0.752922077922078
57430,2018-02-27,819,819,2018-07-04,3758,3758,127,0,deduped_nearest_subsequent_3D,False,True,MO/2018/57430,Rehabilitation and up-gradation of Tulsipur - Badhani section (from km. 351.000 to 385.000) of NH-730 in the State of Uttar Pradesh to two lanes with paved shoulders under EPC mode रा0मा0 सं0 730 तुलसीपुर-बढ़नी मार्ग के कि0मी0 351.000 से 385.000 के मध्य 2 लेन विथ पेव्ड शोल्डर ई0पी0सी0 मोड के अन्र्तगत मार्ग चैड़ीकरण एवं सुदृढीकरण कार्य,https://bhoomirashi.gov.in/auth/revamp/prep_public.cshtml?nid=1&project_id=57430,6.855,0.0,6.855,0.0,0.0
57430,2021-04-15,1645,1645,2021-06-11,2262,2262,57,0,deduped_nearest_subsequent_3D,False,True,MO/2018/57430,Rehabilitation and up-gradation of Tulsipur - Badhani section (from km. 351.000 to 385.000) of NH-730 in the State of Uttar Pradesh to two lanes with paved shoulders under EPC mode रा0मा0 सं0 730 तुलसीपुर-बढ़नी मार्ग के कि0मी0 351.000 से 385.000 के मध्य 2 लेन विथ पेव्ड शोल्डर ई0पी0सी0 मोड के अन्र्तगत मार्ग चैड़ीकरण एवं सुदृढीकरण कार्य,https://bhoomirashi.gov.in/auth/revamp/prep_public.cshtml?nid=1&project_id=57430,6.855,0.0,6.855,0.0,0.0
57431,2018-01-31,RW/NH-12014/AP(14)LA/2016-S&R(B),RWNH12014AP14LA2016SRB,2018-10-25,S.O. 5444 (E),SO5444E,267,0,deduped_nearest_subsequent_3D,False,True,MO/2018/57431,Construction of 2 lane RoB and subway in lieu of LC No.88 at Railway km 136/5-6 between Kurbalakota and Madanapalli Section on Dharmavaram - Pakala section at km 56/100 of NH - 340 on EPC mode in the state of Andhra Pradesh कंस्ट्रक्शन ऑफ़ २ लेन रॉब एंड सबवे इन लिएउ ऑफ़ लक No.८८ ात रेलवे कम 136/5-६ बिटवीन कुर्बलकोटा एंड मदनपल्ली सेक्शन ों धर्मावरम - पाकला सेक्शन ात कम 56/१०० ऑफ़ नह - ३४० ों एप्स मोड इन थे स्टेट ऑफ़ आंध्र,https://bhoomirashi.gov.in/auth/revamp/prep_public.cshtml?nid=1&project_id=57431,6.5,1.1,5.4,0.0,0.16923076923076924
57431,2018-11-28,S.O. 5911(E),SO5911E,2019-11-22,S.O. 4253E,SO4253E,359,0,deduped_nearest_subsequent_3D,False,True,MO/2018/57431,Construction of 2 lane RoB and subway in lieu of LC No.88 at Railway km 136/5-6 between Kurbalakota and Madanapalli Section on Dharmavaram - Pakala section at km 56/100 of NH - 340 on EPC mode in the state of Andhra Pradesh कंस्ट्रक्शन ऑफ़ २ लेन रॉब एंड सबवे इन लिएउ ऑफ़ लक No.८८ ात रेलवे कम 136/5-६ बिटवीन कुर्बलकोटा एंड मदनपल्ली सेक्शन ों धर्मावरम - पाकला सेक्शन ात कम 56/१०० ऑफ़ नह - ३४० ों एप्स मोड इन थे स्टेट ऑफ़ आंध्र,https://bhoomirashi.gov.in/auth/revamp/prep_public.cshtml?nid=1&project_id=57431,6.5,1.1,5.4,0.0,0.16923076923076924
57434,2018-03-16,1047,1047,2018-10-25,S.O. 5452 (E),SO5452E,223,0,deduped_nearest_subsequent_3D,False,True,MO/2018/57434,Construction of ROB at km 510/8 of NH 565 ( near Yerpedu ) in lieu of LC No 36 in the state of andhra pradesh under NHDPV-IV through EPC contract system कंस्ट्रक्शन ऑफ़ रॉब ात कम 510/८ ऑफ़ नह ५६५ ( नियर येरपेडू ) इन लिएउ ऑफ़ LC नो ३६इन थे स्टेट ऑफ़ आंध्र प्रदेश अंडर NHDPV-िव थ्रू एप्स कॉन्ट्रैक्ट सिस्टम,https://bhoomirashi.gov.in/auth/revamp/prep_public.cshtml?nid=1&project_id=57434,11.0,1.62,9.38,0.0,0.14727272727272728
57444,2017-10-12,3303(E),3303E,2018-10-25,S.O. 5405 (E),SO5405E,378,1,deduped_nearest_subsequent_3D,False,True,MO/2018/57444,Construction of proposed 4 lane ROB and its approaches in lieu of existing level crossing no 95/SPL at km 272.600 (railway chainage 93/17 - 19) on NH 205 in the state of andhra pradesh कंस्ट्रक्शन ऑफ़ प्रोपोस्ड 4 लेन आर ओ बी एंड इट्स अप्प्रोचिस इन लियु ऑफ़ एक्सिस्टिंग लेवल क्रासिंग न. 95/एस पी एल एट किमी . 272.600 (रेलवे चैनेज 93/17 - 19) ऑन एनएच 205 इन द स्टेट ऑफ़ आंध्र प्रदेश,https://bhoomirashi.gov.in/auth/revamp/prep_public.cshtml?nid=1&project_id=57444,18.13,1.13,17.0,0.0,0.06232763375620518
57444,2018-05-24,2123,2123,2018-12-31,S.O.6439(E),SO6439E,221,0,deduped_nearest_subsequent_3D,False,True,MO/2018/57444,Construction of proposed 4 lane ROB and its approaches in lieu of existing level crossing no 95/SPL at km 272.600 (railway chainage 93/17 - 19) on NH 205 in the state of andhra pradesh कंस्ट्रक्शन ऑफ़ प्रोपोस्ड 4 लेन आर ओ बी एंड इट्स अप्प्रोचिस इन लियु ऑफ़ एक्सिस्टिंग लेवल क्रासिंग न. 95/एस पी एल एट किमी . 272.600 (रेलवे चैनेज 93/17 - 19) ऑन एनएच 205 इन द स्टेट ऑफ़ आंध्र प्रदेश,https://bhoomirashi.gov.in/auth/revamp/prep_public.cshtml?nid=1&project_id=57444,18.13,1.13,17.0,0.0,0.06232763375620518
57446,2016-02-29,SO625,SO625,2017-02-23,630(E),630E,360,0,deduped_nearest_subsequent_3D,False,True,MO/2018/57446,Acquisition of land for the construction of Bypass road for Nabarangapur Town on NH-26 (Old NH 201) in the state of Odisha एक्वीजीशन ऑफ़ लैंड फॉर थे कंस्ट्रक्शन ऑफ़ बाईपास रोड फॉर नबरंगपुर टाउन ों NH-२६ (ओल्ड नह 201) इन थे स्टेट ऑफ़ ओडिशा,https://bhoomirashi.gov.in/auth/revamp/prep_public.cshtml?nid=1&project_id=57446,100.0,0.0,100.0,0.0,0.0
57446,2018-03-09,1235(E),1235E,2019-03-06,1152(E),1152E,362,0,deduped_nearest_subsequent_3D,False,True,MO/2018/57446,Acquisition of land for the construction of Bypass road for Nabarangapur Town on NH-26 (Old NH 201) in the state of Odisha एक्वीजीशन ऑफ़ लैंड फॉर थे कंस्ट्रक्शन ऑफ़ बाईपास रोड फॉर नबरंगपुर टाउन ों NH-२६ (ओल्ड नह 201) इन थे स्टेट ऑफ़ ओडिशा,https://bhoomirashi.gov.in/auth/revamp/prep_public.cshtml?nid=1&project_id=57446,100.0,0.0,100.0,0.0,0.0
57478,2023-02-02,512(E),512E,2024-01-25,341(E),341E,357,0,deduped_nearest_subsequent_3D,False,True,MO/2018/57478,Rehabilitation and upgradation of Nh-365BB from AP/Telangana border (Aswaraopeta)- Jeelugumilli-Pattiseema- Kovvur (Ch 0/000 to ch 85/340) to two lane with paved shoulders in the state of Andhra Pradesh रिहैबिलिटेशन एंड अप - ग्रेडेशन ऑफ़ एनएच - 365 बीबी फ्रॉम एपी / तेलंगाना बॉर्डर (अस्वाराओपेटा) - जिलुगुमिल्ली - पट्टीसीमा - कोव्वूर (चै. 0/000 टू चै. 85/340) टु टू लेन विद पेव्ड शोल्डर्स इन द स्टेट ऑफ़ आंध्र प्रदेश,https://bhoomirashi.gov.in/auth/revamp/prep_public.cshtml?nid=1&project_id=57478,679.7,0.0,679.7,0.004,0.0
57478,2024-01-18,262(E0,262E0,2024-08-22,3554(E),3554E,217,0,deduped_nearest_subsequent_3D,False,True,MO/2018/57478,Rehabilitation and upgradation of Nh-365BB from AP/Telangana border (Aswaraopeta)- Jeelugumilli-Pattiseema- Kovvur (Ch 0/000 to ch 85/340) to two lane with paved shoulders in the state of Andhra Pradesh रिहैबिलिटेशन एंड अप - ग्रेडेशन ऑफ़ एनएच - 365 बीबी फ्रॉम एपी / तेलंगाना बॉर्डर (अस्वाराओपेटा) - जिलुगुमिल्ली - पट्टीसीमा - कोव्वूर (चै. 0/000 टू चै. 85/340) टु टू लेन विद पेव्ड शोल्डर्स इन द स्टेट ऑफ़ आंध्र प्रदेश,https://bhoomirashi.gov.in/auth/revamp/prep_public.cshtml?nid=1&project_id=57478,679.7,0.0,679.7,0.004,0.0
57478,2024-01-18,265(E),265E,2024-12-16,5431(E),5431E,333,0,deduped_nearest_subsequent_3D,False,True,MO/2018/57478,Rehabilitation and upgradation of Nh-365BB from AP/Telangana border (Aswaraopeta)- Jeelugumilli-Pattiseema- Kovvur (Ch 0/000 to ch 85/340) to two lane with paved shoulders in the state of Andhra Pradesh रिहैबिलिटेशन एंड अप - ग्रेडेशन ऑफ़ एनएच - 365 बीबी फ्रॉम एपी / तेलंगाना बॉर्डर (अस्वाराओपेटा) - जिलुगुमिल्ली - पट्टीसीमा - कोव्वूर (चै. 0/000 टू चै. 85/340) टु टू लेन विद पेव्ड शोल्डर्स इन द स्टेट ऑफ़ आंध्र प्रदेश,https://bhoomirashi.gov.in/auth/revamp/prep_public.cshtml?nid=1&project_id=57478,679.7,0.0,679.7,0.004,0.0
57478,2024-11-14,4944(E),4944E,2025-01-27,480(E),480E,74,0,deduped_nearest_subsequent_3D,False,True,MO/2018/57478,Rehabilitation and upgradation of Nh-365BB from AP/Telangana border (Aswaraopeta)- Jeelugumilli-Pattiseema- Kovvur (Ch 0/000 to ch 85/340) to two lane with paved shoulders in the state of Andhra Pradesh रिहैबिलिटेशन एंड अप - ग्रेडेशन ऑफ़ एनएच - 365 बीबी फ्रॉम एपी / तेलंगाना बॉर्डर (अस्वाराओपेटा) - जिलुगुमिल्ली - पट्टीसीमा - कोव्वूर (चै. 0/000 टू चै. 85/340) टु टू लेन विद पेव्ड शोल्डर्स इन द स्टेट ऑफ़ आंध्र प्रदेश,https://bhoomirashi.gov.in/auth/revamp/prep_public.cshtml?nid=1&project_id=57478,679.7,0.0,679.7,0.004,0.0
57478,2025-02-27,5105(E),5105E,2025-04-25,1894(E),1894E,57,0,deduped_nearest_subsequent_3D,False,True,MO/2018/57478,Rehabilitation and upgradation of Nh-365BB from AP/Telangana border (Aswaraopeta)- Jeelugumilli-Pattiseema- Kovvur (Ch 0/000 to ch 85/340) to two lane with paved shoulders in the state of Andhra Pradesh रिहैबिलिटेशन एंड अप - ग्रेडेशन ऑफ़ एनएच - 365 बीबी फ्रॉम एपी / तेलंगाना बॉर्डर (अस्वाराओपेटा) - जिलुगुमिल्ली - पट्टीसीमा - कोव्वूर (चै. 0/000 टू चै. 85/340) टु टू लेन विद पेव्ड शोल्डर्स इन द स्टेट ऑफ़ आंध्र प्रदेश,https://bhoomirashi.gov.in/auth/revamp/prep_public.cshtml?nid=1&project_id=57478,679.7,0.0,679.7,0.004,0.0
57479,2017-09-22,S.O. 3098(E),SO3098E,2018-09-05,4323(E),4323E,348,0,deduped_nearest_subsequent_3D,False,True,MO/2018/57479,CONSTRUCTION OF NH-21A (NEW NH-105) 4-LANE PINJORE BYPASS STARTING FROM KM 54.533 OF NH-22 AND TERMINATING AT KM 3.800 OF NH-21A (BYPASS CHAINAGE FROM KM 0.000 TO KM 7.700 TOTAL LENGTH 7.700 KM) IN THE STATE OF HARYANA ON EPC MODE हरियाणा राज्य मे राष्ट्रीय राजमार्ग संख्या 21ए (नई रा0रा0 संख्या- 105) के रा0रा 22 के कि.मी. 54.533 से प्रांरभ होने वाला और राष्ट्रीय राजमार्ग 21ए के कि.मी.3.800 पर समाप्त (बाईपास चैनेज कि.मी. 0.00 से कि.मी. 7.70 तक़) 4 लेन पिंजौर बाईपास का निर्माण,https://bhoomirashi.gov.in/auth/revamp/prep_public.cshtml?nid=1&project_id=57479,2.8934,0.0,2.8934,0.0,0.0
57483,2018-07-31,2948,2948,2018-10-26,5469,5469,87,0,deduped_nearest_subsequent_3D,False,True,MO/2018/57483,Widening to Two lane with paved shoulder from km 67.00 to km 114.425 of kalwakurthy-mallepally section of NH-167 (Erstwhile section of SH-18) in the state of Telangana on EPC Mode under NH(O) Annual plan 2016-17 विडेनिंग टू तवो लेन विद पेव्ड शोल्डर फ्रॉम कम ६७ ०० टू कम ११४ ४२५ ऑफ़ कलवाकुरथी मलपल्ली सेक्शन ऑफ़ नह 167 ेरस्टवहिले सेक्शन ऑफ़ श १८ इन दे स्टेट ऑफ़ तेलंगाना ऑन एप्स मोड अंडर नह ो एनुअल प्लैन 2016 17,https://bhoomirashi.gov.in/auth/revamp/prep_public.cshtml?nid=1&project_id=57483,144.53,126.14,18.39,0.0,0.8727599806268594
57483,2018-07-31,2949,2949,2018-10-26,5470,5470,87,0,deduped_nearest_subsequent_3D,False,True,MO/2018/57483,Widening to Two lane with paved shoulder from km 67.00 to km 114.425 of kalwakurthy-mallepally section of NH-167 (Erstwhile section of SH-18) in the state of Telangana on EPC Mode under NH(O) Annual plan 2016-17 विडेनिंग टू तवो लेन विद पेव्ड शोल्डर फ्रॉम कम ६७ ०० टू कम ११४ ४२५ ऑफ़ कलवाकुरथी मलपल्ली सेक्शन ऑफ़ नह 167 ेरस्टवहिले सेक्शन ऑफ़ श १८ इन दे स्टेट ऑफ़ तेलंगाना ऑन एप्स मोड अंडर नह ो एनुअल प्लैन 2016 17,https://bhoomirashi.gov.in/auth/revamp/prep_public.cshtml?nid=1&project_id=57483,144.53,126.14,18.39,0.0,0.8727599806268594
57483,2021-07-16,2852(E),2852E,2021-10-12,4229,4229,88,0,deduped_nearest_subsequent_3D,False,True,MO/2018/57483,Widening to Two lane with paved shoulder from km 67.00 to km 114.425 of kalwakurthy-mallepally section of NH-167 (Erstwhile section of SH-18) in the state of Telangana on EPC Mode under NH(O) Annual plan 2016-17 विडेनिंग टू तवो लेन विद पेव्ड शोल्डर फ्रॉम कम ६७ ०० टू कम ११४ ४२५ ऑफ़ कलवाकुरथी मलपल्ली सेक्शन ऑफ़ नह 167 ेरस्टवहिले सेक्शन ऑफ़ श १८ इन दे स्टेट ऑफ़ तेलंगाना ऑन एप्स मोड अंडर नह ो एनुअल प्लैन 2016 17,https://bhoomirashi.gov.in/auth/revamp/prep_public.cshtml?nid=1&project_id=57483,144.53,126.14,18.39,0.0,0.8727599806268594
57491,2018-06-29,3218,3218,2018-09-12,4798,4798,75,0,deduped_nearest_subsequent_3D,False,True,MO/2018/57491,Rehabilitation and Up-gradation of NH-28C from Km. 0.000 to 43.000 Barabanki to Jarwal Road Junction Section in the State of Uttar Pradesh to two lanes with paved shoulders under NHDP-IV on EPC basis राष्ट्रीय मार्ग सं0- 28सी (बाराबंकी- जरवल रोड) के कि0मी0 0.000 से 43.000 तक के भाग के पुर्नरूद्धार एवं चैड़ीकरण का कार्य,https://bhoomirashi.gov.in/auth/revamp/prep_public.cshtml?nid=1&project_id=57491,0.2466,0.0,0.2466,0.2466,0.0
57502,2018-08-18,3218,3218,2018-10-26,5468,5468,69,0,deduped_nearest_subsequent_3D,False,True,MO/2018/57502,Widening to two lane with paved shoulders from km 15.525 to km 62.880 of jadcherla -kalwakurthy section (erstwhile SH-18) of NH-167 on EPC mode under NH(O) in the state of Telangana विडेनिंग तो तवो लेन विथ पवेद शोल्डर्स फ्रॉम कम 15.५२५ तो कम 62.८८० ऑफ़ जड्चर्ला -कलवाकुरथी सेक्शन (ेरस्टवहिले SH-18) ऑफ़ NH-१६७ ों एप्स मोड अंडर NH(O) इन थे स्टेट ऑफ़ तेलंगाना,https://bhoomirashi.gov.in/auth/revamp/prep_public.cshtml?nid=1&project_id=57502,145.625,140.265,5.36,0.0,0.9631931330472102
57502,2018-09-12,3645,3645,2019-02-06,628,628,147,0,deduped_nearest_subsequent_3D,False,True,MO/2018/57502,Widening to two lane with paved shoulders from km 15.525 to km 62.880 of jadcherla -kalwakurthy section (erstwhile SH-18) of NH-167 on EPC mode under NH(O) in the state of Telangana विडेनिंग तो तवो लेन विथ पवेद शोल्डर्स फ्रॉम कम 15.५२५ तो कम 62.८८० ऑफ़ जड्चर्ला -कलवाकुरथी सेक्शन (ेरस्टवहिले SH-18) ऑफ़ NH-१६७ ों एप्स मोड अंडर NH(O) इन थे स्टेट ऑफ़ तेलंगाना,https://bhoomirashi.gov.in/auth/revamp/prep_public.cshtml?nid=1&project_id=57502,145.625,140.265,5.36,0.0,0.9631931330472102
57502,2019-06-25,1864,1864,2021-01-21,315,315,576,1,deduped_nearest_subsequent_3D,False,True,MO/2018/57502,Widening to two lane with paved shoulders from km 15.525 to km 62.880 of jadcherla -kalwakurthy section (erstwhile SH-18) of NH-167 on EPC mode under NH(O) in the state of Telangana विडेनिंग तो तवो लेन विथ पवेद शोल्डर्स फ्रॉम कम 15.५२५ तो कम 62.८८० ऑफ़ जड्चर्ला -कलवाकुरथी सेक्शन (ेरस्टवहिले SH-18) ऑफ़ NH-१६७ ों एप्स मोड अंडर NH(O) इन थे स्टेट ऑफ़ तेलंगाना,https://bhoomirashi.gov.in/auth/revamp/prep_public.cshtml?nid=1&project_id=57502,145.625,140.265,5.36,0.0,0.9631931330472102
57551,2018-01-23,346,346,2018-08-14,4006,4006,203,0,deduped_nearest_subsequent_3D,False,True,MO/2018/57551,Construction of Paved shoulder and drain work from km 47 . 000 to 65 . 000 of NH - 353 ( NEW NH - 217 ) IN the state of chhattisgarh कंस्ट्रक्शन ऑफ़ पवेद शोल्डर एंड ड्रेन वर्क फ्रॉम कम ४७ . ००० तो ६५ . ००० ऑफ़ नह - ३५३ ( नई नह - २१७ ) इन थे स्टेट ऑफ़ छत्तीसगढ़,https://bhoomirashi.gov.in/auth/revamp/prep_public.cshtml?nid=1&project_id=57551,9.0934,0.0,9.0934,0.0,0.0
57558,2018-07-06,3339,3339,2019-01-31,569,569,209,0,deduped_nearest_subsequent_3D,False,True,MO/2018/57558,Construction of 4 lane ROB and its approaches in lieu of existing Level Crossing No.75 at Km 15.06 - 16.57 on NH-218 in the State of Karnataka (Job No- NH-218/KNT (6)/2016-17-008-S&R(B)). .,https://bhoomirashi.gov.in/auth/revamp/prep_public.cshtml?nid=1&project_id=57558,16.04,1.52,14.52,0.121653,0.09476309226932669
57558,2019-12-31,20,20,2020-12-24,4691,4691,359,0,deduped_nearest_subsequent_3D,False,True,MO/2018/57558,Construction of 4 lane ROB and its approaches in lieu of existing Level Crossing No.75 at Km 15.06 - 16.57 on NH-218 in the State of Karnataka (Job No- NH-218/KNT (6)/2016-17-008-S&R(B)). .,https://bhoomirashi.gov.in/auth/revamp/prep_public.cshtml?nid=1&project_id=57558,16.04,1.52,14.52,0.121653,0.09476309226932669
57558,2022-08-16,3847,3847,2023-06-30,2847(E),2847E,318,0,deduped_nearest_subsequent_3D,False,True,MO/2018/57558,Construction of 4 lane ROB and its approaches in lieu of existing Level Crossing No.75 at Km 15.06 - 16.57 on NH-218 in the State of Karnataka (Job No- NH-218/KNT (6)/2016-17-008-S&R(B)). .,https://bhoomirashi.gov.in/auth/revamp/prep_public.cshtml?nid=1&project_id=57558,16.04,1.52,14.52,0.121653,0.09476309226932669
57565,2015-07-23,1545,1545,2016-05-09,1677(E),1677E,291,0,deduped_nearest_subsequent_3D,False,True,MO/2018/57565,Acquisition of land for construction of Bypass road near Berhampur town on NH-59 in the state of Odisha एक्वीजीशन ऊफ लैंड फॉर कंस्ट्रक्शन ऑफ़ बाईपास रोड नियर बेरहामपुर टाउन ों NH-५९ इन थे स्टेट ऑफ़ ओडिशा,https://bhoomirashi.gov.in/auth/revamp/prep_public.cshtml?nid=1&project_id=57565,150.0,0.0,150.0,0.03,0.0
57572,2017-07-28,2086,2086,2018-07-27,3692(E),3692E,364,0,deduped_nearest_subsequent_3D,False,True,MO/2018/57572,Widening to Two lane with paved shoulders from Km 125.626 to 155.800 of NH 167 Hagari Jadachela Section in the State Of Karnataka on EPC Mode (Job No. NH-167-KNT-2016-17-814 विडेनिंग तो तवो लेन विथ पवेद शोल्डर्स फ्रॉम कम कम 125.६२६ 155.८०० ऑफ़ नह नह १६७ हजारी जड़चेला सेक्शन इन थे स्टेट ऑफ़ कर्नाटक ों एप्स मोड (जॉब No.,https://bhoomirashi.gov.in/auth/revamp/prep_public.cshtml?nid=1&project_id=57572,120.0,43.2,76.8,0.0,0.36000000000000004
57572,2017-09-08,2603,2603,2018-08-31,4273(E),4273E,357,0,deduped_nearest_subsequent_3D,False,True,MO/2018/57572,Widening to Two lane with paved shoulders from Km 125.626 to 155.800 of NH 167 Hagari Jadachela Section in the State Of Karnataka on EPC Mode (Job No. NH-167-KNT-2016-17-814 विडेनिंग तो तवो लेन विथ पवेद शोल्डर्स फ्रॉम कम कम 125.६२६ 155.८०० ऑफ़ नह नह १६७ हजारी जड़चेला सेक्शन इन थे स्टेट ऑफ़ कर्नाटक ों एप्स मोड (जॉब No.,https://bhoomirashi.gov.in/auth/revamp/prep_public.cshtml?nid=1&project_id=57572,120.0,43.2,76.8,0.0,0.36000000000000004
57572,2018-11-30,5952,5952,2019-09-19,3399,3399,293,0,deduped_nearest_subsequent_3D,False,True,MO/2018/57572,Widening to Two lane with paved shoulders from Km 125.626 to 155.800 of NH 167 Hagari Jadachela Section in the State Of Karnataka on EPC Mode (Job No. NH-167-KNT-2016-17-814 विडेनिंग तो तवो लेन विथ पवेद शोल्डर्स फ्रॉम कम कम 125.६२६ 155.८०० ऑफ़ नह नह १६७ हजारी जड़चेला सेक्शन इन थे स्टेट ऑफ़ कर्नाटक ों एप्स मोड (जॉब No.,https://bhoomirashi.gov.in/auth/revamp/prep_public.cshtml?nid=1&project_id=57572,120.0,43.2,76.8,0.0,0.36000000000000004
57572,2019-08-27,3088,3088,2020-08-20,2833,2833,359,0,deduped_nearest_subsequent_3D,False,True,MO/2018/57572,Widening to Two lane with paved shoulders from Km 125.626 to 155.800 of NH 167 Hagari Jadachela Section in the State Of Karnataka on EPC Mode (Job No. NH-167-KNT-2016-17-814 विडेनिंग तो तवो लेन विथ पवेद शोल्डर्स फ्रॉम कम कम 125.६२६ 155.८०० ऑफ़ नह नह १६७ हजारी जड़चेला सेक्शन इन थे स्टेट ऑफ़ कर्नाटक ों एप्स मोड (जॉब No.,https://bhoomirashi.gov.in/auth/revamp/prep_public.cshtml?nid=1&project_id=57572,120.0,43.2,76.8,0.0,0.36000000000000004
57572,2023-06-06,2478(E),2478E,2024-08-02,3091(E),3091E,423,1,deduped_nearest_subsequent_3D,False,True,MO/2018/57572,Widening to Two lane with paved shoulders from Km 125.626 to 155.800 of NH 167 Hagari Jadachela Section in the State Of Karnataka on EPC Mode (Job No. NH-167-KNT-2016-17-814 विडेनिंग तो तवो लेन विथ पवेद शोल्डर्स फ्रॉम कम कम 125.६२६ 155.८०० ऑफ़ नह नह १६७ हजारी जड़चेला सेक्शन इन थे स्टेट ऑफ़ कर्नाटक ों एप्स मोड (जॉब No.,https://bhoomirashi.gov.in/auth/revamp/prep_public.cshtml?nid=1&project_id=57572,120.0,43.2,76.8,0.0,0.36000000000000004
57574,2017-08-20,2818-E,2818E,2018-03-20,1242-E,1242E,212,0,deduped_nearest_subsequent_3D,False,True,MO/2018/57574,Land Acquisition for Construction & Maintanance of Two lanning with paved Shoulder (2L+PS) on NH-113 From km.72/000 to km. 83/000 in the District of Pratapgarh in the state of Rajasthan. राजस्थान राज्य में प्रतापगढ़ जिले में एनएच-113 पर पैवेड शोल्डर (2 एल + पीएस) के साथ दो लेन के निर्माण और रखरखाव के लिए किमी .72 / 000 से किमी 83/000 तक भूमि अधिग्रहण .,https://bhoomirashi.gov.in/auth/revamp/prep_public.cshtml?nid=1&project_id=57574,222.0,0.0,222.0,0.1053,0.0
57574,2021-12-07,5062-E,5062E,2022-11-24,5479-E,5479E,352,0,deduped_nearest_subsequent_3D,False,True,MO/2018/57574,Land Acquisition for Construction & Maintanance of Two lanning with paved Shoulder (2L+PS) on NH-113 From km.72/000 to km. 83/000 in the District of Pratapgarh in the state of Rajasthan. राजस्थान राज्य में प्रतापगढ़ जिले में एनएच-113 पर पैवेड शोल्डर (2 एल + पीएस) के साथ दो लेन के निर्माण और रखरखाव के लिए किमी .72 / 000 से किमी 83/000 तक भूमि अधिग्रहण .,https://bhoomirashi.gov.in/auth/revamp/prep_public.cshtml?nid=1&project_id=57574,222.0,0.0,222.0,0.1053,0.0
57574,2024-11-19,4966-E,4966E,2025-01-30,549-E,549E,72,0,deduped_nearest_subsequent_3D,False,True,MO/2018/57574,Land Acquisition for Construction & Maintanance of Two lanning with paved Shoulder (2L+PS) on NH-113 From km.72/000 to km. 83/000 in the District of Pratapgarh in the state of Rajasthan. राजस्थान राज्य में प्रतापगढ़ जिले में एनएच-113 पर पैवेड शोल्डर (2 एल + पीएस) के साथ दो लेन के निर्माण और रखरखाव के लिए किमी .72 / 000 से किमी 83/000 तक भूमि अधिग्रहण .,https://bhoomirashi.gov.in/auth/revamp/prep_public.cshtml?nid=1&project_id=57574,222.0,0.0,222.0,0.1053,0.0
57575,2016-05-25,1924,1924,2018-12-21,6259(E),6259E,940,1,deduped_nearest_subsequent_3D,False,True,MO/2018/57575,Rehabilitation and Upgradation of NH 167 B from km 43 / 097 to 99 / 103 of Porumamilla to C.S.Puram ( on NH 167B ) to two lane with paved shoulders in the State of Andhra Pradesh under NH ( O ) रिहैबिलिटेशन एंड उपग्रडेशन ऑफ़ नह १६७ बी फ्रॉम कम ४३ / ०९७ तो ९९ / १०३ ऑफ़ पुरुममिलला तो सी यस पुरम ( ों नह १६७ बी ) तो तवो लेन विथ पवेद शोल्डर्स इन थे स्टेट ऑफ़ आंध्र प्रदेश अंडर नह ( ो ),https://bhoomirashi.gov.in/auth/revamp/prep_public.cshtml?nid=1&project_id=57575,310.0,29.0,281.0,0.0,0.0935483870967742
57575,2018-05-25,1924,1924,2019-05-17,S.O 1773E,SO1773E,357,0,deduped_nearest_subsequent_3D,False,True,MO/2018/57575,Rehabilitation and Upgradation of NH 167 B from km 43 / 097 to 99 / 103 of Porumamilla to C.S.Puram ( on NH 167B ) to two lane with paved shoulders in the State of Andhra Pradesh under NH ( O ) रिहैबिलिटेशन एंड उपग्रडेशन ऑफ़ नह १६७ बी फ्रॉम कम ४३ / ०९७ तो ९९ / १०३ ऑफ़ पुरुममिलला तो सी यस पुरम ( ों नह १६७ बी ) तो तवो लेन विथ पवेद शोल्डर्स इन थे स्टेट ऑफ़ आंध्र प्रदेश अंडर नह ( ो ),https://bhoomirashi.gov.in/auth/revamp/prep_public.cshtml?nid=1&project_id=57575,310.0,29.0,281.0,0.0,0.0935483870967742
57575,2018-05-25,2127 ( E ),2127E,2019-05-17,S.O. 1774E,SO1774E,357,0,deduped_nearest_subsequent_3D,False,True,MO/2018/57575,Rehabilitation and Upgradation of NH 167 B from km 43 / 097 to 99 / 103 of Porumamilla to C.S.Puram ( on NH 167B ) to two lane with paved shoulders in the State of Andhra Pradesh under NH ( O ) रिहैबिलिटेशन एंड उपग्रडेशन ऑफ़ नह १६७ बी फ्रॉम कम ४३ / ०९७ तो ९९ / १०३ ऑफ़ पुरुममिलला तो सी यस पुरम ( ों नह १६७ बी ) तो तवो लेन विथ पवेद शोल्डर्स इन थे स्टेट ऑफ़ आंध्र प्रदेश अंडर नह ( ो ),https://bhoomirashi.gov.in/auth/revamp/prep_public.cshtml?nid=1&project_id=57575,310.0,29.0,281.0,0.0,0.0935483870967742
57575,2018-05-25,2128 (E),2128E,2019-12-27,S.O. 4663E,SO4663E,581,1,deduped_nearest_subsequent_3D,False,True,MO/2018/57575,Rehabilitation and Upgradation of NH 167 B from km 43 / 097 to 99 / 103 of Porumamilla to C.S.Puram ( on NH 167B ) to two lane with paved shoulders in the State of Andhra Pradesh under NH ( O ) रिहैबिलिटेशन एंड उपग्रडेशन ऑफ़ नह १६७ बी फ्रॉम कम ४३ / ०९७ तो ९९ / १०३ ऑफ़ पुरुममिलला तो सी यस पुरम ( ों नह १६७ बी ) तो तवो लेन विथ पवेद शोल्डर्स इन थे स्टेट ऑफ़ आंध्र प्रदेश अंडर नह ( ो ),https://bhoomirashi.gov.in/auth/revamp/prep_public.cshtml?nid=1&project_id=57575,310.0,29.0,281.0,0.0,0.0935483870967742
57575,2018-12-29,6377E,6377E,2021-09-30,4037(E),4037E,1006,1,deduped_nearest_subsequent_3D,False,True,MO/2018/57575,Rehabilitation and Upgradation of NH 167 B from km 43 / 097 to 99 / 103 of Porumamilla to C.S.Puram ( on NH 167B ) to two lane with paved shoulders in the State of Andhra Pradesh under NH ( O ) रिहैबिलिटेशन एंड उपग्रडेशन ऑफ़ नह १६७ बी फ्रॉम कम ४३ / ०९७ तो ९९ / १०३ ऑफ़ पुरुममिलला तो सी यस पुरम ( ों नह १६७ बी ) तो तवो लेन विथ पवेद शोल्डर्स इन थे स्टेट ऑफ़ आंध्र प्रदेश अंडर नह ( ो ),https://bhoomirashi.gov.in/auth/revamp/prep_public.cshtml?nid=1&project_id=57575,310.0,29.0,281.0,0.0,0.0935483870967742
57575,2019-09-06,S.O.3236E,SO3236E,2021-11-24,4862(E),4862E,810,1,deduped_nearest_subsequent_3D,False,True,MO/2018/57575,Rehabilitation and Upgradation of NH 167 B from km 43 / 097 to 99 / 103 of Porumamilla to C.S.Puram ( on NH 167B ) to two lane with paved shoulders in the State of Andhra Pradesh under NH ( O ) रिहैबिलिटेशन एंड उपग्रडेशन ऑफ़ नह १६७ बी फ्रॉम कम ४३ / ०९७ तो ९९ / १०३ ऑफ़ पुरुममिलला तो सी यस पुरम ( ों नह १६७ बी ) तो तवो लेन विथ पवेद शोल्डर्स इन थे स्टेट ऑफ़ आंध्र प्रदेश अंडर नह ( ो ),https://bhoomirashi.gov.in/auth/revamp/prep_public.cshtml?nid=1&project_id=57575,310.0,29.0,281.0,0.0,0.0935483870967742
57576,2019-01-30,S.O. 523E,SO523E,2020-01-28,S.O.403E,SO403E,363,0,deduped_nearest_subsequent_3D,False,True,MO/2018/57576,Formation ofBypass to Bathalapalli Town on NH 42 from Km 97.410 to Km 103.300 in the State of Andhrapradesh फार्मेशन ऑफ़ बाईपास टू बाथलापल्ली टाउन ऑन एनएच 42 फ्रॉम किमी . 97.410 टू किमी . 103.300 इन द स्टेट ऑफ़ आंध्र प्रदेश,https://bhoomirashi.gov.in/auth/revamp/prep_public.cshtml?nid=1&project_id=57576,28.9,0.0,28.9,0.0,0.0
57578,2018-07-31,2947,2947,2019-02-22,821,821,206,0,deduped_nearest_subsequent_3D,False,True,MO/2018/57578,widening to two/four lane with paved shoulders from Km.40/410 to Km 84/037 of Thirumalgiri-Suryapet section of NH-365B (Erstwhile SH-16) on EPC mode under NH(O) in the state of Telangana. विडेनिंग ऑफ़ तो two/फोर लेन विथ पवेद शोल्डर्स फ्रॉम Km. तो तो कम 84/०३७ ऑफ़ Thirumalgiri-सूर्यापेट सेक्शन ऑफ़ NH-३६५ब (ेरस्टवहिले SH-16) ों एप्स मोड अंडर मोड अंडर NH(O) इन थे स्टेट ऑफ़ Telangana.,https://bhoomirashi.gov.in/auth/revamp/prep_public.cshtml?nid=1&project_id=57578,20.2587,15.1087,5.15,0.0,0.7457882292545919
57579,2019-01-31,S.O.600E,SO600E,2019-12-30,15,15,333,0,deduped_nearest_subsequent_3D,False,True,MO/2018/57579,Formation of Bypass to Mudigubba Town on NH 42 from Km 130.400 to Km 137.500 in the state of Andhra Pradesh फार्मेशन ऑफ़ बाईपास टू मुड़ीगुब्बा टाउन ऑन एनएच 42 फ्रॉम किमी . 130.400 टू किमी . 137.500 इन द स्टेट ऑफ़ आंध्र प्रदेश,https://bhoomirashi.gov.in/auth/revamp/prep_public.cshtml?nid=1&project_id=57579,36.18,0.0,36.18,0.0,0.0
57580,2019-01-30,S.O.524E,SO524E,2020-01-28,S.O.406E,SO406E,363,0,deduped_nearest_subsequent_3D,False,True,MO/2018/57580,Formation of Bypass to Kadiri Town on NH42 from Km 159.250 to Km 168.450 in the state of Andhra Pradesh फार्मेशन ओफ बाइपास टो कादिरी टाउन ओन ऍन्‌हॆच्‌42 फ्रम केएम 159.250 टो केएम 168.450 इन ठे स्टेट ओफ आंध्र प्रदेश,https://bhoomirashi.gov.in/auth/revamp/prep_public.cshtml?nid=1&project_id=57580,69.64,0.0,69.64,0.0,0.0
57580,2022-08-10,3753 (E),3753E,2023-02-17,752(E),752E,191,0,deduped_nearest_subsequent_3D,False,True,MO/2018/57580,Formation of Bypass to Kadiri Town on NH42 from Km 159.250 to Km 168.450 in the state of Andhra Pradesh फार्मेशन ओफ बाइपास टो कादिरी टाउन ओन ऍन्‌हॆच्‌42 फ्रम केएम 159.250 टो केएम 168.450 इन ठे स्टेट ओफ आंध्र प्रदेश,https://bhoomirashi.gov.in/auth/revamp/prep_public.cshtml?nid=1&project_id=57580,69.64,0.0,69.64,0.0,0.0
57582,2017-08-29,2820 (E),2820E,2018-08-29,4202 (E),4202E,365,0,deduped_nearest_subsequent_3D,False,True,MO/2018/57582,Land acquisition on NH-119 from km 139+000 to km. 276+000 including its realignment and construction of bypasses in the state of uttarakhand लैंड एक्वीजीशन एन.एच. ११९ कि.मी. १३९+००० टू २७६+००० इन्क्लुडिंग इट्स रिअलागमेंट एंड कंस्ट्रक्शन ऑफ़ बाईपास इन दी स्टेट ऑफ़ उत्तराखंड,https://bhoomirashi.gov.in/auth/revamp/prep_public.cshtml?nid=1&project_id=57582,162.0,0.0,162.0,0.0,0.0
57591,2017-09-15,1924,1924,2019-05-17,1777 E,1777E,609,1,deduped_nearest_subsequent_3D,False,True,MO/2018/57591,Rehabilitation and Upgradation of NH 167 B from Km 99 / 103 to 189 / 050 Chandrasekhara Puram to Singarayakonda ( on NH 16 ) to two lane with paved shoulders in the state of Andhra Pradesh under NH ( O ) रिहैबिलिटेशन एंड उपग्रडेशन ऑफ़ नह १६७ बी फ्रॉम कम ९९ / १०३ तो १८९ / ०५० चंद्रशेखर पुरम तो सिंगारायकोंडा ( ों नह १६ ) तो तवो लेन विथ पवेद शोल्डर्स इन थे स्टेट ऑफ़ आंध्र प्रदेश अंडर नह ( ो ),https://bhoomirashi.gov.in/auth/revamp/prep_public.cshtml?nid=1&project_id=57591,600.0,300.0,300.0,0.0283286,0.5
57591,2018-05-25,1924,1924,2019-05-17,S.O. 1776E,SO1776E,357,0,deduped_nearest_subsequent_3D,False,True,MO/2018/57591,Rehabilitation and Upgradation of NH 167 B from Km 99 / 103 to 189 / 050 Chandrasekhara Puram to Singarayakonda ( on NH 16 ) to two lane with paved shoulders in the state of Andhra Pradesh under NH ( O ) रिहैबिलिटेशन एंड उपग्रडेशन ऑफ़ नह १६७ बी फ्रॉम कम ९९ / १०३ तो १८९ / ०५० चंद्रशेखर पुरम तो सिंगारायकोंडा ( ों नह १६ ) तो तवो लेन विथ पवेद शोल्डर्स इन थे स्टेट ऑफ़ आंध्र प्रदेश अंडर नह ( ो ),https://bhoomirashi.gov.in/auth/revamp/prep_public.cshtml?nid=1&project_id=57591,600.0,300.0,300.0,0.0283286,0.5
57591,2018-05-25,2127,2127,2019-05-17,S.O. 1777E,SO1777E,357,0,deduped_nearest_subsequent_3D,False,True,MO/2018/57591,Rehabilitation and Upgradation of NH 167 B from Km 99 / 103 to 189 / 050 Chandrasekhara Puram to Singarayakonda ( on NH 16 ) to two lane with paved shoulders in the state of Andhra Pradesh under NH ( O ) रिहैबिलिटेशन एंड उपग्रडेशन ऑफ़ नह १६७ बी फ्रॉम कम ९९ / १०३ तो १८९ / ०५० चंद्रशेखर पुरम तो सिंगारायकोंडा ( ों नह १६ ) तो तवो लेन विथ पवेद शोल्डर्स इन थे स्टेट ऑफ़ आंध्र प्रदेश अंडर नह ( ो ),https://bhoomirashi.gov.in/auth/revamp/prep_public.cshtml?nid=1&project_id=57591,600.0,300.0,300.0,0.0283286,0.5
57591,2021-01-14,166,166,2023-09-30,4038(E),4038E,989,1,deduped_nearest_subsequent_3D,False,True,MO/2018/57591,Rehabilitation and Upgradation of NH 167 B from Km 99 / 103 to 189 / 050 Chandrasekhara Puram to Singarayakonda ( on NH 16 ) to two lane with paved shoulders in the state of Andhra Pradesh under NH ( O ) रिहैबिलिटेशन एंड उपग्रडेशन ऑफ़ नह १६७ बी फ्रॉम कम ९९ / १०३ तो १८९ / ०५० चंद्रशेखर पुरम तो सिंगारायकोंडा ( ों नह १६ ) तो तवो लेन विथ पवेद शोल्डर्स इन थे स्टेट ऑफ़ आंध्र प्रदेश अंडर नह ( ो ),https://bhoomirashi.gov.in/auth/revamp/prep_public.cshtml?nid=1&project_id=57591,600.0,300.0,300.0,0.0283286,0.5
57591,2023-12-15,5342(E),5342E,2024-08-29,3694(E),3694E,258,0,deduped_nearest_subsequent_3D,False,True,MO/2018/57591,Rehabilitation and Upgradation of NH 167 B from Km 99 / 103 to 189 / 050 Chandrasekhara Puram to Singarayakonda ( on NH 16 ) to two lane with paved shoulders in the state of Andhra Pradesh under NH ( O ) रिहैबिलिटेशन एंड उपग्रडेशन ऑफ़ नह १६७ बी फ्रॉम कम ९९ / १०३ तो १८९ / ०५० चंद्रशेखर पुरम तो सिंगारायकोंडा ( ों नह १६ ) तो तवो लेन विथ पवेद शोल्डर्स इन थे स्टेट ऑफ़ आंध्र प्रदेश अंडर नह ( ो ),https://bhoomirashi.gov.in/auth/revamp/prep_public.cshtml?nid=1&project_id=57591,600.0,300.0,300.0,0.0283286,0.5
57595,2018-09-06,4342,4342,2020-03-02,S.O. 939(E),SO939E,543,1,deduped_nearest_subsequent_3D,False,True,MO/2018/57595,"Construction of ROB and its approaches in lieu of existing Level crossing (LC No, C-25) at Km 132.850 on NH-334B at Jhajjar in the State of Haryana. हरियाणा राज्य में झज्जर में एनएच 334 बी पर किलोमीटर 132.850 पर मौजूदा स्तर क्रॉसिंग (एलसी संख्या सी 25) के बदले आरओबी और उसके पहुंच मार्गो का निर्माण",https://bhoomirashi.gov.in/auth/revamp/prep_public.cshtml?nid=1&project_id=57595,0.349,0.0,0.349,0.0,0.0
57602,2015-10-30,2969 ( E ),2969E,2018-07-25,S.O. 3638 (E),SO3638E,999,1,deduped_nearest_subsequent_3D,False,True,MO/2018/57602,Rehabilitation and upgradation of NH - 565 from km 198.694 to 294.000 ( Markapuram to Vaggam Palle Section ) in the state of Andhra Pradesh to two lanes with paved shoulders under NHDP - IV on EPC basis रिहैबिलिटेशन एंड अपग्रडेशन ऑफ़ एनएच - 565 from कि . मी . 198.694 to कि . मी . 294.000 ( मारकपुरम टू वाग्गाम्पले सेक्शन ) इन द स्टेट ऑफ़ आंध्र प्रदेश टु टू लेन विद पेव्ड शोल्डर अंडर एनएचडीपी - IV ऑन इपीसी बेसिस,https://bhoomirashi.gov.in/auth/revamp/prep_public.cshtml?nid=1&project_id=57602,285.918,258.09,27.828,0.0,0.9026713952951545
57614,2018-11-28,5908,5908,2020-02-26,893(E),893E,455,1,deduped_nearest_subsequent_3D,False,True,MO/2018/57614,Construction of 2-lane Melli-Manpur-Namchi in Sikkim under SARDP-NE phase -A कंस्ट्रक्शन ऑफ़ 2-लेन Melli-Manpur-नाम्ची इन सिक्किम अंडर SARDP-ने फेज,https://bhoomirashi.gov.in/auth/revamp/prep_public.cshtml?nid=1&project_id=57614,56.945,54.36,2.585,0.1623,0.9546053209236983
57616,2018-10-25,5408 (E),5408E,2019-01-09,153 (E),153E,76,0,deduped_nearest_subsequent_3D,False,True,MO/2018/57616,Land acquisition of NH-94 From km 132.300 to 142.00(KM 132.300 to 139.800) in the state of uttrakhand लैंड एक्वीजीशन ऑफ़ NH-९४ फ्रॉम कम 132.३०० तो 142.00(कम १३२ 132.३०० तो 139.800) इन थे स्टेट ऑफ़ उत्तराखंड,https://bhoomirashi.gov.in/auth/revamp/prep_public.cshtml?nid=1&project_id=57616,0.915,0.0,0.915,0.0,0.0
57617,2018-10-25,5409 (E),5409E,2019-01-09,154 (E),154E,76,0,deduped_nearest_subsequent_3D,False,True,MO/2018/57617,Land acquisition on NH-94 From km 132.300 to km 142.000 (133.020 to 137.330) CHINIYALI SAUR Bypass in the state of uttrakhand लैंड एक्वीजीशन ों NH-९४ फ्रॉम कम 132.३०० तो कम 142.००० (133.०२० तो 137.330) चिन्याली सौर बाईपास इन थे स्टेट ऑफ़ उत्तराखंड,https://bhoomirashi.gov.in/auth/revamp/prep_public.cshtml?nid=1&project_id=57617,12.0,0.0,12.0,0.0,0.0
57619,2017-08-29,2473,2473,2018-08-14,4001(E),4001E,350,0,deduped_nearest_subsequent_3D,False,True,MO/2018/57619,"Construction of Gumla Bypass Connecting to NH - 23 & NH- 78 ,in the stretch of land from KM 0 to Km 12.842 कंस्ट्रक्शन ऑफ़ गुमला बाईपास कनेक्टिंग तो नह - २३ & NH- ७८ ,इन थे स्ट्रेच ऑफ़ लैंड फ्रॉम कम ० तो कम 12.८४२",https://bhoomirashi.gov.in/auth/revamp/prep_public.cshtml?nid=1&project_id=57619,56.0,54.0,2.0,0.6070417,0.9642857142857143
57619,2025-12-08,5658(E),5658E,2026-03-19,1478(E),1478E,101,0,deduped_nearest_subsequent_3D,False,True,MO/2018/57619,"Construction of Gumla Bypass Connecting to NH - 23 & NH- 78 ,in the stretch of land from KM 0 to Km 12.842 कंस्ट्रक्शन ऑफ़ गुमला बाईपास कनेक्टिंग तो नह - २३ & NH- ७८ ,इन थे स्ट्रेच ऑफ़ लैंड फ्रॉम कम ० तो कम 12.८४२",https://bhoomirashi.gov.in/auth/revamp/prep_public.cshtml?nid=1&project_id=57619,56.0,54.0,2.0,0.6070417,0.9642857142857143
57623,2017-11-24,3740,3740,2018-09-28,5077(E),5077E,308,0,deduped_nearest_subsequent_3D,False,True,MO/2018/57623,Rehabilitation and Up - gradation 2 / 4 lane with paved shoulders in NH 200 ( New NH - 49 ) From Km . 240 . 000 to 312 . 400 ( Masaniakala Village to Rengalpali Village / Odisha Border ) in the state of chhattisgarh रिहैबिलिटेशन एंड उप - ग्रेडेशन २ / ४ लेन विथ पवेद शोल्डर्स इन नह २०० ( नई नह - ४९ ) फ्रॉम कम . २४० . ००० तो ३१२ . ४०० ( मासनीयकाला विलेज तो रेंगलपाली विलेज / ओडिशा बॉर्डर ) इन थे स्टेट ऑफ़ छत्तीसगढ़,https://bhoomirashi.gov.in/auth/revamp/prep_public.cshtml?nid=1&project_id=57623,181.718,128.756,52.962,0.0,0.7085484101740059
57624,2021-09-09,S.O 2216(E),SO2216E,2021-10-07,S.O. 4139,SO4139,28,0,deduped_nearest_subsequent_3D,False,True,MO/2018/57624,Construction of ROB and its approaches in replacement of existing Railway Crossing No. C-57 in Jalalabad on RD 76.340 at NH-754 in the state of Punjab. कंस्ट्रक्शन ऑफ़ रॉब एंड इतस अप्प्रोचेस इन रिप्लेसमेंट ऑफ़ एक्सिस्टिंग रेलवे क्रासिंग No. स - 57 इन जलालाबाद ों रद ७६.340 ात नह -754 इन थे स्टेट ऑफ़ पंजाब,https://bhoomirashi.gov.in/auth/revamp/prep_public.cshtml?nid=1&project_id=57624,20.64,2.42,18.22,0.0,0.11724806201550388
57640,2018-02-20,757,757,2018-07-30,3747,3747,160,0,deduped_nearest_subsequent_3D,False,True,MO/2018/57640,Improvement and upgradation of road section of NH 76 from existing km 285+000 to km 326+000 in chitrakoot district. इम्प्रूवमेंट एंड उपग्रडेशन ऑफ़ रोड सेक्शन ऑफ़ नह ७६ फ्रॉम एक्सिस्टिंग कम 285+००० तो 326+००० कम 326+००० इन चित्रकूट district.,https://bhoomirashi.gov.in/auth/revamp/prep_public.cshtml?nid=1&project_id=57640,7.0,0.0,7.0,0.0,0.0
57644,2018-03-20,1238,1238,2018-07-13,3481,3481,115,0,deduped_nearest_subsequent_3D,False,True,MO/2018/57644,Rehabilitation and up-gradation of banda- Allahabad Section (km 326.000 to 379.555) of NH 76 in the state of uttar pradesh two lane with paved sholder under EPC mode. रिहैबिलिटेशन एंड up-ग्रेडेशन ऑफ़ बाँदा banda- अल्लाहाबाद सेक्शन (कम 326.००० तो 379.555) ऑफ़ नह ७६ इन थे स्टेट ऑफ़ उत्तर प्रदेश तवो लेन विथ पवेद शोल्डर अंडर एप्स mode.,https://bhoomirashi.gov.in/auth/revamp/prep_public.cshtml?nid=1&project_id=57644,2.5,0.0,2.5,0.0,0.0
57646,2017-06-27,S.O.2016(E),SO2016E,2018-06-26,3124,3124,364,0,deduped_nearest_subsequent_3D,False,True,MO/2018/57646,UPGRADATION TO SIX LANE WITH PAVED SHOULDERS OF AHMEDABAD- BAMANBORE SECTION OF NH 8A(NEW NH 47) FROM KM 11+950 TO KM 182+490 AND RAJKOT BAMANBORE SECTION OF NH 8B (NEW NH 27) FROM KM 185+230 TO KM 216+000 IN THE STATE OF GUJARAT अपग्रेडेशन टू सिक्स लेन विथ पेव्ड सोल्डर ऑफ़ अमदावाद – बामणबोर सेकसन ऑफ़ ऐन.ऐच 8A (न्यू ऐन.ऐच. 47) फ्रॉम कि.मी. 11+950 टू कि.मी. 182+490 ऐंड राजकोट - बामणबोर सेकसन ऑफ़ ऐन.ऐच 8B (न्यू ऐन.ऐच. 27) फ्रॉम कि.मी. 185+230 टू कि.मी. 216+000 इन ध स्टेट ऑफ़ गुजरात.,https://bhoomirashi.gov.in/auth/revamp/prep_public.cshtml?nid=1&project_id=57646,1195.776,728.937,466.839,0.0557,0.6095932683044316
57646,2017-10-18,F.No.RW/NH-12012/04/2017/PS-4/GJ,FNORWNH12012042017PS4GJ,2018-10-17,5329,5329,364,0,deduped_nearest_subsequent_3D,False,True,MO/2018/57646,UPGRADATION TO SIX LANE WITH PAVED SHOULDERS OF AHMEDABAD- BAMANBORE SECTION OF NH 8A(NEW NH 47) FROM KM 11+950 TO KM 182+490 AND RAJKOT BAMANBORE SECTION OF NH 8B (NEW NH 27) FROM KM 185+230 TO KM 216+000 IN THE STATE OF GUJARAT अपग्रेडेशन टू सिक्स लेन विथ पेव्ड सोल्डर ऑफ़ अमदावाद – बामणबोर सेकसन ऑफ़ ऐन.ऐच 8A (न्यू ऐन.ऐच. 47) फ्रॉम कि.मी. 11+950 टू कि.मी. 182+490 ऐंड राजकोट - बामणबोर सेकसन ऑफ़ ऐन.ऐच 8B (न्यू ऐन.ऐच. 27) फ्रॉम कि.मी. 185+230 टू कि.मी. 216+000 इन ध स्टेट ऑफ़ गुजरात.,https://bhoomirashi.gov.in/auth/revamp/prep_public.cshtml?nid=1&project_id=57646,1195.776,728.937,466.839,0.0557,0.6095932683044316
57646,2018-08-20,4093,4093,2018-10-17,5330,5330,58,0,deduped_nearest_subsequent_3D,False,True,MO/2018/57646,UPGRADATION TO SIX LANE WITH PAVED SHOULDERS OF AHMEDABAD- BAMANBORE SECTION OF NH 8A(NEW NH 47) FROM KM 11+950 TO KM 182+490 AND RAJKOT BAMANBORE SECTION OF NH 8B (NEW NH 27) FROM KM 185+230 TO KM 216+000 IN THE STATE OF GUJARAT अपग्रेडेशन टू सिक्स लेन विथ पेव्ड सोल्डर ऑफ़ अमदावाद – बामणबोर सेकसन ऑफ़ ऐन.ऐच 8A (न्यू ऐन.ऐच. 47) फ्रॉम कि.मी. 11+950 टू कि.मी. 182+490 ऐंड राजकोट - बामणबोर सेकसन ऑफ़ ऐन.ऐच 8B (न्यू ऐन.ऐच. 27) फ्रॉम कि.मी. 185+230 टू कि.मी. 216+000 इन ध स्टेट ऑफ़ गुजरात.,https://bhoomirashi.gov.in/auth/revamp/prep_public.cshtml?nid=1&project_id=57646,1195.776,728.937,466.839,0.0557,0.6095932683044316
57646,2018-10-08,5184,5184,2018-10-17,5331,5331,9,0,deduped_nearest_subsequent_3D,False,True,MO/2018/57646,UPGRADATION TO SIX LANE WITH PAVED SHOULDERS OF AHMEDABAD- BAMANBORE SECTION OF NH 8A(NEW NH 47) FROM KM 11+950 TO KM 182+490 AND RAJKOT BAMANBORE SECTION OF NH 8B (NEW NH 27) FROM KM 185+230 TO KM 216+000 IN THE STATE OF GUJARAT अपग्रेडेशन टू सिक्स लेन विथ पेव्ड सोल्डर ऑफ़ अमदावाद – बामणबोर सेकसन ऑफ़ ऐन.ऐच 8A (न्यू ऐन.ऐच. 47) फ्रॉम कि.मी. 11+950 टू कि.मी. 182+490 ऐंड राजकोट - बामणबोर सेकसन ऑफ़ ऐन.ऐच 8B (न्यू ऐन.ऐच. 27) फ्रॉम कि.मी. 185+230 टू कि.मी. 216+000 इन ध स्टेट ऑफ़ गुजरात.,https://bhoomirashi.gov.in/auth/revamp/prep_public.cshtml?nid=1&project_id=57646,1195.776,728.937,466.839,0.0557,0.6095932683044316
57646,2018-10-25,5410,5410,2019-03-22,1410(E),1410E,148,0,deduped_nearest_subsequent_3D,False,True,MO/2018/57646,UPGRADATION TO SIX LANE WITH PAVED SHOULDERS OF AHMEDABAD- BAMANBORE SECTION OF NH 8A(NEW NH 47) FROM KM 11+950 TO KM 182+490 AND RAJKOT BAMANBORE SECTION OF NH 8B (NEW NH 27) FROM KM 185+230 TO KM 216+000 IN THE STATE OF GUJARAT अपग्रेडेशन टू सिक्स लेन विथ पेव्ड सोल्डर ऑफ़ अमदावाद – बामणबोर सेकसन ऑफ़ ऐन.ऐच 8A (न्यू ऐन.ऐच. 47) फ्रॉम कि.मी. 11+950 टू कि.मी. 182+490 ऐंड राजकोट - बामणबोर सेकसन ऑफ़ ऐन.ऐच 8B (न्यू ऐन.ऐच. 27) फ्रॉम कि.मी. 185+230 टू कि.मी. 216+000 इन ध स्टेट ऑफ़ गुजरात.,https://bhoomirashi.gov.in/auth/revamp/prep_public.cshtml?nid=1&project_id=57646,1195.776,728.937,466.839,0.0557,0.6095932683044316
57646,2018-11-14,5721,5721,2019-04-23,1639(E),1639E,160,0,deduped_nearest_subsequent_3D,False,True,MO/2018/57646,UPGRADATION TO SIX LANE WITH PAVED SHOULDERS OF AHMEDABAD- BAMANBORE SECTION OF NH 8A(NEW NH 47) FROM KM 11+950 TO KM 182+490 AND RAJKOT BAMANBORE SECTION OF NH 8B (NEW NH 27) FROM KM 185+230 TO KM 216+000 IN THE STATE OF GUJARAT अपग्रेडेशन टू सिक्स लेन विथ पेव्ड सोल्डर ऑफ़ अमदावाद – बामणबोर सेकसन ऑफ़ ऐन.ऐच 8A (न्यू ऐन.ऐच. 47) फ्रॉम कि.मी. 11+950 टू कि.मी. 182+490 ऐंड राजकोट - बामणबोर सेकसन ऑफ़ ऐन.ऐच 8B (न्यू ऐन.ऐच. 27) फ्रॉम कि.मी. 185+230 टू कि.मी. 216+000 इन ध स्टेट ऑफ़ गुजरात.,https://bhoomirashi.gov.in/auth/revamp/prep_public.cshtml?nid=1&project_id=57646,1195.776,728.937,466.839,0.0557,0.6095932683044316
57646,2019-02-13,958,958,2019-06-21,2036(E),2036E,128,0,deduped_nearest_subsequent_3D,False,True,MO/2018/57646,UPGRADATION TO SIX LANE WITH PAVED SHOULDERS OF AHMEDABAD- BAMANBORE SECTION OF NH 8A(NEW NH 47) FROM KM 11+950 TO KM 182+490 AND RAJKOT BAMANBORE SECTION OF NH 8B (NEW NH 27) FROM KM 185+230 TO KM 216+000 IN THE STATE OF GUJARAT अपग्रेडेशन टू सिक्स लेन विथ पेव्ड सोल्डर ऑफ़ अमदावाद – बामणबोर सेकसन ऑफ़ ऐन.ऐच 8A (न्यू ऐन.ऐच. 47) फ्रॉम कि.मी. 11+950 टू कि.मी. 182+490 ऐंड राजकोट - बामणबोर सेकसन ऑफ़ ऐन.ऐच 8B (न्यू ऐन.ऐच. 27) फ्रॉम कि.मी. 185+230 टू कि.मी. 216+000 इन ध स्टेट ऑफ़ गुजरात.,https://bhoomirashi.gov.in/auth/revamp/prep_public.cshtml?nid=1&project_id=57646,1195.776,728.937,466.839,0.0557,0.6095932683044316
57646,2019-02-27,1053,1053,2019-06-21,2039(E),2039E,114,0,deduped_nearest_subsequent_3D,False,True,MO/2018/57646,UPGRADATION TO SIX LANE WITH PAVED SHOULDERS OF AHMEDABAD- BAMANBORE SECTION OF NH 8A(NEW NH 47) FROM KM 11+950 TO KM 182+490 AND RAJKOT BAMANBORE SECTION OF NH 8B (NEW NH 27) FROM KM 185+230 TO KM 216+000 IN THE STATE OF GUJARAT अपग्रेडेशन टू सिक्स लेन विथ पेव्ड सोल्डर ऑफ़ अमदावाद – बामणबोर सेकसन ऑफ़ ऐन.ऐच 8A (न्यू ऐन.ऐच. 47) फ्रॉम कि.मी. 11+950 टू कि.मी. 182+490 ऐंड राजकोट - बामणबोर सेकसन ऑफ़ ऐन.ऐच 8B (न्यू ऐन.ऐच. 27) फ्रॉम कि.मी. 185+230 टू कि.मी. 216+000 इन ध स्टेट ऑफ़ गुजरात.,https://bhoomirashi.gov.in/auth/revamp/prep_public.cshtml?nid=1&project_id=57646,1195.776,728.937,466.839,0.0557,0.6095932683044316
57646,2019-03-08,1260,1260,2019-06-21,2040(E),2040E,105,0,deduped_nearest_subsequent_3D,False,True,MO/2018/57646,UPGRADATION TO SIX LANE WITH PAVED SHOULDERS OF AHMEDABAD- BAMANBORE SECTION OF NH 8A(NEW NH 47) FROM KM 11+950 TO KM 182+490 AND RAJKOT BAMANBORE SECTION OF NH 8B (NEW NH 27) FROM KM 185+230 TO KM 216+000 IN THE STATE OF GUJARAT अपग्रेडेशन टू सिक्स लेन विथ पेव्ड सोल्डर ऑफ़ अमदावाद – बामणबोर सेकसन ऑफ़ ऐन.ऐच 8A (न्यू ऐन.ऐच. 47) फ्रॉम कि.मी. 11+950 टू कि.मी. 182+490 ऐंड राजकोट - बामणबोर सेकसन ऑफ़ ऐन.ऐच 8B (न्यू ऐन.ऐच. 27) फ्रॉम कि.मी. 185+230 टू कि.मी. 216+000 इन ध स्टेट ऑफ़ गुजरात.,https://bhoomirashi.gov.in/auth/revamp/prep_public.cshtml?nid=1&project_id=57646,1195.776,728.937,466.839,0.0557,0.6095932683044316
57646,2019-03-08,1263,1263,2019-06-21,2041(E),2041E,105,0,deduped_nearest_subsequent_3D,False,True,MO/2018/57646,UPGRADATION TO SIX LANE WITH PAVED SHOULDERS OF AHMEDABAD- BAMANBORE SECTION OF NH 8A(NEW NH 47) FROM KM 11+950 TO KM 182+490 AND RAJKOT BAMANBORE SECTION OF NH 8B (NEW NH 27) FROM KM 185+230 TO KM 216+000 IN THE STATE OF GUJARAT अपग्रेडेशन टू सिक्स लेन विथ पेव्ड सोल्डर ऑफ़ अमदावाद – बामणबोर सेकसन ऑफ़ ऐन.ऐच 8A (न्यू ऐन.ऐच. 47) फ्रॉम कि.मी. 11+950 टू कि.मी. 182+490 ऐंड राजकोट - बामणबोर सेकसन ऑफ़ ऐन.ऐच 8B (न्यू ऐन.ऐच. 27) फ्रॉम कि.मी. 185+230 टू कि.मी. 216+000 इन ध स्टेट ऑफ़ गुजरात.,https://bhoomirashi.gov.in/auth/revamp/prep_public.cshtml?nid=1&project_id=57646,1195.776,728.937,466.839,0.0557,0.6095932683044316
57646,2020-08-18,2808,2808,2021-01-13,141(E),141E,148,0,deduped_nearest_subsequent_3D,False,True,MO/2018/57646,UPGRADATION TO SIX LANE WITH PAVED SHOULDERS OF AHMEDABAD- BAMANBORE SECTION OF NH 8A(NEW NH 47) FROM KM 11+950 TO KM 182+490 AND RAJKOT BAMANBORE SECTION OF NH 8B (NEW NH 27) FROM KM 185+230 TO KM 216+000 IN THE STATE OF GUJARAT अपग्रेडेशन टू सिक्स लेन विथ पेव्ड सोल्डर ऑफ़ अमदावाद – बामणबोर सेकसन ऑफ़ ऐन.ऐच 8A (न्यू ऐन.ऐच. 47) फ्रॉम कि.मी. 11+950 टू कि.मी. 182+490 ऐंड राजकोट - बामणबोर सेकसन ऑफ़ ऐन.ऐच 8B (न्यू ऐन.ऐच. 27) फ्रॉम कि.मी. 185+230 टू कि.मी. 216+000 इन ध स्टेट ऑफ़ गुजरात.,https://bhoomirashi.gov.in/auth/revamp/prep_public.cshtml?nid=1&project_id=57646,1195.776,728.937,466.839,0.0557,0.6095932683044316
57646,2020-08-22,2914(E),2914E,2021-04-12,1565(E),1565E,233,0,deduped_nearest_subsequent_3D,False,True,MO/2018/57646,UPGRADATION TO SIX LANE WITH PAVED SHOULDERS OF AHMEDABAD- BAMANBORE SECTION OF NH 8A(NEW NH 47) FROM KM 11+950 TO KM 182+490 AND RAJKOT BAMANBORE SECTION OF NH 8B (NEW NH 27) FROM KM 185+230 TO KM 216+000 IN THE STATE OF GUJARAT अपग्रेडेशन टू सिक्स लेन विथ पेव्ड सोल्डर ऑफ़ अमदावाद – बामणबोर सेकसन ऑफ़ ऐन.ऐच 8A (न्यू ऐन.ऐच. 47) फ्रॉम कि.मी. 11+950 टू कि.मी. 182+490 ऐंड राजकोट - बामणबोर सेकसन ऑफ़ ऐन.ऐच 8B (न्यू ऐन.ऐच. 27) फ्रॉम कि.मी. 185+230 टू कि.मी. 216+000 इन ध स्टेट ऑफ़ गुजरात.,https://bhoomirashi.gov.in/auth/revamp/prep_public.cshtml?nid=1&project_id=57646,1195.776,728.937,466.839,0.0557,0.6095932683044316
57646,2020-09-04,3011(E),3011E,2021-04-12,1566(E),1566E,220,0,deduped_nearest_subsequent_3D,False,True,MO/2018/57646,UPGRADATION TO SIX LANE WITH PAVED SHOULDERS OF AHMEDABAD- BAMANBORE SECTION OF NH 8A(NEW NH 47) FROM KM 11+950 TO KM 182+490 AND RAJKOT BAMANBORE SECTION OF NH 8B (NEW NH 27) FROM KM 185+230 TO KM 216+000 IN THE STATE OF GUJARAT अपग्रेडेशन टू सिक्स लेन विथ पेव्ड सोल्डर ऑफ़ अमदावाद – बामणबोर सेकसन ऑफ़ ऐन.ऐच 8A (न्यू ऐन.ऐच. 47) फ्रॉम कि.मी. 11+950 टू कि.मी. 182+490 ऐंड राजकोट - बामणबोर सेकसन ऑफ़ ऐन.ऐच 8B (न्यू ऐन.ऐच. 27) फ्रॉम कि.मी. 185+230 टू कि.मी. 216+000 इन ध स्टेट ऑफ़ गुजरात.,https://bhoomirashi.gov.in/auth/revamp/prep_public.cshtml?nid=1&project_id=57646,1195.776,728.937,466.839,0.0557,0.6095932683044316
57646,2021-06-21,2462(E),2462E,2021-08-09,3187(E),3187E,49,0,deduped_nearest_subsequent_3D,False,True,MO/2018/57646,UPGRADATION TO SIX LANE WITH PAVED SHOULDERS OF AHMEDABAD- BAMANBORE SECTION OF NH 8A(NEW NH 47) FROM KM 11+950 TO KM 182+490 AND RAJKOT BAMANBORE SECTION OF NH 8B (NEW NH 27) FROM KM 185+230 TO KM 216+000 IN THE STATE OF GUJARAT अपग्रेडेशन टू सिक्स लेन विथ पेव्ड सोल्डर ऑफ़ अमदावाद – बामणबोर सेकसन ऑफ़ ऐन.ऐच 8A (न्यू ऐन.ऐच. 47) फ्रॉम कि.मी. 11+950 टू कि.मी. 182+490 ऐंड राजकोट - बामणबोर सेकसन ऑफ़ ऐन.ऐच 8B (न्यू ऐन.ऐच. 27) फ्रॉम कि.मी. 185+230 टू कि.मी. 216+000 इन ध स्टेट ऑफ़ गुजरात.,https://bhoomirashi.gov.in/auth/revamp/prep_public.cshtml?nid=1&project_id=57646,1195.776,728.937,466.839,0.0557,0.6095932683044316
57646,2021-06-28,2598(E),2598E,2021-08-13,3281(E),3281E,46,0,deduped_nearest_subsequent_3D,False,True,MO/2018/57646,UPGRADATION TO SIX LANE WITH PAVED SHOULDERS OF AHMEDABAD- BAMANBORE SECTION OF NH 8A(NEW NH 47) FROM KM 11+950 TO KM 182+490 AND RAJKOT BAMANBORE SECTION OF NH 8B (NEW NH 27) FROM KM 185+230 TO KM 216+000 IN THE STATE OF GUJARAT अपग्रेडेशन टू सिक्स लेन विथ पेव्ड सोल्डर ऑफ़ अमदावाद – बामणबोर सेकसन ऑफ़ ऐन.ऐच 8A (न्यू ऐन.ऐच. 47) फ्रॉम कि.मी. 11+950 टू कि.मी. 182+490 ऐंड राजकोट - बामणबोर सेकसन ऑफ़ ऐन.ऐच 8B (न्यू ऐन.ऐच. 27) फ्रॉम कि.मी. 185+230 टू कि.मी. 216+000 इन ध स्टेट ऑफ़ गुजरात.,https://bhoomirashi.gov.in/auth/revamp/prep_public.cshtml?nid=1&project_id=57646,1195.776,728.937,466.839,0.0557,0.6095932683044316
57646,2021-09-15,3753(E),3753E,2022-02-15,684(E),684E,153,0,deduped_nearest_subsequent_3D,False,True,MO/2018/57646,UPGRADATION TO SIX LANE WITH PAVED SHOULDERS OF AHMEDABAD- BAMANBORE SECTION OF NH 8A(NEW NH 47) FROM KM 11+950 TO KM 182+490 AND RAJKOT BAMANBORE SECTION OF NH 8B (NEW NH 27) FROM KM 185+230 TO KM 216+000 IN THE STATE OF GUJARAT अपग्रेडेशन टू सिक्स लेन विथ पेव्ड सोल्डर ऑफ़ अमदावाद – बामणबोर सेकसन ऑफ़ ऐन.ऐच 8A (न्यू ऐन.ऐच. 47) फ्रॉम कि.मी. 11+950 टू कि.मी. 182+490 ऐंड राजकोट - बामणबोर सेकसन ऑफ़ ऐन.ऐच 8B (न्यू ऐन.ऐच. 27) फ्रॉम कि.मी. 185+230 टू कि.मी. 216+000 इन ध स्टेट ऑफ़ गुजरात.,https://bhoomirashi.gov.in/auth/revamp/prep_public.cshtml?nid=1&project_id=57646,1195.776,728.937,466.839,0.0557,0.6095932683044316
57646,2022-02-07,501(E),501E,2022-02-16,733(E),733E,9,0,deduped_nearest_subsequent_3D,False,True,MO/2018/57646,UPGRADATION TO SIX LANE WITH PAVED SHOULDERS OF AHMEDABAD- BAMANBORE SECTION OF NH 8A(NEW NH 47) FROM KM 11+950 TO KM 182+490 AND RAJKOT BAMANBORE SECTION OF NH 8B (NEW NH 27) FROM KM 185+230 TO KM 216+000 IN THE STATE OF GUJARAT अपग्रेडेशन टू सिक्स लेन विथ पेव्ड सोल्डर ऑफ़ अमदावाद – बामणबोर सेकसन ऑफ़ ऐन.ऐच 8A (न्यू ऐन.ऐच. 47) फ्रॉम कि.मी. 11+950 टू कि.मी. 182+490 ऐंड राजकोट - बामणबोर सेकसन ऑफ़ ऐन.ऐच 8B (न्यू ऐन.ऐच. 27) फ्रॉम कि.मी. 185+230 टू कि.मी. 216+000 इन ध स्टेट ऑफ़ गुजरात.,https://bhoomirashi.gov.in/auth/revamp/prep_public.cshtml?nid=1&project_id=57646,1195.776,728.937,466.839,0.0557,0.6095932683044316
57646,2023-01-17,279(E),279E,2023-02-01,472(E),472E,15,0,deduped_nearest_subsequent_3D,False,True,MO/2018/57646,UPGRADATION TO SIX LANE WITH PAVED SHOULDERS OF AHMEDABAD- BAMANBORE SECTION OF NH 8A(NEW NH 47) FROM KM 11+950 TO KM 182+490 AND RAJKOT BAMANBORE SECTION OF NH 8B (NEW NH 27) FROM KM 185+230 TO KM 216+000 IN THE STATE OF GUJARAT अपग्रेडेशन टू सिक्स लेन विथ पेव्ड सोल्डर ऑफ़ अमदावाद – बामणबोर सेकसन ऑफ़ ऐन.ऐच 8A (न्यू ऐन.ऐच. 47) फ्रॉम कि.मी. 11+950 टू कि.मी. 182+490 ऐंड राजकोट - बामणबोर सेकसन ऑफ़ ऐन.ऐच 8B (न्यू ऐन.ऐच. 27) फ्रॉम कि.मी. 185+230 टू कि.मी. 216+000 इन ध स्टेट ऑफ़ गुजरात.,https://bhoomirashi.gov.in/auth/revamp/prep_public.cshtml?nid=1&project_id=57646,1195.776,728.937,466.839,0.0557,0.6095932683044316
57646,2023-04-26,1319 (E),1319E,2023-07-11,3090(E),3090E,76,0,deduped_nearest_subsequent_3D,False,True,MO/2018/57646,UPGRADATION TO SIX LANE WITH PAVED SHOULDERS OF AHMEDABAD- BAMANBORE SECTION OF NH 8A(NEW NH 47) FROM KM 11+950 TO KM 182+490 AND RAJKOT BAMANBORE SECTION OF NH 8B (NEW NH 27) FROM KM 185+230 TO KM 216+000 IN THE STATE OF GUJARAT अपग्रेडेशन टू सिक्स लेन विथ पेव्ड सोल्डर ऑफ़ अमदावाद – बामणबोर सेकसन ऑफ़ ऐन.ऐच 8A (न्यू ऐन.ऐच. 47) फ्रॉम कि.मी. 11+950 टू कि.मी. 182+490 ऐंड राजकोट - बामणबोर सेकसन ऑफ़ ऐन.ऐच 8B (न्यू ऐन.ऐच. 27) फ्रॉम कि.मी. 185+230 टू कि.मी. 216+000 इन ध स्टेट ऑफ़ गुजरात.,https://bhoomirashi.gov.in/auth/revamp/prep_public.cshtml?nid=1&project_id=57646,1195.776,728.937,466.839,0.0557,0.6095932683044316
57646,2023-04-26,1912(E),1912E,2023-07-11,3094(E),3094E,76,0,deduped_nearest_subsequent_3D,False,True,MO/2018/57646,UPGRADATION TO SIX LANE WITH PAVED SHOULDERS OF AHMEDABAD- BAMANBORE SECTION OF NH 8A(NEW NH 47) FROM KM 11+950 TO KM 182+490 AND RAJKOT BAMANBORE SECTION OF NH 8B (NEW NH 27) FROM KM 185+230 TO KM 216+000 IN THE STATE OF GUJARAT अपग्रेडेशन टू सिक्स लेन विथ पेव्ड सोल्डर ऑफ़ अमदावाद – बामणबोर सेकसन ऑफ़ ऐन.ऐच 8A (न्यू ऐन.ऐच. 47) फ्रॉम कि.मी. 11+950 टू कि.मी. 182+490 ऐंड राजकोट - बामणबोर सेकसन ऑफ़ ऐन.ऐच 8B (न्यू ऐन.ऐच. 27) फ्रॉम कि.मी. 185+230 टू कि.मी. 216+000 इन ध स्टेट ऑफ़ गुजरात.,https://bhoomirashi.gov.in/auth/revamp/prep_public.cshtml?nid=1&project_id=57646,1195.776,728.937,466.839,0.0557,0.6095932683044316
57646,2023-04-26,1914 (E),1914E,2023-07-11,3095(E),3095E,76,0,deduped_nearest_subsequent_3D,False,True,MO/2018/57646,UPGRADATION TO SIX LANE WITH PAVED SHOULDERS OF AHMEDABAD- BAMANBORE SECTION OF NH 8A(NEW NH 47) FROM KM 11+950 TO KM 182+490 AND RAJKOT BAMANBORE SECTION OF NH 8B (NEW NH 27) FROM KM 185+230 TO KM 216+000 IN THE STATE OF GUJARAT अपग्रेडेशन टू सिक्स लेन विथ पेव्ड सोल्डर ऑफ़ अमदावाद – बामणबोर सेकसन ऑफ़ ऐन.ऐच 8A (न्यू ऐन.ऐच. 47) फ्रॉम कि.मी. 11+950 टू कि.मी. 182+490 ऐंड राजकोट - बामणबोर सेकसन ऑफ़ ऐन.ऐच 8B (न्यू ऐन.ऐच. 27) फ्रॉम कि.मी. 185+230 टू कि.मी. 216+000 इन ध स्टेट ऑफ़ गुजरात.,https://bhoomirashi.gov.in/auth/revamp/prep_public.cshtml?nid=1&project_id=57646,1195.776,728.937,466.839,0.0557,0.6095932683044316
57646,2023-06-14,2640(E),2640E,2023-09-12,3994(E),3994E,90,0,deduped_nearest_subsequent_3D,False,True,MO/2018/57646,UPGRADATION TO SIX LANE WITH PAVED SHOULDERS OF AHMEDABAD- BAMANBORE SECTION OF NH 8A(NEW NH 47) FROM KM 11+950 TO KM 182+490 AND RAJKOT BAMANBORE SECTION OF NH 8B (NEW NH 27) FROM KM 185+230 TO KM 216+000 IN THE STATE OF GUJARAT अपग्रेडेशन टू सिक्स लेन विथ पेव्ड सोल्डर ऑफ़ अमदावाद – बामणबोर सेकसन ऑफ़ ऐन.ऐच 8A (न्यू ऐन.ऐच. 47) फ्रॉम कि.मी. 11+950 टू कि.मी. 182+490 ऐंड राजकोट - बामणबोर सेकसन ऑफ़ ऐन.ऐच 8B (न्यू ऐन.ऐच. 27) फ्रॉम कि.मी. 185+230 टू कि.मी. 216+000 इन ध स्टेट ऑफ़ गुजरात.,https://bhoomirashi.gov.in/auth/revamp/prep_public.cshtml?nid=1&project_id=57646,1195.776,728.937,466.839,0.0557,0.6095932683044316
57646,2024-03-14,1343(E),1343E,2024-09-19,4020(E),4020E,189,0,deduped_nearest_subsequent_3D,False,True,MO/2018/57646,UPGRADATION TO SIX LANE WITH PAVED SHOULDERS OF AHMEDABAD- BAMANBORE SECTION OF NH 8A(NEW NH 47) FROM KM 11+950 TO KM 182+490 AND RAJKOT BAMANBORE SECTION OF NH 8B (NEW NH 27) FROM KM 185+230 TO KM 216+000 IN THE STATE OF GUJARAT अपग्रेडेशन टू सिक्स लेन विथ पेव्ड सोल्डर ऑफ़ अमदावाद – बामणबोर सेकसन ऑफ़ ऐन.ऐच 8A (न्यू ऐन.ऐच. 47) फ्रॉम कि.मी. 11+950 टू कि.मी. 182+490 ऐंड राजकोट - बामणबोर सेकसन ऑफ़ ऐन.ऐच 8B (न्यू ऐन.ऐच. 27) फ्रॉम कि.मी. 185+230 टू कि.मी. 216+000 इन ध स्टेट ऑफ़ गुजरात.,https://bhoomirashi.gov.in/auth/revamp/prep_public.cshtml?nid=1&project_id=57646,1195.776,728.937,466.839,0.0557,0.6095932683044316
57651,2020-10-23,3972,3972,2021-08-25,3476,3476,306,0,deduped_nearest_subsequent_3D,False,True,MO/2018/57651,Widening from two lane to four lane from KM 128.85 to 142.75 of NH - 63 Ankola Gooty Section Passing through Hubli city on the State of Karnataka (Job No.NH-63-KNT-2016-17-838) वाइडनिंग फ्रॉम ट्वो लेन टीओ फोर लेन फ्रॉम केऍम्‌ 128.85 टीओ 142.75 ओएफ ऍन्‌हॆच्‌ - 63 अंकोला गूटी सेक्शन पासिंग थ्रॉग हुबली सिटी ओन थे स्टेट ओएफ कर्नाटका (जॉब नो.ऍन्‌हॆच्‌-63-केऍन्‌टी-2016-17-838),https://bhoomirashi.gov.in/auth/revamp/prep_public.cshtml?nid=1&project_id=57651,31.37945,27.6173,3.76215,0.0,0.8801078412782889
57651,2021-08-25,3491,3491,2022-01-13,182(E),182E,141,0,deduped_nearest_subsequent_3D,False,True,MO/2018/57651,Widening from two lane to four lane from KM 128.85 to 142.75 of NH - 63 Ankola Gooty Section Passing through Hubli city on the State of Karnataka (Job No.NH-63-KNT-2016-17-838) वाइडनिंग फ्रॉम ट्वो लेन टीओ फोर लेन फ्रॉम केऍम्‌ 128.85 टीओ 142.75 ओएफ ऍन्‌हॆच्‌ - 63 अंकोला गूटी सेक्शन पासिंग थ्रॉग हुबली सिटी ओन थे स्टेट ओएफ कर्नाटका (जॉब नो.ऍन्‌हॆच्‌-63-केऍन्‌टी-2016-17-838),https://bhoomirashi.gov.in/auth/revamp/prep_public.cshtml?nid=1&project_id=57651,31.37945,27.6173,3.76215,0.0,0.8801078412782889
57651,2023-04-27,1941(E),1941E,2023-08-24,3796(E),3796E,119,0,deduped_nearest_subsequent_3D,False,True,MO/2018/57651,Widening from two lane to four lane from KM 128.85 to 142.75 of NH - 63 Ankola Gooty Section Passing through Hubli city on the State of Karnataka (Job No.NH-63-KNT-2016-17-838) वाइडनिंग फ्रॉम ट्वो लेन टीओ फोर लेन फ्रॉम केऍम्‌ 128.85 टीओ 142.75 ओएफ ऍन्‌हॆच्‌ - 63 अंकोला गूटी सेक्शन पासिंग थ्रॉग हुबली सिटी ओन थे स्टेट ओएफ कर्नाटका (जॉब नो.ऍन्‌हॆच्‌-63-केऍन्‌टी-2016-17-838),https://bhoomirashi.gov.in/auth/revamp/prep_public.cshtml?nid=1&project_id=57651,31.37945,27.6173,3.76215,0.0,0.8801078412782889
57653,2017-11-10,3122,3122,2018-11-01,5658,5658,356,0,deduped_nearest_subsequent_3D,False,True,MO/2018/57653,consultancy services for preparation of detailed project report for widening of two lane with paved shoulders/ four lane from Km 0.000 to 107.660 of pamarru-digamarru road of NH-165 in the state of andhra Pradesh (Package:II from Km 61.740 to 107.660) कंसल्टेंसी सर्विसेज फॉर प्रिपरेशन ऑफ़ डिटेल्ड प्रोजेक्ट रिपोर्ट फॉर वाइडनिंग ऑफ़ टू लेन विद पेव्ड शोल्डर्स / फोर लेन फ्रॉम किमी 0.000 टु 107.660 ऑफ़ पमारु - डिगमारु रोड ऑफ़ एनएच - 165 इन द स्टेट ऑफ़ आंध्र प्रदेश (पैकेज:II फ्रॉम किमी 61.740 टु 107.660),https://bhoomirashi.gov.in/auth/revamp/prep_public.cshtml?nid=1&project_id=57653,206.379,18.709,187.67,0.064,0.09065360332204343
57653,2018-01-03,72,72,2018-12-21,6291(E),6291E,352,0,deduped_nearest_subsequent_3D,False,True,MO/2018/57653,consultancy services for preparation of detailed project report for widening of two lane with paved shoulders/ four lane from Km 0.000 to 107.660 of pamarru-digamarru road of NH-165 in the state of andhra Pradesh (Package:II from Km 61.740 to 107.660) कंसल्टेंसी सर्विसेज फॉर प्रिपरेशन ऑफ़ डिटेल्ड प्रोजेक्ट रिपोर्ट फॉर वाइडनिंग ऑफ़ टू लेन विद पेव्ड शोल्डर्स / फोर लेन फ्रॉम किमी 0.000 टु 107.660 ऑफ़ पमारु - डिगमारु रोड ऑफ़ एनएच - 165 इन द स्टेट ऑफ़ आंध्र प्रदेश (पैकेज:II फ्रॉम किमी 61.740 टु 107.660),https://bhoomirashi.gov.in/auth/revamp/prep_public.cshtml?nid=1&project_id=57653,206.379,18.709,187.67,0.064,0.09065360332204343
57653,2019-02-21,991,991,2021-12-15,5215(E),5215E,1028,1,deduped_nearest_subsequent_3D,False,True,MO/2018/57653,consultancy services for preparation of detailed project report for widening of two lane with paved shoulders/ four lane from Km 0.000 to 107.660 of pamarru-digamarru road of NH-165 in the state of andhra Pradesh (Package:II from Km 61.740 to 107.660) कंसल्टेंसी सर्विसेज फॉर प्रिपरेशन ऑफ़ डिटेल्ड प्रोजेक्ट रिपोर्ट फॉर वाइडनिंग ऑफ़ टू लेन विद पेव्ड शोल्डर्स / फोर लेन फ्रॉम किमी 0.000 टु 107.660 ऑफ़ पमारु - डिगमारु रोड ऑफ़ एनएच - 165 इन द स्टेट ऑफ़ आंध्र प्रदेश (पैकेज:II फ्रॉम किमी 61.740 टु 107.660),https://bhoomirashi.gov.in/auth/revamp/prep_public.cshtml?nid=1&project_id=57653,206.379,18.709,187.67,0.064,0.09065360332204343
57655,2018-09-28,5124,5124,2019-03-07,1201,1201,160,0,deduped_nearest_subsequent_3D,False,True,MO/2018/57655,Widening existing 2 lane to 2 lane with 1.5m wide paved shoulder from Km 50/00 to 140/00 of NH-57 in the state of Odisha विडेनिंग एक्सिस्टिंग २ लेन तो २ लेन विथ 1.५म वाइड पवेद शोल्डर फ्रॉम कम 50/०० तो 140/०० ऑफ़ NH-५७ इन थे स्टेट ऑफ़ ओडिशा,https://bhoomirashi.gov.in/auth/revamp/prep_public.cshtml?nid=1&project_id=57655,32.69,0.0,32.69,0.0105221,0.0
57655,2018-09-28,S.O. 5124 (E),SO5124E,2019-03-07,1201(E),1201E,160,0,deduped_nearest_subsequent_3D,False,True,MO/2018/57655,Widening existing 2 lane to 2 lane with 1.5m wide paved shoulder from Km 50/00 to 140/00 of NH-57 in the state of Odisha विडेनिंग एक्सिस्टिंग २ लेन तो २ लेन विथ 1.५म वाइड पवेद शोल्डर फ्रॉम कम 50/०० तो 140/०० ऑफ़ NH-५७ इन थे स्टेट ऑफ़ ओडिशा,https://bhoomirashi.gov.in/auth/revamp/prep_public.cshtml?nid=1&project_id=57655,32.69,0.0,32.69,0.0105221,0.0
57661,2018-03-20,1239(E),1239E,2019-03-18,1392 (E),1392E,363,0,deduped_nearest_subsequent_3D,False,True,MO/2018/57661,National Highways No. 162E on the stretch of land from km 0.00 to km 142.028 (charbhuja- kumbhalgarh-Haldighati-Mawli- Bhatewar Section) in Rajasthan. National Highways No. 162E on the stretch of land from km 0.00 to km 142.028 (charbhuja- kumbhalgarh-Haldighati-Mawli- Bhatewar Section) in Rajasthan.,https://bhoomirashi.gov.in/auth/revamp/prep_public.cshtml?nid=1&project_id=57661,700.0,90.0,610.0,0.7054,0.12857142857142856
57661,2018-03-20,1240 (E),1240E,2019-03-18,1393 (E),1393E,363,0,deduped_nearest_subsequent_3D,False,True,MO/2018/57661,National Highways No. 162E on the stretch of land from km 0.00 to km 142.028 (charbhuja- kumbhalgarh-Haldighati-Mawli- Bhatewar Section) in Rajasthan. National Highways No. 162E on the stretch of land from km 0.00 to km 142.028 (charbhuja- kumbhalgarh-Haldighati-Mawli- Bhatewar Section) in Rajasthan.,https://bhoomirashi.gov.in/auth/revamp/prep_public.cshtml?nid=1&project_id=57661,700.0,90.0,610.0,0.7054,0.12857142857142856
57661,2018-03-20,1241 (E),1241E,2019-03-18,1394 (E),1394E,363,0,deduped_nearest_subsequent_3D,False,True,MO/2018/57661,National Highways No. 162E on the stretch of land from km 0.00 to km 142.028 (charbhuja- kumbhalgarh-Haldighati-Mawli- Bhatewar Section) in Rajasthan. National Highways No. 162E on the stretch of land from km 0.00 to km 142.028 (charbhuja- kumbhalgarh-Haldighati-Mawli- Bhatewar Section) in Rajasthan.,https://bhoomirashi.gov.in/auth/revamp/prep_public.cshtml?nid=1&project_id=57661,700.0,90.0,610.0,0.7054,0.12857142857142856
57661,2018-03-20,1244,1244,2019-03-19,1391 (E),1391E,364,0,deduped_nearest_subsequent_3D,False,True,MO/2018/57661,National Highways No. 162E on the stretch of land from km 0.00 to km 142.028 (charbhuja- kumbhalgarh-Haldighati-Mawli- Bhatewar Section) in Rajasthan. National Highways No. 162E on the stretch of land from km 0.00 to km 142.028 (charbhuja- kumbhalgarh-Haldighati-Mawli- Bhatewar Section) in Rajasthan.,https://bhoomirashi.gov.in/auth/revamp/prep_public.cshtml?nid=1&project_id=57661,700.0,90.0,610.0,0.7054,0.12857142857142856
57661,2022-03-24,1322-E,1322E,2022-09-21,4414-E,4414E,181,0,deduped_nearest_subsequent_3D,False,True,MO/2018/57661,National Highways No. 162E on the stretch of land from km 0.00 to km 142.028 (charbhuja- kumbhalgarh-Haldighati-Mawli- Bhatewar Section) in Rajasthan. National Highways No. 162E on the stretch of land from km 0.00 to km 142.028 (charbhuja- kumbhalgarh-Haldighati-Mawli- Bhatewar Section) in Rajasthan.,https://bhoomirashi.gov.in/auth/revamp/prep_public.cshtml?nid=1&project_id=57661,700.0,90.0,610.0,0.7054,0.12857142857142856
57661,2023-01-05,57-E,57E,2023-06-30,2843-E,2843E,176,0,deduped_nearest_subsequent_3D,False,True,MO/2018/57661,National Highways No. 162E on the stretch of land from km 0.00 to km 142.028 (charbhuja- kumbhalgarh-Haldighati-Mawli- Bhatewar Section) in Rajasthan. National Highways No. 162E on the stretch of land from km 0.00 to km 142.028 (charbhuja- kumbhalgarh-Haldighati-Mawli- Bhatewar Section) in Rajasthan.,https://bhoomirashi.gov.in/auth/revamp/prep_public.cshtml?nid=1&project_id=57661,700.0,90.0,610.0,0.7054,0.12857142857142856
57661,2024-01-17,232 (E),232E,2024-08-02,3092-(E),3092E,198,0,deduped_nearest_subsequent_3D,False,True,MO/2018/57661,National Highways No. 162E on the stretch of land from km 0.00 to km 142.028 (charbhuja- kumbhalgarh-Haldighati-Mawli- Bhatewar Section) in Rajasthan. National Highways No. 162E on the stretch of land from km 0.00 to km 142.028 (charbhuja- kumbhalgarh-Haldighati-Mawli- Bhatewar Section) in Rajasthan.,https://bhoomirashi.gov.in/auth/revamp/prep_public.cshtml?nid=1&project_id=57661,700.0,90.0,610.0,0.7054,0.12857142857142856
57661,2024-11-27,5109-E,5109E,2025-01-09,181-E,181E,43,0,deduped_nearest_subsequent_3D,False,True,MO/2018/57661,National Highways No. 162E on the stretch of land from km 0.00 to km 142.028 (charbhuja- kumbhalgarh-Haldighati-Mawli- Bhatewar Section) in Rajasthan. National Highways No. 162E on the stretch of land from km 0.00 to km 142.028 (charbhuja- kumbhalgarh-Haldighati-Mawli- Bhatewar Section) in Rajasthan.,https://bhoomirashi.gov.in/auth/revamp/prep_public.cshtml?nid=1&project_id=57661,700.0,90.0,610.0,0.7054,0.12857142857142856
57661,2025-02-07,648-E,648E,2025-04-25,1891-E,1891E,77,0,deduped_nearest_subsequent_3D,False,True,MO/2018/57661,National Highways No. 162E on the stretch of land from km 0.00 to km 142.028 (charbhuja- kumbhalgarh-Haldighati-Mawli- Bhatewar Section) in Rajasthan. National Highways No. 162E on the stretch of land from km 0.00 to km 142.028 (charbhuja- kumbhalgarh-Haldighati-Mawli- Bhatewar Section) in Rajasthan.,https://bhoomirashi.gov.in/auth/revamp/prep_public.cshtml?nid=1&project_id=57661,700.0,90.0,610.0,0.7054,0.12857142857142856
57661,2025-03-13,1200-E,1200E,2025-05-09,2087-E,2087E,57,0,deduped_nearest_subsequent_3D,False,True,MO/2018/57661,National Highways No. 162E on the stretch of land from km 0.00 to km 142.028 (charbhuja- kumbhalgarh-Haldighati-Mawli- Bhatewar Section) in Rajasthan. National Highways No. 162E on the stretch of land from km 0.00 to km 142.028 (charbhuja- kumbhalgarh-Haldighati-Mawli- Bhatewar Section) in Rajasthan.,https://bhoomirashi.gov.in/auth/revamp/prep_public.cshtml?nid=1&project_id=57661,700.0,90.0,610.0,0.7054,0.12857142857142856
57661,2025-05-09,2110-E,2110E,2025-09-11,4120-E,4120E,125,0,deduped_nearest_subsequent_3D,False,True,MO/2018/57661,National Highways No. 162E on the stretch of land from km 0.00 to km 142.028 (charbhuja- kumbhalgarh-Haldighati-Mawli- Bhatewar Section) in Rajasthan. National Highways No. 162E on the stretch of land from km 0.00 to km 142.028 (charbhuja- kumbhalgarh-Haldighati-Mawli- Bhatewar Section) in Rajasthan.,https://bhoomirashi.gov.in/auth/revamp/prep_public.cshtml?nid=1&project_id=57661,700.0,90.0,610.0,0.7054,0.12857142857142856
57661,2026-02-03,514-E,514E,2026-06-15,3116-E,3116E,132,0,deduped_nearest_subsequent_3D,False,True,MO/2018/57661,National Highways No. 162E on the stretch of land from km 0.00 to km 142.028 (charbhuja- kumbhalgarh-Haldighati-Mawli- Bhatewar Section) in Rajasthan. National Highways No. 162E on the stretch of land from km 0.00 to km 142.028 (charbhuja- kumbhalgarh-Haldighati-Mawli- Bhatewar Section) in Rajasthan.,https://bhoomirashi.gov.in/auth/revamp/prep_public.cshtml?nid=1&project_id=57661,700.0,90.0,610.0,0.7054,0.12857142857142856
57662,2017-11-06,3541,3541,2018-10-09,5227,5227,337,0,deduped_nearest_subsequent_3D,False,True,MO/2018/57662,Acquisition of land National Highway No. -104 From Km. 00.000 to Km 40.000 (Banjariya to sheohar section) in the District sheohar in the state of bihar एक्वीजीशन ऑफ़ लैंड नेशनल हाईवे नो 104 फ्रॉम कम ०० ००० टू कम ४० ००० बंजरिया टू शेओहर सेक्शन इन दे डिस्ट्रिक्ट शेओहर इन दे स्टेट ऑफ़ बिहार,https://bhoomirashi.gov.in/auth/revamp/prep_public.cshtml?nid=1&project_id=57662,2.47058,0.0,2.47058,0.0,0.0
57667,2018-07-25,3651,3651,2019-04-09,1568(E),1568E,258,0,deduped_nearest_subsequent_3D,False,True,MO/2018/57667,Rehabilitation and upgradation of NH - 12 A ( New NH - 30 ) from M . P . border chilpi to Simga Section ( CH . 191 . 422 to 268 . 345 ) with 2 - Lane paved shoulder on EPC basis रिहैबिलिटेशन एंड उपग्रडेशन ऑफ़ नह - १२ ा ( नई नह - ३० ) फ्रॉम म . प . बॉर्डर चिल्पी तो सिमगा सेक्शन ( च . 191 . ४२२ तो 268 . 345 ) with 2 - Lane paved shoulder on EPC basis,https://bhoomirashi.gov.in/auth/revamp/prep_public.cshtml?nid=1&project_id=57667,0.102,0.0,0.102,0.0,0.0
57671,2018-02-20,"744 ,745",744745,2018-08-14,4010,4010,175,0,deduped_nearest_subsequent_3D,False,True,MO/2018/57671,Rehabilitation and upgradation of N.H.-200 (NewN.H.49) from KM 127.650 to 178.944 (Village Theka?Darrighat to Banari section) to 4/2 Lane with paved shoulder in the state of Chhattisgarh under NHDP-IV scheme on EPC basis. à¤°à¥‡à¤¹à¤¾à¤¬à¤¿à¤²à¤¿à¤Ÿà¥‡à¤¶à¤¨à¤‚à¤¦ à¤‰à¤ªà¤—à¥à¤°à¤¡à¥‡à¤¶à¤¨ à¤‘à¥ž N.H.-à¥¨à¥¦à¥¦ (New) (NewN.H.49) à¤«à¥à¤°à¥‰à¤® à¤•à¤® 127.à¥¬à¥«à¥¦ à¤¤à¥‹ 178.à¥¯à¥ªà¥ª (à¤µà¤¿à¤²à¥‡à¤œ Theka?à¤¦à¤°à¥à¤°à¥€à¤˜à¤¾à¤Ÿ à¤¤à¥‹ à¤¬à¤¨à¤°à¥à¤œà¥€ section) à¤¤à¥‹ 4/à¥¨ à¤²à¥‡à¤¨ à¤µà¤¿à¤¥ à¤ªà¤µà¥‡à¤¦ à¤¶à¥‹à¤²à¥à¤¡à¤° à¤‡à¤¨ à¤¥à¥‡ à¤¸à¥à¤Ÿà¥‡à¤Ÿ à¤‘à¥ž à¤›à¤¤à¥à¤¤à¥€à¤¸à¤—à¥ à¤…à¤‚à¤¡à¤° NHDP-à¤¿à¤µ à¤¸à¥à¤•à¥€à¤® à¥‹à¤‚ à¤à¤ªà¥à¤¸,https://bhoomirashi.gov.in/auth/revamp/prep_public.cshtml?nid=1&project_id=57671,148.639,144.402,4.237,0.0,0.9714946952011247
57671,2018-02-20,S.O.743(E),SO743E,2018-08-14,4011,4011,175,0,deduped_nearest_subsequent_3D,False,True,MO/2018/57671,Rehabilitation and upgradation of N.H.-200 (NewN.H.49) from KM 127.650 to 178.944 (Village Theka?Darrighat to Banari section) to 4/2 Lane with paved shoulder in the state of Chhattisgarh under NHDP-IV scheme on EPC basis. à¤°à¥‡à¤¹à¤¾à¤¬à¤¿à¤²à¤¿à¤Ÿà¥‡à¤¶à¤¨à¤‚à¤¦ à¤‰à¤ªà¤—à¥à¤°à¤¡à¥‡à¤¶à¤¨ à¤‘à¥ž N.H.-à¥¨à¥¦à¥¦ (New) (NewN.H.49) à¤«à¥à¤°à¥‰à¤® à¤•à¤® 127.à¥¬à¥«à¥¦ à¤¤à¥‹ 178.à¥¯à¥ªà¥ª (à¤µà¤¿à¤²à¥‡à¤œ Theka?à¤¦à¤°à¥à¤°à¥€à¤˜à¤¾à¤Ÿ à¤¤à¥‹ à¤¬à¤¨à¤°à¥à¤œà¥€ section) à¤¤à¥‹ 4/à¥¨ à¤²à¥‡à¤¨ à¤µà¤¿à¤¥ à¤ªà¤µà¥‡à¤¦ à¤¶à¥‹à¤²à¥à¤¡à¤° à¤‡à¤¨ à¤¥à¥‡ à¤¸à¥à¤Ÿà¥‡à¤Ÿ à¤‘à¥ž à¤›à¤¤à¥à¤¤à¥€à¤¸à¤—à¥ à¤…à¤‚à¤¡à¤° NHDP-à¤¿à¤µ à¤¸à¥à¤•à¥€à¤® à¥‹à¤‚ à¤à¤ªà¥à¤¸,https://bhoomirashi.gov.in/auth/revamp/prep_public.cshtml?nid=1&project_id=57671,148.639,144.402,4.237,0.0,0.9714946952011247
57679,2019-06-25,2071,2071,2021-01-05,241,241,560,1,deduped_nearest_subsequent_3D,False,True,MO/2018/57679,widening to two lane with paved shoulders from km 0.970 to km 40.410 of Janagaon - Tirmulagiri section ( erstwhile SH - 16 ) of NH - 365 B on EPC mode under NH ( O) in the state of Telangana विडेनिंग तो तवो लेन विथ पवेद शोल्डर्स फ्रॉम कम 0.९७० तो कम 40.४१० ऑफ़ जनजाओं - तिरमूलगिरि सेक्शन ( ेरस्टवहिले श - १६ ) ऑफ़ नह - ३६५ बी ों एप्स मोड अंडर नह ( O) इन थे स्टेट ऑफ़ तेलंगाना,https://bhoomirashi.gov.in/auth/revamp/prep_public.cshtml?nid=1&project_id=57679,121.32,113.0,8.32,0.0,0.9314210352786021
57682,2017-09-08,2969(E),2969E,2018-07-04,3282(A),3282A,299,0,deduped_nearest_subsequent_3D,False,True,MO/2018/57682,Development & Operation of Bikaner-suratgarh section of NH-15 (km.553/869 of NH-11 to km.173/000 of NH-15)on DBFOT basis in the state of rajasthan. राजस्थान राज्य में डीबीएफओटी आधार पर एनएच -15 (एनएच -11 के किलोमीटर 553 / 869 एनएच -15 के किलोमीटर 173 / 000) के बीकानेर-सूरतगढ़ खंड का विकास और संचालन।,https://bhoomirashi.gov.in/auth/revamp/prep_public.cshtml?nid=1&project_id=57682,50.0,0.0,50.0,0.0,0.0
57685,2019-12-26,4669 (E),4669E,2022-07-06,3084 (E),3084E,923,1,deduped_nearest_subsequent_3D,False,True,MO/2018/57685,Widening to two lane with paved shoulders from km 86/160 to Km 131/730 (old chainage Km 0/00 to km 46/400) of Jangaon-Duddeda section of NH-365B on EPC Mode under NH(O) in the state of Telangana वाइडनिंग टु 2-लेन विथ प्वेड शोल्डर्स फ्रॉम किमी 86/160 टु किमी 131/730 (ओल्ड चैनेज किमी 0/00 टु किमी 46/400) ऑफ जनगांव-दुड्डेदा सेक्शन ऑफ NH-365B ऑन इपिसी मोड अंडर NH(O) इन द स्टेट ऑफ तेलांगाना,https://bhoomirashi.gov.in/auth/revamp/prep_public.cshtml?nid=1&project_id=57685,160.66,89.889,70.771,3.2355765,0.5594983194323416
57685,2022-01-24,313(E),313E,2022-11-30,5582 (E),5582E,310,0,deduped_nearest_subsequent_3D,False,True,MO/2018/57685,Widening to two lane with paved shoulders from km 86/160 to Km 131/730 (old chainage Km 0/00 to km 46/400) of Jangaon-Duddeda section of NH-365B on EPC Mode under NH(O) in the state of Telangana वाइडनिंग टु 2-लेन विथ प्वेड शोल्डर्स फ्रॉम किमी 86/160 टु किमी 131/730 (ओल्ड चैनेज किमी 0/00 टु किमी 46/400) ऑफ जनगांव-दुड्डेदा सेक्शन ऑफ NH-365B ऑन इपिसी मोड अंडर NH(O) इन द स्टेट ऑफ तेलांगाना,https://bhoomirashi.gov.in/auth/revamp/prep_public.cshtml?nid=1&project_id=57685,160.66,89.889,70.771,3.2355765,0.5594983194323416
57685,2022-06-30,2950 (E),2950E,2023-03-28,1453 (E),1453E,271,0,deduped_nearest_subsequent_3D,False,True,MO/2018/57685,Widening to two lane with paved shoulders from km 86/160 to Km 131/730 (old chainage Km 0/00 to km 46/400) of Jangaon-Duddeda section of NH-365B on EPC Mode under NH(O) in the state of Telangana वाइडनिंग टु 2-लेन विथ प्वेड शोल्डर्स फ्रॉम किमी 86/160 टु किमी 131/730 (ओल्ड चैनेज किमी 0/00 टु किमी 46/400) ऑफ जनगांव-दुड्डेदा सेक्शन ऑफ NH-365B ऑन इपिसी मोड अंडर NH(O) इन द स्टेट ऑफ तेलांगाना,https://bhoomirashi.gov.in/auth/revamp/prep_public.cshtml?nid=1&project_id=57685,160.66,89.889,70.771,3.2355765,0.5594983194323416
57685,2022-06-30,2953 (E),2953E,2023-05-01,1977 (E),1977E,305,0,deduped_nearest_subsequent_3D,False,True,MO/2018/57685,Widening to two lane with paved shoulders from km 86/160 to Km 131/730 (old chainage Km 0/00 to km 46/400) of Jangaon-Duddeda section of NH-365B on EPC Mode under NH(O) in the state of Telangana वाइडनिंग टु 2-लेन विथ प्वेड शोल्डर्स फ्रॉम किमी 86/160 टु किमी 131/730 (ओल्ड चैनेज किमी 0/00 टु किमी 46/400) ऑफ जनगांव-दुड्डेदा सेक्शन ऑफ NH-365B ऑन इपिसी मोड अंडर NH(O) इन द स्टेट ऑफ तेलांगाना,https://bhoomirashi.gov.in/auth/revamp/prep_public.cshtml?nid=1&project_id=57685,160.66,89.889,70.771,3.2355765,0.5594983194323416
57685,2022-12-08,5729 (E),5729E,2024-02-05,483(E),483E,424,1,deduped_nearest_subsequent_3D,False,True,MO/2018/57685,Widening to two lane with paved shoulders from km 86/160 to Km 131/730 (old chainage Km 0/00 to km 46/400) of Jangaon-Duddeda section of NH-365B on EPC Mode under NH(O) in the state of Telangana वाइडनिंग टु 2-लेन विथ प्वेड शोल्डर्स फ्रॉम किमी 86/160 टु किमी 131/730 (ओल्ड चैनेज किमी 0/00 टु किमी 46/400) ऑफ जनगांव-दुड्डेदा सेक्शन ऑफ NH-365B ऑन इपिसी मोड अंडर NH(O) इन द स्टेट ऑफ तेलांगाना,https://bhoomirashi.gov.in/auth/revamp/prep_public.cshtml?nid=1&project_id=57685,160.66,89.889,70.771,3.2355765,0.5594983194323416
57685,2025-09-30,4475(E),4475E,2026-03-19,1429(E),1429E,170,0,deduped_nearest_subsequent_3D,False,True,MO/2018/57685,Widening to two lane with paved shoulders from km 86/160 to Km 131/730 (old chainage Km 0/00 to km 46/400) of Jangaon-Duddeda section of NH-365B on EPC Mode under NH(O) in the state of Telangana वाइडनिंग टु 2-लेन विथ प्वेड शोल्डर्स फ्रॉम किमी 86/160 टु किमी 131/730 (ओल्ड चैनेज किमी 0/00 टु किमी 46/400) ऑफ जनगांव-दुड्डेदा सेक्शन ऑफ NH-365B ऑन इपिसी मोड अंडर NH(O) इन द स्टेट ऑफ तेलांगाना,https://bhoomirashi.gov.in/auth/revamp/prep_public.cshtml?nid=1&project_id=57685,160.66,89.889,70.771,3.2355765,0.5594983194323416
57695,2018-10-29,5549,5549,2019-10-21,3803 (E),3803E,357,0,deduped_nearest_subsequent_3D,False,True,MO/2018/57695,Land Acquisition on NH-125 (PITHORAGARH BYPASS ) in the State of Uttarakhand लैंड एक्वीजीशन ों NH-१२५ (पिथौरागढ़ बाईपास ) इन थे स्टेट ऑफ़ उत्तराखंड,https://bhoomirashi.gov.in/auth/revamp/prep_public.cshtml?nid=1&project_id=57695,40.25,0.0,40.25,0.0,0.0
57696,2018-03-13,1119 (E),1119E,2018-10-03,5080(E),5080E,204,0,deduped_nearest_subsequent_3D,False,True,MO/2018/57696,Land acquisition on NH-58 from km 489.00(Marwari) to km 528.00 (Mana ) in the State of Uttarakhand लैंड एक्वीजीशन ों NH-58/ NH-५८ फ्रॉम कम 489.०० 489.00(Marwari) तो कम 528.०० (मन ) इन थे स्टेट ऑफ़ उत्तराखंड,https://bhoomirashi.gov.in/auth/revamp/prep_public.cshtml?nid=1&project_id=57696,20.0,7.864,12.136,0.0,0.3932
57696,2018-12-07,6116 (E),6116E,2019-02-12,844 (E),844E,67,0,deduped_nearest_subsequent_3D,False,True,MO/2018/57696,Land acquisition on NH-58 from km 489.00(Marwari) to km 528.00 (Mana ) in the State of Uttarakhand लैंड एक्वीजीशन ों NH-58/ NH-५८ फ्रॉम कम 489.०० 489.00(Marwari) तो कम 528.०० (मन ) इन थे स्टेट ऑफ़ उत्तराखंड,https://bhoomirashi.gov.in/auth/revamp/prep_public.cshtml?nid=1&project_id=57696,20.0,7.864,12.136,0.0,0.3932
57699,2018-03-13,1120 (E),1120E,2019-12-17,4505 (E),4505E,644,1,deduped_nearest_subsequent_3D,False,True,MO/2018/57699,Land Acquisition on NH-58 from km 468.350 to km 489.000 Helong - Marwari bypass (Joshimath bypass ) in the State of Uttarakhand लैंड एक्वीजीशन ों NH-५८ फ्रॉम कम 468.३५० तो कम 489.००० हेलॉन्ग मारवाड़ी बाईपास (जोशीमठ बाईपास ) इन थे स्टेट ऑफ़ उत्तराखंड,https://bhoomirashi.gov.in/auth/revamp/prep_public.cshtml?nid=1&project_id=57699,10.0,3.545,6.455,0.0,0.3545
57707,2017-11-24,3740,3740,2018-09-28,5079,5079,308,0,deduped_nearest_subsequent_3D,False,True,MO/2018/57707,Rehabilitation and Up - gradation 2 / 4 Lane with Paved Shoulders in NH 200 ( New NH - 49 ) From Km . 240.000 to 312.400 ( Masaniakala Village to Rengalpali Village / Odisha Border ) In the state of Chhattisgarh ... छत्तीसगढ राज्य में राष्ट्रीय राजमार्ग क्र. २०० (नया रा.रा.क्र.- ४९) के किमी. २४०.००० से ३१२.४०० (ग्राम मसनियाकला से रेंगालपाली /ओडिशा बार्डर तक) में २/४ लेन चौडीकरण एवँ उन्नतिकरण का कार्य,https://bhoomirashi.gov.in/auth/revamp/prep_public.cshtml?nid=1&project_id=57707,181.718,128.756,52.962,0.0,0.7085484101740059
57709,2018-02-20,753 (E),753E,2018-10-25,5445 (E),5445E,247,0,deduped_nearest_subsequent_3D,False,True,MO/2018/57709,Land acquisition for Champawat Bypass (from km 121.650 to km 129.400) of NH-125 in the State of Uttarakhand लैंड एक्वीजीशन फॉर चम्पावत बाईपास (फर्म कम 121.६५० तो कम 129.400) ऑफ़ NH-१२५ इन थे स्टेट ऑफ़,https://bhoomirashi.gov.in/auth/revamp/prep_public.cshtml?nid=1&project_id=57709,20.951,4.0,16.951,0.199,0.19092167438308433
57710,2017-07-18,S.O.2251(E),SO2251E,2018-07-17,3489,3489,364,0,deduped_nearest_subsequent_3D,False,True,MO/2018/57710,UPGRADATION OF JUNCTION WITH NH-27 NEAR DHORAJI - JAMKANDORNA - KALAWAD - JAMNAGAR SECTION OF NH 927-D IN THE STATE OF GUJARAT. (PACKAGE NO. NH / IAHE / 18) PACKAGE-1 & PACKAGE-II अपग्रेडेशन ओऍफ़्‌ झन्क्षन विद ऍन्‌हॆच्‌-27 निर धोरजी - जमकंदोरना - कालवाद - जामनगर सैक्षन ओऍफ़्‌ ऍन्‌हॆच्‌ 927-डी ऐऍन्‌ टीहॆच्‌ई स्टेय्ट ओऍफ़्‌ ग्यूझरेट. (पेकझ ऍन्‌ओ. ऍन्‌हॆच्‌ / इहे / 18) पेकझ-1 & पेकझ-ऐऐ,https://bhoomirashi.gov.in/auth/revamp/prep_public.cshtml?nid=1&project_id=57710,600.0,136.9025,463.0975,0.6088,0.22817083333333335
57710,2018-02-13,F.No.RW/NH-12012/03/2016/PS-4/GJ,FNORWNH12012032016PS4GJ,2019-01-31,622(E),622E,352,0,deduped_nearest_subsequent_3D,False,True,MO/2018/57710,UPGRADATION OF JUNCTION WITH NH-27 NEAR DHORAJI - JAMKANDORNA - KALAWAD - JAMNAGAR SECTION OF NH 927-D IN THE STATE OF GUJARAT. (PACKAGE NO. NH / IAHE / 18) PACKAGE-1 & PACKAGE-II अपग्रेडेशन ओऍफ़्‌ झन्क्षन विद ऍन्‌हॆच्‌-27 निर धोरजी - जमकंदोरना - कालवाद - जामनगर सैक्षन ओऍफ़्‌ ऍन्‌हॆच्‌ 927-डी ऐऍन्‌ टीहॆच्‌ई स्टेय्ट ओऍफ़्‌ ग्यूझरेट. (पेकझ ऍन्‌ओ. ऍन्‌हॆच्‌ / इहे / 18) पेकझ-1 & पेकझ-ऐऐ,https://bhoomirashi.gov.in/auth/revamp/prep_public.cshtml?nid=1&project_id=57710,600.0,136.9025,463.0975,0.6088,0.22817083333333335
57710,2018-08-23,4158,4158,2019-02-12,805(E),805E,173,0,deduped_nearest_subsequent_3D,False,True,MO/2018/57710,UPGRADATION OF JUNCTION WITH NH-27 NEAR DHORAJI - JAMKANDORNA - KALAWAD - JAMNAGAR SECTION OF NH 927-D IN THE STATE OF GUJARAT. (PACKAGE NO. NH / IAHE / 18) PACKAGE-1 & PACKAGE-II अपग्रेडेशन ओऍफ़्‌ झन्क्षन विद ऍन्‌हॆच्‌-27 निर धोरजी - जमकंदोरना - कालवाद - जामनगर सैक्षन ओऍफ़्‌ ऍन्‌हॆच्‌ 927-डी ऐऍन्‌ टीहॆच्‌ई स्टेय्ट ओऍफ़्‌ ग्यूझरेट. (पेकझ ऍन्‌ओ. ऍन्‌हॆच्‌ / इहे / 18) पेकझ-1 & पेकझ-ऐऐ,https://bhoomirashi.gov.in/auth/revamp/prep_public.cshtml?nid=1&project_id=57710,600.0,136.9025,463.0975,0.6088,0.22817083333333335
57710,2018-08-23,4159,4159,2019-08-19,2968,2968,361,0,deduped_nearest_subsequent_3D,False,True,MO/2018/57710,UPGRADATION OF JUNCTION WITH NH-27 NEAR DHORAJI - JAMKANDORNA - KALAWAD - JAMNAGAR SECTION OF NH 927-D IN THE STATE OF GUJARAT. (PACKAGE NO. NH / IAHE / 18) PACKAGE-1 & PACKAGE-II अपग्रेडेशन ओऍफ़्‌ झन्क्षन विद ऍन्‌हॆच्‌-27 निर धोरजी - जमकंदोरना - कालवाद - जामनगर सैक्षन ओऍफ़्‌ ऍन्‌हॆच्‌ 927-डी ऐऍन्‌ टीहॆच्‌ई स्टेय्ट ओऍफ़्‌ ग्यूझरेट. (पेकझ ऍन्‌ओ. ऍन्‌हॆच्‌ / इहे / 18) पेकझ-1 & पेकझ-ऐऐ,https://bhoomirashi.gov.in/auth/revamp/prep_public.cshtml?nid=1&project_id=57710,600.0,136.9025,463.0975,0.6088,0.22817083333333335
57710,2019-07-03,2335(E),2335E,2019-08-22,3024(E),3024E,50,0,deduped_nearest_subsequent_3D,False,True,MO/2018/57710,UPGRADATION OF JUNCTION WITH NH-27 NEAR DHORAJI - JAMKANDORNA - KALAWAD - JAMNAGAR SECTION OF NH 927-D IN THE STATE OF GUJARAT. (PACKAGE NO. NH / IAHE / 18) PACKAGE-1 & PACKAGE-II अपग्रेडेशन ओऍफ़्‌ झन्क्षन विद ऍन्‌हॆच्‌-27 निर धोरजी - जमकंदोरना - कालवाद - जामनगर सैक्षन ओऍफ़्‌ ऍन्‌हॆच्‌ 927-डी ऐऍन्‌ टीहॆच्‌ई स्टेय्ट ओऍफ़्‌ ग्यूझरेट. (पेकझ ऍन्‌ओ. ऍन्‌हॆच्‌ / इहे / 18) पेकझ-1 & पेकझ-ऐऐ,https://bhoomirashi.gov.in/auth/revamp/prep_public.cshtml?nid=1&project_id=57710,600.0,136.9025,463.0975,0.6088,0.22817083333333335
57710,2020-06-17,1915(E),1915E,2021-02-16,701(E),701E,244,0,deduped_nearest_subsequent_3D,False,True,MO/2018/57710,UPGRADATION OF JUNCTION WITH NH-27 NEAR DHORAJI - JAMKANDORNA - KALAWAD - JAMNAGAR SECTION OF NH 927-D IN THE STATE OF GUJARAT. (PACKAGE NO. NH / IAHE / 18) PACKAGE-1 & PACKAGE-II अपग्रेडेशन ओऍफ़्‌ झन्क्षन विद ऍन्‌हॆच्‌-27 निर धोरजी - जमकंदोरना - कालवाद - जामनगर सैक्षन ओऍफ़्‌ ऍन्‌हॆच्‌ 927-डी ऐऍन्‌ टीहॆच्‌ई स्टेय्ट ओऍफ़्‌ ग्यूझरेट. (पेकझ ऍन्‌ओ. ऍन्‌हॆच्‌ / इहे / 18) पेकझ-1 & पेकझ-ऐऐ,https://bhoomirashi.gov.in/auth/revamp/prep_public.cshtml?nid=1&project_id=57710,600.0,136.9025,463.0975,0.6088,0.22817083333333335
57710,2020-11-10,4115(E),4115E,2021-06-09,2236(E),2236E,211,0,deduped_nearest_subsequent_3D,False,True,MO/2018/57710,UPGRADATION OF JUNCTION WITH NH-27 NEAR DHORAJI - JAMKANDORNA - KALAWAD - JAMNAGAR SECTION OF NH 927-D IN THE STATE OF GUJARAT. (PACKAGE NO. NH / IAHE / 18) PACKAGE-1 & PACKAGE-II अपग्रेडेशन ओऍफ़्‌ झन्क्षन विद ऍन्‌हॆच्‌-27 निर धोरजी - जमकंदोरना - कालवाद - जामनगर सैक्षन ओऍफ़्‌ ऍन्‌हॆच्‌ 927-डी ऐऍन्‌ टीहॆच्‌ई स्टेय्ट ओऍफ़्‌ ग्यूझरेट. (पेकझ ऍन्‌ओ. ऍन्‌हॆच्‌ / इहे / 18) पेकझ-1 & पेकझ-ऐऐ,https://bhoomirashi.gov.in/auth/revamp/prep_public.cshtml?nid=1&project_id=57710,600.0,136.9025,463.0975,0.6088,0.22817083333333335
57710,2021-06-28,2597(E),2597E,2021-09-20,3860(E),3860E,84,0,deduped_nearest_subsequent_3D,False,True,MO/2018/57710,UPGRADATION OF JUNCTION WITH NH-27 NEAR DHORAJI - JAMKANDORNA - KALAWAD - JAMNAGAR SECTION OF NH 927-D IN THE STATE OF GUJARAT. (PACKAGE NO. NH / IAHE / 18) PACKAGE-1 & PACKAGE-II अपग्रेडेशन ओऍफ़्‌ झन्क्षन विद ऍन्‌हॆच्‌-27 निर धोरजी - जमकंदोरना - कालवाद - जामनगर सैक्षन ओऍफ़्‌ ऍन्‌हॆच्‌ 927-डी ऐऍन्‌ टीहॆच्‌ई स्टेय्ट ओऍफ़्‌ ग्यूझरेट. (पेकझ ऍन्‌ओ. ऍन्‌हॆच्‌ / इहे / 18) पेकझ-1 & पेकझ-ऐऐ,https://bhoomirashi.gov.in/auth/revamp/prep_public.cshtml?nid=1&project_id=57710,600.0,136.9025,463.0975,0.6088,0.22817083333333335
57710,2022-01-18,249(E),249E,2022-12-16,5903 (E),5903E,332,0,deduped_nearest_subsequent_3D,False,True,MO/2018/57710,UPGRADATION OF JUNCTION WITH NH-27 NEAR DHORAJI - JAMKANDORNA - KALAWAD - JAMNAGAR SECTION OF NH 927-D IN THE STATE OF GUJARAT. (PACKAGE NO. NH / IAHE / 18) PACKAGE-1 & PACKAGE-II अपग्रेडेशन ओऍफ़्‌ झन्क्षन विद ऍन्‌हॆच्‌-27 निर धोरजी - जमकंदोरना - कालवाद - जामनगर सैक्षन ओऍफ़्‌ ऍन्‌हॆच्‌ 927-डी ऐऍन्‌ टीहॆच्‌ई स्टेय्ट ओऍफ़्‌ ग्यूझरेट. (पेकझ ऍन्‌ओ. ऍन्‌हॆच्‌ / इहे / 18) पेकझ-1 & पेकझ-ऐऐ,https://bhoomirashi.gov.in/auth/revamp/prep_public.cshtml?nid=1&project_id=57710,600.0,136.9025,463.0975,0.6088,0.22817083333333335
57710,2023-07-17,3172(E),3172E,2026-02-06,591(E),591E,935,1,deduped_nearest_subsequent_3D,False,True,MO/2018/57710,UPGRADATION OF JUNCTION WITH NH-27 NEAR DHORAJI - JAMKANDORNA - KALAWAD - JAMNAGAR SECTION OF NH 927-D IN THE STATE OF GUJARAT. (PACKAGE NO. NH / IAHE / 18) PACKAGE-1 & PACKAGE-II अपग्रेडेशन ओऍफ़्‌ झन्क्षन विद ऍन्‌हॆच्‌-27 निर धोरजी - जमकंदोरना - कालवाद - जामनगर सैक्षन ओऍफ़्‌ ऍन्‌हॆच्‌ 927-डी ऐऍन्‌ टीहॆच्‌ई स्टेय्ट ओऍफ़्‌ ग्यूझरेट. (पेकझ ऍन्‌ओ. ऍन्‌हॆच्‌ / इहे / 18) पेकझ-1 & पेकझ-ऐऐ,https://bhoomirashi.gov.in/auth/revamp/prep_public.cshtml?nid=1&project_id=57710,600.0,136.9025,463.0975,0.6088,0.22817083333333335
57710,2024-02-12,606(E),606E,2026-02-06,621(E),621E,725,1,deduped_nearest_subsequent_3D,False,True,MO/2018/57710,UPGRADATION OF JUNCTION WITH NH-27 NEAR DHORAJI - JAMKANDORNA - KALAWAD - JAMNAGAR SECTION OF NH 927-D IN THE STATE OF GUJARAT. (PACKAGE NO. NH / IAHE / 18) PACKAGE-1 & PACKAGE-II अपग्रेडेशन ओऍफ़्‌ झन्क्षन विद ऍन्‌हॆच्‌-27 निर धोरजी - जमकंदोरना - कालवाद - जामनगर सैक्षन ओऍफ़्‌ ऍन्‌हॆच्‌ 927-डी ऐऍन्‌ टीहॆच्‌ई स्टेय्ट ओऍफ़्‌ ग्यूझरेट. (पेकझ ऍन्‌ओ. ऍन्‌हॆच्‌ / इहे / 18) पेकझ-1 & पेकझ-ऐऐ,https://bhoomirashi.gov.in/auth/revamp/prep_public.cshtml?nid=1&project_id=57710,600.0,136.9025,463.0975,0.6088,0.22817083333333335
57710,2025-05-09,2102(E),2102E,2026-06-12,3090(E),3090E,399,1,deduped_nearest_subsequent_3D,False,True,MO/2018/57710,UPGRADATION OF JUNCTION WITH NH-27 NEAR DHORAJI - JAMKANDORNA - KALAWAD - JAMNAGAR SECTION OF NH 927-D IN THE STATE OF GUJARAT. (PACKAGE NO. NH / IAHE / 18) PACKAGE-1 & PACKAGE-II अपग्रेडेशन ओऍफ़्‌ झन्क्षन विद ऍन्‌हॆच्‌-27 निर धोरजी - जमकंदोरना - कालवाद - जामनगर सैक्षन ओऍफ़्‌ ऍन्‌हॆच्‌ 927-डी ऐऍन्‌ टीहॆच्‌ई स्टेय्ट ओऍफ़्‌ ग्यूझरेट. (पेकझ ऍन्‌ओ. ऍन्‌हॆच्‌ / इहे / 18) पेकझ-1 & पेकझ-ऐऐ,https://bhoomirashi.gov.in/auth/revamp/prep_public.cshtml?nid=1&project_id=57710,600.0,136.9025,463.0975,0.6088,0.22817083333333335
57713,2018-07-30,3735,3735,2018-11-14,5751,5751,107,0,deduped_nearest_subsequent_3D,False,True,MO/2018/57713,CONSTRUCTION OF NEW 4-LANE SIGNATURE BRIDGE (900M LONG CENTRAL CABLE-STAYED MODULE) CONNECTING MISSING LINK BETWEEN OKHA AND BEYT DWARKA ON EPC MODE INCLUDING CONSTRUCTION OF APPROACHES ON NEW NATIONAL HIGHWAY NO. NH-51 IN THE STATE OF GUJARAT. कंस्ट्रक्शन ओफ न्यु ४-लेन सिग्नेचर ब्रिज (९००मी लोंग सेंट्रल केबल-स्टेयड मॉड्यूल) कनेक्टिंग मिसिंग लिंक बीटवीन ओखा एन्ड बेट द्वारका ओन ईपीसी मोड़ इंक्लुडींग कंस्ट्रक्शन ओफ अॅपप्रोचिस ओन न्यु नेशनल हाईवे नं. एन.एच.-५१ इन ध स्टेट ओफ गुजरात,https://bhoomirashi.gov.in/auth/revamp/prep_public.cshtml?nid=1&project_id=57713,14.0,0.0,14.0,0.0,0.0
57713,2021-06-21,2452(E),2452E,2021-09-20,3858(E),3858E,91,0,deduped_nearest_subsequent_3D,False,True,MO/2018/57713,CONSTRUCTION OF NEW 4-LANE SIGNATURE BRIDGE (900M LONG CENTRAL CABLE-STAYED MODULE) CONNECTING MISSING LINK BETWEEN OKHA AND BEYT DWARKA ON EPC MODE INCLUDING CONSTRUCTION OF APPROACHES ON NEW NATIONAL HIGHWAY NO. NH-51 IN THE STATE OF GUJARAT. कंस्ट्रक्शन ओफ न्यु ४-लेन सिग्नेचर ब्रिज (९००मी लोंग सेंट्रल केबल-स्टेयड मॉड्यूल) कनेक्टिंग मिसिंग लिंक बीटवीन ओखा एन्ड बेट द्वारका ओन ईपीसी मोड़ इंक्लुडींग कंस्ट्रक्शन ओफ अॅपप्रोचिस ओन न्यु नेशनल हाईवे नं. एन.एच.-५१ इन ध स्टेट ओफ गुजरात,https://bhoomirashi.gov.in/auth/revamp/prep_public.cshtml?nid=1&project_id=57713,14.0,0.0,14.0,0.0,0.0
57719,2018-01-02,10],10,2018-07-31,3741,3741,210,0,deduped_nearest_subsequent_3D,False,True,MO/2018/57719,"Widening to Two Lane With Paved Shoulder From KM 0.00 to 14.90 of NH167 of Hagari -Jadecherla Section , in the State of Karnataka (Job n. NH-167-KNT-2015-16-796) विडेनिंग तो तवो लेन विथ पवेद शोल्डर फ्रॉम कम 0.०० तो 14.९० ऑफ़ ंह१६७ ऑफ़ हजारी हजारी -जड्चर्ला सेक्शन , इन थे स्टेट ऑफ़ कर्नाटक (जॉब n. NH-167-KNT-2015-16-796)",https://bhoomirashi.gov.in/auth/revamp/prep_public.cshtml?nid=1&project_id=57719,25.0,17.0,8.0,0.0,0.68
57725,2018-08-27,4192,4192,2019-01-08,141(E),141E,134,0,deduped_nearest_subsequent_3D,False,True,MO/2018/57725,Land acquisition and utility shifting for widening to 2 lane with paved shoulder from Km.318.00 to KM.422.00 on Churaibari-Agartala section of NH-44 in the State of Tripura लैंड एक्वीजीशन एंड यूटिलिटी शिफ्टिंग फॉर विडेनिंग तो २ लेन विथ पवेद शोल्डर फ्रॉम Km.318.०० तो KM.422.०० ों Churaibari-अगरतला सेक्शन ऑफ़ NH-४४ इन थे स्टेट ऑफ़,https://bhoomirashi.gov.in/auth/revamp/prep_public.cshtml?nid=1&project_id=57725,249.6,213.0592,36.5408,0.0202347,0.8536025641025642
57725,2018-10-09,5261,5261,2019-01-11,279(E),279E,94,0,deduped_nearest_subsequent_3D,False,True,MO/2018/57725,Land acquisition and utility shifting for widening to 2 lane with paved shoulder from Km.318.00 to KM.422.00 on Churaibari-Agartala section of NH-44 in the State of Tripura लैंड एक्वीजीशन एंड यूटिलिटी शिफ्टिंग फॉर विडेनिंग तो २ लेन विथ पवेद शोल्डर फ्रॉम Km.318.०० तो KM.422.०० ों Churaibari-अगरतला सेक्शन ऑफ़ NH-४४ इन थे स्टेट ऑफ़,https://bhoomirashi.gov.in/auth/revamp/prep_public.cshtml?nid=1&project_id=57725,249.6,213.0592,36.5408,0.0202347,0.8536025641025642
57735,2018-10-09,5229,5229,2019-03-06,1161(E),1161E,148,0,deduped_nearest_subsequent_3D,False,True,MO/2018/57735,Land acquisition and utility shifting for improvement and widening to 2-lane with paved shoulder of newly declared NH-108A in the State of Tripura. लैंड एक्वीजीशन एंड यूटिलिटी शिफ्टिंग फॉर इम्प्रूवमेंट एंड विडेनिंग तो 2-लेन ैथ पवेद शोल्डर ऑफ़ नेवली देक्लारेड NH-१०८ा इन थे सताते ऑफ़ Tripura.,https://bhoomirashi.gov.in/auth/revamp/prep_public.cshtml?nid=1&project_id=57735,67.91,28.16,39.75,0.0,0.41466647032837584
57741,2017-12-26,4047(E),4047E,2018-12-07,6068 (E),6068E,346,0,deduped_nearest_subsequent_3D,False,True,MO/2018/57741,LAND ACQUISITION ON NH-94 FROM KM 59.000 TO KM 132.300 (FROM EXISTING CHAINAGE FROM KM 76.000 TO KM 89.440) RISHIKESH DHARASU ROAD IN THE STATE OF UTTARAKHAND लैंड एक्वीजीशन ों NH-९४ फ्रॉम कम 59.००० तो कम 132.३०० (फ्रॉम एक्सिस्टिंग चैनगे फ्रॉम कम 76.००० तो कम 89.440) ऋषिकेश धरासू रोड इन थे स्टेट ऑफ़ उत्तराखंड,https://bhoomirashi.gov.in/auth/revamp/prep_public.cshtml?nid=1&project_id=57741,1.125,0.0,1.125,0.0,0.0
57746,2016-10-20,3247(E),3247E,2017-07-07,2157 (E),2157E,260,0,deduped_nearest_subsequent_3D,False,True,MO/2018/57746,"Rehabilitation and Upgradtion to 2 Lane with Paved shoulder in km 11/600 to 65/600 of Nashik Peth to Gujarat Border Road NH 848 (excluding Km 11/600 to 16/00, Km 34/00 to 39/00 and Km 57/00 to 62/00.) 62/00.)",https://bhoomirashi.gov.in/auth/revamp/prep_public.cshtml?nid=1&project_id=57746,119.7,77.0,42.7,1.3275,0.6432748538011696
57746,2017-07-07,2157E,2157E,2017-07-07,2158 (E),2158E,0,0,deduped_nearest_subsequent_3D,False,True,MO/2018/57746,"Rehabilitation and Upgradtion to 2 Lane with Paved shoulder in km 11/600 to 65/600 of Nashik Peth to Gujarat Border Road NH 848 (excluding Km 11/600 to 16/00, Km 34/00 to 39/00 and Km 57/00 to 62/00.) 62/00.)",https://bhoomirashi.gov.in/auth/revamp/prep_public.cshtml?nid=1&project_id=57746,119.7,77.0,42.7,1.3275,0.6432748538011696
57746,2018-11-14,5718,5718,2019-08-27,3093,3093,286,0,deduped_nearest_subsequent_3D,False,True,MO/2018/57746,"Rehabilitation and Upgradtion to 2 Lane with Paved shoulder in km 11/600 to 65/600 of Nashik Peth to Gujarat Border Road NH 848 (excluding Km 11/600 to 16/00, Km 34/00 to 39/00 and Km 57/00 to 62/00.) 62/00.)",https://bhoomirashi.gov.in/auth/revamp/prep_public.cshtml?nid=1&project_id=57746,119.7,77.0,42.7,1.3275,0.6432748538011696
57746,2019-08-26,3035 E,3035E,2019-11-29,4314 E,4314E,95,0,deduped_nearest_subsequent_3D,False,True,MO/2018/57746,"Rehabilitation and Upgradtion to 2 Lane with Paved shoulder in km 11/600 to 65/600 of Nashik Peth to Gujarat Border Road NH 848 (excluding Km 11/600 to 16/00, Km 34/00 to 39/00 and Km 57/00 to 62/00.) 62/00.)",https://bhoomirashi.gov.in/auth/revamp/prep_public.cshtml?nid=1&project_id=57746,119.7,77.0,42.7,1.3275,0.6432748538011696
57746,2020-08-11,2730 E,2730E,2020-12-31,4829 E,4829E,142,0,deduped_nearest_subsequent_3D,False,True,MO/2018/57746,"Rehabilitation and Upgradtion to 2 Lane with Paved shoulder in km 11/600 to 65/600 of Nashik Peth to Gujarat Border Road NH 848 (excluding Km 11/600 to 16/00, Km 34/00 to 39/00 and Km 57/00 to 62/00.) 62/00.)",https://bhoomirashi.gov.in/auth/revamp/prep_public.cshtml?nid=1&project_id=57746,119.7,77.0,42.7,1.3275,0.6432748538011696
57749,2018-08-01,3799,3799,2019-04-30,1676,1676,272,0,deduped_nearest_subsequent_3D,False,True,MO/2018/57749,Rehabilitation and Up gradation of Allahabad-Mirzapur Section km. 450.00 to 486.775 of NH-76E to two lanes with paved shoulder under EPC mode in the State of Uttar Pradesh उत्तर प्रदेश राज्य में रा०मा०सं०-७६ई (नया-३५) इलाहाबाद-मिर्ज़ापुर खण्ड के कि०मी० ४५०.०० से ४८६.७७५ तक में ईपीसी पद्धति के अधीन टू-लेन विथ पेव्ड शोल्डर से पुनरस्थापन एवं उच्चीकरण का कार्य |,https://bhoomirashi.gov.in/auth/revamp/prep_public.cshtml?nid=1&project_id=57749,4.0,0.0,4.0,0.0,0.0
57749,2020-07-07,2258,2258,2020-12-31,4800,4800,177,0,deduped_nearest_subsequent_3D,False,True,MO/2018/57749,Rehabilitation and Up gradation of Allahabad-Mirzapur Section km. 450.00 to 486.775 of NH-76E to two lanes with paved shoulder under EPC mode in the State of Uttar Pradesh उत्तर प्रदेश राज्य में रा०मा०सं०-७६ई (नया-३५) इलाहाबाद-मिर्ज़ापुर खण्ड के कि०मी० ४५०.०० से ४८६.७७५ तक में ईपीसी पद्धति के अधीन टू-लेन विथ पेव्ड शोल्डर से पुनरस्थापन एवं उच्चीकरण का कार्य |,https://bhoomirashi.gov.in/auth/revamp/prep_public.cshtml?nid=1&project_id=57749,4.0,0.0,4.0,0.0,0.0
57750,2019-01-28,493,493,2020-06-22,1992,1992,511,1,deduped_nearest_subsequent_3D,False,True,MO/2018/57750,"Rehabilitation and upgradation to 2 lane with paved shoulder of NH-703A from Makhu to Arifke in km 0.00 to 24.600 including construction of two ROBs in the state of Punjab मखु से अरिफ के राष्ट्रीय राजमार्ग (703A), पंजाब का पुर्नवास एवं उनयन",https://bhoomirashi.gov.in/auth/revamp/prep_public.cshtml?nid=1&project_id=57750,4.517,1.7904,2.7266,0.0404686,0.3963692716404693
57750,2019-01-28,518,518,2020-07-31,2568,2568,550,1,deduped_nearest_subsequent_3D,False,True,MO/2018/57750,"Rehabilitation and upgradation to 2 lane with paved shoulder of NH-703A from Makhu to Arifke in km 0.00 to 24.600 including construction of two ROBs in the state of Punjab मखु से अरिफ के राष्ट्रीय राजमार्ग (703A), पंजाब का पुर्नवास एवं उनयन",https://bhoomirashi.gov.in/auth/revamp/prep_public.cshtml?nid=1&project_id=57750,4.517,1.7904,2.7266,0.0404686,0.3963692716404693
57750,2020-04-22,1334,1334,2021-07-02,2684,2684,436,1,deduped_nearest_subsequent_3D,False,True,MO/2018/57750,"Rehabilitation and upgradation to 2 lane with paved shoulder of NH-703A from Makhu to Arifke in km 0.00 to 24.600 including construction of two ROBs in the state of Punjab मखु से अरिफ के राष्ट्रीय राजमार्ग (703A), पंजाब का पुर्नवास एवं उनयन",https://bhoomirashi.gov.in/auth/revamp/prep_public.cshtml?nid=1&project_id=57750,4.517,1.7904,2.7266,0.0404686,0.3963692716404693
57758,2019-01-24,417,417,2020-07-29,2501 E,2501E,552,1,deduped_nearest_subsequent_3D,False,True,MO/2018/57758,Estimate for two lanning with paved shoulder from km. 97.487 to km. 137.250 of Naghbir to Armori Section (Pckg-III) of NH -353D in the state of Maharashtra on EPC mode एस्टीमेट फॉर तवो लंनिंग विद पेव्ड शोल्डर फ्रॉम कम ९७ ४८७ टू कम १३७ २५० ऑफ़ नागभीर टू आरमोरी सेक्शन पकग ीी ऑफ़ नह ३५३द इन दे स्टेट ऑफ़ महाराष्ट्र ऑन एप्स मोड,https://bhoomirashi.gov.in/auth/revamp/prep_public.cshtml?nid=1&project_id=57758,114.783,106.2704,8.5126,0.0,0.9258374497965726
57758,2019-01-24,418,418,2020-10-20,3706 E,3706E,635,1,deduped_nearest_subsequent_3D,False,True,MO/2018/57758,Estimate for two lanning with paved shoulder from km. 97.487 to km. 137.250 of Naghbir to Armori Section (Pckg-III) of NH -353D in the state of Maharashtra on EPC mode एस्टीमेट फॉर तवो लंनिंग विद पेव्ड शोल्डर फ्रॉम कम ९७ ४८७ टू कम १३७ २५० ऑफ़ नागभीर टू आरमोरी सेक्शन पकग ीी ऑफ़ नह ३५३द इन दे स्टेट ऑफ़ महाराष्ट्र ऑन एप्स मोड,https://bhoomirashi.gov.in/auth/revamp/prep_public.cshtml?nid=1&project_id=57758,114.783,106.2704,8.5126,0.0,0.9258374497965726
57760,2018-01-12,142,142,2018-09-28,5075(E),5075E,259,0,deduped_nearest_subsequent_3D,False,True,MO/2018/57760,Rehabilitation and upgradation of NH-544E from Km.56/803 to Km.99/179 of (Madakasira - Sira Section) to two lane withpaved shoulders on EPC mode under NH(O) in the state of Andhra Pradesh रिहैबिलिटेशन अंड अपग्रेडेशन ओफ ऍन्‌हॆच्‌-544ई फ्रम केएम.56/803 टो केएम.99/179 ओफ (मदकशिर - सिरा सेक्शन) टो त्वों लेन विथपावेद शोल्डर्स ओन ईपीसी मोड अंडर ऍन्‌हॆच्‌(ओ) इन ठे स्टेट ओफ आंध्र प्रदेश,https://bhoomirashi.gov.in/auth/revamp/prep_public.cshtml?nid=1&project_id=57760,86.0,0.0,86.0,0.0,0.0
57760,2021-06-14,2311,2311,2021-10-06,4104(E),4104E,114,0,deduped_nearest_subsequent_3D,False,True,MO/2018/57760,Rehabilitation and upgradation of NH-544E from Km.56/803 to Km.99/179 of (Madakasira - Sira Section) to two lane withpaved shoulders on EPC mode under NH(O) in the state of Andhra Pradesh रिहैबिलिटेशन अंड अपग्रेडेशन ओफ ऍन्‌हॆच्‌-544ई फ्रम केएम.56/803 टो केएम.99/179 ओफ (मदकशिर - सिरा सेक्शन) टो त्वों लेन विथपावेद शोल्डर्स ओन ईपीसी मोड अंडर ऍन्‌हॆच्‌(ओ) इन ठे स्टेट ओफ आंध्र प्रदेश,https://bhoomirashi.gov.in/auth/revamp/prep_public.cshtml?nid=1&project_id=57760,86.0,0.0,86.0,0.0,0.0
57760,2022-05-31,2474 (E),2474E,2022-09-22,4448(E),4448E,114,0,deduped_nearest_subsequent_3D,False,True,MO/2018/57760,Rehabilitation and upgradation of NH-544E from Km.56/803 to Km.99/179 of (Madakasira - Sira Section) to two lane withpaved shoulders on EPC mode under NH(O) in the state of Andhra Pradesh रिहैबिलिटेशन अंड अपग्रेडेशन ओफ ऍन्‌हॆच्‌-544ई फ्रम केएम.56/803 टो केएम.99/179 ओफ (मदकशिर - सिरा सेक्शन) टो त्वों लेन विथपावेद शोल्डर्स ओन ईपीसी मोड अंडर ऍन्‌हॆच्‌(ओ) इन ठे स्टेट ओफ आंध्र प्रदेश,https://bhoomirashi.gov.in/auth/revamp/prep_public.cshtml?nid=1&project_id=57760,86.0,0.0,86.0,0.0,0.0
57770,2017-09-25,3120,3120,2018-09-12,4967(E),4967E,352,0,deduped_nearest_subsequent_3D,False,True,MO/2018/57770,Rehabilitation and Up-gradation 2/4 Lane with Paved Shoulders in NH 216 (New NH-153) From Km. 3.800 to 25.645 (Raigarh-Sarangarh-Saraipali Section) in the state of Chhattisgarh. छत्तीसगढ राज्य में राष्ट्रीय राजमार्ग क्र. २१६ (नया रा.रा.क्र.- १५३) के किमी. ३.८०० से २५. ६४५ (रायगढ ‌- सारंगढ – सरायपाली खण्ड) में २/४ लेन चौडीकरण एवँ उन्नतिकरण का कार्य,https://bhoomirashi.gov.in/auth/revamp/prep_public.cshtml?nid=1&project_id=57770,61.012,55.5891,5.4229,0.0,0.9111174850849013
57779,2018-04-25,1732,1732,2018-08-14,4014,4014,111,0,deduped_nearest_subsequent_3D,False,True,MO/2018/57779,Rehabilitation and Up - gradation 2 / 4 Lane with Paved Shoulders in NH 200 ( New NH - 49 ) From Km . 240.000 to 312.400 ( Masaniakala Village to Rengalpali Village / Odisha Border ) In the state of Chhattisgarh .......... छत्तीसगढ राज्य में राष्ट्रीय राजमार्ग क्र. २०० (नया रा.रा.क्र.- ४९) के किमी. २४०.००० से ३१२.४०० (ग्राम मसनियाकला से रेंगालपाली /ओडिशा बार्डर तक) में २/४ लेन चौडीकरण एवँ उन्नतिकरण का कार्य .,https://bhoomirashi.gov.in/auth/revamp/prep_public.cshtml?nid=1&project_id=57779,181.718,128.756,52.962,0.0,0.7085484101740059
57784,2018-05-25,1925,1925,2018-09-28,S.O. 5074 (E),SO5074E,126,0,deduped_nearest_subsequent_3D,False,True,MO/2018/57784,Construction of two lane ROB at km 225 / 0 to km 228 / 0 in lieu of LC No 119 railway km 188 / 1 - 2 of Anantapuramu - Chennai road NH - 205 in Chittoor district in the state of Andhra Pradesh कंस्ट्रक्शन ऑफ़ तवो लेन रॉब ात कम २२५ / ० तो कम २२८ / ० इन लिएउ ऑफ़ लक नो ११९ रेलवे कम १८८ / १ - २ ऑफ़ अनन्तपुरमु - चेन्नई रोड नह - २०५ इन चित्तूर डिस्ट्रिक्ट इन थे स्टेट ऑफ़ आंध्र प्रदेश,https://bhoomirashi.gov.in/auth/revamp/prep_public.cshtml?nid=1&project_id=57784,9.0,6.99,2.01,0.0,0.7766666666666667
57785,2018-05-24,2118 (E),2118E,2019-05-16,S.O. 1755E,SO1755E,357,0,deduped_nearest_subsequent_3D,False,True,MO/2018/57785,Construction of ROB at Km 189 / 400 ( Railway Km 115 / 5 - 7 ) of Madanapalli - Naidupet road in lieu of L . C . No . 83 in the state of Andhra Pradesh . कंस्ट्रक्शन ऑफ़ रॉब ात कम १८९ / ४०० ( रेलवे कम ११५ / ५ - ७ ) ऑफ़ मदनपल्ली - नैदपेट रोड इन लिएउ ऑफ़ ल . स . नो . ८३ इन थे स्टेट ऑफ़ आंध्र प्रदेश .,https://bhoomirashi.gov.in/auth/revamp/prep_public.cshtml?nid=1&project_id=57785,6.0,1.19,4.81,0.0,0.19833333333333333
57786,2023-04-25,1899(E),1899E,2024-03-08,1176(E),1176E,318,0,deduped_nearest_subsequent_3D,False,True,MO/2018/57786,Widening to lane with paved shoulders from Km 184.70 to Km 198.92 (Venkateshwara camp to Dadesugur camp section) on NH-150A in the state of Karnataka in EPC mode (Job No NH-150A-KNT-2022-23-985 ईपीसी मोड में कर्नाटक राज्य में NH-150A पर Km 184.70 से Km 198.92 (वेंकटेश्वर कैंप से डेडसुगुर कैंप सेक्शन) तक पेव्ड शोल्डर के साथ लेन को चौड़ा करना (जॉब नंबर NH-150A-KNT-2022-23-985),https://bhoomirashi.gov.in/auth/revamp/prep_public.cshtml?nid=1&project_id=57786,155.0,0.0,155.0,0.0,0.0
57786,2023-04-25,1900(E),1900E,2024-03-08,1177(E),1177E,318,0,deduped_nearest_subsequent_3D,False,True,MO/2018/57786,Widening to lane with paved shoulders from Km 184.70 to Km 198.92 (Venkateshwara camp to Dadesugur camp section) on NH-150A in the state of Karnataka in EPC mode (Job No NH-150A-KNT-2022-23-985 ईपीसी मोड में कर्नाटक राज्य में NH-150A पर Km 184.70 से Km 198.92 (वेंकटेश्वर कैंप से डेडसुगुर कैंप सेक्शन) तक पेव्ड शोल्डर के साथ लेन को चौड़ा करना (जॉब नंबर NH-150A-KNT-2022-23-985),https://bhoomirashi.gov.in/auth/revamp/prep_public.cshtml?nid=1&project_id=57786,155.0,0.0,155.0,0.0,0.0
57786,2024-04-26,1825(E),1825E,2025-01-09,183(E),183E,258,0,deduped_nearest_subsequent_3D,False,True,MO/2018/57786,Widening to lane with paved shoulders from Km 184.70 to Km 198.92 (Venkateshwara camp to Dadesugur camp section) on NH-150A in the state of Karnataka in EPC mode (Job No NH-150A-KNT-2022-23-985 ईपीसी मोड में कर्नाटक राज्य में NH-150A पर Km 184.70 से Km 198.92 (वेंकटेश्वर कैंप से डेडसुगुर कैंप सेक्शन) तक पेव्ड शोल्डर के साथ लेन को चौड़ा करना (जॉब नंबर NH-150A-KNT-2022-23-985),https://bhoomirashi.gov.in/auth/revamp/prep_public.cshtml?nid=1&project_id=57786,155.0,0.0,155.0,0.0,0.0
57786,2024-06-14,2310(E),2310E,2025-01-09,185(E),185E,209,0,deduped_nearest_subsequent_3D,False,True,MO/2018/57786,Widening to lane with paved shoulders from Km 184.70 to Km 198.92 (Venkateshwara camp to Dadesugur camp section) on NH-150A in the state of Karnataka in EPC mode (Job No NH-150A-KNT-2022-23-985 ईपीसी मोड में कर्नाटक राज्य में NH-150A पर Km 184.70 से Km 198.92 (वेंकटेश्वर कैंप से डेडसुगुर कैंप सेक्शन) तक पेव्ड शोल्डर के साथ लेन को चौड़ा करना (जॉब नंबर NH-150A-KNT-2022-23-985),https://bhoomirashi.gov.in/auth/revamp/prep_public.cshtml?nid=1&project_id=57786,155.0,0.0,155.0,0.0,0.0
57789,2018-11-29,6012,6012,2019-11-13,4120(E),4120E,349,0,deduped_nearest_subsequent_3D,False,True,MO/2018/57789,UPGRADATION OF NEW NH 341 TO TWO LANE WITH PAVED SIDE SHOULDER CONFIGURATION BETWEEN DESIGN CHAINAGE FROM KM 65.478 TO KM 162.200 (BHUJ) AIRPORT JN. KHAVADA - INDIA BRIDGE TO DHARMSALA SECTION IN THE STATE OF GUJARAT उपग्रडेशन ऑफ़ NEW नह ३४१ तो तवो लेन विथ पवेद साइड शोल्डर कॉन्फ़िगरेशन बिटवीन डिज़ाइन चैनगे फ्रॉम कम 65.४७८ तो कम 162.२०० (BHUJ) एयरपोर्ट JN. खवाडा - इंडिया ब्रिज तो धर्मशाला सेक्शन इन थे स्टेट ऑफ़,https://bhoomirashi.gov.in/auth/revamp/prep_public.cshtml?nid=1&project_id=57789,277.0,0.0,277.0,0.0,0.0
57789,2021-01-28,422(E),422E,2022-01-13,181(E),181E,350,0,deduped_nearest_subsequent_3D,False,True,MO/2018/57789,UPGRADATION OF NEW NH 341 TO TWO LANE WITH PAVED SIDE SHOULDER CONFIGURATION BETWEEN DESIGN CHAINAGE FROM KM 65.478 TO KM 162.200 (BHUJ) AIRPORT JN. KHAVADA - INDIA BRIDGE TO DHARMSALA SECTION IN THE STATE OF GUJARAT उपग्रडेशन ऑफ़ NEW नह ३४१ तो तवो लेन विथ पवेद साइड शोल्डर कॉन्फ़िगरेशन बिटवीन डिज़ाइन चैनगे फ्रॉम कम 65.४७८ तो कम 162.२०० (BHUJ) एयरपोर्ट JN. खवाडा - इंडिया ब्रिज तो धर्मशाला सेक्शन इन थे स्टेट ऑफ़,https://bhoomirashi.gov.in/auth/revamp/prep_public.cshtml?nid=1&project_id=57789,277.0,0.0,277.0,0.0,0.0
57807,2022-02-14,631-E,631E,2022-09-08,4204-E,4204E,206,0,deduped_nearest_subsequent_3D,False,True,MO/2018/57807,Hanumangarh to Kenchiyan from km 0/00 (existing chainage km 23.200) to km 49.605 (existing chainage 74.645) of NH-54 on EPC Mode in the State of Rajasthan (Length 49.605) अपग्रेडेशन टो त्वों लेन विथ पावेद शोल्डर ओफ हनुमानगढ़ टो केंचियां फ्रम केएम 0/00 (एक्जिस्टिंग चैनेज केएम 23.200) टो केएम 49.605 (एक्जिस्टिंग चैनेज 74.645) ओफ ऍन्‌हॆच्‌-54 ओन ईपीसी मोड इन ठे स्टेट ओफ राजस्थान (लेंथ 49.605),https://bhoomirashi.gov.in/auth/revamp/prep_public.cshtml?nid=1&project_id=57807,472.0,162.599,309.401,0.9874,0.344489406779661
57807,2022-03-16,1170-E,1170E,2023-02-22,819-E,819E,343,0,deduped_nearest_subsequent_3D,False,True,MO/2018/57807,Hanumangarh to Kenchiyan from km 0/00 (existing chainage km 23.200) to km 49.605 (existing chainage 74.645) of NH-54 on EPC Mode in the State of Rajasthan (Length 49.605) अपग्रेडेशन टो त्वों लेन विथ पावेद शोल्डर ओफ हनुमानगढ़ टो केंचियां फ्रम केएम 0/00 (एक्जिस्टिंग चैनेज केएम 23.200) टो केएम 49.605 (एक्जिस्टिंग चैनेज 74.645) ओफ ऍन्‌हॆच्‌-54 ओन ईपीसी मोड इन ठे स्टेट ओफ राजस्थान (लेंथ 49.605),https://bhoomirashi.gov.in/auth/revamp/prep_public.cshtml?nid=1&project_id=57807,472.0,162.599,309.401,0.9874,0.344489406779661
57807,2025-11-18,5251-E,5251E,2026-05-19,2566-E,2566E,182,0,deduped_nearest_subsequent_3D,False,True,MO/2018/57807,Hanumangarh to Kenchiyan from km 0/00 (existing chainage km 23.200) to km 49.605 (existing chainage 74.645) of NH-54 on EPC Mode in the State of Rajasthan (Length 49.605) अपग्रेडेशन टो त्वों लेन विथ पावेद शोल्डर ओफ हनुमानगढ़ टो केंचियां फ्रम केएम 0/00 (एक्जिस्टिंग चैनेज केएम 23.200) टो केएम 49.605 (एक्जिस्टिंग चैनेज 74.645) ओफ ऍन्‌हॆच्‌-54 ओन ईपीसी मोड इन ठे स्टेट ओफ राजस्थान (लेंथ 49.605),https://bhoomirashi.gov.in/auth/revamp/prep_public.cshtml?nid=1&project_id=57807,472.0,162.599,309.401,0.9874,0.344489406779661
57819,2019-12-06,S.O.4394(E),SO4394E,2020-06-29,2136,2136,206,0,deduped_nearest_subsequent_3D,False,True,MO/2018/57819,"Project Details Rehabilitation and Upgrading to 2 lanes /2 lanes with paved Shoulders Configuration and Strengthening of Hamirpur to Mandi section ( 141/0 to 265/0 ) of NH -70 in the state of Himachal Pradesh . हिमाचल प्रदेश राज्य में राष्ट्रीय राजमार्ग संख्या 70 पर हमीरपुर से मंडी (कि. मी. 141/0 से to 265/0) तक सुदृढ़ीकरण के साथ 2 लेन / 2 लेनों के लिए पक्की विन्यास और सुदृढ़ीकरण, पुनर्वास और उन्नयन",https://bhoomirashi.gov.in/auth/revamp/prep_public.cshtml?nid=1&project_id=57819,255.6768,95.198,160.4788,1.61391,0.3723372632949098
57819,2019-12-16,S.O.4489(E),SO4489E,2020-06-29,2137,2137,196,0,deduped_nearest_subsequent_3D,False,True,MO/2018/57819,"Project Details Rehabilitation and Upgrading to 2 lanes /2 lanes with paved Shoulders Configuration and Strengthening of Hamirpur to Mandi section ( 141/0 to 265/0 ) of NH -70 in the state of Himachal Pradesh . हिमाचल प्रदेश राज्य में राष्ट्रीय राजमार्ग संख्या 70 पर हमीरपुर से मंडी (कि. मी. 141/0 से to 265/0) तक सुदृढ़ीकरण के साथ 2 लेन / 2 लेनों के लिए पक्की विन्यास और सुदृढ़ीकरण, पुनर्वास और उन्नयन",https://bhoomirashi.gov.in/auth/revamp/prep_public.cshtml?nid=1&project_id=57819,255.6768,95.198,160.4788,1.61391,0.3723372632949098
57819,2020-07-30,S.O.2537(E),SO2537E,2020-11-27,4261,4261,120,0,deduped_nearest_subsequent_3D,False,True,MO/2018/57819,"Project Details Rehabilitation and Upgrading to 2 lanes /2 lanes with paved Shoulders Configuration and Strengthening of Hamirpur to Mandi section ( 141/0 to 265/0 ) of NH -70 in the state of Himachal Pradesh . हिमाचल प्रदेश राज्य में राष्ट्रीय राजमार्ग संख्या 70 पर हमीरपुर से मंडी (कि. मी. 141/0 से to 265/0) तक सुदृढ़ीकरण के साथ 2 लेन / 2 लेनों के लिए पक्की विन्यास और सुदृढ़ीकरण, पुनर्वास और उन्नयन",https://bhoomirashi.gov.in/auth/revamp/prep_public.cshtml?nid=1&project_id=57819,255.6768,95.198,160.4788,1.61391,0.3723372632949098
57819,2020-08-07,S.O.2659(E),SO2659E,2020-11-27,4278,4278,112,0,deduped_nearest_subsequent_3D,False,True,MO/2018/57819,"Project Details Rehabilitation and Upgrading to 2 lanes /2 lanes with paved Shoulders Configuration and Strengthening of Hamirpur to Mandi section ( 141/0 to 265/0 ) of NH -70 in the state of Himachal Pradesh . हिमाचल प्रदेश राज्य में राष्ट्रीय राजमार्ग संख्या 70 पर हमीरपुर से मंडी (कि. मी. 141/0 से to 265/0) तक सुदृढ़ीकरण के साथ 2 लेन / 2 लेनों के लिए पक्की विन्यास और सुदृढ़ीकरण, पुनर्वास और उन्नयन",https://bhoomirashi.gov.in/auth/revamp/prep_public.cshtml?nid=1&project_id=57819,255.6768,95.198,160.4788,1.61391,0.3723372632949098
57819,2020-10-01,S.O. 3431 (E),SO3431E,2021-02-03,513,513,125,0,deduped_nearest_subsequent_3D,False,True,MO/2018/57819,"Project Details Rehabilitation and Upgrading to 2 lanes /2 lanes with paved Shoulders Configuration and Strengthening of Hamirpur to Mandi section ( 141/0 to 265/0 ) of NH -70 in the state of Himachal Pradesh . हिमाचल प्रदेश राज्य में राष्ट्रीय राजमार्ग संख्या 70 पर हमीरपुर से मंडी (कि. मी. 141/0 से to 265/0) तक सुदृढ़ीकरण के साथ 2 लेन / 2 लेनों के लिए पक्की विन्यास और सुदृढ़ीकरण, पुनर्वास और उन्नयन",https://bhoomirashi.gov.in/auth/revamp/prep_public.cshtml?nid=1&project_id=57819,255.6768,95.198,160.4788,1.61391,0.3723372632949098
57819,2020-12-15,4554,4554,2021-03-10,1135(E),1135E,85,0,deduped_nearest_subsequent_3D,False,True,MO/2018/57819,"Project Details Rehabilitation and Upgrading to 2 lanes /2 lanes with paved Shoulders Configuration and Strengthening of Hamirpur to Mandi section ( 141/0 to 265/0 ) of NH -70 in the state of Himachal Pradesh . हिमाचल प्रदेश राज्य में राष्ट्रीय राजमार्ग संख्या 70 पर हमीरपुर से मंडी (कि. मी. 141/0 से to 265/0) तक सुदृढ़ीकरण के साथ 2 लेन / 2 लेनों के लिए पक्की विन्यास और सुदृढ़ीकरण, पुनर्वास और उन्नयन",https://bhoomirashi.gov.in/auth/revamp/prep_public.cshtml?nid=1&project_id=57819,255.6768,95.198,160.4788,1.61391,0.3723372632949098
57819,2020-12-29,4765,4765,2021-04-07,S.O. 1462(E),SO1462E,99,0,deduped_nearest_subsequent_3D,False,True,MO/2018/57819,"Project Details Rehabilitation and Upgrading to 2 lanes /2 lanes with paved Shoulders Configuration and Strengthening of Hamirpur to Mandi section ( 141/0 to 265/0 ) of NH -70 in the state of Himachal Pradesh . हिमाचल प्रदेश राज्य में राष्ट्रीय राजमार्ग संख्या 70 पर हमीरपुर से मंडी (कि. मी. 141/0 से to 265/0) तक सुदृढ़ीकरण के साथ 2 लेन / 2 लेनों के लिए पक्की विन्यास और सुदृढ़ीकरण, पुनर्वास और उन्नयन",https://bhoomirashi.gov.in/auth/revamp/prep_public.cshtml?nid=1&project_id=57819,255.6768,95.198,160.4788,1.61391,0.3723372632949098
57819,2022-02-14,635,635,2022-04-21,S. O. 1895 (E),SO1895E,66,0,deduped_nearest_subsequent_3D,False,True,MO/2018/57819,"Project Details Rehabilitation and Upgrading to 2 lanes /2 lanes with paved Shoulders Configuration and Strengthening of Hamirpur to Mandi section ( 141/0 to 265/0 ) of NH -70 in the state of Himachal Pradesh . हिमाचल प्रदेश राज्य में राष्ट्रीय राजमार्ग संख्या 70 पर हमीरपुर से मंडी (कि. मी. 141/0 से to 265/0) तक सुदृढ़ीकरण के साथ 2 लेन / 2 लेनों के लिए पक्की विन्यास और सुदृढ़ीकरण, पुनर्वास और उन्नयन",https://bhoomirashi.gov.in/auth/revamp/prep_public.cshtml?nid=1&project_id=57819,255.6768,95.198,160.4788,1.61391,0.3723372632949098
57819,2022-02-14,637,637,2022-04-21,S. O. 1896 (E),SO1896E,66,0,deduped_nearest_subsequent_3D,False,True,MO/2018/57819,"Project Details Rehabilitation and Upgrading to 2 lanes /2 lanes with paved Shoulders Configuration and Strengthening of Hamirpur to Mandi section ( 141/0 to 265/0 ) of NH -70 in the state of Himachal Pradesh . हिमाचल प्रदेश राज्य में राष्ट्रीय राजमार्ग संख्या 70 पर हमीरपुर से मंडी (कि. मी. 141/0 से to 265/0) तक सुदृढ़ीकरण के साथ 2 लेन / 2 लेनों के लिए पक्की विन्यास और सुदृढ़ीकरण, पुनर्वास और उन्नयन",https://bhoomirashi.gov.in/auth/revamp/prep_public.cshtml?nid=1&project_id=57819,255.6768,95.198,160.4788,1.61391,0.3723372632949098
57819,2022-02-15,697,697,2022-04-28,S. O. 1980 (E),SO1980E,72,0,deduped_nearest_subsequent_3D,False,True,MO/2018/57819,"Project Details Rehabilitation and Upgrading to 2 lanes /2 lanes with paved Shoulders Configuration and Strengthening of Hamirpur to Mandi section ( 141/0 to 265/0 ) of NH -70 in the state of Himachal Pradesh . हिमाचल प्रदेश राज्य में राष्ट्रीय राजमार्ग संख्या 70 पर हमीरपुर से मंडी (कि. मी. 141/0 से to 265/0) तक सुदृढ़ीकरण के साथ 2 लेन / 2 लेनों के लिए पक्की विन्यास और सुदृढ़ीकरण, पुनर्वास और उन्नयन",https://bhoomirashi.gov.in/auth/revamp/prep_public.cshtml?nid=1&project_id=57819,255.6768,95.198,160.4788,1.61391,0.3723372632949098
57826,2018-11-30,5951,5951,2019-11-29,4315,4315,364,0,deduped_nearest_subsequent_3D,False,True,MO/2018/57826,Widening of two lane with Paved shoulders from KM. 24.600 to KM 70.063 of Mudigere to Kadur section of NH-173 विडेनिंग ऑफ़ तवो लेन विथ पवेद शोल्डर्स फ्रॉम km. 24.६०० तो कम 70.०६३ ऑफ़ मुदिगेरे तो कदर सेक्शन ऑफ़ NH-१७३,https://bhoomirashi.gov.in/auth/revamp/prep_public.cshtml?nid=1&project_id=57826,99.0,80.37,18.63,0.0,0.8118181818181819
57826,2021-12-13,5179E,5179E,2022-12-06,5675,5675,358,0,deduped_nearest_subsequent_3D,False,True,MO/2018/57826,Widening of two lane with Paved shoulders from KM. 24.600 to KM 70.063 of Mudigere to Kadur section of NH-173 विडेनिंग ऑफ़ तवो लेन विथ पवेद शोल्डर्स फ्रॉम km. 24.६०० तो कम 70.०६३ ऑफ़ मुदिगेरे तो कदर सेक्शन ऑफ़ NH-१७३,https://bhoomirashi.gov.in/auth/revamp/prep_public.cshtml?nid=1&project_id=57826,99.0,80.37,18.63,0.0,0.8118181818181819
57830,2018-11-29,6008,6008,2019-07-26,2673(E),2673E,239,0,deduped_nearest_subsequent_3D,False,True,MO/2018/57830,Upgradation of Newly declared National highway no. 168A to two lane with paved shoulder configuration between km 11/800 to 33/600 (package-iii) (rajsthan/gujarat boarder at nenava - dhanera section) in the state of gujarat. उपग्रडेशन ऑफ़ नेवली डेक्लारेड़ नेशनल हाईवे नंबर. १६८अ तो तवो लेन विथ पवेद शोल्डर कॉन्फ़िगरेशन बिटवीन कम 11/८०० तो 33/६०० (पैकेज-iii) (राजस्थान/गुजरात बोर्डेर ात नेनवा - धानेरा सेक्शन) इन थे स्टेट ऑफ़ गुजरात,https://bhoomirashi.gov.in/auth/revamp/prep_public.cshtml?nid=1&project_id=57830,59.577,40.8534,18.7236,0.2339,0.6857243567148397
57830,2020-10-20,3698(E),3698E,2021-06-17,2375(E),2375E,240,0,deduped_nearest_subsequent_3D,False,True,MO/2018/57830,Upgradation of Newly declared National highway no. 168A to two lane with paved shoulder configuration between km 11/800 to 33/600 (package-iii) (rajsthan/gujarat boarder at nenava - dhanera section) in the state of gujarat. उपग्रडेशन ऑफ़ नेवली डेक्लारेड़ नेशनल हाईवे नंबर. १६८अ तो तवो लेन विथ पवेद शोल्डर कॉन्फ़िगरेशन बिटवीन कम 11/८०० तो 33/६०० (पैकेज-iii) (राजस्थान/गुजरात बोर्डेर ात नेनवा - धानेरा सेक्शन) इन थे स्टेट ऑफ़ गुजरात,https://bhoomirashi.gov.in/auth/revamp/prep_public.cshtml?nid=1&project_id=57830,59.577,40.8534,18.7236,0.2339,0.6857243567148397
57830,2022-02-07,500(E),500E,2022-05-06,S.O.2110(E),SO2110E,88,0,deduped_nearest_subsequent_3D,False,True,MO/2018/57830,Upgradation of Newly declared National highway no. 168A to two lane with paved shoulder configuration between km 11/800 to 33/600 (package-iii) (rajsthan/gujarat boarder at nenava - dhanera section) in the state of gujarat. उपग्रडेशन ऑफ़ नेवली डेक्लारेड़ नेशनल हाईवे नंबर. १६८अ तो तवो लेन विथ पवेद शोल्डर कॉन्फ़िगरेशन बिटवीन कम 11/८०० तो 33/६०० (पैकेज-iii) (राजस्थान/गुजरात बोर्डेर ात नेनवा - धानेरा सेक्शन) इन थे स्टेट ऑफ़ गुजरात,https://bhoomirashi.gov.in/auth/revamp/prep_public.cshtml?nid=1&project_id=57830,59.577,40.8534,18.7236,0.2339,0.6857243567148397
57832,2016-12-15,S.O.4105,SO4105,2017-04-19,S.O.1232,SO1232,125,0,deduped_nearest_subsequent_3D,False,True,MO/2018/57832,Construction of 4-lane ROB (Twins 2-lanes) and its approaches in replacement of level crossing at km 3.950 of NH-2B (Railway km 226/0) at Talit in West Bengal पश्चिम बंगाल में तालिट में एनएच -2 बी (रेलवे किमी 226/0) के 3.950 किमी के स्तर पार करने के प्रतिस्थापन में 4-लेन आरओबी (जुड़वां 2-लेन) का निर्माण और इसके दृष्टिकोण।,https://bhoomirashi.gov.in/auth/revamp/prep_public.cshtml?nid=1&project_id=57832,13.0271555,0.0,13.0271555,0.0,0.0
57833,2018-11-29,6006,6006,2019-11-18,4165 (E),4165E,354,0,deduped_nearest_subsequent_3D,False,True,MO/2018/57833,Upgradation of new National Highway no. 168 to Two Lane with paved side shoulder configurationj between km 0.0 to 41.300 and km 43.250 to 68.174 (Tharad-Dhanera_panthawada section) including improvement of section of existing road (@chainage 41.300 to 42.420 ) in the state of Gujarat उपग्रडेशन ऑफ़ नईनेशनल हाईवे नंबर १६८ तो तवो लेन विथ पवेद साइड शोल्डर कॉन्फ़िगरेशंज बिटवीन कम 0.० तो 41.३०० एंड कम 43.२५० तो 68.१७४ ( थराड-धनेरा-पंथवाड़ा सेक्शन ) इन्क्लूडिंग इम्प्रूवमेंट ऑफ़ सेक्शन ऑफ़ एक्सिस्टिंग रोड (@चैनगे 41.३०० तो 42.४२० ) इन थे स्टेट ऑफ़ गुजरात,https://bhoomirashi.gov.in/auth/revamp/prep_public.cshtml?nid=1&project_id=57833,202.0,159.6841,42.3159,0.5614,0.7905153465346535
57833,2018-11-29,6010,6010,2019-11-18,4167 (E),4167E,354,0,deduped_nearest_subsequent_3D,False,True,MO/2018/57833,Upgradation of new National Highway no. 168 to Two Lane with paved side shoulder configurationj between km 0.0 to 41.300 and km 43.250 to 68.174 (Tharad-Dhanera_panthawada section) including improvement of section of existing road (@chainage 41.300 to 42.420 ) in the state of Gujarat उपग्रडेशन ऑफ़ नईनेशनल हाईवे नंबर १६८ तो तवो लेन विथ पवेद साइड शोल्डर कॉन्फ़िगरेशंज बिटवीन कम 0.० तो 41.३०० एंड कम 43.२५० तो 68.१७४ ( थराड-धनेरा-पंथवाड़ा सेक्शन ) इन्क्लूडिंग इम्प्रूवमेंट ऑफ़ सेक्शन ऑफ़ एक्सिस्टिंग रोड (@चैनगे 41.३०० तो 42.४२० ) इन थे स्टेट ऑफ़ गुजरात,https://bhoomirashi.gov.in/auth/revamp/prep_public.cshtml?nid=1&project_id=57833,202.0,159.6841,42.3159,0.5614,0.7905153465346535
57833,2020-10-19,3670(E),3670E,2021-06-11,2261(E),2261E,235,0,deduped_nearest_subsequent_3D,False,True,MO/2018/57833,Upgradation of new National Highway no. 168 to Two Lane with paved side shoulder configurationj between km 0.0 to 41.300 and km 43.250 to 68.174 (Tharad-Dhanera_panthawada section) including improvement of section of existing road (@chainage 41.300 to 42.420 ) in the state of Gujarat उपग्रडेशन ऑफ़ नईनेशनल हाईवे नंबर १६८ तो तवो लेन विथ पवेद साइड शोल्डर कॉन्फ़िगरेशंज बिटवीन कम 0.० तो 41.३०० एंड कम 43.२५० तो 68.१७४ ( थराड-धनेरा-पंथवाड़ा सेक्शन ) इन्क्लूडिंग इम्प्रूवमेंट ऑफ़ सेक्शन ऑफ़ एक्सिस्टिंग रोड (@चैनगे 41.३०० तो 42.४२० ) इन थे स्टेट ऑफ़ गुजरात,https://bhoomirashi.gov.in/auth/revamp/prep_public.cshtml?nid=1&project_id=57833,202.0,159.6841,42.3159,0.5614,0.7905153465346535
57833,2020-10-20,3697(E),3697E,2021-06-21,2428(E),2428E,244,0,deduped_nearest_subsequent_3D,False,True,MO/2018/57833,Upgradation of new National Highway no. 168 to Two Lane with paved side shoulder configurationj between km 0.0 to 41.300 and km 43.250 to 68.174 (Tharad-Dhanera_panthawada section) including improvement of section of existing road (@chainage 41.300 to 42.420 ) in the state of Gujarat उपग्रडेशन ऑफ़ नईनेशनल हाईवे नंबर १६८ तो तवो लेन विथ पवेद साइड शोल्डर कॉन्फ़िगरेशंज बिटवीन कम 0.० तो 41.३०० एंड कम 43.२५० तो 68.१७४ ( थराड-धनेरा-पंथवाड़ा सेक्शन ) इन्क्लूडिंग इम्प्रूवमेंट ऑफ़ सेक्शन ऑफ़ एक्सिस्टिंग रोड (@चैनगे 41.३०० तो 42.४२० ) इन थे स्टेट ऑफ़ गुजरात,https://bhoomirashi.gov.in/auth/revamp/prep_public.cshtml?nid=1&project_id=57833,202.0,159.6841,42.3159,0.5614,0.7905153465346535
57833,2022-02-07,499(E),499E,2022-05-06,S.O.2111(E),SO2111E,88,0,deduped_nearest_subsequent_3D,False,True,MO/2018/57833,Upgradation of new National Highway no. 168 to Two Lane with paved side shoulder configurationj between km 0.0 to 41.300 and km 43.250 to 68.174 (Tharad-Dhanera_panthawada section) including improvement of section of existing road (@chainage 41.300 to 42.420 ) in the state of Gujarat उपग्रडेशन ऑफ़ नईनेशनल हाईवे नंबर १६८ तो तवो लेन विथ पवेद साइड शोल्डर कॉन्फ़िगरेशंज बिटवीन कम 0.० तो 41.३०० एंड कम 43.२५० तो 68.१७४ ( थराड-धनेरा-पंथवाड़ा सेक्शन ) इन्क्लूडिंग इम्प्रूवमेंट ऑफ़ सेक्शन ऑफ़ एक्सिस्टिंग रोड (@चैनगे 41.३०० तो 42.४२० ) इन थे स्टेट ऑफ़ गुजरात,https://bhoomirashi.gov.in/auth/revamp/prep_public.cshtml?nid=1&project_id=57833,202.0,159.6841,42.3159,0.5614,0.7905153465346535
57837,2018-08-20,4039,4039,2019-01-09,171(E),171E,142,0,deduped_nearest_subsequent_3D,False,True,MO/2018/57837,Widening to two/four lane with paved shoulders from Km.0.00 to Km.54.370 (MH Border to Bidar) section of NH50 in the state of Karnataka(Job.No.NH-50-KNT-2016-17-823) विडेनिंग तो two/फोर lane with paved शोल्डर्स फ्रॉम Km.0.०० तो Km.54.३७० (मह बॉर्डर तो Bidar) सेक्शन ऑफ़ ंह५० इन थे स्टेट ऑफ़ Karnataka(Job.No.NH-50-KNT-2016-17-823),https://bhoomirashi.gov.in/auth/revamp/prep_public.cshtml?nid=1&project_id=57837,245.2,230.665,14.535,0.0,0.9407218597063621
57837,2019-01-31,601,601,2019-05-17,1769,1769,106,0,deduped_nearest_subsequent_3D,False,True,MO/2018/57837,Widening to two/four lane with paved shoulders from Km.0.00 to Km.54.370 (MH Border to Bidar) section of NH50 in the state of Karnataka(Job.No.NH-50-KNT-2016-17-823) विडेनिंग तो two/फोर lane with paved शोल्डर्स फ्रॉम Km.0.०० तो Km.54.३७० (मह बॉर्डर तो Bidar) सेक्शन ऑफ़ ंह५० इन थे स्टेट ऑफ़ Karnataka(Job.No.NH-50-KNT-2016-17-823),https://bhoomirashi.gov.in/auth/revamp/prep_public.cshtml?nid=1&project_id=57837,245.2,230.665,14.535,0.0,0.9407218597063621
57839,2018-08-20,4042,4042,2019-01-09,150 (E),150E,142,0,deduped_nearest_subsequent_3D,False,True,MO/2018/57839,Widening to two/four lane with paved shoulders from Km.54.370 to 101.400 of NH50 of Bidar Humnabad section in the state of Karnataka (Job No.NH-50-KNT-2016-17-816) विडेनिंग तो two/फोर लेन विथ पवेद शोल्डर्स फ्रॉम Km.54.३७० तो 101.४०० ऑफ़ ंह५० ऑफ़ बीदर हुमनाबाद सेक्शन इन थे स्टेट ऑफ़ कर्नाटक (जॉब No.NH-50-KNT-2016-17-816),https://bhoomirashi.gov.in/auth/revamp/prep_public.cshtml?nid=1&project_id=57839,245.0,178.605,66.395,1.0117,0.729
57839,2019-01-31,602,602,2019-05-17,1772,1772,106,0,deduped_nearest_subsequent_3D,False,True,MO/2018/57839,Widening to two/four lane with paved shoulders from Km.54.370 to 101.400 of NH50 of Bidar Humnabad section in the state of Karnataka (Job No.NH-50-KNT-2016-17-816) विडेनिंग तो two/फोर लेन विथ पवेद शोल्डर्स फ्रॉम Km.54.३७० तो 101.४०० ऑफ़ ंह५० ऑफ़ बीदर हुमनाबाद सेक्शन इन थे स्टेट ऑफ़ कर्नाटक (जॉब No.NH-50-KNT-2016-17-816),https://bhoomirashi.gov.in/auth/revamp/prep_public.cshtml?nid=1&project_id=57839,245.0,178.605,66.395,1.0117,0.729
57843,2013-03-06,599,599,2013-10-21,3216,3216,229,0,deduped_nearest_subsequent_3D,False,True,MO/2018/57843,"Brief description of land to the acquired with or without structure falling within the stretch of land from Km. 0.000 to 92.935, of the National Highway No.82 (Gaya-Hisua-Rajgir-Biharsharif Section) in the districts of Gaya, Nawada, and Nalanda in the state of Bihar. बिहार राज्य के गया, नवादा एवं नालन्दा जिले में राष्ट्रीय राजमार्ग संo- 82 ( गया -हिसुआ - राजगीर -बिहारशरीफ खंड )के गया, नवादा, नालन्दा जिले में 0.00 कि0मी0 से 92.935 कि0मी0 तक के लिए अर्जन की जाने वाली संरचना रहित अथवा संरचना सहित भूमि का संक्षिप्त विवरण |",https://bhoomirashi.gov.in/auth/revamp/prep_public.cshtml?nid=1&project_id=57843,500.0,0.0,500.0,0.5501,0.0
57843,2013-06-07,1522,1522,2014-02-18,453,453,256,0,deduped_nearest_subsequent_3D,False,True,MO/2018/57843,"Brief description of land to the acquired with or without structure falling within the stretch of land from Km. 0.000 to 92.935, of the National Highway No.82 (Gaya-Hisua-Rajgir-Biharsharif Section) in the districts of Gaya, Nawada, and Nalanda in the state of Bihar. बिहार राज्य के गया, नवादा एवं नालन्दा जिले में राष्ट्रीय राजमार्ग संo- 82 ( गया -हिसुआ - राजगीर -बिहारशरीफ खंड )के गया, नवादा, नालन्दा जिले में 0.00 कि0मी0 से 92.935 कि0मी0 तक के लिए अर्जन की जाने वाली संरचना रहित अथवा संरचना सहित भूमि का संक्षिप्त विवरण |",https://bhoomirashi.gov.in/auth/revamp/prep_public.cshtml?nid=1&project_id=57843,500.0,0.0,500.0,0.5501,0.0
57843,2014-03-03,599 636 1522,5996361522,2014-12-22,454 1288 3248,45412883248,294,0,deduped_nearest_subsequent_3D,False,True,MO/2018/57843,"Brief description of land to the acquired with or without structure falling within the stretch of land from Km. 0.000 to 92.935, of the National Highway No.82 (Gaya-Hisua-Rajgir-Biharsharif Section) in the districts of Gaya, Nawada, and Nalanda in the state of Bihar. बिहार राज्य के गया, नवादा एवं नालन्दा जिले में राष्ट्रीय राजमार्ग संo- 82 ( गया -हिसुआ - राजगीर -बिहारशरीफ खंड )के गया, नवादा, नालन्दा जिले में 0.00 कि0मी0 से 92.935 कि0मी0 तक के लिए अर्जन की जाने वाली संरचना रहित अथवा संरचना सहित भूमि का संक्षिप्त विवरण |",https://bhoomirashi.gov.in/auth/revamp/prep_public.cshtml?nid=1&project_id=57843,500.0,0.0,500.0,0.5501,0.0
57843,2014-03-03,636,636,2015-02-27,622,622,361,0,deduped_nearest_subsequent_3D,False,True,MO/2018/57843,"Brief description of land to the acquired with or without structure falling within the stretch of land from Km. 0.000 to 92.935, of the National Highway No.82 (Gaya-Hisua-Rajgir-Biharsharif Section) in the districts of Gaya, Nawada, and Nalanda in the state of Bihar. बिहार राज्य के गया, नवादा एवं नालन्दा जिले में राष्ट्रीय राजमार्ग संo- 82 ( गया -हिसुआ - राजगीर -बिहारशरीफ खंड )के गया, नवादा, नालन्दा जिले में 0.00 कि0मी0 से 92.935 कि0मी0 तक के लिए अर्जन की जाने वाली संरचना रहित अथवा संरचना सहित भूमि का संक्षिप्त विवरण |",https://bhoomirashi.gov.in/auth/revamp/prep_public.cshtml?nid=1&project_id=57843,500.0,0.0,500.0,0.5501,0.0
57843,2015-06-17,1629,1629,2016-05-13,1764,1764,331,0,deduped_nearest_subsequent_3D,False,True,MO/2018/57843,"Brief description of land to the acquired with or without structure falling within the stretch of land from Km. 0.000 to 92.935, of the National Highway No.82 (Gaya-Hisua-Rajgir-Biharsharif Section) in the districts of Gaya, Nawada, and Nalanda in the state of Bihar. बिहार राज्य के गया, नवादा एवं नालन्दा जिले में राष्ट्रीय राजमार्ग संo- 82 ( गया -हिसुआ - राजगीर -बिहारशरीफ खंड )के गया, नवादा, नालन्दा जिले में 0.00 कि0मी0 से 92.935 कि0मी0 तक के लिए अर्जन की जाने वाली संरचना रहित अथवा संरचना सहित भूमि का संक्षिप्त विवरण |",https://bhoomirashi.gov.in/auth/revamp/prep_public.cshtml?nid=1&project_id=57843,500.0,0.0,500.0,0.5501,0.0
57843,2016-05-13,1765,1765,2017-02-28,655,655,291,0,deduped_nearest_subsequent_3D,False,True,MO/2018/57843,"Brief description of land to the acquired with or without structure falling within the stretch of land from Km. 0.000 to 92.935, of the National Highway No.82 (Gaya-Hisua-Rajgir-Biharsharif Section) in the districts of Gaya, Nawada, and Nalanda in the state of Bihar. बिहार राज्य के गया, नवादा एवं नालन्दा जिले में राष्ट्रीय राजमार्ग संo- 82 ( गया -हिसुआ - राजगीर -बिहारशरीफ खंड )के गया, नवादा, नालन्दा जिले में 0.00 कि0मी0 से 92.935 कि0मी0 तक के लिए अर्जन की जाने वाली संरचना रहित अथवा संरचना सहित भूमि का संक्षिप्त विवरण |",https://bhoomirashi.gov.in/auth/revamp/prep_public.cshtml?nid=1&project_id=57843,500.0,0.0,500.0,0.5501,0.0
57843,2018-04-11,1579,1579,2019-01-31,568(E),568E,295,0,deduped_nearest_subsequent_3D,False,True,MO/2018/57843,"Brief description of land to the acquired with or without structure falling within the stretch of land from Km. 0.000 to 92.935, of the National Highway No.82 (Gaya-Hisua-Rajgir-Biharsharif Section) in the districts of Gaya, Nawada, and Nalanda in the state of Bihar. बिहार राज्य के गया, नवादा एवं नालन्दा जिले में राष्ट्रीय राजमार्ग संo- 82 ( गया -हिसुआ - राजगीर -बिहारशरीफ खंड )के गया, नवादा, नालन्दा जिले में 0.00 कि0मी0 से 92.935 कि0मी0 तक के लिए अर्जन की जाने वाली संरचना रहित अथवा संरचना सहित भूमि का संक्षिप्त विवरण |",https://bhoomirashi.gov.in/auth/revamp/prep_public.cshtml?nid=1&project_id=57843,500.0,0.0,500.0,0.5501,0.0
57843,2018-11-28,1579,1579,2019-01-31,588(E),588E,64,0,deduped_nearest_subsequent_3D,False,True,MO/2018/57843,"Brief description of land to the acquired with or without structure falling within the stretch of land from Km. 0.000 to 92.935, of the National Highway No.82 (Gaya-Hisua-Rajgir-Biharsharif Section) in the districts of Gaya, Nawada, and Nalanda in the state of Bihar. बिहार राज्य के गया, नवादा एवं नालन्दा जिले में राष्ट्रीय राजमार्ग संo- 82 ( गया -हिसुआ - राजगीर -बिहारशरीफ खंड )के गया, नवादा, नालन्दा जिले में 0.00 कि0मी0 से 92.935 कि0मी0 तक के लिए अर्जन की जाने वाली संरचना रहित अथवा संरचना सहित भूमि का संक्षिप्त विवरण |",https://bhoomirashi.gov.in/auth/revamp/prep_public.cshtml?nid=1&project_id=57843,500.0,0.0,500.0,0.5501,0.0
57843,2021-03-10,1106,1106,2021-12-06,4630,4630,271,0,deduped_nearest_subsequent_3D,False,True,MO/2018/57843,"Brief description of land to the acquired with or without structure falling within the stretch of land from Km. 0.000 to 92.935, of the National Highway No.82 (Gaya-Hisua-Rajgir-Biharsharif Section) in the districts of Gaya, Nawada, and Nalanda in the state of Bihar. बिहार राज्य के गया, नवादा एवं नालन्दा जिले में राष्ट्रीय राजमार्ग संo- 82 ( गया -हिसुआ - राजगीर -बिहारशरीफ खंड )के गया, नवादा, नालन्दा जिले में 0.00 कि0मी0 से 92.935 कि0मी0 तक के लिए अर्जन की जाने वाली संरचना रहित अथवा संरचना सहित भूमि का संक्षिप्त विवरण |",https://bhoomirashi.gov.in/auth/revamp/prep_public.cshtml?nid=1&project_id=57843,500.0,0.0,500.0,0.5501,0.0
57843,2021-08-12,3263,3263,2021-12-06,4631,4631,116,0,deduped_nearest_subsequent_3D,False,True,MO/2018/57843,"Brief description of land to the acquired with or without structure falling within the stretch of land from Km. 0.000 to 92.935, of the National Highway No.82 (Gaya-Hisua-Rajgir-Biharsharif Section) in the districts of Gaya, Nawada, and Nalanda in the state of Bihar. बिहार राज्य के गया, नवादा एवं नालन्दा जिले में राष्ट्रीय राजमार्ग संo- 82 ( गया -हिसुआ - राजगीर -बिहारशरीफ खंड )के गया, नवादा, नालन्दा जिले में 0.00 कि0मी0 से 92.935 कि0मी0 तक के लिए अर्जन की जाने वाली संरचना रहित अथवा संरचना सहित भूमि का संक्षिप्त विवरण |",https://bhoomirashi.gov.in/auth/revamp/prep_public.cshtml?nid=1&project_id=57843,500.0,0.0,500.0,0.5501,0.0
57843,2021-10-18,4311,4311,2023-10-11,4396,4396,723,1,deduped_nearest_subsequent_3D,False,True,MO/2018/57843,"Brief description of land to the acquired with or without structure falling within the stretch of land from Km. 0.000 to 92.935, of the National Highway No.82 (Gaya-Hisua-Rajgir-Biharsharif Section) in the districts of Gaya, Nawada, and Nalanda in the state of Bihar. बिहार राज्य के गया, नवादा एवं नालन्दा जिले में राष्ट्रीय राजमार्ग संo- 82 ( गया -हिसुआ - राजगीर -बिहारशरीफ खंड )के गया, नवादा, नालन्दा जिले में 0.00 कि0मी0 से 92.935 कि0मी0 तक के लिए अर्जन की जाने वाली संरचना रहित अथवा संरचना सहित भूमि का संक्षिप्त विवरण |",https://bhoomirashi.gov.in/auth/revamp/prep_public.cshtml?nid=1&project_id=57843,500.0,0.0,500.0,0.5501,0.0
57847,2018-01-09,S.O.151(E),SO151E,2018-12-27,6375(E),6375E,352,0,deduped_nearest_subsequent_3D,False,True,MO/2018/57847,"Construction of ROB and its approaches in lieu of level crossing No. 21/SPL/E at km 338.600 of NH-60 in the district Birbhum, in the state of West Bengal पश्चिम बंगाल राज्य में बीरभूम जिले में एनएच -60 के किलोमीटर 338.600 के स्तर क्रॉसिंग सं। 21 / एसपीएल / ई के बदले आरओबी और उसके आश्रम का निर्माण",https://bhoomirashi.gov.in/auth/revamp/prep_public.cshtml?nid=1&project_id=57847,8.058,7.9163,0.1417,0.0,0.9824149913129808
57851,2019-01-02,31,31,2019-10-17,3733,3733,288,0,deduped_nearest_subsequent_3D,False,True,MO/2018/57851,Construction of 2-lane Nayabazar-Legship Road in Sikkim under SARDP -NE Phase-A (24) कंस्ट्रक्शन ऑफ़ 2-लेन Nayabazar-लेग्शिप रोड इन सिक्किम अंडर सरदप -ने Phase-ा (24),https://bhoomirashi.gov.in/auth/revamp/prep_public.cshtml?nid=1&project_id=57851,68.1025,59.78,8.3225,0.0,0.8777945009360889
57852,2018-08-20,4043,4043,2019-01-09,152 (E),152E,142,0,deduped_nearest_subsequent_3D,False,True,MO/2018/57852,widening to two/four lane with paved shoulders from Km.79.650 to Km.118.470 (End of Yadgir Bypass to Andhra Border)on NH-150 (Job No.NH-150-KNT-2016-17-817) विडेनिंग तो two/फोर लेन विथ पवेद शोल्डर्स फ्रॉम Km.79.६५० तो Km.118.४७० (एन्ड ऑफ़ यादगीर बाईपास तो आंध्र बॉर्डर Border)ों NH-१५० (जॉब,https://bhoomirashi.gov.in/auth/revamp/prep_public.cshtml?nid=1&project_id=57852,195.0,150.172,44.828,0.0,0.7701128205128205
57852,2019-01-31,604,604,2019-05-17,1775,1775,106,0,deduped_nearest_subsequent_3D,False,True,MO/2018/57852,widening to two/four lane with paved shoulders from Km.79.650 to Km.118.470 (End of Yadgir Bypass to Andhra Border)on NH-150 (Job No.NH-150-KNT-2016-17-817) विडेनिंग तो two/फोर लेन विथ पवेद शोल्डर्स फ्रॉम Km.79.६५० तो Km.118.४७० (एन्ड ऑफ़ यादगीर बाईपास तो आंध्र बॉर्डर Border)ों NH-१५० (जॉब,https://bhoomirashi.gov.in/auth/revamp/prep_public.cshtml?nid=1&project_id=57852,195.0,150.172,44.828,0.0,0.7701128205128205
57853,2018-08-20,4040,4040,2019-01-09,148(E),148E,142,0,deduped_nearest_subsequent_3D,False,True,MO/2018/57853,Widening to two/four lane with paved shoulder from Km.34.00 to Km.70.900 (Chittapur Cross to start of Yadgir Bypass) of NH-150 of Gulbarga-wadi-yadgir section in the state of karnataka(Job No.NH-150-KNT-2016-17-828) विडेनिंग तो two/फोर लव विथ पवेद शोल्डर फ्रॉम Km.34.०० तो Km.70.९०० (चित्तपुर क्रॉस तो स्टार्ट ऑफ़ यादगीर Bypass) ऑफ़ NH-१५० ऑफ़ Gulbarga-wadi-यादगीर सेक्शन इन थे स्टेट ऑफ़ karnataka(जॉब No.NH-150-KNT-2016-17-828),https://bhoomirashi.gov.in/auth/revamp/prep_public.cshtml?nid=1&project_id=57853,198.5,146.53,51.97,0.0,0.7381863979848866
57853,2018-08-20,4041,4041,2019-01-09,149(E),149E,142,0,deduped_nearest_subsequent_3D,False,True,MO/2018/57853,Widening to two/four lane with paved shoulder from Km.34.00 to Km.70.900 (Chittapur Cross to start of Yadgir Bypass) of NH-150 of Gulbarga-wadi-yadgir section in the state of karnataka(Job No.NH-150-KNT-2016-17-828) विडेनिंग तो two/फोर लव विथ पवेद शोल्डर फ्रॉम Km.34.०० तो Km.70.९०० (चित्तपुर क्रॉस तो स्टार्ट ऑफ़ यादगीर Bypass) ऑफ़ NH-१५० ऑफ़ Gulbarga-wadi-यादगीर सेक्शन इन थे स्टेट ऑफ़ karnataka(जॉब No.NH-150-KNT-2016-17-828),https://bhoomirashi.gov.in/auth/revamp/prep_public.cshtml?nid=1&project_id=57853,198.5,146.53,51.97,0.0,0.7381863979848866
57853,2018-09-29,5018,5018,2019-05-17,1770,1770,230,0,deduped_nearest_subsequent_3D,False,True,MO/2018/57853,Widening to two/four lane with paved shoulder from Km.34.00 to Km.70.900 (Chittapur Cross to start of Yadgir Bypass) of NH-150 of Gulbarga-wadi-yadgir section in the state of karnataka(Job No.NH-150-KNT-2016-17-828) विडेनिंग तो two/फोर लव विथ पवेद शोल्डर फ्रॉम Km.34.०० तो Km.70.९०० (चित्तपुर क्रॉस तो स्टार्ट ऑफ़ यादगीर Bypass) ऑफ़ NH-१५० ऑफ़ Gulbarga-wadi-यादगीर सेक्शन इन थे स्टेट ऑफ़ karnataka(जॉब No.NH-150-KNT-2016-17-828),https://bhoomirashi.gov.in/auth/revamp/prep_public.cshtml?nid=1&project_id=57853,198.5,146.53,51.97,0.0,0.7381863979848866
57853,2019-01-31,591,591,2019-05-17,1771,1771,106,0,deduped_nearest_subsequent_3D,False,True,MO/2018/57853,Widening to two/four lane with paved shoulder from Km.34.00 to Km.70.900 (Chittapur Cross to start of Yadgir Bypass) of NH-150 of Gulbarga-wadi-yadgir section in the state of karnataka(Job No.NH-150-KNT-2016-17-828) विडेनिंग तो two/फोर लव विथ पवेद शोल्डर फ्रॉम Km.34.०० तो Km.70.९०० (चित्तपुर क्रॉस तो स्टार्ट ऑफ़ यादगीर Bypass) ऑफ़ NH-१५० ऑफ़ Gulbarga-wadi-यादगीर सेक्शन इन थे स्टेट ऑफ़ karnataka(जॉब No.NH-150-KNT-2016-17-828),https://bhoomirashi.gov.in/auth/revamp/prep_public.cshtml?nid=1&project_id=57853,198.5,146.53,51.97,0.0,0.7381863979848866
57853,2019-01-31,592,592,2019-08-05,2810 (E),2810E,186,0,deduped_nearest_subsequent_3D,False,True,MO/2018/57853,Widening to two/four lane with paved shoulder from Km.34.00 to Km.70.900 (Chittapur Cross to start of Yadgir Bypass) of NH-150 of Gulbarga-wadi-yadgir section in the state of karnataka(Job No.NH-150-KNT-2016-17-828) विडेनिंग तो two/फोर लव विथ पवेद शोल्डर फ्रॉम Km.34.०० तो Km.70.९०० (चित्तपुर क्रॉस तो स्टार्ट ऑफ़ यादगीर Bypass) ऑफ़ NH-१५० ऑफ़ Gulbarga-wadi-यादगीर सेक्शन इन थे स्टेट ऑफ़ karnataka(जॉब No.NH-150-KNT-2016-17-828),https://bhoomirashi.gov.in/auth/revamp/prep_public.cshtml?nid=1&project_id=57853,198.5,146.53,51.97,0.0,0.7381863979848866
57853,2019-06-19,1998,1998,2021-01-13,125,125,574,1,deduped_nearest_subsequent_3D,False,True,MO/2018/57853,Widening to two/four lane with paved shoulder from Km.34.00 to Km.70.900 (Chittapur Cross to start of Yadgir Bypass) of NH-150 of Gulbarga-wadi-yadgir section in the state of karnataka(Job No.NH-150-KNT-2016-17-828) विडेनिंग तो two/फोर लव विथ पवेद शोल्डर फ्रॉम Km.34.०० तो Km.70.९०० (चित्तपुर क्रॉस तो स्टार्ट ऑफ़ यादगीर Bypass) ऑफ़ NH-१५० ऑफ़ Gulbarga-wadi-यादगीर सेक्शन इन थे स्टेट ऑफ़ karnataka(जॉब No.NH-150-KNT-2016-17-828),https://bhoomirashi.gov.in/auth/revamp/prep_public.cshtml?nid=1&project_id=57853,198.5,146.53,51.97,0.0,0.7381863979848866
57853,2020-07-30,SO 2546 (E),SO2546E,2023-06-30,2841(E),2841E,1065,1,deduped_nearest_subsequent_3D,False,True,MO/2018/57853,Widening to two/four lane with paved shoulder from Km.34.00 to Km.70.900 (Chittapur Cross to start of Yadgir Bypass) of NH-150 of Gulbarga-wadi-yadgir section in the state of karnataka(Job No.NH-150-KNT-2016-17-828) विडेनिंग तो two/फोर लव विथ पवेद शोल्डर फ्रॉम Km.34.०० तो Km.70.९०० (चित्तपुर क्रॉस तो स्टार्ट ऑफ़ यादगीर Bypass) ऑफ़ NH-१५० ऑफ़ Gulbarga-wadi-यादगीर सेक्शन इन थे स्टेट ऑफ़ karnataka(जॉब No.NH-150-KNT-2016-17-828),https://bhoomirashi.gov.in/auth/revamp/prep_public.cshtml?nid=1&project_id=57853,198.5,146.53,51.97,0.0,0.7381863979848866
57857,2018-11-28,5894,5894,2019-11-18,4170(E),4170E,355,0,deduped_nearest_subsequent_3D,False,True,MO/2018/57857,construction of Two Lane With Paved Shoulders Form Km 214.880 (EX.KM 215 .00 ) To KM 235 . 100 (EX. KM. 235.000 ) of Tekkalakote Sindegeri Village Section of NH-150A in the State of Karnataka (Job No.150A-KNT-2017-18-878) कंस्ट्रक्शन ओएफ ट्वो लेन विथ पेव्ड शोल्डर्स फॉर्म केऍम्‌ 214.880 (ईऍक्स्‌.केऍम्‌ 215 .00 ) टीओ केऍम्‌ 235 . 100 (ईऍक्स्‌. केऍम्‌. 235.000 ) ओएफ टेक्कलकोट सिंदेगेरी विलेज सेक्शन ओएफ ऍन्‌हॆच्‌-150ए आईएन थे स्टेट ओएफ कर्नाटक (जॉब नो.150ए-केऍन्‌टी-2017-18-878),https://bhoomirashi.gov.in/auth/revamp/prep_public.cshtml?nid=1&project_id=57857,80.0,40.0,40.0,0.0,0.5
57860,2019-06-25,S.O.2077E,SO2077E,2021-03-10,1134(E),1134E,624,1,deduped_nearest_subsequent_3D,False,True,MO/2018/57860,Widening to 2 lane with paved shoulders from Km.87/00 to 133/720 (Nattukal to Thanau Jn. In Palakkad) of NH-966 (Old NH-213) on EPC mode under NH (O) in the State of Kerala Widening to 2 lane with paved shoulders from Km.87/00 to 133/720 (Nattukal to Thanau Jn. In Palakkad) of NH-966 (Old NH-213) on EPC mode under NH (O) in the State of Kerala,https://bhoomirashi.gov.in/auth/revamp/prep_public.cshtml?nid=1&project_id=57860,129.2489,123.9262,5.3227,0.0,0.9588182181821276
57872,2017-10-12,S.O.3299(E),SO3299E,2018-10-04,5159 (E),5159E,357,0,deduped_nearest_subsequent_3D,False,True,MO/2018/57872,Construction of ROB and its approaches in lieu of existing Level crossing (LC No C-124) at Km 181.00 on NH-709E at Loharu (Bhiwani) in the State of Haryana. हरियाणा राज्य में लोहारु (भिवानी) में राष्ट्रीय राजमार्ग-709ई0 पर कि0मी0 181.00 पर मौजूदा स्तर क्रॉसिंग (एल0सी0 संख्या सी-124) के बदले आरओबी और उसके पहुंच मार्गों का निर्माण।,https://bhoomirashi.gov.in/auth/revamp/prep_public.cshtml?nid=1&project_id=57872,1.3383,0.0,1.3383,0.0,0.0
57880,2019-09-17,S.O. 3336(E),SO3336E,2020-04-22,1299,1299,218,0,deduped_nearest_subsequent_3D,False,True,MO/2018/57880,Two Laning with Paved Shoulder of Paonta Sahib â€“ Gumma section from km 0.00 to km 97.00 of NH-72B in the State of Himachal Pradesh हिमाचल प्रदेश में राष्ट्रीय राजमार्ग संख्या 72बी के किमी 0.00 से किमी 97.00 पाँवटा साहिब से गुम्मा सेक्शन के दो लेन मय पेव्ड शोल्डर के उन्नयन कार्य हेतु,https://bhoomirashi.gov.in/auth/revamp/prep_public.cshtml?nid=1&project_id=57880,189.9563,140.519,49.4373,5.445631,0.7397438252903431
57880,2019-09-17,S.O.3340(E),SO3340E,2020-05-15,1497,1497,241,0,deduped_nearest_subsequent_3D,False,True,MO/2018/57880,Two Laning with Paved Shoulder of Paonta Sahib â€“ Gumma section from km 0.00 to km 97.00 of NH-72B in the State of Himachal Pradesh हिमाचल प्रदेश में राष्ट्रीय राजमार्ग संख्या 72बी के किमी 0.00 से किमी 97.00 पाँवटा साहिब से गुम्मा सेक्शन के दो लेन मय पेव्ड शोल्डर के उन्नयन कार्य हेतु,https://bhoomirashi.gov.in/auth/revamp/prep_public.cshtml?nid=1&project_id=57880,189.9563,140.519,49.4373,5.445631,0.7397438252903431
57880,2020-06-17,S.O. No. 1916 (E),SONO1916E,2020-09-08,3040,3040,83,0,deduped_nearest_subsequent_3D,False,True,MO/2018/57880,Two Laning with Paved Shoulder of Paonta Sahib â€“ Gumma section from km 0.00 to km 97.00 of NH-72B in the State of Himachal Pradesh हिमाचल प्रदेश में राष्ट्रीय राजमार्ग संख्या 72बी के किमी 0.00 से किमी 97.00 पाँवटा साहिब से गुम्मा सेक्शन के दो लेन मय पेव्ड शोल्डर के उन्नयन कार्य हेतु,https://bhoomirashi.gov.in/auth/revamp/prep_public.cshtml?nid=1&project_id=57880,189.9563,140.519,49.4373,5.445631,0.7397438252903431
57880,2020-06-29,S.O. 2139(E),SO2139E,2020-09-15,3140,3140,78,0,deduped_nearest_subsequent_3D,False,True,MO/2018/57880,Two Laning with Paved Shoulder of Paonta Sahib â€“ Gumma section from km 0.00 to km 97.00 of NH-72B in the State of Himachal Pradesh हिमाचल प्रदेश में राष्ट्रीय राजमार्ग संख्या 72बी के किमी 0.00 से किमी 97.00 पाँवटा साहिब से गुम्मा सेक्शन के दो लेन मय पेव्ड शोल्डर के उन्नयन कार्य हेतु,https://bhoomirashi.gov.in/auth/revamp/prep_public.cshtml?nid=1&project_id=57880,189.9563,140.519,49.4373,5.445631,0.7397438252903431
57880,2020-10-01,S.O. 3435 (E),SO3435E,2020-11-27,4263,4263,57,0,deduped_nearest_subsequent_3D,False,True,MO/2018/57880,Two Laning with Paved Shoulder of Paonta Sahib â€“ Gumma section from km 0.00 to km 97.00 of NH-72B in the State of Himachal Pradesh हिमाचल प्रदेश में राष्ट्रीय राजमार्ग संख्या 72बी के किमी 0.00 से किमी 97.00 पाँवटा साहिब से गुम्मा सेक्शन के दो लेन मय पेव्ड शोल्डर के उन्नयन कार्य हेतु,https://bhoomirashi.gov.in/auth/revamp/prep_public.cshtml?nid=1&project_id=57880,189.9563,140.519,49.4373,5.445631,0.7397438252903431
57880,2020-12-04,4390,4390,2021-05-07,1797,1797,154,0,deduped_nearest_subsequent_3D,False,True,MO/2018/57880,Two Laning with Paved Shoulder of Paonta Sahib â€“ Gumma section from km 0.00 to km 97.00 of NH-72B in the State of Himachal Pradesh हिमाचल प्रदेश में राष्ट्रीय राजमार्ग संख्या 72बी के किमी 0.00 से किमी 97.00 पाँवटा साहिब से गुम्मा सेक्शन के दो लेन मय पेव्ड शोल्डर के उन्नयन कार्य हेतु,https://bhoomirashi.gov.in/auth/revamp/prep_public.cshtml?nid=1&project_id=57880,189.9563,140.519,49.4373,5.445631,0.7397438252903431
57880,2024-05-08,1955(E),1955E,2025-04-16,1740(E),1740E,343,0,deduped_nearest_subsequent_3D,False,True,MO/2018/57880,Two Laning with Paved Shoulder of Paonta Sahib â€“ Gumma section from km 0.00 to km 97.00 of NH-72B in the State of Himachal Pradesh हिमाचल प्रदेश में राष्ट्रीय राजमार्ग संख्या 72बी के किमी 0.00 से किमी 97.00 पाँवटा साहिब से गुम्मा सेक्शन के दो लेन मय पेव्ड शोल्डर के उन्नयन कार्य हेतु,https://bhoomirashi.gov.in/auth/revamp/prep_public.cshtml?nid=1&project_id=57880,189.9563,140.519,49.4373,5.445631,0.7397438252903431
57881,2022-12-16,5884,5884,2023-06-30,2839(E),2839E,196,0,deduped_nearest_subsequent_3D,False,True,MO/2018/57881,Acquisition of Land for ring road in district Basti in the state of Uttar Pradesh. उत्तर प्रदेश राज्य के बस्ती जिले में रिंग रोड के निर्माण के लिए भूमि अधिग्रहण ।,https://bhoomirashi.gov.in/auth/revamp/prep_public.cshtml?nid=1&project_id=57881,250.0,0.0,250.0,3.428,0.0
57881,2023-02-28,915(E),915E,2023-10-10,4395(?),4395,224,0,deduped_nearest_subsequent_3D,False,True,MO/2018/57881,Acquisition of Land for ring road in district Basti in the state of Uttar Pradesh. उत्तर प्रदेश राज्य के बस्ती जिले में रिंग रोड के निर्माण के लिए भूमि अधिग्रहण ।,https://bhoomirashi.gov.in/auth/revamp/prep_public.cshtml?nid=1&project_id=57881,250.0,0.0,250.0,3.428,0.0
57881,2023-07-31,3431(E),3431E,2023-12-15,5335(E),5335E,137,0,deduped_nearest_subsequent_3D,False,True,MO/2018/57881,Acquisition of Land for ring road in district Basti in the state of Uttar Pradesh. उत्तर प्रदेश राज्य के बस्ती जिले में रिंग रोड के निर्माण के लिए भूमि अधिग्रहण ।,https://bhoomirashi.gov.in/auth/revamp/prep_public.cshtml?nid=1&project_id=57881,250.0,0.0,250.0,3.428,0.0
57881,2025-01-07,121(E),121E,2025-03-26,1402(E),1402E,78,0,deduped_nearest_subsequent_3D,False,True,MO/2018/57881,Acquisition of Land for ring road in district Basti in the state of Uttar Pradesh. उत्तर प्रदेश राज्य के बस्ती जिले में रिंग रोड के निर्माण के लिए भूमि अधिग्रहण ।,https://bhoomirashi.gov.in/auth/revamp/prep_public.cshtml?nid=1&project_id=57881,250.0,0.0,250.0,3.428,0.0
57885,2017-06-22,S.O. No. 2128 (E),SONO2128E,2019-11-05,3994,3994,866,1,deduped_nearest_subsequent_3D,False,True,MO/2018/57885,"Construction of proposed bridge over Tarapur Khal at Chainage 270.153 km to 270.688 km of National Highway No.-60 in the District of Bankura, West Bengal पश्चिम बंगाल राज्य के बाँकुङा जिले में राष्ट्रीय राजमार्ग संख्या 60 के कि.मी.270.153 से कि.मी.270.688 तक का भूखंड में तारापुर खाल के ऊपर प्रस्ताबित सेतु का निर्माण",https://bhoomirashi.gov.in/auth/revamp/prep_public.cshtml?nid=1&project_id=57885,3.21,1.4,1.81,0.2771645,0.43613707165109034
57891,2019-10-30,3929 E,3929E,2020-02-26,892 (E),892E,119,0,deduped_nearest_subsequent_3D,False,True,MO/2018/57891,Rehabilitation and Upgradation of NH-167 From Design Km 157.707 to km 187.723 (Design length 30.016kms) two lane with paved shoulders ofAlinagar- Miryalaguda Section On EPC Mode In the State of Telangana रिहैबिलिटेशन एंड उपग्रडेशन ऑफ़ नह 167 फ्रॉम डिज़ाइन कम १५७ ७०७ टू कम १८७ ७२३ डिज़ाइन लेंथ ३० ०१६कम्स तवो लेन विद पेव्ड शोल्डर्स ोफालीनगर मिरयलागुड़ा सेक्शन ऑन एप्स मोड इन दे स्टेट ऑफ़ तेलंगाना,https://bhoomirashi.gov.in/auth/revamp/prep_public.cshtml?nid=1&project_id=57891,97.345,86.433,10.912,0.0,0.8879038471416099
57891,2023-03-09,1106 (E),1106E,2024-02-02,472(E),472E,330,0,deduped_nearest_subsequent_3D,False,True,MO/2018/57891,Rehabilitation and Upgradation of NH-167 From Design Km 157.707 to km 187.723 (Design length 30.016kms) two lane with paved shoulders ofAlinagar- Miryalaguda Section On EPC Mode In the State of Telangana रिहैबिलिटेशन एंड उपग्रडेशन ऑफ़ नह 167 फ्रॉम डिज़ाइन कम १५७ ७०७ टू कम १८७ ७२३ डिज़ाइन लेंथ ३० ०१६कम्स तवो लेन विद पेव्ड शोल्डर्स ोफालीनगर मिरयलागुड़ा सेक्शन ऑन एप्स मोड इन दे स्टेट ऑफ़ तेलंगाना,https://bhoomirashi.gov.in/auth/revamp/prep_public.cshtml?nid=1&project_id=57891,97.345,86.433,10.912,0.0,0.8879038471416099
57893,2018-11-28,5909,5909,2020-02-03,548(E),548E,432,1,deduped_nearest_subsequent_3D,False,True,MO/2018/57893,Construction of 2-lane Tarku - Damthang - Namchi Road in Sikkim under SARDP-NE Phase-A कंस्ट्रक्शन ऑफ़ 2-लेन तर्कु - दमथंग - नाम्ची रोड इन सिक्किम अंडर SARDP-ने Phase-ा,https://bhoomirashi.gov.in/auth/revamp/prep_public.cshtml?nid=1&project_id=57893,67.382,60.692,6.69,0.109,0.9007153245673918
57894,2019-01-24,319,319,2019-10-17,3742,3742,266,0,deduped_nearest_subsequent_3D,False,True,MO/2018/57894,Rehabilitation and upgradation of NH-167 from design km 187.723 to km 234.434(Miryalguda to Kodad Section) to two lane with paved shoulders on EPC mode in the State of Telangana रिहैबिलिटेशन एंड उपग्रडेशन ऑफ़ NH-१६७ फ्रॉम डिज़ाइन कम 187.७२३ तो कम 234.434(मिरयालगुदा तो कोडेड Section) तो तवो लेन विथ पवेद शोल्डर्स ों एप्स मोड इन थे स्टेट ऑफ़ तेलंगाना,https://bhoomirashi.gov.in/auth/revamp/prep_public.cshtml?nid=1&project_id=57894,138.165,126.214,11.951,0.0,0.9135019722795209
57894,2021-01-28,421,421,2021-08-18,3378,3378,202,0,deduped_nearest_subsequent_3D,False,True,MO/2018/57894,Rehabilitation and upgradation of NH-167 from design km 187.723 to km 234.434(Miryalguda to Kodad Section) to two lane with paved shoulders on EPC mode in the State of Telangana रिहैबिलिटेशन एंड उपग्रडेशन ऑफ़ NH-१६७ फ्रॉम डिज़ाइन कम 187.७२३ तो कम 234.434(मिरयालगुदा तो कोडेड Section) तो तवो लेन विथ पवेद शोल्डर्स ों एप्स मोड इन थे स्टेट ऑफ़ तेलंगाना,https://bhoomirashi.gov.in/auth/revamp/prep_public.cshtml?nid=1&project_id=57894,138.165,126.214,11.951,0.0,0.9135019722795209
57894,2023-03-22,1375 (E),1375E,2025-02-28,10518(E),10518E,709,1,deduped_nearest_subsequent_3D,False,True,MO/2018/57894,Rehabilitation and upgradation of NH-167 from design km 187.723 to km 234.434(Miryalguda to Kodad Section) to two lane with paved shoulders on EPC mode in the State of Telangana रिहैबिलिटेशन एंड उपग्रडेशन ऑफ़ NH-१६७ फ्रॉम डिज़ाइन कम 187.७२३ तो कम 234.434(मिरयालगुदा तो कोडेड Section) तो तवो लेन विथ पवेद शोल्डर्स ों एप्स मोड इन थे स्टेट ऑफ़ तेलंगाना,https://bhoomirashi.gov.in/auth/revamp/prep_public.cshtml?nid=1&project_id=57894,138.165,126.214,11.951,0.0,0.9135019722795209
57897,2018-09-28,5028,5028,2019-04-09,1566(E),1566E,193,0,deduped_nearest_subsequent_3D,False,True,MO/2018/57897,"Construction of five nos. minor bridges at km 132.60,km 144.89 , km 146.709 ,km 165.556 and km 174.25 of NH-60 in the State of West Bengal कंस्ट्रक्शन ऑफ़ फाइव nos. माइनर ब्रिड्जस ात कम 132.6o,कम 144.89 , कम 146.७०९ ,कम 165.५५६ एंड कम 174.२५ ऑफ़ NH-६० इन थे स्टेट ऑफ़ वेस्ट बंगाल",https://bhoomirashi.gov.in/auth/revamp/prep_public.cshtml?nid=1&project_id=57897,4.5,0.54,3.96,0.0,0.12000000000000001
57926,2018-08-20,4081 E,4081E,2018-09-28,5042(E),5042E,39,0,deduped_nearest_subsequent_3D,False,True,MO/2018/57926,"Improvement to Gulbarga-Solapur section of NH-150 (Extension) from Karnataka/Maharashtra border Km. 70.682 to Akkalkot Km. 106.526, and strengthening of Dudhani (Km. 74.240 to Km. 77.420), Maindargi (Km. 89.084 to Km. 92.045) & Akkalkot (Km. 99.580 to Km. 106.526) village limits in the State of Maharashtra (PkgII). NH-150-MAH-2016-17-1010 Dated: 27.04.2016 27.04.२०१६",https://bhoomirashi.gov.in/auth/revamp/prep_public.cshtml?nid=1&project_id=57926,92.85,81.96,10.89,0.0,0.882714054927302
57929,2018-09-28,5029,5029,2019-03-07,1204(E),1204E,160,0,deduped_nearest_subsequent_3D,False,True,MO/2018/57929,Construction of ROB and its approaches in lieu of Level Crossing No. 18 at NH km 620+600 (Design km 646+087 ) of NH-150A in the district of Mysore in the State of Karnataka कंस्ट्रक्शन ऑफ़ रॉब एंड इतस अप्प्रोचेस इन लिएउ ऑफ़ लेवल क्रासिंग No. १८ ात नह कम 620+६०० (डिज़ाइन कम 646+०८७ ) ऑफ़ NH-१५०ा इन थे डिस्ट्रिक्ट ऑफ़ मिसरे इन थे स्टेट ऑफ़ कर्नाटक,https://bhoomirashi.gov.in/auth/revamp/prep_public.cshtml?nid=1&project_id=57929,8.0,1.2439,6.7561,0.0,0.1554875
57929,2020-07-30,SO 2536 (E),SO2536E,2021-07-29,3023,3023,364,0,deduped_nearest_subsequent_3D,False,True,MO/2018/57929,Construction of ROB and its approaches in lieu of Level Crossing No. 18 at NH km 620+600 (Design km 646+087 ) of NH-150A in the district of Mysore in the State of Karnataka कंस्ट्रक्शन ऑफ़ रॉब एंड इतस अप्प्रोचेस इन लिएउ ऑफ़ लेवल क्रासिंग No. १८ ात नह कम 620+६०० (डिज़ाइन कम 646+०८७ ) ऑफ़ NH-१५०ा इन थे डिस्ट्रिक्ट ऑफ़ मिसरे इन थे स्टेट ऑफ़ कर्नाटक,https://bhoomirashi.gov.in/auth/revamp/prep_public.cshtml?nid=1&project_id=57929,8.0,1.2439,6.7561,0.0,0.1554875
57929,2023-07-05,2969(E),2969E,2024-03-11,1225(E),1225E,250,0,deduped_nearest_subsequent_3D,False,True,MO/2018/57929,Construction of ROB and its approaches in lieu of Level Crossing No. 18 at NH km 620+600 (Design km 646+087 ) of NH-150A in the district of Mysore in the State of Karnataka कंस्ट्रक्शन ऑफ़ रॉब एंड इतस अप्प्रोचेस इन लिएउ ऑफ़ लेवल क्रासिंग No. १८ ात नह कम 620+६०० (डिज़ाइन कम 646+०८७ ) ऑफ़ NH-१५०ा इन थे डिस्ट्रिक्ट ऑफ़ मिसरे इन थे स्टेट ऑफ़ कर्नाटक,https://bhoomirashi.gov.in/auth/revamp/prep_public.cshtml?nid=1&project_id=57929,8.0,1.2439,6.7561,0.0,0.1554875
57932,2022-09-14,S.O. 4320(E),SO4320E,2023-01-04,S.O. 41(E).,SO41E,112,0,deduped_nearest_subsequent_3D,False,True,MO/2018/57932,"Rehabilitation and Up-gradation of NH-116B to 2-Lane with Paved Shoulders configuration from Km. 64.700 to Km. 67.690, Km 69.821 to Km 79.270 and Km 81.044 to Km 82.103 (for Ramnagar Bypass and adjoining stretches) and Norghat Bridge राष्ट्रीय राजमार्ग -116 बी के 64.700 कि.मी. से 67.690 कि.मी., 69.821 कि.मी. से 79.270 कि.मी.एवं 81.044 कि.मी. से 82.103 कि.मी. तक (रामनगर बाईपास और उसके संलग्न हिस्सों) (पुनर्वास एवं उन्नत कर 2 लेन पक्के शोल्डर्स के साथ बनाना आदि) एवं नर्घाट पुल",https://bhoomirashi.gov.in/auth/revamp/prep_public.cshtml?nid=1&project_id=57932,70.0,0.0,70.0,0.6292998,0.0
57932,2022-11-30,S.O. 5554(E),SO5554E,2023-03-14,S.O. 1204(E),SO1204E,104,0,deduped_nearest_subsequent_3D,False,True,MO/2018/57932,"Rehabilitation and Up-gradation of NH-116B to 2-Lane with Paved Shoulders configuration from Km. 64.700 to Km. 67.690, Km 69.821 to Km 79.270 and Km 81.044 to Km 82.103 (for Ramnagar Bypass and adjoining stretches) and Norghat Bridge राष्ट्रीय राजमार्ग -116 बी के 64.700 कि.मी. से 67.690 कि.मी., 69.821 कि.मी. से 79.270 कि.मी.एवं 81.044 कि.मी. से 82.103 कि.मी. तक (रामनगर बाईपास और उसके संलग्न हिस्सों) (पुनर्वास एवं उन्नत कर 2 लेन पक्के शोल्डर्स के साथ बनाना आदि) एवं नर्घाट पुल",https://bhoomirashi.gov.in/auth/revamp/prep_public.cshtml?nid=1&project_id=57932,70.0,0.0,70.0,0.6292998,0.0
57934,2023-06-06,S.O. 2483,SO2483,2024-04-10,1668,1668,309,0,deduped_nearest_subsequent_3D,False,True,MO/2018/57934,"Rehabilitation and Up-gradation to 2-Lane with Paved Shoulders Configuration of Km. 0.000 to Km. 41.000 of NH-116B (Nandakumar-Contai-Digha-Chandaneswar Road) including re-alignments at Narghat Bridge, Kalinagar Bridge, Erinchi Bridge, and construction of Henria Bypass, Nachinda Bypass, in the district of Purba Medinipur, West Bengal पश्चिम बंगाल राज्य के पूर्वी मेदिनीपूर जिले में राष्ट्रीय राजमार्ग- 116 बी ( नंदकुमार- कौन्टाई- दीघा- चन्दनेश्वर सड़क) का पुनर्वास एवं उन्नत कर 2 लेन पक्के शोल्डर्स हेतु कि. मी. 0.000 से कि. मी. 41.000 तक मे नर्घाट पुल, कालीनगर पुल, ईडिंची पुल, हेंडिया उपमार्ग और नाचिंदा उपमार्ग के र्निर्माण के लिये",https://bhoomirashi.gov.in/auth/revamp/prep_public.cshtml?nid=1&project_id=57934,70.0,0.0,70.0,0.0,0.0
57936,2018-09-28,5030,5030,2019-09-19,3401,3401,356,0,deduped_nearest_subsequent_3D,False,True,MO/2018/57936,"Maintenance, management and operation of National Highway No NH-17(New NH-66) in the stretch of land â€œConstruction of four/six lane bridge including approaches across river Zuari on NH-17 in state of Goa Additional area एरिया",https://bhoomirashi.gov.in/auth/revamp/prep_public.cshtml?nid=1&project_id=57936,65.32,51.12,14.2,0.0385,0.782608695652174
57936,2018-10-08,5183,5183,2019-09-19,3413,3413,346,0,deduped_nearest_subsequent_3D,False,True,MO/2018/57936,"Maintenance, management and operation of National Highway No NH-17(New NH-66) in the stretch of land â€œConstruction of four/six lane bridge including approaches across river Zuari on NH-17 in state of Goa Additional area एरिया",https://bhoomirashi.gov.in/auth/revamp/prep_public.cshtml?nid=1&project_id=57936,65.32,51.12,14.2,0.0385,0.782608695652174
57936,2021-07-16,2856(E),2856E,2022-01-11,141 E,141E,179,0,deduped_nearest_subsequent_3D,False,True,MO/2018/57936,"Maintenance, management and operation of National Highway No NH-17(New NH-66) in the stretch of land â€œConstruction of four/six lane bridge including approaches across river Zuari on NH-17 in state of Goa Additional area एरिया",https://bhoomirashi.gov.in/auth/revamp/prep_public.cshtml?nid=1&project_id=57936,65.32,51.12,14.2,0.0385,0.782608695652174
57936,2021-07-16,2857(E),2857E,2022-01-11,142 E,142E,179,0,deduped_nearest_subsequent_3D,False,True,MO/2018/57936,"Maintenance, management and operation of National Highway No NH-17(New NH-66) in the stretch of land â€œConstruction of four/six lane bridge including approaches across river Zuari on NH-17 in state of Goa Additional area एरिया",https://bhoomirashi.gov.in/auth/revamp/prep_public.cshtml?nid=1&project_id=57936,65.32,51.12,14.2,0.0385,0.782608695652174
57943,2017-12-08,3851,3851,2018-04-20,1687,1687,133,0,deduped_nearest_subsequent_3D,False,True,MO/2018/57943,Rehabilitation and Up-gradation of Harpalpur-Sugira section (Km. 89.600 to 133.520) of NH-76 (New NH no. 339) in the State of Uttar Pradesh to two lane with paved shoulder under EPC mode. रा0मा0 सं0 76 (न्यू एन०एच ल० ३३९) के कि0मी0 ८९.६०० से १३३.५२० तक 2 लेन विथ पेव्ड शोल्डर पुर्नरूद्धार एवं उच्चीकरण कार्य,https://bhoomirashi.gov.in/auth/revamp/prep_public.cshtml?nid=1&project_id=57943,19.0265,0.0,19.0265,0.0,0.0
57943,2018-04-20,1688,1688,2018-08-02,3865,3865,104,0,deduped_nearest_subsequent_3D,False,True,MO/2018/57943,Rehabilitation and Up-gradation of Harpalpur-Sugira section (Km. 89.600 to 133.520) of NH-76 (New NH no. 339) in the State of Uttar Pradesh to two lane with paved shoulder under EPC mode. रा0मा0 सं0 76 (न्यू एन०एच ल० ३३९) के कि0मी0 ८९.६०० से १३३.५२० तक 2 लेन विथ पेव्ड शोल्डर पुर्नरूद्धार एवं उच्चीकरण कार्य,https://bhoomirashi.gov.in/auth/revamp/prep_public.cshtml?nid=1&project_id=57943,19.0265,0.0,19.0265,0.0,0.0
57944,2018-01-23,347,347,2018-12-27,6387(E),6387E,338,0,deduped_nearest_subsequent_3D,False,True,MO/2018/57944,Rehabilitation and upgradation of NH - 78 ( NEW NH - 43 ) from KM 468 . 600 to KM 531 . 250 ( PATHALGAUON TO KUNKURI SECTION ) to two lane with paved shoulder in the state of chhattisgargh under NHDP - IV THROUGH epc basis contract रिहैबिलिटेशन एंड उपग्रडेशन ऑफ़ नह - ७८ ( नई नह - ४३ ) फ्रॉम कम ४६८ . ६०० तो कम ५३१ . २५० ( पथलगौओं तो कुनकुरी सेक्शन ) तो तवो लेन विथ पवेद शोल्डर इन थे स्टेट ऑफ़ च्छाट्तीसगर्ह अंडर नहड़प - िव थ्रू एप्स बेसिस कॉन्ट्रैक्ट,https://bhoomirashi.gov.in/auth/revamp/prep_public.cshtml?nid=1&project_id=57944,195.78,136.21,59.57,0.168,0.6957299009091839
57944,2018-01-23,347 (E),347E,2019-01-09,158(E),158E,351,0,deduped_nearest_subsequent_3D,False,True,MO/2018/57944,Rehabilitation and upgradation of NH - 78 ( NEW NH - 43 ) from KM 468 . 600 to KM 531 . 250 ( PATHALGAUON TO KUNKURI SECTION ) to two lane with paved shoulder in the state of chhattisgargh under NHDP - IV THROUGH epc basis contract रिहैबिलिटेशन एंड उपग्रडेशन ऑफ़ नह - ७८ ( नई नह - ४३ ) फ्रॉम कम ४६८ . ६०० तो कम ५३१ . २५० ( पथलगौओं तो कुनकुरी सेक्शन ) तो तवो लेन विथ पवेद शोल्डर इन थे स्टेट ऑफ़ च्छाट्तीसगर्ह अंडर नहड़प - िव थ्रू एप्स बेसिस कॉन्ट्रैक्ट,https://bhoomirashi.gov.in/auth/revamp/prep_public.cshtml?nid=1&project_id=57944,195.78,136.21,59.57,0.168,0.6957299009091839
57944,2022-03-25,1351(E),1351E,2024-10-11,4470(E),4470E,931,1,deduped_nearest_subsequent_3D,False,True,MO/2018/57944,Rehabilitation and upgradation of NH - 78 ( NEW NH - 43 ) from KM 468 . 600 to KM 531 . 250 ( PATHALGAUON TO KUNKURI SECTION ) to two lane with paved shoulder in the state of chhattisgargh under NHDP - IV THROUGH epc basis contract रिहैबिलिटेशन एंड उपग्रडेशन ऑफ़ नह - ७८ ( नई नह - ४३ ) फ्रॉम कम ४६८ . ६०० तो कम ५३१ . २५० ( पथलगौओं तो कुनकुरी सेक्शन ) तो तवो लेन विथ पवेद शोल्डर इन थे स्टेट ऑफ़ च्छाट्तीसगर्ह अंडर नहड़प - िव थ्रू एप्स बेसिस कॉन्ट्रैक्ट,https://bhoomirashi.gov.in/auth/revamp/prep_public.cshtml?nid=1&project_id=57944,195.78,136.21,59.57,0.168,0.6957299009091839
57944,2024-04-26,1837(E),1837E,2025-04-17,1786(E),1786E,356,0,deduped_nearest_subsequent_3D,False,True,MO/2018/57944,Rehabilitation and upgradation of NH - 78 ( NEW NH - 43 ) from KM 468 . 600 to KM 531 . 250 ( PATHALGAUON TO KUNKURI SECTION ) to two lane with paved shoulder in the state of chhattisgargh under NHDP - IV THROUGH epc basis contract रिहैबिलिटेशन एंड उपग्रडेशन ऑफ़ नह - ७८ ( नई नह - ४३ ) फ्रॉम कम ४६८ . ६०० तो कम ५३१ . २५० ( पथलगौओं तो कुनकुरी सेक्शन ) तो तवो लेन विथ पवेद शोल्डर इन थे स्टेट ऑफ़ च्छाट्तीसगर्ह अंडर नहड़प - िव थ्रू एप्स बेसिस कॉन्ट्रैक्ट,https://bhoomirashi.gov.in/auth/revamp/prep_public.cshtml?nid=1&project_id=57944,195.78,136.21,59.57,0.168,0.6957299009091839
57951,2018-10-11,5295,5295,2019-03-07,1205(E),1205E,147,0,deduped_nearest_subsequent_3D,False,True,MO/2018/57951,Widening to two lane with paved shoulders from km 646 . 324 (Old ch . KM . 603 .600 ) to km . 658 . 824 (Old ch . 616 . 100 ) and from 666 . 124 to Km . 669 . 124 Jewargi - Chamrajnagra section on NH-150A in the State of Karnataka विडेनिंग तो तवो लेन विथ पवेद शोल्डर्स फ्रॉम कम ६४६ . ३२४ (ओल्ड च . कम . ६०३ .६०० ) तो कम . ६५८ . ८२४ (ओल्ड च . ६१६ . १०० ) एंड फ्रॉम ६६६ . १२४ तो कम . ६६९ . १२४ जेवरगी - चमरजनगरा सेक्शन ों NH-१५०ा इन थे स्टेट ऑफ़ कर्नाटक,https://bhoomirashi.gov.in/auth/revamp/prep_public.cshtml?nid=1&project_id=57951,37.30744,33.67154,3.6359,0.0,0.9025422275020747
57953,2018-05-24,2117 (E),2117E,2019-05-16,S.O 1753E,SO1753E,357,0,deduped_nearest_subsequent_3D,False,True,MO/2018/57953,Rehabilitation and Up-Gradation of NH - 165 from km 0/000 to 64 / 020 (Pamaru to Akiveedu section ) to two lane with paved shoulders in the state of Andhra Pradesh ( Package I from Km 0/000 to 64/020 ) रिहैबिलिटेशन एंड अप-ग्रेडेशन ऑफ़ एनएच - 165 फ्रॉम किमी . 0/000 टू किमी . 64 / 020 (पमारू टू अकीविदु सेक्शन) टु टू लेन विद पेव्ड शोल्डर्स इन द स्टेट ऑफ़ आंध्र प्रदेश (पैकेज 1 फ्रॉम किमी . 0/000 टू 64/020),https://bhoomirashi.gov.in/auth/revamp/prep_public.cshtml?nid=1&project_id=57953,290.453,108.779,181.674,0.0,0.3745149817698561
57953,2020-08-27,S.O. 2913E,SO2913E,2020-12-15,4542,4542,110,0,deduped_nearest_subsequent_3D,False,True,MO/2018/57953,Rehabilitation and Up-Gradation of NH - 165 from km 0/000 to 64 / 020 (Pamaru to Akiveedu section ) to two lane with paved shoulders in the state of Andhra Pradesh ( Package I from Km 0/000 to 64/020 ) रिहैबिलिटेशन एंड अप-ग्रेडेशन ऑफ़ एनएच - 165 फ्रॉम किमी . 0/000 टू किमी . 64 / 020 (पमारू टू अकीविदु सेक्शन) टु टू लेन विद पेव्ड शोल्डर्स इन द स्टेट ऑफ़ आंध्र प्रदेश (पैकेज 1 फ्रॉम किमी . 0/000 टू 64/020),https://bhoomirashi.gov.in/auth/revamp/prep_public.cshtml?nid=1&project_id=57953,290.453,108.779,181.674,0.0,0.3745149817698561
57953,2021-08-25,3488(E),3488E,2022-11-02,5110(E),5110E,434,1,deduped_nearest_subsequent_3D,False,True,MO/2018/57953,Rehabilitation and Up-Gradation of NH - 165 from km 0/000 to 64 / 020 (Pamaru to Akiveedu section ) to two lane with paved shoulders in the state of Andhra Pradesh ( Package I from Km 0/000 to 64/020 ) रिहैबिलिटेशन एंड अप-ग्रेडेशन ऑफ़ एनएच - 165 फ्रॉम किमी . 0/000 टू किमी . 64 / 020 (पमारू टू अकीविदु सेक्शन) टु टू लेन विद पेव्ड शोल्डर्स इन द स्टेट ऑफ़ आंध्र प्रदेश (पैकेज 1 फ्रॉम किमी . 0/000 टू 64/020),https://bhoomirashi.gov.in/auth/revamp/prep_public.cshtml?nid=1&project_id=57953,290.453,108.779,181.674,0.0,0.3745149817698561
57953,2022-03-30,1485 (E),1485E,2024-04-10,1688(E),1688E,742,1,deduped_nearest_subsequent_3D,False,True,MO/2018/57953,Rehabilitation and Up-Gradation of NH - 165 from km 0/000 to 64 / 020 (Pamaru to Akiveedu section ) to two lane with paved shoulders in the state of Andhra Pradesh ( Package I from Km 0/000 to 64/020 ) रिहैबिलिटेशन एंड अप-ग्रेडेशन ऑफ़ एनएच - 165 फ्रॉम किमी . 0/000 टू किमी . 64 / 020 (पमारू टू अकीविदु सेक्शन) टु टू लेन विद पेव्ड शोल्डर्स इन द स्टेट ऑफ़ आंध्र प्रदेश (पैकेज 1 फ्रॉम किमी . 0/000 टू 64/020),https://bhoomirashi.gov.in/auth/revamp/prep_public.cshtml?nid=1&project_id=57953,290.453,108.779,181.674,0.0,0.3745149817698561
57953,2023-10-20,4607(E),4607E,2025-06-13,2608(E),2608E,602,1,deduped_nearest_subsequent_3D,False,True,MO/2018/57953,Rehabilitation and Up-Gradation of NH - 165 from km 0/000 to 64 / 020 (Pamaru to Akiveedu section ) to two lane with paved shoulders in the state of Andhra Pradesh ( Package I from Km 0/000 to 64/020 ) रिहैबिलिटेशन एंड अप-ग्रेडेशन ऑफ़ एनएच - 165 फ्रॉम किमी . 0/000 टू किमी . 64 / 020 (पमारू टू अकीविदु सेक्शन) टु टू लेन विद पेव्ड शोल्डर्स इन द स्टेट ऑफ़ आंध्र प्रदेश (पैकेज 1 फ्रॉम किमी . 0/000 टू 64/020),https://bhoomirashi.gov.in/auth/revamp/prep_public.cshtml?nid=1&project_id=57953,290.453,108.779,181.674,0.0,0.3745149817698561
57957,2016-09-08,S.O.2897(E),SO2897E,2017-01-27,S.O.256(E),SO256E,141,0,deduped_nearest_subsequent_3D,False,True,MO/2018/57957,Rehabilitation and augmentation of NH-222 from End of Malshej Ghat to Start of Ane Ghat section [km 101.000 to 161.570]in the State of Maharashtra to two-lanes with paved shoulders under NHDP-IV on EPC basis बेसिस,https://bhoomirashi.gov.in/auth/revamp/prep_public.cshtml?nid=1&project_id=57957,189.58,176.76,12.82,0.0,0.9323768329992614
57957,2018-03-06,998E,998E,2018-12-07,6071(E),6071E,276,0,deduped_nearest_subsequent_3D,False,True,MO/2018/57957,Rehabilitation and augmentation of NH-222 from End of Malshej Ghat to Start of Ane Ghat section [km 101.000 to 161.570]in the State of Maharashtra to two-lanes with paved shoulders under NHDP-IV on EPC basis बेसिस,https://bhoomirashi.gov.in/auth/revamp/prep_public.cshtml?nid=1&project_id=57957,189.58,176.76,12.82,0.0,0.9323768329992614
57957,2018-11-14,5716,5716,2019-07-26,2674,2674,254,0,deduped_nearest_subsequent_3D,False,True,MO/2018/57957,Rehabilitation and augmentation of NH-222 from End of Malshej Ghat to Start of Ane Ghat section [km 101.000 to 161.570]in the State of Maharashtra to two-lanes with paved shoulders under NHDP-IV on EPC basis बेसिस,https://bhoomirashi.gov.in/auth/revamp/prep_public.cshtml?nid=1&project_id=57957,189.58,176.76,12.82,0.0,0.9323768329992614
57957,2019-02-06,734 E,734E,2020-02-04,564 (E),564E,363,0,deduped_nearest_subsequent_3D,False,True,MO/2018/57957,Rehabilitation and augmentation of NH-222 from End of Malshej Ghat to Start of Ane Ghat section [km 101.000 to 161.570]in the State of Maharashtra to two-lanes with paved shoulders under NHDP-IV on EPC basis बेसिस,https://bhoomirashi.gov.in/auth/revamp/prep_public.cshtml?nid=1&project_id=57957,189.58,176.76,12.82,0.0,0.9323768329992614
57968,2019-12-31,19 (E),19E,2020-09-17,3178 E,3178E,261,0,deduped_nearest_subsequent_3D,False,True,MO/2018/57968,Estimate of rehabilitation and upgradation to two lanes with the paved shoulder of Nagaj-Vijapur section of NH-166Efrom Km. 0.00 to Km. 31.148 & 134.000 to Km. 151.350 on EPC mode in the State of Maharashtra महाराष्ट्र,https://bhoomirashi.gov.in/auth/revamp/prep_public.cshtml?nid=1&project_id=57968,127.56,110.547,17.013,0.0,0.8666274694261523
57968,2020-01-01,17 E,17E,2020-09-17,3179 E,3179E,260,0,deduped_nearest_subsequent_3D,False,True,MO/2018/57968,Estimate of rehabilitation and upgradation to two lanes with the paved shoulder of Nagaj-Vijapur section of NH-166Efrom Km. 0.00 to Km. 31.148 & 134.000 to Km. 151.350 on EPC mode in the State of Maharashtra महाराष्ट्र,https://bhoomirashi.gov.in/auth/revamp/prep_public.cshtml?nid=1&project_id=57968,127.56,110.547,17.013,0.0,0.8666274694261523
57968,2020-01-01,19 E,19E,2022-03-09,1034 E,1034E,798,1,deduped_nearest_subsequent_3D,False,True,MO/2018/57968,Estimate of rehabilitation and upgradation to two lanes with the paved shoulder of Nagaj-Vijapur section of NH-166Efrom Km. 0.00 to Km. 31.148 & 134.000 to Km. 151.350 on EPC mode in the State of Maharashtra महाराष्ट्र,https://bhoomirashi.gov.in/auth/revamp/prep_public.cshtml?nid=1&project_id=57968,127.56,110.547,17.013,0.0,0.8666274694261523
57968,2021-01-19,244 E,244E,2022-09-20,S.O. 4368(E).,SO4368E,609,1,deduped_nearest_subsequent_3D,False,True,MO/2018/57968,Estimate of rehabilitation and upgradation to two lanes with the paved shoulder of Nagaj-Vijapur section of NH-166Efrom Km. 0.00 to Km. 31.148 & 134.000 to Km. 151.350 on EPC mode in the State of Maharashtra महाराष्ट्र,https://bhoomirashi.gov.in/auth/revamp/prep_public.cshtml?nid=1&project_id=57968,127.56,110.547,17.013,0.0,0.8666274694261523
57968,2021-04-12,1561 E,1561E,2022-09-20,S.O. 4370(E).,SO4370E,526,1,deduped_nearest_subsequent_3D,False,True,MO/2018/57968,Estimate of rehabilitation and upgradation to two lanes with the paved shoulder of Nagaj-Vijapur section of NH-166Efrom Km. 0.00 to Km. 31.148 & 134.000 to Km. 151.350 on EPC mode in the State of Maharashtra महाराष्ट्र,https://bhoomirashi.gov.in/auth/revamp/prep_public.cshtml?nid=1&project_id=57968,127.56,110.547,17.013,0.0,0.8666274694261523
57968,2022-03-10,1080 E,1080E,2022-12-27,S.O. 6078(E).,SO6078E,292,0,deduped_nearest_subsequent_3D,False,True,MO/2018/57968,Estimate of rehabilitation and upgradation to two lanes with the paved shoulder of Nagaj-Vijapur section of NH-166Efrom Km. 0.00 to Km. 31.148 & 134.000 to Km. 151.350 on EPC mode in the State of Maharashtra महाराष्ट्र,https://bhoomirashi.gov.in/auth/revamp/prep_public.cshtml?nid=1&project_id=57968,127.56,110.547,17.013,0.0,0.8666274694261523
57968,2022-05-23,S.O. 2350(E),SO2350E,2024-01-17,S.O. 213(E).,SO213E,604,1,deduped_nearest_subsequent_3D,False,True,MO/2018/57968,Estimate of rehabilitation and upgradation to two lanes with the paved shoulder of Nagaj-Vijapur section of NH-166Efrom Km. 0.00 to Km. 31.148 & 134.000 to Km. 151.350 on EPC mode in the State of Maharashtra महाराष्ट्र,https://bhoomirashi.gov.in/auth/revamp/prep_public.cshtml?nid=1&project_id=57968,127.56,110.547,17.013,0.0,0.8666274694261523
57969,2019-02-18,894E,894E,2020-02-07,749 (E),749E,354,0,deduped_nearest_subsequent_3D,False,True,MO/2018/57969,Estimate of rehabilitation and upgradation to two lanes with the paved shoulder four lane configuration of design Km. 0/00 (at Karad) to Km. 58/830 (at Tasgaon) NH-266 on EPC mode in the State of Maharashtra पुनर्वास का अनुमान और प्रशस्त कंधे चार के साथ दो गलियों में उन्नयन डिजाइन के लेन विन्यास किमी 0/00 (कराड़ में) से कि.मी. 58/830 (तासगाव में) NH-266 महाराष्ट्र राज्य में ईपीसी मोड पर,https://bhoomirashi.gov.in/auth/revamp/prep_public.cshtml?nid=1&project_id=57969,155.03,126.101,28.929,0.0278,0.8133974069534928
57969,2019-02-18,896E,896E,2020-02-14,730 (E),730E,361,0,deduped_nearest_subsequent_3D,False,True,MO/2018/57969,Estimate of rehabilitation and upgradation to two lanes with the paved shoulder four lane configuration of design Km. 0/00 (at Karad) to Km. 58/830 (at Tasgaon) NH-266 on EPC mode in the State of Maharashtra पुनर्वास का अनुमान और प्रशस्त कंधे चार के साथ दो गलियों में उन्नयन डिजाइन के लेन विन्यास किमी 0/00 (कराड़ में) से कि.मी. 58/830 (तासगाव में) NH-266 महाराष्ट्र राज्य में ईपीसी मोड पर,https://bhoomirashi.gov.in/auth/revamp/prep_public.cshtml?nid=1&project_id=57969,155.03,126.101,28.929,0.0278,0.8133974069534928
57969,2019-02-18,900E,900E,2020-02-17,748 (E),748E,364,0,deduped_nearest_subsequent_3D,False,True,MO/2018/57969,Estimate of rehabilitation and upgradation to two lanes with the paved shoulder four lane configuration of design Km. 0/00 (at Karad) to Km. 58/830 (at Tasgaon) NH-266 on EPC mode in the State of Maharashtra पुनर्वास का अनुमान और प्रशस्त कंधे चार के साथ दो गलियों में उन्नयन डिजाइन के लेन विन्यास किमी 0/00 (कराड़ में) से कि.मी. 58/830 (तासगाव में) NH-266 महाराष्ट्र राज्य में ईपीसी मोड पर,https://bhoomirashi.gov.in/auth/revamp/prep_public.cshtml?nid=1&project_id=57969,155.03,126.101,28.929,0.0278,0.8133974069534928
57969,2021-02-17,713 E,713E,2023-12-15,S.O. 5334(E).,SO5334E,1031,1,deduped_nearest_subsequent_3D,False,True,MO/2018/57969,Estimate of rehabilitation and upgradation to two lanes with the paved shoulder four lane configuration of design Km. 0/00 (at Karad) to Km. 58/830 (at Tasgaon) NH-266 on EPC mode in the State of Maharashtra पुनर्वास का अनुमान और प्रशस्त कंधे चार के साथ दो गलियों में उन्नयन डिजाइन के लेन विन्यास किमी 0/00 (कराड़ में) से कि.मी. 58/830 (तासगाव में) NH-266 महाराष्ट्र राज्य में ईपीसी मोड पर,https://bhoomirashi.gov.in/auth/revamp/prep_public.cshtml?nid=1&project_id=57969,155.03,126.101,28.929,0.0278,0.8133974069534928
57969,2022-12-16,5887 (E),5887E,2025-07-31,S.O. 3542(E).,SO3542E,958,1,deduped_nearest_subsequent_3D,False,True,MO/2018/57969,Estimate of rehabilitation and upgradation to two lanes with the paved shoulder four lane configuration of design Km. 0/00 (at Karad) to Km. 58/830 (at Tasgaon) NH-266 on EPC mode in the State of Maharashtra पुनर्वास का अनुमान और प्रशस्त कंधे चार के साथ दो गलियों में उन्नयन डिजाइन के लेन विन्यास किमी 0/00 (कराड़ में) से कि.मी. 58/830 (तासगाव में) NH-266 महाराष्ट्र राज्य में ईपीसी मोड पर,https://bhoomirashi.gov.in/auth/revamp/prep_public.cshtml?nid=1&project_id=57969,155.03,126.101,28.929,0.0278,0.8133974069534928
57969,2022-12-16,S.O. 5887(E).,SO5887E,2025-08-04,S.O. 3568(E).,SO3568E,962,1,deduped_nearest_subsequent_3D,False,True,MO/2018/57969,Estimate of rehabilitation and upgradation to two lanes with the paved shoulder four lane configuration of design Km. 0/00 (at Karad) to Km. 58/830 (at Tasgaon) NH-266 on EPC mode in the State of Maharashtra पुनर्वास का अनुमान और प्रशस्त कंधे चार के साथ दो गलियों में उन्नयन डिजाइन के लेन विन्यास किमी 0/00 (कराड़ में) से कि.मी. 58/830 (तासगाव में) NH-266 महाराष्ट्र राज्य में ईपीसी मोड पर,https://bhoomirashi.gov.in/auth/revamp/prep_public.cshtml?nid=1&project_id=57969,155.03,126.101,28.929,0.0278,0.8133974069534928
57970,2018-11-29,6013,6013,2019-11-05,3992,3992,341,0,deduped_nearest_subsequent_3D,False,True,MO/2018/57970,Up-gradation of Chalisgaon-Nandgaon section III of NH 753J from chainage 103+000 Km to 147+425 Km to two lanes with paved shoulder of [Jalgaon - Bhadgaon - Chalisgaon - Nandgaon - Manmad -NH 753J (44.425 Km)] in the state of Maharashtra on EPC mode मोड,https://bhoomirashi.gov.in/auth/revamp/prep_public.cshtml?nid=1&project_id=57970,97.334,87.57,9.764,0.0,0.8996856185916534
57970,2020-01-22,306 E,306E,2021-01-21,320 E,320E,365,0,deduped_nearest_subsequent_3D,False,True,MO/2018/57970,Up-gradation of Chalisgaon-Nandgaon section III of NH 753J from chainage 103+000 Km to 147+425 Km to two lanes with paved shoulder of [Jalgaon - Bhadgaon - Chalisgaon - Nandgaon - Manmad -NH 753J (44.425 Km)] in the state of Maharashtra on EPC mode मोड,https://bhoomirashi.gov.in/auth/revamp/prep_public.cshtml?nid=1&project_id=57970,97.334,87.57,9.764,0.0,0.8996856185916534
57973,2019-03-06,1158,1158,2020-01-30,493,493,330,0,deduped_nearest_subsequent_3D,False,True,MO/2018/57973,"Prepration of DPR for newly declared NH in the State of Madhya Pradesh under Packages- I,II & IV. Details of bids proposed for approval are as below:- (NH-146B Nasrullaganj- Rehti to Budhanni Road 0+000 to 47+400 k.m.) प्रिपरेसन ऑफ DPR फॉर न्यूली डिक्लियर्ड NH इन द स्टेट ऑफ मध्य प्रदेश अंडर पैकेज - I,II & IV. डिटेल्स ऑफ बीड्स प्रपोस्ड फॉर अप्रूवल अर एस बिलो:- (एनएच - 146B नसरुल्लागंज- रेहटी टु बुधनी रोड 0+000 टु 47+400 कि.मी.)",https://bhoomirashi.gov.in/auth/revamp/prep_public.cshtml?nid=1&project_id=57973,213.48,49.48,164.0,0.408,0.2317781525201424
57973,2019-03-06,1159,1159,2021-01-21,321,321,687,1,deduped_nearest_subsequent_3D,False,True,MO/2018/57973,"Prepration of DPR for newly declared NH in the State of Madhya Pradesh under Packages- I,II & IV. Details of bids proposed for approval are as below:- (NH-146B Nasrullaganj- Rehti to Budhanni Road 0+000 to 47+400 k.m.) प्रिपरेसन ऑफ DPR फॉर न्यूली डिक्लियर्ड NH इन द स्टेट ऑफ मध्य प्रदेश अंडर पैकेज - I,II & IV. डिटेल्स ऑफ बीड्स प्रपोस्ड फॉर अप्रूवल अर एस बिलो:- (एनएच - 146B नसरुल्लागंज- रेहटी टु बुधनी रोड 0+000 टु 47+400 कि.मी.)",https://bhoomirashi.gov.in/auth/revamp/prep_public.cshtml?nid=1&project_id=57973,213.48,49.48,164.0,0.408,0.2317781525201424
57973,2020-01-22,303,303,2021-03-23,1294(E),1294E,426,1,deduped_nearest_subsequent_3D,False,True,MO/2018/57973,"Prepration of DPR for newly declared NH in the State of Madhya Pradesh under Packages- I,II & IV. Details of bids proposed for approval are as below:- (NH-146B Nasrullaganj- Rehti to Budhanni Road 0+000 to 47+400 k.m.) प्रिपरेसन ऑफ DPR फॉर न्यूली डिक्लियर्ड NH इन द स्टेट ऑफ मध्य प्रदेश अंडर पैकेज - I,II & IV. डिटेल्स ऑफ बीड्स प्रपोस्ड फॉर अप्रूवल अर एस बिलो:- (एनएच - 146B नसरुल्लागंज- रेहटी टु बुधनी रोड 0+000 टु 47+400 कि.मी.)",https://bhoomirashi.gov.in/auth/revamp/prep_public.cshtml?nid=1&project_id=57973,213.48,49.48,164.0,0.408,0.2317781525201424
57973,2020-11-13,4116,4116,2022-02-11,578,578,455,1,deduped_nearest_subsequent_3D,False,True,MO/2018/57973,"Prepration of DPR for newly declared NH in the State of Madhya Pradesh under Packages- I,II & IV. Details of bids proposed for approval are as below:- (NH-146B Nasrullaganj- Rehti to Budhanni Road 0+000 to 47+400 k.m.) प्रिपरेसन ऑफ DPR फॉर न्यूली डिक्लियर्ड NH इन द स्टेट ऑफ मध्य प्रदेश अंडर पैकेज - I,II & IV. डिटेल्स ऑफ बीड्स प्रपोस्ड फॉर अप्रूवल अर एस बिलो:- (एनएच - 146B नसरुल्लागंज- रेहटी टु बुधनी रोड 0+000 टु 47+400 कि.मी.)",https://bhoomirashi.gov.in/auth/revamp/prep_public.cshtml?nid=1&project_id=57973,213.48,49.48,164.0,0.408,0.2317781525201424
57973,2021-10-07,4121,4121,2022-12-15,S.O.5857(E),SO5857E,434,1,deduped_nearest_subsequent_3D,False,True,MO/2018/57973,"Prepration of DPR for newly declared NH in the State of Madhya Pradesh under Packages- I,II & IV. Details of bids proposed for approval are as below:- (NH-146B Nasrullaganj- Rehti to Budhanni Road 0+000 to 47+400 k.m.) प्रिपरेसन ऑफ DPR फॉर न्यूली डिक्लियर्ड NH इन द स्टेट ऑफ मध्य प्रदेश अंडर पैकेज - I,II & IV. डिटेल्स ऑफ बीड्स प्रपोस्ड फॉर अप्रूवल अर एस बिलो:- (एनएच - 146B नसरुल्लागंज- रेहटी टु बुधनी रोड 0+000 टु 47+400 कि.मी.)",https://bhoomirashi.gov.in/auth/revamp/prep_public.cshtml?nid=1&project_id=57973,213.48,49.48,164.0,0.408,0.2317781525201424
57973,2021-12-30,5464,5464,2023-05-03,S.O.2035(E),SO2035E,489,1,deduped_nearest_subsequent_3D,False,True,MO/2018/57973,"Prepration of DPR for newly declared NH in the State of Madhya Pradesh under Packages- I,II & IV. Details of bids proposed for approval are as below:- (NH-146B Nasrullaganj- Rehti to Budhanni Road 0+000 to 47+400 k.m.) प्रिपरेसन ऑफ DPR फॉर न्यूली डिक्लियर्ड NH इन द स्टेट ऑफ मध्य प्रदेश अंडर पैकेज - I,II & IV. डिटेल्स ऑफ बीड्स प्रपोस्ड फॉर अप्रूवल अर एस बिलो:- (एनएच - 146B नसरुल्लागंज- रेहटी टु बुधनी रोड 0+000 टु 47+400 कि.मी.)",https://bhoomirashi.gov.in/auth/revamp/prep_public.cshtml?nid=1&project_id=57973,213.48,49.48,164.0,0.408,0.2317781525201424
57973,2023-02-02,S.O.511(E),SO511E,2024-04-19,1747(E),1747E,442,1,deduped_nearest_subsequent_3D,False,True,MO/2018/57973,"Prepration of DPR for newly declared NH in the State of Madhya Pradesh under Packages- I,II & IV. Details of bids proposed for approval are as below:- (NH-146B Nasrullaganj- Rehti to Budhanni Road 0+000 to 47+400 k.m.) प्रिपरेसन ऑफ DPR फॉर न्यूली डिक्लियर्ड NH इन द स्टेट ऑफ मध्य प्रदेश अंडर पैकेज - I,II & IV. डिटेल्स ऑफ बीड्स प्रपोस्ड फॉर अप्रूवल अर एस बिलो:- (एनएच - 146B नसरुल्लागंज- रेहटी टु बुधनी रोड 0+000 टु 47+400 कि.मी.)",https://bhoomirashi.gov.in/auth/revamp/prep_public.cshtml?nid=1&project_id=57973,213.48,49.48,164.0,0.408,0.2317781525201424
57973,2024-02-05,503(E),503E,2024-04-19,1748(E),1748E,74,0,deduped_nearest_subsequent_3D,False,True,MO/2018/57973,"Prepration of DPR for newly declared NH in the State of Madhya Pradesh under Packages- I,II & IV. Details of bids proposed for approval are as below:- (NH-146B Nasrullaganj- Rehti to Budhanni Road 0+000 to 47+400 k.m.) प्रिपरेसन ऑफ DPR फॉर न्यूली डिक्लियर्ड NH इन द स्टेट ऑफ मध्य प्रदेश अंडर पैकेज - I,II & IV. डिटेल्स ऑफ बीड्स प्रपोस्ड फॉर अप्रूवल अर एस बिलो:- (एनएच - 146B नसरुल्लागंज- रेहटी टु बुधनी रोड 0+000 टु 47+400 कि.मी.)",https://bhoomirashi.gov.in/auth/revamp/prep_public.cshtml?nid=1&project_id=57973,213.48,49.48,164.0,0.408,0.2317781525201424
57973,2024-02-05,504(E),504E,2025-01-13,231,231,343,0,deduped_nearest_subsequent_3D,False,True,MO/2018/57973,"Prepration of DPR for newly declared NH in the State of Madhya Pradesh under Packages- I,II & IV. Details of bids proposed for approval are as below:- (NH-146B Nasrullaganj- Rehti to Budhanni Road 0+000 to 47+400 k.m.) प्रिपरेसन ऑफ DPR फॉर न्यूली डिक्लियर्ड NH इन द स्टेट ऑफ मध्य प्रदेश अंडर पैकेज - I,II & IV. डिटेल्स ऑफ बीड्स प्रपोस्ड फॉर अप्रूवल अर एस बिलो:- (एनएच - 146B नसरुल्लागंज- रेहटी टु बुधनी रोड 0+000 टु 47+400 कि.मी.)",https://bhoomirashi.gov.in/auth/revamp/prep_public.cshtml?nid=1&project_id=57973,213.48,49.48,164.0,0.408,0.2317781525201424
57973,2024-10-29,4734,4734,2026-08-07,4369(E),4369E,647,1,deduped_nearest_subsequent_3D,False,True,MO/2018/57973,"Prepration of DPR for newly declared NH in the State of Madhya Pradesh under Packages- I,II & IV. Details of bids proposed for approval are as below:- (NH-146B Nasrullaganj- Rehti to Budhanni Road 0+000 to 47+400 k.m.) प्रिपरेसन ऑफ DPR फॉर न्यूली डिक्लियर्ड NH इन द स्टेट ऑफ मध्य प्रदेश अंडर पैकेज - I,II & IV. डिटेल्स ऑफ बीड्स प्रपोस्ड फॉर अप्रूवल अर एस बिलो:- (एनएच - 146B नसरुल्लागंज- रेहटी टु बुधनी रोड 0+000 टु 47+400 कि.मी.)",https://bhoomirashi.gov.in/auth/revamp/prep_public.cshtml?nid=1&project_id=57973,213.48,49.48,164.0,0.408,0.2317781525201424
57978,2018-10-30,5598,5598,2019-08-01,2765 (E),2765E,275,0,deduped_nearest_subsequent_3D,False,True,MO/2018/57978,Widening to two lane with Paved Shoulders From Km . 20 . 150 to Km . 40 . 000 of B . C . Road to Kottigehara Section of NH - 234 ( New NH - 73 ) in State of Karnataka on EPC Mode ( Job No . Nh - 234 - KNT - 2017 - 18 - 875 ) विडेनिंग तो तवो लेन विथ पवेद शोल्डर्स फ्रॉम कम . २० . १५० तो कम . ४० . ००० ऑफ़ बी . स . रोड तो कोट्टिगेहरा सेक्शन ऑफ़ नह - २३४ ( नई नह - ७३ ) इन स्टेट ऑफ़ कर्नाटक ों एप्स मोड ( जॉब नो . नह - २३४ - कन्ठ - २०१७ - १८ - ८७५ ),https://bhoomirashi.gov.in/auth/revamp/prep_public.cshtml?nid=1&project_id=57978,120.0,70.0,50.0,0.0,0.5833333333333334
57978,2019-10-17,3757,3757,2020-01-30,468,468,105,0,deduped_nearest_subsequent_3D,False,True,MO/2018/57978,Widening to two lane with Paved Shoulders From Km . 20 . 150 to Km . 40 . 000 of B . C . Road to Kottigehara Section of NH - 234 ( New NH - 73 ) in State of Karnataka on EPC Mode ( Job No . Nh - 234 - KNT - 2017 - 18 - 875 ) विडेनिंग तो तवो लेन विथ पवेद शोल्डर्स फ्रॉम कम . २० . १५० तो कम . ४० . ००० ऑफ़ बी . स . रोड तो कोट्टिगेहरा सेक्शन ऑफ़ नह - २३४ ( नई नह - ७३ ) इन स्टेट ऑफ़ कर्नाटक ों एप्स मोड ( जॉब नो . नह - २३४ - कन्ठ - २०१७ - १८ - ८७५ ),https://bhoomirashi.gov.in/auth/revamp/prep_public.cshtml?nid=1&project_id=57978,120.0,70.0,50.0,0.0,0.5833333333333334
57978,2022-02-16,718,718,2023-02-02,498(E),498E,351,0,deduped_nearest_subsequent_3D,False,True,MO/2018/57978,Widening to two lane with Paved Shoulders From Km . 20 . 150 to Km . 40 . 000 of B . C . Road to Kottigehara Section of NH - 234 ( New NH - 73 ) in State of Karnataka on EPC Mode ( Job No . Nh - 234 - KNT - 2017 - 18 - 875 ) विडेनिंग तो तवो लेन विथ पवेद शोल्डर्स फ्रॉम कम . २० . १५० तो कम . ४० . ००० ऑफ़ बी . स . रोड तो कोट्टिगेहरा सेक्शन ऑफ़ नह - २३४ ( नई नह - ७३ ) इन स्टेट ऑफ़ कर्नाटक ों एप्स मोड ( जॉब नो . नह - २३४ - कन्ठ - २०१७ - १८ - ८७५ ),https://bhoomirashi.gov.in/auth/revamp/prep_public.cshtml?nid=1&project_id=57978,120.0,70.0,50.0,0.0,0.5833333333333334
57983,2020-02-07,628 (E),628E,2020-08-26,2885 E,2885E,201,0,deduped_nearest_subsequent_3D,False,True,MO/2018/57983,Estimate of rehabilitation and upgradation to two lanes with the paved shoulder of Design Km. 58/830 at Tasgaon to Km. 81/829 at Shirdhon (Tasgaon-Shirdhon) on NH-266 EPC mode in the State of Maharashtra पुनर्वास का अनुमान और प्रशस्त कंधे चार के साथ दो गलियों में उन्नयन डिजाइन के लेन विन्यास किमी ५८/८३० (तासगाव में) से कि.मी. ८१/८२९ (शिरधोन में) राम-२६६ महाराष्ट्र राज्य में ईपीसी मोड पर,https://bhoomirashi.gov.in/auth/revamp/prep_public.cshtml?nid=1&project_id=57983,95.825,55.0,40.825,0.0,0.573962953300287
57983,2021-01-27,385 E,385E,2022-09-14,S.O. 4334(E).,SO4334E,595,1,deduped_nearest_subsequent_3D,False,True,MO/2018/57983,Estimate of rehabilitation and upgradation to two lanes with the paved shoulder of Design Km. 58/830 at Tasgaon to Km. 81/829 at Shirdhon (Tasgaon-Shirdhon) on NH-266 EPC mode in the State of Maharashtra पुनर्वास का अनुमान और प्रशस्त कंधे चार के साथ दो गलियों में उन्नयन डिजाइन के लेन विन्यास किमी ५८/८३० (तासगाव में) से कि.मी. ८१/८२९ (शिरधोन में) राम-२६६ महाराष्ट्र राज्य में ईपीसी मोड पर,https://bhoomirashi.gov.in/auth/revamp/prep_public.cshtml?nid=1&project_id=57983,95.825,55.0,40.825,0.0,0.573962953300287
57983,2022-03-10,1084 E,1084E,2022-09-14,S.O. 4335(E).,SO4335E,188,0,deduped_nearest_subsequent_3D,False,True,MO/2018/57983,Estimate of rehabilitation and upgradation to two lanes with the paved shoulder of Design Km. 58/830 at Tasgaon to Km. 81/829 at Shirdhon (Tasgaon-Shirdhon) on NH-266 EPC mode in the State of Maharashtra पुनर्वास का अनुमान और प्रशस्त कंधे चार के साथ दो गलियों में उन्नयन डिजाइन के लेन विन्यास किमी ५८/८३० (तासगाव में) से कि.मी. ८१/८२९ (शिरधोन में) राम-२६६ महाराष्ट्र राज्य में ईपीसी मोड पर,https://bhoomirashi.gov.in/auth/revamp/prep_public.cshtml?nid=1&project_id=57983,95.825,55.0,40.825,0.0,0.573962953300287
57983,2026-03-09,1212(E),1212E,2026-06-19,S.O. 3311(E).,SO3311E,102,0,deduped_nearest_subsequent_3D,False,True,MO/2018/57983,Estimate of rehabilitation and upgradation to two lanes with the paved shoulder of Design Km. 58/830 at Tasgaon to Km. 81/829 at Shirdhon (Tasgaon-Shirdhon) on NH-266 EPC mode in the State of Maharashtra पुनर्वास का अनुमान और प्रशस्त कंधे चार के साथ दो गलियों में उन्नयन डिजाइन के लेन विन्यास किमी ५८/८३० (तासगाव में) से कि.मी. ८१/८२९ (शिरधोन में) राम-२६६ महाराष्ट्र राज्य में ईपीसी मोड पर,https://bhoomirashi.gov.in/auth/revamp/prep_public.cshtml?nid=1&project_id=57983,95.825,55.0,40.825,0.0,0.573962953300287
57986,2018-10-31,5615,5615,2019-10-10,3665,3665,344,0,deduped_nearest_subsequent_3D,False,True,MO/2018/57986,Rehabilitation and upgradation of Ahmednagar Bypass to Kharwandi Kasar (Pathardi) section of NH-222 from Km. 232.00 to Km. 284.000 on EPC mode in the State of Maharashtra on EPC mode under NHDP-IV NHDP-िव,https://bhoomirashi.gov.in/auth/revamp/prep_public.cshtml?nid=1&project_id=57986,103.79,90.57,13.22,0.0,0.8726274207534443
57986,2018-10-31,5616,5616,2019-10-10,3666,3666,344,0,deduped_nearest_subsequent_3D,False,True,MO/2018/57986,Rehabilitation and upgradation of Ahmednagar Bypass to Kharwandi Kasar (Pathardi) section of NH-222 from Km. 232.00 to Km. 284.000 on EPC mode in the State of Maharashtra on EPC mode under NHDP-IV NHDP-िव,https://bhoomirashi.gov.in/auth/revamp/prep_public.cshtml?nid=1&project_id=57986,103.79,90.57,13.22,0.0,0.8726274207534443
57986,2026-02-24,997(E),997E,2026-07-31,S.O. 4295(E).,SO4295E,157,0,deduped_nearest_subsequent_3D,False,True,MO/2018/57986,Rehabilitation and upgradation of Ahmednagar Bypass to Kharwandi Kasar (Pathardi) section of NH-222 from Km. 232.00 to Km. 284.000 on EPC mode in the State of Maharashtra on EPC mode under NHDP-IV NHDP-िव,https://bhoomirashi.gov.in/auth/revamp/prep_public.cshtml?nid=1&project_id=57986,103.79,90.57,13.22,0.0,0.8726274207534443
57992,2015-08-14,2233,2233,2016-09-15,2985,2985,398,1,deduped_nearest_subsequent_3D,False,True,MO/2018/57992,Construction of two lane with paved shoulder Bahraich Bypass from Km. 92.547 to 99.000 of NH-28C in the state of Uttar Pradesh on EPC mode under NHDP-IV. रा0मा0 सं0-28सी के कि0मी0 92.547 से 99.000 तक बहराइच बाईपास के निर्माण कार्य,https://bhoomirashi.gov.in/auth/revamp/prep_public.cshtml?nid=1&project_id=57992,40.0,0.0,40.0,0.0,0.0
57992,2018-08-21,4142,4142,2019-02-04,688,688,167,0,deduped_nearest_subsequent_3D,False,True,MO/2018/57992,Construction of two lane with paved shoulder Bahraich Bypass from Km. 92.547 to 99.000 of NH-28C in the state of Uttar Pradesh on EPC mode under NHDP-IV. रा0मा0 सं0-28सी के कि0मी0 92.547 से 99.000 तक बहराइच बाईपास के निर्माण कार्य,https://bhoomirashi.gov.in/auth/revamp/prep_public.cshtml?nid=1&project_id=57992,40.0,0.0,40.0,0.0,0.0
58000,2018-02-21,756,756,2018-10-25,5451,5451,246,0,deduped_nearest_subsequent_3D,False,True,MO/2018/58000,Rehabilitation and up- gradation of allahabad to mirjapur section of n.h.-76E from exiting km 400.878 to km 450.00 two lane/ four lane paved shoulder in the state of uttar pradesh on engineering procrument & contruction (EPC) basic mode रिहैबिलिटेशन एंड up- ग्रेडेशन ऑफ़ अल्लाहाबाद तो मिर्जापुर सेक्शन ऑफ़ n.h.-७६े फ्रॉम एक्सिटिंग कम 400.८७८ तो कम 450.०० तवो lane/ फोर लेन पवेद शोल्डर इन थे स्टेट ऑफ़ उत्तर प्रदेश ों इंजीनियरिंग प्रोक्रोमेन्ट & कंट्रक्शन (EPC) बेसिक,https://bhoomirashi.gov.in/auth/revamp/prep_public.cshtml?nid=1&project_id=58000,1.7,0.0,1.7,0.9362,0.0
58002,2018-05-25,RW/NH-12014/AP(29)/16-S&R(B),RWNH12014AP2916SRB,2018-12-08,6069E,6069E,197,0,deduped_nearest_subsequent_3D,False,True,MO/2018/58002,Construction of proposed 4 - Lane ROB and its approaches in lieu of existing Level Crossing No . 45 C at Km 93/400 ( Railway Chainage 70/903) on NH - 205 in the state of Andhra Pradesh . कंस्ट्रक्शन ऑफ़ प्रोपोसड ४ - लेन रॉब एंड इतस अप्प्रोचेस इन लिएउ ऑफ़ एक्सिस्टिंग लेवल क्रासिंग नो . ४५ स ात कम 93/४०० ( रेलवे चैनगे 70/903) ों नह - २०५ इन थे स्टेट ऑफ़ आंध्र प्रदेश .,https://bhoomirashi.gov.in/auth/revamp/prep_public.cshtml?nid=1&project_id=58002,4.03,0.0,4.03,0.0,0.0
58003,2018-05-25,RW/NH-12014/AP(29)/16-S&R(B),RWNH12014AP2916SRB,2018-12-07,S.O. 6070 (E),SO6070E,196,0,deduped_nearest_subsequent_3D,False,True,MO/2018/58003,Construction of proposed 4 - Lane ROB and its approaches in lieu of existing Level Crossing No 48E/C at Km 96/800 (Railway Chainage Km 74/431) on NH - 205 in the state of Andhra Pradesh . कंस्ट्रक्शन ऑफ़ प्रोपोसड ४ - लेन रॉब एंड इतस अप्प्रोचेस इन लिएउ ऑफ़ एक्सिस्टिंग लेवल क्रासिंग नो 48E/स ात कम 96/८०० (रेलवे चैनगे कम 74/431) ों नह - २०५ इन थे स्टेट ऑफ़ आंध्र प्रदेश .,https://bhoomirashi.gov.in/auth/revamp/prep_public.cshtml?nid=1&project_id=58003,8.94,0.0,8.94,0.0,0.0
58021,2019-07-25,2643 E,2643E,2020-07-02,2189 E,2189E,343,0,deduped_nearest_subsequent_3D,False,True,MO/2018/58021,Estimate of up gradation of NH-9 connecting Tembhurani Pandharpur of NH- 516A from Ch. 0/00 to Ch. 36/190 on EPC mode in the state of Maharashtra महाराष्ट्र,https://bhoomirashi.gov.in/auth/revamp/prep_public.cshtml?nid=1&project_id=58021,86.856,86.798,0.058,0.0,0.9993322280556324
58022,2019-05-24,1828,1828,2020-05-22,1599 E,1599E,364,0,deduped_nearest_subsequent_3D,False,True,MO/2018/58022,Estimate of up gradation two lanes with paved shoulder/four lane configuration for the work of NH-9 connecting Tembhurani Pandharpur Mangalwedha Marwade Umadi up to Vijapur Karnataka Border from Ch. 40/800 to Ch. 95/136 of NH- 516A on EPC mode in the state of Maharashtra महाराष्ट्र,https://bhoomirashi.gov.in/auth/revamp/prep_public.cshtml?nid=1&project_id=58022,128.486,124.984,3.502,0.0485,0.9727441121989945
58022,2019-05-24,1829,1829,2020-12-31,4825 E,4825E,587,1,deduped_nearest_subsequent_3D,False,True,MO/2018/58022,Estimate of up gradation two lanes with paved shoulder/four lane configuration for the work of NH-9 connecting Tembhurani Pandharpur Mangalwedha Marwade Umadi up to Vijapur Karnataka Border from Ch. 40/800 to Ch. 95/136 of NH- 516A on EPC mode in the state of Maharashtra महाराष्ट्र,https://bhoomirashi.gov.in/auth/revamp/prep_public.cshtml?nid=1&project_id=58022,128.486,124.984,3.502,0.0485,0.9727441121989945
58022,2020-02-20,815 (E),815E,2021-06-09,2195 E,2195E,475,1,deduped_nearest_subsequent_3D,False,True,MO/2018/58022,Estimate of up gradation two lanes with paved shoulder/four lane configuration for the work of NH-9 connecting Tembhurani Pandharpur Mangalwedha Marwade Umadi up to Vijapur Karnataka Border from Ch. 40/800 to Ch. 95/136 of NH- 516A on EPC mode in the state of Maharashtra महाराष्ट्र,https://bhoomirashi.gov.in/auth/revamp/prep_public.cshtml?nid=1&project_id=58022,128.486,124.984,3.502,0.0485,0.9727441121989945
58024,2017-09-26,S.O.3216(E),SO3216E,2018-09-12,4802(E),4802E,351,0,deduped_nearest_subsequent_3D,False,True,MO/2018/58024,Construction of R.O.B. and its approaches in lieu of level crossing No.6/B/T at Km.284.170 and Unmanned level crossing at km.303.900 of NH-60 in the State of West Bengal कंस्ट्रक्शन ऑफ़ रॉब एंड इतस अप्प्रोचेस इन लिएउ ऑफ़ लेवल क्रासिंग No.6/B/टी ात Km.284.१७० एंड उनमैंनेद लेवल क्रासिंग ात km.303.९०० ऑफ़ NH-६० इन थे स्टेट ऑफ़ वेस्ट,https://bhoomirashi.gov.in/auth/revamp/prep_public.cshtml?nid=1&project_id=58024,8.8,6.175,2.625,0.0,0.7017045454545454
58024,2022-02-07,S.O. 496(E),SO496E,2022-07-29,3530(E),3530E,172,0,deduped_nearest_subsequent_3D,False,True,MO/2018/58024,Construction of R.O.B. and its approaches in lieu of level crossing No.6/B/T at Km.284.170 and Unmanned level crossing at km.303.900 of NH-60 in the State of West Bengal कंस्ट्रक्शन ऑफ़ रॉब एंड इतस अप्प्रोचेस इन लिएउ ऑफ़ लेवल क्रासिंग No.6/B/टी ात Km.284.१७० एंड उनमैंनेद लेवल क्रासिंग ात km.303.९०० ऑफ़ NH-६० इन थे स्टेट ऑफ़ वेस्ट,https://bhoomirashi.gov.in/auth/revamp/prep_public.cshtml?nid=1&project_id=58024,8.8,6.175,2.625,0.0,0.7017045454545454
58030,2019-02-04,677 E,677E,2020-02-03,552 (E),552E,364,0,deduped_nearest_subsequent_3D,False,True,MO/2018/58030,"Rehabilitation and Up gradation to 2 lane with paved shoulders configuration for Mahad-Raigad Fort section of NH-166F, Hirkaniwadi Connector (950m) and Jijamata Samadhi Connector (1213m) (Total Length 25.609) on EPC mode in the state of Maharashtra महाराष्ट्र",https://bhoomirashi.gov.in/auth/revamp/prep_public.cshtml?nid=1&project_id=58030,67.72,42.12,25.6,0.3479,0.6219728292971057
58030,2020-02-20,816 (E),816E,2020-08-26,2877 E,2877E,188,0,deduped_nearest_subsequent_3D,False,True,MO/2018/58030,"Rehabilitation and Up gradation to 2 lane with paved shoulders configuration for Mahad-Raigad Fort section of NH-166F, Hirkaniwadi Connector (950m) and Jijamata Samadhi Connector (1213m) (Total Length 25.609) on EPC mode in the state of Maharashtra महाराष्ट्र",https://bhoomirashi.gov.in/auth/revamp/prep_public.cshtml?nid=1&project_id=58030,67.72,42.12,25.6,0.3479,0.6219728292971057
58030,2022-11-30,S.O. 5552(E).,SO5552E,2023-10-26,S.O. 4683(E).,SO4683E,330,0,deduped_nearest_subsequent_3D,False,True,MO/2018/58030,"Rehabilitation and Up gradation to 2 lane with paved shoulders configuration for Mahad-Raigad Fort section of NH-166F, Hirkaniwadi Connector (950m) and Jijamata Samadhi Connector (1213m) (Total Length 25.609) on EPC mode in the state of Maharashtra महाराष्ट्र",https://bhoomirashi.gov.in/auth/revamp/prep_public.cshtml?nid=1&project_id=58030,67.72,42.12,25.6,0.3479,0.6219728292971057
58030,2026-03-11,1274(E),1274E,2026-06-12,S.O. 3086(E),SO3086E,93,0,deduped_nearest_subsequent_3D,False,True,MO/2018/58030,"Rehabilitation and Up gradation to 2 lane with paved shoulders configuration for Mahad-Raigad Fort section of NH-166F, Hirkaniwadi Connector (950m) and Jijamata Samadhi Connector (1213m) (Total Length 25.609) on EPC mode in the state of Maharashtra महाराष्ट्र",https://bhoomirashi.gov.in/auth/revamp/prep_public.cshtml?nid=1&project_id=58030,67.72,42.12,25.6,0.3479,0.6219728292971057
58031,2020-01-24,397 E,397E,2020-08-26,2883 E,2883E,215,0,deduped_nearest_subsequent_3D,False,True,MO/2018/58031,"Rehabilitation and Up gradation to 2 lane with paved shoulders configuration for Pachral-Mandangad-Mhapral_Rajewadi section of NH-965DD (Upto Junction of NH-66) (CH: 22700m to CH: 75100m) and Ambadave Connector (Spur connecting birth place of Dr. Babasaheb Ambedkar) (CH: 0m to 7325m) in the state of Maharashtra on Engineering, Procurement and Construction (EPC) Basis बेसिस",https://bhoomirashi.gov.in/auth/revamp/prep_public.cshtml?nid=1&project_id=58031,138.427,106.8832,31.5438,0.2898,0.7721268249691173
58031,2020-02-07,630 (E),630E,2021-01-22,342 E,342E,350,0,deduped_nearest_subsequent_3D,False,True,MO/2018/58031,"Rehabilitation and Up gradation to 2 lane with paved shoulders configuration for Pachral-Mandangad-Mhapral_Rajewadi section of NH-965DD (Upto Junction of NH-66) (CH: 22700m to CH: 75100m) and Ambadave Connector (Spur connecting birth place of Dr. Babasaheb Ambedkar) (CH: 0m to 7325m) in the state of Maharashtra on Engineering, Procurement and Construction (EPC) Basis बेसिस",https://bhoomirashi.gov.in/auth/revamp/prep_public.cshtml?nid=1&project_id=58031,138.427,106.8832,31.5438,0.2898,0.7721268249691173
58031,2020-10-15,3618 E,3618E,2021-05-07,1798 E,1798E,204,0,deduped_nearest_subsequent_3D,False,True,MO/2018/58031,"Rehabilitation and Up gradation to 2 lane with paved shoulders configuration for Pachral-Mandangad-Mhapral_Rajewadi section of NH-965DD (Upto Junction of NH-66) (CH: 22700m to CH: 75100m) and Ambadave Connector (Spur connecting birth place of Dr. Babasaheb Ambedkar) (CH: 0m to 7325m) in the state of Maharashtra on Engineering, Procurement and Construction (EPC) Basis बेसिस",https://bhoomirashi.gov.in/auth/revamp/prep_public.cshtml?nid=1&project_id=58031,138.427,106.8832,31.5438,0.2898,0.7721268249691173
58031,2022-04-16,S.O. 1662(E),SO1662E,2022-10-27,S.O. 5040(E).,SO5040E,194,0,deduped_nearest_subsequent_3D,False,True,MO/2018/58031,"Rehabilitation and Up gradation to 2 lane with paved shoulders configuration for Pachral-Mandangad-Mhapral_Rajewadi section of NH-965DD (Upto Junction of NH-66) (CH: 22700m to CH: 75100m) and Ambadave Connector (Spur connecting birth place of Dr. Babasaheb Ambedkar) (CH: 0m to 7325m) in the state of Maharashtra on Engineering, Procurement and Construction (EPC) Basis बेसिस",https://bhoomirashi.gov.in/auth/revamp/prep_public.cshtml?nid=1&project_id=58031,138.427,106.8832,31.5438,0.2898,0.7721268249691173
58031,2023-09-22,S.O. 4188(E).,SO4188E,2024-09-19,S.O. 4049(E),SO4049E,363,0,deduped_nearest_subsequent_3D,False,True,MO/2018/58031,"Rehabilitation and Up gradation to 2 lane with paved shoulders configuration for Pachral-Mandangad-Mhapral_Rajewadi section of NH-965DD (Upto Junction of NH-66) (CH: 22700m to CH: 75100m) and Ambadave Connector (Spur connecting birth place of Dr. Babasaheb Ambedkar) (CH: 0m to 7325m) in the state of Maharashtra on Engineering, Procurement and Construction (EPC) Basis बेसिस",https://bhoomirashi.gov.in/auth/revamp/prep_public.cshtml?nid=1&project_id=58031,138.427,106.8832,31.5438,0.2898,0.7721268249691173
58031,2025-09-02,S.O. 4019(E).,SO4019E,2026-07-01,3550(E),3550E,302,0,deduped_nearest_subsequent_3D,False,True,MO/2018/58031,"Rehabilitation and Up gradation to 2 lane with paved shoulders configuration for Pachral-Mandangad-Mhapral_Rajewadi section of NH-965DD (Upto Junction of NH-66) (CH: 22700m to CH: 75100m) and Ambadave Connector (Spur connecting birth place of Dr. Babasaheb Ambedkar) (CH: 0m to 7325m) in the state of Maharashtra on Engineering, Procurement and Construction (EPC) Basis बेसिस",https://bhoomirashi.gov.in/auth/revamp/prep_public.cshtml?nid=1&project_id=58031,138.427,106.8832,31.5438,0.2898,0.7721268249691173
58035,2015-10-06,2713 (E),2713E,2016-02-02,3199 (E),3199E,119,0,deduped_nearest_subsequent_3D,False,True,MO/2018/58035,Rehabilitation and up-gradation of NH-66 (Erstwhile NH-17) from Km 241/300 to 281/300 (Arawali to Kante Section) to four lane with paved shoulder in the state of Maharashtra under NHDP-IV on Hybrid Annuity mode मोड,https://bhoomirashi.gov.in/auth/revamp/prep_public.cshtml?nid=1&project_id=58035,235.2,111.5,123.7,0.14,0.47406462585034015
58035,2016-02-01,306 (E),306E,2016-02-16,308 (E),308E,15,0,deduped_nearest_subsequent_3D,False,True,MO/2018/58035,Rehabilitation and up-gradation of NH-66 (Erstwhile NH-17) from Km 241/300 to 281/300 (Arawali to Kante Section) to four lane with paved shoulder in the state of Maharashtra under NHDP-IV on Hybrid Annuity mode मोड,https://bhoomirashi.gov.in/auth/revamp/prep_public.cshtml?nid=1&project_id=58035,235.2,111.5,123.7,0.14,0.47406462585034015
58035,2016-03-10,1070,1070,2017-02-15,612 (E),612E,342,0,deduped_nearest_subsequent_3D,False,True,MO/2018/58035,Rehabilitation and up-gradation of NH-66 (Erstwhile NH-17) from Km 241/300 to 281/300 (Arawali to Kante Section) to four lane with paved shoulder in the state of Maharashtra under NHDP-IV on Hybrid Annuity mode मोड,https://bhoomirashi.gov.in/auth/revamp/prep_public.cshtml?nid=1&project_id=58035,235.2,111.5,123.7,0.14,0.47406462585034015
58035,2016-12-01,306 (E),306E,2017-09-08,2971 (E),2971E,281,0,deduped_nearest_subsequent_3D,False,True,MO/2018/58035,Rehabilitation and up-gradation of NH-66 (Erstwhile NH-17) from Km 241/300 to 281/300 (Arawali to Kante Section) to four lane with paved shoulder in the state of Maharashtra under NHDP-IV on Hybrid Annuity mode मोड,https://bhoomirashi.gov.in/auth/revamp/prep_public.cshtml?nid=1&project_id=58035,235.2,111.5,123.7,0.14,0.47406462585034015
58035,2016-12-16,4066 (E),4066E,2018-01-05,87 (E),87E,385,1,deduped_nearest_subsequent_3D,False,True,MO/2018/58035,Rehabilitation and up-gradation of NH-66 (Erstwhile NH-17) from Km 241/300 to 281/300 (Arawali to Kante Section) to four lane with paved shoulder in the state of Maharashtra under NHDP-IV on Hybrid Annuity mode मोड,https://bhoomirashi.gov.in/auth/revamp/prep_public.cshtml?nid=1&project_id=58035,235.2,111.5,123.7,0.14,0.47406462585034015
58035,2017-06-02,1772 (E),1772E,2018-11-15,5779,5779,531,1,deduped_nearest_subsequent_3D,False,True,MO/2018/58035,Rehabilitation and up-gradation of NH-66 (Erstwhile NH-17) from Km 241/300 to 281/300 (Arawali to Kante Section) to four lane with paved shoulder in the state of Maharashtra under NHDP-IV on Hybrid Annuity mode मोड,https://bhoomirashi.gov.in/auth/revamp/prep_public.cshtml?nid=1&project_id=58035,235.2,111.5,123.7,0.14,0.47406462585034015
58035,2018-03-27,1375E,1375E,2019-06-24,2088,2088,454,1,deduped_nearest_subsequent_3D,False,True,MO/2018/58035,Rehabilitation and up-gradation of NH-66 (Erstwhile NH-17) from Km 241/300 to 281/300 (Arawali to Kante Section) to four lane with paved shoulder in the state of Maharashtra under NHDP-IV on Hybrid Annuity mode मोड,https://bhoomirashi.gov.in/auth/revamp/prep_public.cshtml?nid=1&project_id=58035,235.2,111.5,123.7,0.14,0.47406462585034015
58035,2018-11-15,5784,5784,2021-05-07,1799 E,1799E,904,1,deduped_nearest_subsequent_3D,False,True,MO/2018/58035,Rehabilitation and up-gradation of NH-66 (Erstwhile NH-17) from Km 241/300 to 281/300 (Arawali to Kante Section) to four lane with paved shoulder in the state of Maharashtra under NHDP-IV on Hybrid Annuity mode मोड,https://bhoomirashi.gov.in/auth/revamp/prep_public.cshtml?nid=1&project_id=58035,235.2,111.5,123.7,0.14,0.47406462585034015
58035,2026-03-19,S.O. 1458(E),SO1458E,2026-08-13,S.O. 4479(E).,SO4479E,147,0,deduped_nearest_subsequent_3D,False,True,MO/2018/58035,Rehabilitation and up-gradation of NH-66 (Erstwhile NH-17) from Km 241/300 to 281/300 (Arawali to Kante Section) to four lane with paved shoulder in the state of Maharashtra under NHDP-IV on Hybrid Annuity mode मोड,https://bhoomirashi.gov.in/auth/revamp/prep_public.cshtml?nid=1&project_id=58035,235.2,111.5,123.7,0.14,0.47406462585034015
58037,2015-11-26,3188 (E),3188E,2016-06-10,2066 (E),2066E,197,0,deduped_nearest_subsequent_3D,False,True,MO/2018/58037,Rehabilitation and upgradation of NH-66 (Erstwhile NH-17) from Km 406/00 to km 450/170 (Kalmath - Zarap Section) to four lane with paved shoulder in the state of Maharashtra under NHDP-IV on Hybrid Annuity mode मोड,https://bhoomirashi.gov.in/auth/revamp/prep_public.cshtml?nid=1&project_id=58037,245.367,89.707,155.66,0.098,0.3656033614952296
58037,2015-11-26,3190(E),3190E,2016-06-10,2067 (E),2067E,197,0,deduped_nearest_subsequent_3D,False,True,MO/2018/58037,Rehabilitation and upgradation of NH-66 (Erstwhile NH-17) from Km 406/00 to km 450/170 (Kalmath - Zarap Section) to four lane with paved shoulder in the state of Maharashtra under NHDP-IV on Hybrid Annuity mode मोड,https://bhoomirashi.gov.in/auth/revamp/prep_public.cshtml?nid=1&project_id=58037,245.367,89.707,155.66,0.098,0.3656033614952296
58037,2016-12-16,4068 (E),4068E,2017-11-17,3620 (E),3620E,336,0,deduped_nearest_subsequent_3D,False,True,MO/2018/58037,Rehabilitation and upgradation of NH-66 (Erstwhile NH-17) from Km 406/00 to km 450/170 (Kalmath - Zarap Section) to four lane with paved shoulder in the state of Maharashtra under NHDP-IV on Hybrid Annuity mode मोड,https://bhoomirashi.gov.in/auth/revamp/prep_public.cshtml?nid=1&project_id=58037,245.367,89.707,155.66,0.098,0.3656033614952296
58037,2016-12-16,4073 (E),4073E,2017-12-08,3854 (E),3854E,357,0,deduped_nearest_subsequent_3D,False,True,MO/2018/58037,Rehabilitation and upgradation of NH-66 (Erstwhile NH-17) from Km 406/00 to km 450/170 (Kalmath - Zarap Section) to four lane with paved shoulder in the state of Maharashtra under NHDP-IV on Hybrid Annuity mode मोड,https://bhoomirashi.gov.in/auth/revamp/prep_public.cshtml?nid=1&project_id=58037,245.367,89.707,155.66,0.098,0.3656033614952296
58037,2016-12-16,S.O.4074(E),SO4074E,2017-12-08,S.O.3854(E),SO3854E,357,0,deduped_nearest_subsequent_3D,False,True,MO/2018/58037,Rehabilitation and upgradation of NH-66 (Erstwhile NH-17) from Km 406/00 to km 450/170 (Kalmath - Zarap Section) to four lane with paved shoulder in the state of Maharashtra under NHDP-IV on Hybrid Annuity mode मोड,https://bhoomirashi.gov.in/auth/revamp/prep_public.cshtml?nid=1&project_id=58037,245.367,89.707,155.66,0.098,0.3656033614952296
58037,2019-02-18,906 (E),906E,2020-02-13,731 (E),731E,360,0,deduped_nearest_subsequent_3D,False,True,MO/2018/58037,Rehabilitation and upgradation of NH-66 (Erstwhile NH-17) from Km 406/00 to km 450/170 (Kalmath - Zarap Section) to four lane with paved shoulder in the state of Maharashtra under NHDP-IV on Hybrid Annuity mode मोड,https://bhoomirashi.gov.in/auth/revamp/prep_public.cshtml?nid=1&project_id=58037,245.367,89.707,155.66,0.098,0.3656033614952296
58037,2019-02-19,906 E,906E,2021-05-07,1802 E,1802E,808,1,deduped_nearest_subsequent_3D,False,True,MO/2018/58037,Rehabilitation and upgradation of NH-66 (Erstwhile NH-17) from Km 406/00 to km 450/170 (Kalmath - Zarap Section) to four lane with paved shoulder in the state of Maharashtra under NHDP-IV on Hybrid Annuity mode मोड,https://bhoomirashi.gov.in/auth/revamp/prep_public.cshtml?nid=1&project_id=58037,245.367,89.707,155.66,0.098,0.3656033614952296
58037,2021-01-14,172 E,172E,2022-06-10,S.O. 2674(E).,SO2674E,512,1,deduped_nearest_subsequent_3D,False,True,MO/2018/58037,Rehabilitation and upgradation of NH-66 (Erstwhile NH-17) from Km 406/00 to km 450/170 (Kalmath - Zarap Section) to four lane with paved shoulder in the state of Maharashtra under NHDP-IV on Hybrid Annuity mode मोड,https://bhoomirashi.gov.in/auth/revamp/prep_public.cshtml?nid=1&project_id=58037,245.367,89.707,155.66,0.098,0.3656033614952296
58037,2021-02-18,753 E,753E,2022-08-04,S.O. 3684(E).,SO3684E,532,1,deduped_nearest_subsequent_3D,False,True,MO/2018/58037,Rehabilitation and upgradation of NH-66 (Erstwhile NH-17) from Km 406/00 to km 450/170 (Kalmath - Zarap Section) to four lane with paved shoulder in the state of Maharashtra under NHDP-IV on Hybrid Annuity mode मोड,https://bhoomirashi.gov.in/auth/revamp/prep_public.cshtml?nid=1&project_id=58037,245.367,89.707,155.66,0.098,0.3656033614952296
58037,2022-03-10,1089 E,1089E,2022-10-04,S.O. 4713(E).,SO4713E,208,0,deduped_nearest_subsequent_3D,False,True,MO/2018/58037,Rehabilitation and upgradation of NH-66 (Erstwhile NH-17) from Km 406/00 to km 450/170 (Kalmath - Zarap Section) to four lane with paved shoulder in the state of Maharashtra under NHDP-IV on Hybrid Annuity mode मोड,https://bhoomirashi.gov.in/auth/revamp/prep_public.cshtml?nid=1&project_id=58037,245.367,89.707,155.66,0.098,0.3656033614952296
58039,2015-10-06,2713,2713,2016-03-10,1062 (E),1062E,156,0,deduped_nearest_subsequent_3D,False,True,MO/2018/58039,Rehabilitation and upgradation of NH-66 (Erstwhile NH-17) from Km 205/400 to km 241/300 (Parshuram Ghat-Arawali Section) to four lane with paved shoulder in the state of Maharashtra under NHDP-IV on Hybrid Annuity mode मोड,https://bhoomirashi.gov.in/auth/revamp/prep_public.cshtml?nid=1&project_id=58039,194.0,85.83,108.17,0.0,0.44242268041237115
58039,2015-10-06,2713 (E),2713E,2016-03-29,S.O.1062(E),SO1062E,175,0,deduped_nearest_subsequent_3D,False,True,MO/2018/58039,Rehabilitation and upgradation of NH-66 (Erstwhile NH-17) from Km 205/400 to km 241/300 (Parshuram Ghat-Arawali Section) to four lane with paved shoulder in the state of Maharashtra under NHDP-IV on Hybrid Annuity mode मोड,https://bhoomirashi.gov.in/auth/revamp/prep_public.cshtml?nid=1&project_id=58039,194.0,85.83,108.17,0.0,0.44242268041237115
58039,2015-10-06,2714 (E),2714E,2016-10-10,3201 (E),3201E,370,1,deduped_nearest_subsequent_3D,False,True,MO/2018/58039,Rehabilitation and upgradation of NH-66 (Erstwhile NH-17) from Km 205/400 to km 241/300 (Parshuram Ghat-Arawali Section) to four lane with paved shoulder in the state of Maharashtra under NHDP-IV on Hybrid Annuity mode मोड,https://bhoomirashi.gov.in/auth/revamp/prep_public.cshtml?nid=1&project_id=58039,194.0,85.83,108.17,0.0,0.44242268041237115
58039,2015-10-06,S.O 2714(E),SO2714E,2016-10-10,S.O.3201(E),SO3201E,370,1,deduped_nearest_subsequent_3D,False,True,MO/2018/58039,Rehabilitation and upgradation of NH-66 (Erstwhile NH-17) from Km 205/400 to km 241/300 (Parshuram Ghat-Arawali Section) to four lane with paved shoulder in the state of Maharashtra under NHDP-IV on Hybrid Annuity mode मोड,https://bhoomirashi.gov.in/auth/revamp/prep_public.cshtml?nid=1&project_id=58039,194.0,85.83,108.17,0.0,0.44242268041237115
58039,2016-03-10,1069,1069,2017-07-28,2374 (E),2374E,505,1,deduped_nearest_subsequent_3D,False,True,MO/2018/58039,Rehabilitation and upgradation of NH-66 (Erstwhile NH-17) from Km 205/400 to km 241/300 (Parshuram Ghat-Arawali Section) to four lane with paved shoulder in the state of Maharashtra under NHDP-IV on Hybrid Annuity mode मोड,https://bhoomirashi.gov.in/auth/revamp/prep_public.cshtml?nid=1&project_id=58039,194.0,85.83,108.17,0.0,0.44242268041237115
58039,2016-03-10,1069 (E),1069E,2017-11-28,3767 (E),3767E,628,1,deduped_nearest_subsequent_3D,False,True,MO/2018/58039,Rehabilitation and upgradation of NH-66 (Erstwhile NH-17) from Km 205/400 to km 241/300 (Parshuram Ghat-Arawali Section) to four lane with paved shoulder in the state of Maharashtra under NHDP-IV on Hybrid Annuity mode मोड,https://bhoomirashi.gov.in/auth/revamp/prep_public.cshtml?nid=1&project_id=58039,194.0,85.83,108.17,0.0,0.44242268041237115
58039,2016-12-16,4071 (E),4071E,2017-11-28,S.O.3767(E),SO3767E,347,0,deduped_nearest_subsequent_3D,False,True,MO/2018/58039,Rehabilitation and upgradation of NH-66 (Erstwhile NH-17) from Km 205/400 to km 241/300 (Parshuram Ghat-Arawali Section) to four lane with paved shoulder in the state of Maharashtra under NHDP-IV on Hybrid Annuity mode मोड,https://bhoomirashi.gov.in/auth/revamp/prep_public.cshtml?nid=1&project_id=58039,194.0,85.83,108.17,0.0,0.44242268041237115
58039,2018-10-25,5411,5411,2020-07-29,2516 E,2516E,643,1,deduped_nearest_subsequent_3D,False,True,MO/2018/58039,Rehabilitation and upgradation of NH-66 (Erstwhile NH-17) from Km 205/400 to km 241/300 (Parshuram Ghat-Arawali Section) to four lane with paved shoulder in the state of Maharashtra under NHDP-IV on Hybrid Annuity mode मोड,https://bhoomirashi.gov.in/auth/revamp/prep_public.cshtml?nid=1&project_id=58039,194.0,85.83,108.17,0.0,0.44242268041237115
58039,2020-02-20,817 (E),817E,2022-05-27,S.O. 2420(E).,SO2420E,827,1,deduped_nearest_subsequent_3D,False,True,MO/2018/58039,Rehabilitation and upgradation of NH-66 (Erstwhile NH-17) from Km 205/400 to km 241/300 (Parshuram Ghat-Arawali Section) to four lane with paved shoulder in the state of Maharashtra under NHDP-IV on Hybrid Annuity mode मोड,https://bhoomirashi.gov.in/auth/revamp/prep_public.cshtml?nid=1&project_id=58039,194.0,85.83,108.17,0.0,0.44242268041237115
58039,2022-01-10,111 E,111E,2022-08-01,S.O. 3603(E).,SO3603E,203,0,deduped_nearest_subsequent_3D,False,True,MO/2018/58039,Rehabilitation and upgradation of NH-66 (Erstwhile NH-17) from Km 205/400 to km 241/300 (Parshuram Ghat-Arawali Section) to four lane with paved shoulder in the state of Maharashtra under NHDP-IV on Hybrid Annuity mode मोड,https://bhoomirashi.gov.in/auth/revamp/prep_public.cshtml?nid=1&project_id=58039,194.0,85.83,108.17,0.0,0.44242268041237115
58039,2022-05-31,S.O. 2482(E).,SO2482E,2023-04-26,S.O. 1910(E).,SO1910E,330,0,deduped_nearest_subsequent_3D,False,True,MO/2018/58039,Rehabilitation and upgradation of NH-66 (Erstwhile NH-17) from Km 205/400 to km 241/300 (Parshuram Ghat-Arawali Section) to four lane with paved shoulder in the state of Maharashtra under NHDP-IV on Hybrid Annuity mode मोड,https://bhoomirashi.gov.in/auth/revamp/prep_public.cshtml?nid=1&project_id=58039,194.0,85.83,108.17,0.0,0.44242268041237115
58039,2023-02-17,S.O. 769(E).,SO769E,2023-10-26,S.O. 4685(E).,SO4685E,251,0,deduped_nearest_subsequent_3D,False,True,MO/2018/58039,Rehabilitation and upgradation of NH-66 (Erstwhile NH-17) from Km 205/400 to km 241/300 (Parshuram Ghat-Arawali Section) to four lane with paved shoulder in the state of Maharashtra under NHDP-IV on Hybrid Annuity mode मोड,https://bhoomirashi.gov.in/auth/revamp/prep_public.cshtml?nid=1&project_id=58039,194.0,85.83,108.17,0.0,0.44242268041237115
58040,2015-11-26,3188 (E),3188E,2016-06-10,2066 (E),2066E,197,0,deduped_nearest_subsequent_3D,False,True,MO/2018/58040,Rehabilitation and upgradation of NH-66 (Erstwhile NH-17) from Km 367/300 to km 406/000 (Talgaon-Kalmath Section) to four lane with paved shoulder in the state of Maharashtra under NHDP-IV on Hybrid Annuity mode मोड,https://bhoomirashi.gov.in/auth/revamp/prep_public.cshtml?nid=1&project_id=58040,214.515,123.99,90.525,0.418,0.5780015383539613
58040,2019-02-19,905 E,905E,2020-02-13,729 (E),729E,359,0,deduped_nearest_subsequent_3D,False,True,MO/2018/58040,Rehabilitation and upgradation of NH-66 (Erstwhile NH-17) from Km 367/300 to km 406/000 (Talgaon-Kalmath Section) to four lane with paved shoulder in the state of Maharashtra under NHDP-IV on Hybrid Annuity mode मोड,https://bhoomirashi.gov.in/auth/revamp/prep_public.cshtml?nid=1&project_id=58040,214.515,123.99,90.525,0.418,0.5780015383539613
58040,2021-03-12,1200 E,1200E,2021-06-09,2206 E,2206E,89,0,deduped_nearest_subsequent_3D,False,True,MO/2018/58040,Rehabilitation and upgradation of NH-66 (Erstwhile NH-17) from Km 367/300 to km 406/000 (Talgaon-Kalmath Section) to four lane with paved shoulder in the state of Maharashtra under NHDP-IV on Hybrid Annuity mode मोड,https://bhoomirashi.gov.in/auth/revamp/prep_public.cshtml?nid=1&project_id=58040,214.515,123.99,90.525,0.418,0.5780015383539613
58040,2023-08-21,S.O. 3712(E).,SO3712E,2024-03-15,1368(E),1368E,207,0,deduped_nearest_subsequent_3D,False,True,MO/2018/58040,Rehabilitation and upgradation of NH-66 (Erstwhile NH-17) from Km 367/300 to km 406/000 (Talgaon-Kalmath Section) to four lane with paved shoulder in the state of Maharashtra under NHDP-IV on Hybrid Annuity mode मोड,https://bhoomirashi.gov.in/auth/revamp/prep_public.cshtml?nid=1&project_id=58040,214.515,123.99,90.525,0.418,0.5780015383539613
58051,2015-11-26,3186 (E),3186E,2016-06-29,2232 (E),2232E,216,0,deduped_nearest_subsequent_3D,False,True,MO/2018/58051,Rehabilitation and Up-gradation of Indapur to Wadpale section of NH-17 (New NH no. 66) from Exiting Km. 84/00 to Km. 110/750 in the state of Maharashtra to 4 lanes with paved shoulder under NHDP-IV NHDP-िव,https://bhoomirashi.gov.in/auth/revamp/prep_public.cshtml?nid=1&project_id=58051,180.68,65.5,115.18,2.51,0.3625193712641133
58051,2015-11-26,3187 (E),3187E,2016-06-29,2233 (E),2233E,216,0,deduped_nearest_subsequent_3D,False,True,MO/2018/58051,Rehabilitation and Up-gradation of Indapur to Wadpale section of NH-17 (New NH no. 66) from Exiting Km. 84/00 to Km. 110/750 in the state of Maharashtra to 4 lanes with paved shoulder under NHDP-IV NHDP-िव,https://bhoomirashi.gov.in/auth/revamp/prep_public.cshtml?nid=1&project_id=58051,180.68,65.5,115.18,2.51,0.3625193712641133
58051,2017-11-17,3623E,3623E,2018-11-14,5752,5752,362,0,deduped_nearest_subsequent_3D,False,True,MO/2018/58051,Rehabilitation and Up-gradation of Indapur to Wadpale section of NH-17 (New NH no. 66) from Exiting Km. 84/00 to Km. 110/750 in the state of Maharashtra to 4 lanes with paved shoulder under NHDP-IV NHDP-िव,https://bhoomirashi.gov.in/auth/revamp/prep_public.cshtml?nid=1&project_id=58051,180.68,65.5,115.18,2.51,0.3625193712641133
58051,2020-01-24,391 E,391E,2020-05-15,1500 E,1500E,112,0,deduped_nearest_subsequent_3D,False,True,MO/2018/58051,Rehabilitation and Up-gradation of Indapur to Wadpale section of NH-17 (New NH no. 66) from Exiting Km. 84/00 to Km. 110/750 in the state of Maharashtra to 4 lanes with paved shoulder under NHDP-IV NHDP-िव,https://bhoomirashi.gov.in/auth/revamp/prep_public.cshtml?nid=1&project_id=58051,180.68,65.5,115.18,2.51,0.3625193712641133
58051,2022-06-24,S.O. 2874(E).,SO2874E,2023-04-24,S.O. 1851(E).,SO1851E,304,0,deduped_nearest_subsequent_3D,False,True,MO/2018/58051,Rehabilitation and Up-gradation of Indapur to Wadpale section of NH-17 (New NH no. 66) from Exiting Km. 84/00 to Km. 110/750 in the state of Maharashtra to 4 lanes with paved shoulder under NHDP-IV NHDP-िव,https://bhoomirashi.gov.in/auth/revamp/prep_public.cshtml?nid=1&project_id=58051,180.68,65.5,115.18,2.51,0.3625193712641133
58051,2024-01-17,S.O. 228(E).,SO228E,2024-08-06,S.O. 3187(E).,SO3187E,202,0,deduped_nearest_subsequent_3D,False,True,MO/2018/58051,Rehabilitation and Up-gradation of Indapur to Wadpale section of NH-17 (New NH no. 66) from Exiting Km. 84/00 to Km. 110/750 in the state of Maharashtra to 4 lanes with paved shoulder under NHDP-IV NHDP-िव,https://bhoomirashi.gov.in/auth/revamp/prep_public.cshtml?nid=1&project_id=58051,180.68,65.5,115.18,2.51,0.3625193712641133
58051,2025-02-21,S.O. 942(E).,SO942E,2025-12-05,S.O. 5629(E).,SO5629E,287,0,deduped_nearest_subsequent_3D,False,True,MO/2018/58051,Rehabilitation and Up-gradation of Indapur to Wadpale section of NH-17 (New NH no. 66) from Exiting Km. 84/00 to Km. 110/750 in the state of Maharashtra to 4 lanes with paved shoulder under NHDP-IV NHDP-िव,https://bhoomirashi.gov.in/auth/revamp/prep_public.cshtml?nid=1&project_id=58051,180.68,65.5,115.18,2.51,0.3625193712641133
58053,2016-04-13,1433 (E),1433E,2016-08-16,2796 (E),2796E,125,0,deduped_nearest_subsequent_3D,False,True,MO/2018/58053,Rehabilitation and Up-gradation of Kashedi Ghat section of NH-17 (New NH no. 66) to four lanes with paved shoulders from Exiting Km. 148/00 to Km. 161/600 (Desing Km.149/510 to Km. 158/467) including construction of twin tubes six lanes tunnel through an Engineering Procurement and construction (EPC) contract under NHDP-IV in the state of Maharashtra महाराष्ट्र,https://bhoomirashi.gov.in/auth/revamp/prep_public.cshtml?nid=1&project_id=58053,84.67,13.8,70.87,0.0,0.16298570922404632
58065,2015-11-26,3189 (E),3189E,2016-03-10,1064 (E),1064E,105,0,deduped_nearest_subsequent_3D,False,True,MO/2018/58065,Rehabilitation and Up-gradation of NH-66(Old NH-17) from Km. 161/600 to Km. 205/400 (Kashedi - Parshuram Ghat section) to four lane in the state of Maharashtra under NHDP-IV on Hybrid annuty mode मोड,https://bhoomirashi.gov.in/auth/revamp/prep_public.cshtml?nid=1&project_id=58065,228.75,101.95,126.8,0.2763,0.44568306010928965
58065,2018-09-28,5131,5131,2019-03-08,1334(E),1334E,161,0,deduped_nearest_subsequent_3D,False,True,MO/2018/58065,Rehabilitation and Up-gradation of NH-66(Old NH-17) from Km. 161/600 to Km. 205/400 (Kashedi - Parshuram Ghat section) to four lane in the state of Maharashtra under NHDP-IV on Hybrid annuty mode मोड,https://bhoomirashi.gov.in/auth/revamp/prep_public.cshtml?nid=1&project_id=58065,228.75,101.95,126.8,0.2763,0.44568306010928965
58065,2020-05-15,1483 E,1483E,2020-10-20,3705 E,3705E,158,0,deduped_nearest_subsequent_3D,False,True,MO/2018/58065,Rehabilitation and Up-gradation of NH-66(Old NH-17) from Km. 161/600 to Km. 205/400 (Kashedi - Parshuram Ghat section) to four lane in the state of Maharashtra under NHDP-IV on Hybrid annuty mode मोड,https://bhoomirashi.gov.in/auth/revamp/prep_public.cshtml?nid=1&project_id=58065,228.75,101.95,126.8,0.2763,0.44568306010928965
58065,2021-01-27,393 E,393E,2022-05-20,S.O. 2324(E).,SO2324E,478,1,deduped_nearest_subsequent_3D,False,True,MO/2018/58065,Rehabilitation and Up-gradation of NH-66(Old NH-17) from Km. 161/600 to Km. 205/400 (Kashedi - Parshuram Ghat section) to four lane in the state of Maharashtra under NHDP-IV on Hybrid annuty mode मोड,https://bhoomirashi.gov.in/auth/revamp/prep_public.cshtml?nid=1&project_id=58065,228.75,101.95,126.8,0.2763,0.44568306010928965
58065,2022-03-10,1088 E,1088E,2022-10-14,S.O. 4891(E).,SO4891E,218,0,deduped_nearest_subsequent_3D,False,True,MO/2018/58065,Rehabilitation and Up-gradation of NH-66(Old NH-17) from Km. 161/600 to Km. 205/400 (Kashedi - Parshuram Ghat section) to four lane in the state of Maharashtra under NHDP-IV on Hybrid annuty mode मोड,https://bhoomirashi.gov.in/auth/revamp/prep_public.cshtml?nid=1&project_id=58065,228.75,101.95,126.8,0.2763,0.44568306010928965
58065,2025-12-17,S.O. 5863(E).,SO5863E,2026-03-19,1418(E),1418E,92,0,deduped_nearest_subsequent_3D,False,True,MO/2018/58065,Rehabilitation and Up-gradation of NH-66(Old NH-17) from Km. 161/600 to Km. 205/400 (Kashedi - Parshuram Ghat section) to four lane in the state of Maharashtra under NHDP-IV on Hybrid annuty mode मोड,https://bhoomirashi.gov.in/auth/revamp/prep_public.cshtml?nid=1&project_id=58065,228.75,101.95,126.8,0.2763,0.44568306010928965
58065,2026-01-08,S.O. 132(E).,SO132E,2026-09-08,S.O. 4950(E),SO4950E,243,0,deduped_nearest_subsequent_3D,False,True,MO/2018/58065,Rehabilitation and Up-gradation of NH-66(Old NH-17) from Km. 161/600 to Km. 205/400 (Kashedi - Parshuram Ghat section) to four lane in the state of Maharashtra under NHDP-IV on Hybrid annuty mode मोड,https://bhoomirashi.gov.in/auth/revamp/prep_public.cshtml?nid=1&project_id=58065,228.75,101.95,126.8,0.2763,0.44568306010928965
58068,2015-11-26,3186 (E),3186E,2016-04-04,1321(E),1321E,130,0,deduped_nearest_subsequent_3D,False,True,MO/2018/58068,Rehabilitation and Up-gradation of Veer (Wadpale) to Bhogaon Khurd section of NH-17 (New NH no. 66) from Exiting Km. 108/400 to Km. 148/00 in the state of Maharashtra to four lanes with paved shoulder on EPC mode under NHDP-IV NHDP-िव,https://bhoomirashi.gov.in/auth/revamp/prep_public.cshtml?nid=1&project_id=58068,230.96,118.71,112.25,0.117,0.5139851056459993
58068,2016-03-10,1068 (E),1068E,2016-08-26,2795 (E),2795E,169,0,deduped_nearest_subsequent_3D,False,True,MO/2018/58068,Rehabilitation and Up-gradation of Veer (Wadpale) to Bhogaon Khurd section of NH-17 (New NH no. 66) from Exiting Km. 108/400 to Km. 148/00 in the state of Maharashtra to four lanes with paved shoulder on EPC mode under NHDP-IV NHDP-िव,https://bhoomirashi.gov.in/auth/revamp/prep_public.cshtml?nid=1&project_id=58068,230.96,118.71,112.25,0.117,0.5139851056459993
58068,2017-11-17,3620 E,3620E,2018-11-14,5753,5753,362,0,deduped_nearest_subsequent_3D,False,True,MO/2018/58068,Rehabilitation and Up-gradation of Veer (Wadpale) to Bhogaon Khurd section of NH-17 (New NH no. 66) from Exiting Km. 108/400 to Km. 148/00 in the state of Maharashtra to four lanes with paved shoulder on EPC mode under NHDP-IV NHDP-िव,https://bhoomirashi.gov.in/auth/revamp/prep_public.cshtml?nid=1&project_id=58068,230.96,118.71,112.25,0.117,0.5139851056459993
58068,2017-11-17,3621/3622E,36213622E,2018-11-14,5753 (E),5753E,362,0,deduped_nearest_subsequent_3D,False,True,MO/2018/58068,Rehabilitation and Up-gradation of Veer (Wadpale) to Bhogaon Khurd section of NH-17 (New NH no. 66) from Exiting Km. 108/400 to Km. 148/00 in the state of Maharashtra to four lanes with paved shoulder on EPC mode under NHDP-IV NHDP-िव,https://bhoomirashi.gov.in/auth/revamp/prep_public.cshtml?nid=1&project_id=58068,230.96,118.71,112.25,0.117,0.5139851056459993
58068,2019-07-06,2403 E,2403E,2020-03-06,1031 E,1031E,244,0,deduped_nearest_subsequent_3D,False,True,MO/2018/58068,Rehabilitation and Up-gradation of Veer (Wadpale) to Bhogaon Khurd section of NH-17 (New NH no. 66) from Exiting Km. 108/400 to Km. 148/00 in the state of Maharashtra to four lanes with paved shoulder on EPC mode under NHDP-IV NHDP-िव,https://bhoomirashi.gov.in/auth/revamp/prep_public.cshtml?nid=1&project_id=58068,230.96,118.71,112.25,0.117,0.5139851056459993
58068,2020-06-17,1917 E,1917E,2021-02-22,852 E,852E,250,0,deduped_nearest_subsequent_3D,False,True,MO/2018/58068,Rehabilitation and Up-gradation of Veer (Wadpale) to Bhogaon Khurd section of NH-17 (New NH no. 66) from Exiting Km. 108/400 to Km. 148/00 in the state of Maharashtra to four lanes with paved shoulder on EPC mode under NHDP-IV NHDP-िव,https://bhoomirashi.gov.in/auth/revamp/prep_public.cshtml?nid=1&project_id=58068,230.96,118.71,112.25,0.117,0.5139851056459993
58068,2020-08-11,2727 E,2727E,2022-09-20,S.O. 4374(E).,SO4374E,770,1,deduped_nearest_subsequent_3D,False,True,MO/2018/58068,Rehabilitation and Up-gradation of Veer (Wadpale) to Bhogaon Khurd section of NH-17 (New NH no. 66) from Exiting Km. 108/400 to Km. 148/00 in the state of Maharashtra to four lanes with paved shoulder on EPC mode under NHDP-IV NHDP-िव,https://bhoomirashi.gov.in/auth/revamp/prep_public.cshtml?nid=1&project_id=58068,230.96,118.71,112.25,0.117,0.5139851056459993
58074,2019-06-22,S.O. 2050(E),SO2050E,2019-11-22,S.O. 4252E,SO4252E,153,0,deduped_nearest_subsequent_3D,False,True,MO/2018/58074,Rehabilitation and upgradation of NH - 42 from Km 76/00 to Km 102/130 ( Design Chainage 76/000 to 99/971 excluding Km 77/300 to 78/350 ) ( Rapthadu to Bathalapalli Section ) to four lane on EPC mode in the state of Andhra Pradesh . रिहैबिलिटेशन एंड अपग्रेडेशन ऑफ़ रारा - 42 फ्रॉम किमी. 76/000 टु किमी. 102/130 ( डिज़ाइन चैनेज 76/000 टु 99/971 एक्सक्लूडिंग किमी. 77/300 टु 78/350 ) ( रपथडु टु बतलापल्ली सेक्शन ) टु फोर लेन ऑन इपीसी मोड इन द स्टेट ऑफ़ आंध्र प्रदेश,https://bhoomirashi.gov.in/auth/revamp/prep_public.cshtml?nid=1&project_id=58074,33.285,0.0,33.285,0.0,0.0
58074,2020-06-05,S.O.1771E,SO1771E,2021-05-24,1989(E),1989E,353,0,deduped_nearest_subsequent_3D,False,True,MO/2018/58074,Rehabilitation and upgradation of NH - 42 from Km 76/00 to Km 102/130 ( Design Chainage 76/000 to 99/971 excluding Km 77/300 to 78/350 ) ( Rapthadu to Bathalapalli Section ) to four lane on EPC mode in the state of Andhra Pradesh . रिहैबिलिटेशन एंड अपग्रेडेशन ऑफ़ रारा - 42 फ्रॉम किमी. 76/000 टु किमी. 102/130 ( डिज़ाइन चैनेज 76/000 टु 99/971 एक्सक्लूडिंग किमी. 77/300 टु 78/350 ) ( रपथडु टु बतलापल्ली सेक्शन ) टु फोर लेन ऑन इपीसी मोड इन द स्टेट ऑफ़ आंध्र प्रदेश,https://bhoomirashi.gov.in/auth/revamp/prep_public.cshtml?nid=1&project_id=58074,33.285,0.0,33.285,0.0,0.0
58079,2018-05-25,1921,1921,2019-01-04,73(E),73E,224,0,deduped_nearest_subsequent_3D,False,True,MO/2018/58079,Construction of proposed 4 - lane ROB and its approaches in lieu of existing level crossing No. 67 at Km. 133/200 ( Railway chainage Km.109/300-400 ) on NH - 205 in the state of Andhra Pradesh कंस्ट्रक्शन ऑफ़ प्रोपोसड 4 - लेन आरओबी एंड इट्स अप्प्रोचिस इन लियु ऑफ़ एक्सिस्टिंग लेवल क्रासिंग न . 67 एट किमी . 133/200 ( रेलवे चैनेज किमी .109/300-400 ) ऑन एनएच - 205 इन द स्टेट ऑफ़ आंध्र प्रदेश,https://bhoomirashi.gov.in/auth/revamp/prep_public.cshtml?nid=1&project_id=58079,9.041,0.0,9.041,0.0,0.0
58080,2018-05-25,1930,1930,2018-12-31,6435E,6435E,220,0,deduped_nearest_subsequent_3D,False,True,MO/2018/58080,Construction of proposed 4 - Lane of existing level crossing No.75 at Km. 145/200 (Railway Chainage 121/470 ) on NH-205 in the state of Andhra Pradesh कंस्ट्रक्शन ऑफ़ प्रोपोसड 4 - लेन ऑफ़ एक्सिस्टिंग लेवल क्रासिंग न.75 एट किमी . 145/200 (रेलवे चैनेज 121/470 ) ऑन एनएच-205 इन द स्टेट ऑफ़ आंध्र प्रदेश,https://bhoomirashi.gov.in/auth/revamp/prep_public.cshtml?nid=1&project_id=58080,9.539,0.0,9.539,0.0,0.0
58080,2019-09-27,S.O.3523E,SO3523E,2020-09-25,SO 3314 (E),SO3314E,364,0,deduped_nearest_subsequent_3D,False,True,MO/2018/58080,Construction of proposed 4 - Lane of existing level crossing No.75 at Km. 145/200 (Railway Chainage 121/470 ) on NH-205 in the state of Andhra Pradesh कंस्ट्रक्शन ऑफ़ प्रोपोसड 4 - लेन ऑफ़ एक्सिस्टिंग लेवल क्रासिंग न.75 एट किमी . 145/200 (रेलवे चैनेज 121/470 ) ऑन एनएच-205 इन द स्टेट ऑफ़ आंध्र प्रदेश,https://bhoomirashi.gov.in/auth/revamp/prep_public.cshtml?nid=1&project_id=58080,9.539,0.0,9.539,0.0,0.0
58083,2017-09-08,2975E,2975E,2018-09-07,4751(E),4751E,364,0,deduped_nearest_subsequent_3D,False,True,MO/2018/58083,Rehablitation nd Up-gradation of Kolha to Nasratpur section of NH-222 (61) from Km 444/000 to Km 463/545 and Km 481/000 to Km 513/990 in the state of Maharashtra to two lanes with paved shoulder on EPC basis under NHDP-IV NHDP-िव,https://bhoomirashi.gov.in/auth/revamp/prep_public.cshtml?nid=1&project_id=58083,158.65,149.191,9.459,0.0,0.9403781909864481
58083,2018-10-09,5260,5260,2019-08-05,2813,2813,300,0,deduped_nearest_subsequent_3D,False,True,MO/2018/58083,Rehablitation nd Up-gradation of Kolha to Nasratpur section of NH-222 (61) from Km 444/000 to Km 463/545 and Km 481/000 to Km 513/990 in the state of Maharashtra to two lanes with paved shoulder on EPC basis under NHDP-IV NHDP-िव,https://bhoomirashi.gov.in/auth/revamp/prep_public.cshtml?nid=1&project_id=58083,158.65,149.191,9.459,0.0,0.9403781909864481
58083,2019-02-04,686,686,2020-02-04,557 (E),557E,365,0,deduped_nearest_subsequent_3D,False,True,MO/2018/58083,Rehablitation nd Up-gradation of Kolha to Nasratpur section of NH-222 (61) from Km 444/000 to Km 463/545 and Km 481/000 to Km 513/990 in the state of Maharashtra to two lanes with paved shoulder on EPC basis under NHDP-IV NHDP-िव,https://bhoomirashi.gov.in/auth/revamp/prep_public.cshtml?nid=1&project_id=58083,158.65,149.191,9.459,0.0,0.9403781909864481
58083,2020-05-20,1537 E,1537E,2020-12-04,4407 E,4407E,198,0,deduped_nearest_subsequent_3D,False,True,MO/2018/58083,Rehablitation nd Up-gradation of Kolha to Nasratpur section of NH-222 (61) from Km 444/000 to Km 463/545 and Km 481/000 to Km 513/990 in the state of Maharashtra to two lanes with paved shoulder on EPC basis under NHDP-IV NHDP-िव,https://bhoomirashi.gov.in/auth/revamp/prep_public.cshtml?nid=1&project_id=58083,158.65,149.191,9.459,0.0,0.9403781909864481
58084,2017-09-08,2973E,2973E,2018-09-07,4754(E),4754E,364,0,deduped_nearest_subsequent_3D,False,True,MO/2018/58084,Rehablitation and Up-gradation of Nasratpur to Barasgaon from existing Km 514/000 to Km 558/200 (Desing Ch 66+700 Ch. 92+565 and 92+565 to 96+750) of NH-222 to four lanning in the state of Maharashtra with paved shoulder on EPC basis under NHDP-IV NHDP-िव,https://bhoomirashi.gov.in/auth/revamp/prep_public.cshtml?nid=1&project_id=58084,95.609,86.132,9.477,0.0,0.9008775324498741
58084,2017-09-08,2974E,2974E,2018-09-07,4755(E),4755E,364,0,deduped_nearest_subsequent_3D,False,True,MO/2018/58084,Rehablitation and Up-gradation of Nasratpur to Barasgaon from existing Km 514/000 to Km 558/200 (Desing Ch 66+700 Ch. 92+565 and 92+565 to 96+750) of NH-222 to four lanning in the state of Maharashtra with paved shoulder on EPC basis under NHDP-IV NHDP-िव,https://bhoomirashi.gov.in/auth/revamp/prep_public.cshtml?nid=1&project_id=58084,95.609,86.132,9.477,0.0,0.9008775324498741
58084,2019-02-04,687,687,2020-02-03,556 (E),556E,364,0,deduped_nearest_subsequent_3D,False,True,MO/2018/58084,Rehablitation and Up-gradation of Nasratpur to Barasgaon from existing Km 514/000 to Km 558/200 (Desing Ch 66+700 Ch. 92+565 and 92+565 to 96+750) of NH-222 to four lanning in the state of Maharashtra with paved shoulder on EPC basis under NHDP-IV NHDP-िव,https://bhoomirashi.gov.in/auth/revamp/prep_public.cshtml?nid=1&project_id=58084,95.609,86.132,9.477,0.0,0.9008775324498741
58084,2019-07-06,2404 E,2404E,2020-07-02,2191 E,2191E,362,0,deduped_nearest_subsequent_3D,False,True,MO/2018/58084,Rehablitation and Up-gradation of Nasratpur to Barasgaon from existing Km 514/000 to Km 558/200 (Desing Ch 66+700 Ch. 92+565 and 92+565 to 96+750) of NH-222 to four lanning in the state of Maharashtra with paved shoulder on EPC basis under NHDP-IV NHDP-िव,https://bhoomirashi.gov.in/auth/revamp/prep_public.cshtml?nid=1&project_id=58084,95.609,86.132,9.477,0.0,0.9008775324498741
58084,2020-04-22,1342 E,1342E,2020-07-02,2192 E,2192E,71,0,deduped_nearest_subsequent_3D,False,True,MO/2018/58084,Rehablitation and Up-gradation of Nasratpur to Barasgaon from existing Km 514/000 to Km 558/200 (Desing Ch 66+700 Ch. 92+565 and 92+565 to 96+750) of NH-222 to four lanning in the state of Maharashtra with paved shoulder on EPC basis under NHDP-IV NHDP-िव,https://bhoomirashi.gov.in/auth/revamp/prep_public.cshtml?nid=1&project_id=58084,95.609,86.132,9.477,0.0,0.9008775324498741
58084,2020-04-22,1343 E,1343E,2020-12-04,4405 E,4405E,226,0,deduped_nearest_subsequent_3D,False,True,MO/2018/58084,Rehablitation and Up-gradation of Nasratpur to Barasgaon from existing Km 514/000 to Km 558/200 (Desing Ch 66+700 Ch. 92+565 and 92+565 to 96+750) of NH-222 to four lanning in the state of Maharashtra with paved shoulder on EPC basis under NHDP-IV NHDP-िव,https://bhoomirashi.gov.in/auth/revamp/prep_public.cshtml?nid=1&project_id=58084,95.609,86.132,9.477,0.0,0.9008775324498741
58086,2018-11-15,5739,5739,2021-03-12,1179 E,1179E,848,1,deduped_nearest_subsequent_3D,False,True,MO/2018/58086,Rehablitation and Up-gradation of Jalkot to Togari section of NH-50 from Km. 65.952 to Km 111.409 (Design Chainage) to two lane with paved shoulder configuration in the state of Maharashtra on EPC mode मोड,https://bhoomirashi.gov.in/auth/revamp/prep_public.cshtml?nid=1&project_id=58086,136.731,116.731,20.0,0.0,0.8537273917399858
58087,2019-02-05,728 E,728E,2020-02-03,559 (E),559E,363,0,deduped_nearest_subsequent_3D,False,True,MO/2018/58087,Estimate of rehabilitation and up-gradation of Nanded-Jalkot section of NH-50 from Km. 0.000 to Km. 65.952 (Design Chainage) to two lane with paved shoulder configuration on EPC mode in the State of Maharashtra महाराष्ट्र,https://bhoomirashi.gov.in/auth/revamp/prep_public.cshtml?nid=1&project_id=58087,197.85,177.85,20.0,0.2515,0.898913318170331
58087,2020-04-22,1332 E,1332E,2020-08-17,2776 E,2776E,117,0,deduped_nearest_subsequent_3D,False,True,MO/2018/58087,Estimate of rehabilitation and up-gradation of Nanded-Jalkot section of NH-50 from Km. 0.000 to Km. 65.952 (Design Chainage) to two lane with paved shoulder configuration on EPC mode in the State of Maharashtra महाराष्ट्र,https://bhoomirashi.gov.in/auth/revamp/prep_public.cshtml?nid=1&project_id=58087,197.85,177.85,20.0,0.2515,0.898913318170331
58089,2018-11-14,5717,5717,2019-07-11,2483,2483,239,0,deduped_nearest_subsequent_3D,False,True,MO/2018/58089,Rehabilitation and upgradation of existing pavement to two lane with paved shoulder from ch. 323.745 to km 351.000 (Balrampur to Tulsipur Section) of NH-730 including two lane paved shoulder with service road on both sides for a cumulative length of 3.292 km and a two lane ROB with service roads on both sides of length 893m including approaches in Balrampur District in the State of Uttar Pradesh रा0मा0 सं0 73० के कि0मी0 ३२३.७४५ से ३५१.००० (बलरामपुर से तुलसीपुर सेक्शन) तक 2 लेन विथ पेव्ड शोल्डर का पुर्नरूद्धार एवं उच्चीकरण कार्य,https://bhoomirashi.gov.in/auth/revamp/prep_public.cshtml?nid=1&project_id=58089,5.0,0.0,5.0,0.0,0.0
58090,2022-10-20,S.O. 4973(E).,SO4973E,2023-03-22,S.O 817(E),SO817E,153,0,deduped_nearest_subsequent_3D,False,True,MO/2018/58090,"Improvement/ Upgradation of NH-60 to 4-lane from km 316+000 to km 320+800 in the district of Birbhum, West Bengal पश्चिम बंगाल राज्य के बीरभूम जिले में राष्ट्रीय राजमार्ग संख्या 60 के चेनेज 316+000 कि.मी से 320+800 कि.मी. तक चार लेन में उन्नय़न/उन्नतिकरन",https://bhoomirashi.gov.in/auth/revamp/prep_public.cshtml?nid=1&project_id=58090,36.0,0.8,35.2,0.0364225,0.022222222222222223
58091,2019-02-06,726 E,726E,2020-02-03,554 (E),554E,362,0,deduped_nearest_subsequent_3D,False,True,MO/2018/58091,Rehabilitation and up-gradation two lane with paved shoulder configuration of Osman Nagar - Kundral section of NH-161A Design Ch. from Km. 0.000 to Km. 52.730 on EPC mode in the State of Maharashtra महाराष्ट्र,https://bhoomirashi.gov.in/auth/revamp/prep_public.cshtml?nid=1&project_id=58091,158.19,145.19,13.0,0.0,0.9178203426259561
58091,2019-02-06,731 E,731E,2020-02-03,555 (E),555E,362,0,deduped_nearest_subsequent_3D,False,True,MO/2018/58091,Rehabilitation and up-gradation two lane with paved shoulder configuration of Osman Nagar - Kundral section of NH-161A Design Ch. from Km. 0.000 to Km. 52.730 on EPC mode in the State of Maharashtra महाराष्ट्र,https://bhoomirashi.gov.in/auth/revamp/prep_public.cshtml?nid=1&project_id=58091,158.19,145.19,13.0,0.0,0.9178203426259561
58091,2020-04-22,1331 E,1331E,2020-07-29,2503 E,2503E,98,0,deduped_nearest_subsequent_3D,False,True,MO/2018/58091,Rehabilitation and up-gradation two lane with paved shoulder configuration of Osman Nagar - Kundral section of NH-161A Design Ch. from Km. 0.000 to Km. 52.730 on EPC mode in the State of Maharashtra महाराष्ट्र,https://bhoomirashi.gov.in/auth/revamp/prep_public.cshtml?nid=1&project_id=58091,158.19,145.19,13.0,0.0,0.9178203426259561
58091,2020-04-22,1337 E,1337E,2020-07-29,2505 E,2505E,98,0,deduped_nearest_subsequent_3D,False,True,MO/2018/58091,Rehabilitation and up-gradation two lane with paved shoulder configuration of Osman Nagar - Kundral section of NH-161A Design Ch. from Km. 0.000 to Km. 52.730 on EPC mode in the State of Maharashtra महाराष्ट्र,https://bhoomirashi.gov.in/auth/revamp/prep_public.cshtml?nid=1&project_id=58091,158.19,145.19,13.0,0.0,0.9178203426259561
58091,2022-12-27,S.O. 6094(E).,SO6094E,2023-06-06,S.O. 2458 (E).,SO2458E,161,0,deduped_nearest_subsequent_3D,False,True,MO/2018/58091,Rehabilitation and up-gradation two lane with paved shoulder configuration of Osman Nagar - Kundral section of NH-161A Design Ch. from Km. 0.000 to Km. 52.730 on EPC mode in the State of Maharashtra महाराष्ट्र,https://bhoomirashi.gov.in/auth/revamp/prep_public.cshtml?nid=1&project_id=58091,158.19,145.19,13.0,0.0,0.9178203426259561
58091,2023-02-06,S.O. 594(E).,SO594E,2023-07-26,S.O. 3359(E).,SO3359E,170,0,deduped_nearest_subsequent_3D,False,True,MO/2018/58091,Rehabilitation and up-gradation two lane with paved shoulder configuration of Osman Nagar - Kundral section of NH-161A Design Ch. from Km. 0.000 to Km. 52.730 on EPC mode in the State of Maharashtra महाराष्ट्र,https://bhoomirashi.gov.in/auth/revamp/prep_public.cshtml?nid=1&project_id=58091,158.19,145.19,13.0,0.0,0.9178203426259561
58093,2019-02-06,732 E,732E,2020-02-03,553 (E),553E,362,0,deduped_nearest_subsequent_3D,False,True,MO/2018/58093,Rehabilitation and up-gradation of Kundral - Wazar section from Design Chainage from Km. 52.730 to Chainage Km. 99.250 on NH-161A to two lane road paved shoulder on EPC mode in the State of Maharashtra महाराष्ट्र,https://bhoomirashi.gov.in/auth/revamp/prep_public.cshtml?nid=1&project_id=58093,139.56,117.56,22.0,0.0,0.8423617082258527
58093,2020-06-17,1914 E,1914E,2020-10-19,3680 E,3680E,124,0,deduped_nearest_subsequent_3D,False,True,MO/2018/58093,Rehabilitation and up-gradation of Kundral - Wazar section from Design Chainage from Km. 52.730 to Chainage Km. 99.250 on NH-161A to two lane road paved shoulder on EPC mode in the State of Maharashtra महाराष्ट्र,https://bhoomirashi.gov.in/auth/revamp/prep_public.cshtml?nid=1&project_id=58093,139.56,117.56,22.0,0.0,0.8423617082258527
58093,2021-12-03,4375 E,4375E,2022-02-28,868 E,868E,87,0,deduped_nearest_subsequent_3D,False,True,MO/2018/58093,Rehabilitation and up-gradation of Kundral - Wazar section from Design Chainage from Km. 52.730 to Chainage Km. 99.250 on NH-161A to two lane road paved shoulder on EPC mode in the State of Maharashtra महाराष्ट्र,https://bhoomirashi.gov.in/auth/revamp/prep_public.cshtml?nid=1&project_id=58093,139.56,117.56,22.0,0.0,0.8423617082258527
58095,2018-10-09,5264,5264,2019-09-19,3400,3400,345,0,deduped_nearest_subsequent_3D,False,True,MO/2018/58095,Rehabilitation and up-gradation of Barasgaon to Rahatee Bu. (Mah/AP Border) section of NH-222 from existing Km. 558.200 to Km. 615.000 in the State of Maharashtra to two lanes with paved shoulders on EPC basis under NHDP-IV NHDP-IV,https://bhoomirashi.gov.in/auth/revamp/prep_public.cshtml?nid=1&project_id=58095,187.49,173.55,13.94,0.0,0.9256493679662916
58095,2019-07-06,2402 E,2402E,2020-06-29,2138 E,2138E,359,0,deduped_nearest_subsequent_3D,False,True,MO/2018/58095,Rehabilitation and up-gradation of Barasgaon to Rahatee Bu. (Mah/AP Border) section of NH-222 from existing Km. 558.200 to Km. 615.000 in the State of Maharashtra to two lanes with paved shoulders on EPC basis under NHDP-IV NHDP-IV,https://bhoomirashi.gov.in/auth/revamp/prep_public.cshtml?nid=1&project_id=58095,187.49,173.55,13.94,0.0,0.9256493679662916
58095,2026-02-24,998(E),998E,2026-08-07,S.O. 4377(E),SO4377E,164,0,deduped_nearest_subsequent_3D,False,True,MO/2018/58095,Rehabilitation and up-gradation of Barasgaon to Rahatee Bu. (Mah/AP Border) section of NH-222 from existing Km. 558.200 to Km. 615.000 in the State of Maharashtra to two lanes with paved shoulders on EPC basis under NHDP-IV NHDP-IV,https://bhoomirashi.gov.in/auth/revamp/prep_public.cshtml?nid=1&project_id=58095,187.49,173.55,13.94,0.0,0.9256493679662916
58097,2019-01-28,517,517,2020-06-30,2634 E,2634E,519,1,deduped_nearest_subsequent_3D,False,True,MO/2018/58097,Rehabilitation and up-gradation to 2 lane road with paved shoulder of Ardhapur to Himayatnagar (Design Chainage Km. 0.00 to Km. 64.700) of NH-752I on EPC mode in the State of Maharashtra महाराष्ट्र,https://bhoomirashi.gov.in/auth/revamp/prep_public.cshtml?nid=1&project_id=58097,115.14,98.7,16.44,0.0,0.8572173006774362
58097,2019-01-29,491 E,491E,2021-02-22,853 E,853E,755,1,deduped_nearest_subsequent_3D,False,True,MO/2018/58097,Rehabilitation and up-gradation to 2 lane road with paved shoulder of Ardhapur to Himayatnagar (Design Chainage Km. 0.00 to Km. 64.700) of NH-752I on EPC mode in the State of Maharashtra महाराष्ट्र,https://bhoomirashi.gov.in/auth/revamp/prep_public.cshtml?nid=1&project_id=58097,115.14,98.7,16.44,0.0,0.8572173006774362
58097,2020-08-11,2728 E,2728E,2021-06-09,2204 E,2204E,302,0,deduped_nearest_subsequent_3D,False,True,MO/2018/58097,Rehabilitation and up-gradation to 2 lane road with paved shoulder of Ardhapur to Himayatnagar (Design Chainage Km. 0.00 to Km. 64.700) of NH-752I on EPC mode in the State of Maharashtra महाराष्ट्र,https://bhoomirashi.gov.in/auth/revamp/prep_public.cshtml?nid=1&project_id=58097,115.14,98.7,16.44,0.0,0.8572173006774362
58097,2021-02-22,801 E,801E,2024-02-19,S.O. 781(E).,SO781E,1092,1,deduped_nearest_subsequent_3D,False,True,MO/2018/58097,Rehabilitation and up-gradation to 2 lane road with paved shoulder of Ardhapur to Himayatnagar (Design Chainage Km. 0.00 to Km. 64.700) of NH-752I on EPC mode in the State of Maharashtra महाराष्ट्र,https://bhoomirashi.gov.in/auth/revamp/prep_public.cshtml?nid=1&project_id=58097,115.14,98.7,16.44,0.0,0.8572173006774362
58097,2023-05-02,S.O. 2019(E).,SO2019E,2025-06-13,S.O. 2595(E).,SO2595E,773,1,deduped_nearest_subsequent_3D,False,True,MO/2018/58097,Rehabilitation and up-gradation to 2 lane road with paved shoulder of Ardhapur to Himayatnagar (Design Chainage Km. 0.00 to Km. 64.700) of NH-752I on EPC mode in the State of Maharashtra महाराष्ट्र,https://bhoomirashi.gov.in/auth/revamp/prep_public.cshtml?nid=1&project_id=58097,115.14,98.7,16.44,0.0,0.8572173006774362
58099,2020-02-10,647 (E),647E,2021-02-23,843 E,843E,379,1,deduped_nearest_subsequent_3D,False,True,MO/2018/58099,Up-gradation to 2 lane road with paved shoulder of Nanded Kinwat Mahur Arni road Section from Sarsam BR of NH1661A (Chainage Km. 33.000) to Kothari (Ch Km. 90.000) on EPC mode in the State of Maharashtra महाराष्ट्र,https://bhoomirashi.gov.in/auth/revamp/prep_public.cshtml?nid=1&project_id=58099,188.06,176.6,11.46,0.15,0.9390620014888865
58099,2020-08-28,2930 E,2930E,2022-02-15,672 E,672E,536,1,deduped_nearest_subsequent_3D,False,True,MO/2018/58099,Up-gradation to 2 lane road with paved shoulder of Nanded Kinwat Mahur Arni road Section from Sarsam BR of NH1661A (Chainage Km. 33.000) to Kothari (Ch Km. 90.000) on EPC mode in the State of Maharashtra महाराष्ट्र,https://bhoomirashi.gov.in/auth/revamp/prep_public.cshtml?nid=1&project_id=58099,188.06,176.6,11.46,0.15,0.9390620014888865
58099,2021-04-12,1560 E,1560E,2022-03-03,981 E,981E,325,0,deduped_nearest_subsequent_3D,False,True,MO/2018/58099,Up-gradation to 2 lane road with paved shoulder of Nanded Kinwat Mahur Arni road Section from Sarsam BR of NH1661A (Chainage Km. 33.000) to Kothari (Ch Km. 90.000) on EPC mode in the State of Maharashtra महाराष्ट्र,https://bhoomirashi.gov.in/auth/revamp/prep_public.cshtml?nid=1&project_id=58099,188.06,176.6,11.46,0.15,0.9390620014888865
58099,2021-05-13,1875 E,1875E,2023-12-22,S.O. 5433(E).,SO5433E,953,1,deduped_nearest_subsequent_3D,False,True,MO/2018/58099,Up-gradation to 2 lane road with paved shoulder of Nanded Kinwat Mahur Arni road Section from Sarsam BR of NH1661A (Chainage Km. 33.000) to Kothari (Ch Km. 90.000) on EPC mode in the State of Maharashtra महाराष्ट्र,https://bhoomirashi.gov.in/auth/revamp/prep_public.cshtml?nid=1&project_id=58099,188.06,176.6,11.46,0.15,0.9390620014888865
58101,2018-11-15,5783,5783,2020-07-29,2502 E,2502E,622,1,deduped_nearest_subsequent_3D,False,True,MO/2018/58101,Up-gradation to 2 lane road with paved shoulders/four lane configuration of Bhokar (Km. 21.00) to Sarsam (Km. 54.000) Budruk section of NH-161A (Desing Ch 0.000 Km. to Ch. 33.000Km) on EPC mode in the State of Maharashtra महाराष्ट्र,https://bhoomirashi.gov.in/auth/revamp/prep_public.cshtml?nid=1&project_id=58101,101.52,85.08,16.44,0.0,0.8380614657210402
58101,2020-02-10,644,644,2020-11-03,3970 E,3970E,267,0,deduped_nearest_subsequent_3D,False,True,MO/2018/58101,Up-gradation to 2 lane road with paved shoulders/four lane configuration of Bhokar (Km. 21.00) to Sarsam (Km. 54.000) Budruk section of NH-161A (Desing Ch 0.000 Km. to Ch. 33.000Km) on EPC mode in the State of Maharashtra महाराष्ट्र,https://bhoomirashi.gov.in/auth/revamp/prep_public.cshtml?nid=1&project_id=58101,101.52,85.08,16.44,0.0,0.8380614657210402
58102,2012-01-19,859 (E),859E,2012-09-04,2026E,2026E,229,0,deduped_nearest_subsequent_3D,False,True,MO/2018/58102,UPGRADATION OF REWA MP/UP BORDER SECTION OF NH-7 (REWA-HANUMANA) IN THE STATE OF MADHYA PRADESH FROM KM 140.600 TO KM 229.830 अपग्रडेशन ऑफ़ रीवा - हनुमना राष्ट्रीय राज मार्ग क्रमांक ७ किमी १४०+६०० से किमी २२९+८३० तक मध्य प्रदेश राज्य में,https://bhoomirashi.gov.in/auth/revamp/prep_public.cshtml?nid=1&project_id=58102,325.0,200.0,125.0,0.06,0.6153846153846154
58102,2012-01-19,RW/NH-37014/2/2011/NHDP-IVA,RWNH3701422011NHDPIVA,2012-09-04,S.O 2026,SO2026,229,0,deduped_nearest_subsequent_3D,False,True,MO/2018/58102,UPGRADATION OF REWA MP/UP BORDER SECTION OF NH-7 (REWA-HANUMANA) IN THE STATE OF MADHYA PRADESH FROM KM 140.600 TO KM 229.830 अपग्रडेशन ऑफ़ रीवा - हनुमना राष्ट्रीय राज मार्ग क्रमांक ७ किमी १४०+६०० से किमी २२९+८३० तक मध्य प्रदेश राज्य में,https://bhoomirashi.gov.in/auth/revamp/prep_public.cshtml?nid=1&project_id=58102,325.0,200.0,125.0,0.06,0.6153846153846154
58102,2012-01-19,S.O 0859 (E),SO0859E,2012-09-04,S.O.2026(E),SO2026E,229,0,deduped_nearest_subsequent_3D,False,True,MO/2018/58102,UPGRADATION OF REWA MP/UP BORDER SECTION OF NH-7 (REWA-HANUMANA) IN THE STATE OF MADHYA PRADESH FROM KM 140.600 TO KM 229.830 अपग्रडेशन ऑफ़ रीवा - हनुमना राष्ट्रीय राज मार्ग क्रमांक ७ किमी १४०+६०० से किमी २२९+८३० तक मध्य प्रदेश राज्य में,https://bhoomirashi.gov.in/auth/revamp/prep_public.cshtml?nid=1&project_id=58102,325.0,200.0,125.0,0.06,0.6153846153846154
58102,2012-01-19,S.O 859E,SO859E,2012-09-04,S.O 2562(E),SO2562E,229,0,deduped_nearest_subsequent_3D,False,True,MO/2018/58102,UPGRADATION OF REWA MP/UP BORDER SECTION OF NH-7 (REWA-HANUMANA) IN THE STATE OF MADHYA PRADESH FROM KM 140.600 TO KM 229.830 अपग्रडेशन ऑफ़ रीवा - हनुमना राष्ट्रीय राज मार्ग क्रमांक ७ किमी १४०+६०० से किमी २२९+८३० तक मध्य प्रदेश राज्य में,https://bhoomirashi.gov.in/auth/revamp/prep_public.cshtml?nid=1&project_id=58102,325.0,200.0,125.0,0.06,0.6153846153846154
58102,2012-01-19,S.O.93(E),SO93E,2012-09-04,S.O 93 (E),SO93E,229,0,deduped_nearest_subsequent_3D,False,True,MO/2018/58102,UPGRADATION OF REWA MP/UP BORDER SECTION OF NH-7 (REWA-HANUMANA) IN THE STATE OF MADHYA PRADESH FROM KM 140.600 TO KM 229.830 अपग्रडेशन ऑफ़ रीवा - हनुमना राष्ट्रीय राज मार्ग क्रमांक ७ किमी १४०+६०० से किमी २२९+८३० तक मध्य प्रदेश राज्य में,https://bhoomirashi.gov.in/auth/revamp/prep_public.cshtml?nid=1&project_id=58102,325.0,200.0,125.0,0.06,0.6153846153846154
58102,2012-04-20,SO859(E),SO859E,2012-10-26,S.O.2026(E),SO2026E,189,0,deduped_nearest_subsequent_3D,False,True,MO/2018/58102,UPGRADATION OF REWA MP/UP BORDER SECTION OF NH-7 (REWA-HANUMANA) IN THE STATE OF MADHYA PRADESH FROM KM 140.600 TO KM 229.830 अपग्रडेशन ऑफ़ रीवा - हनुमना राष्ट्रीय राज मार्ग क्रमांक ७ किमी १४०+६०० से किमी २२९+८३० तक मध्य प्रदेश राज्य में,https://bhoomirashi.gov.in/auth/revamp/prep_public.cshtml?nid=1&project_id=58102,325.0,200.0,125.0,0.06,0.6153846153846154
58102,2018-10-09,5236,5236,2019-09-24,3448,3448,350,0,deduped_nearest_subsequent_3D,False,True,MO/2018/58102,UPGRADATION OF REWA MP/UP BORDER SECTION OF NH-7 (REWA-HANUMANA) IN THE STATE OF MADHYA PRADESH FROM KM 140.600 TO KM 229.830 अपग्रडेशन ऑफ़ रीवा - हनुमना राष्ट्रीय राज मार्ग क्रमांक ७ किमी १४०+६०० से किमी २२९+८३० तक मध्य प्रदेश राज्य में,https://bhoomirashi.gov.in/auth/revamp/prep_public.cshtml?nid=1&project_id=58102,325.0,200.0,125.0,0.06,0.6153846153846154
58102,2023-01-25,S.O.428(E),SO428E,2023-05-03,S.O.2104(E),SO2104E,98,0,deduped_nearest_subsequent_3D,False,True,MO/2018/58102,UPGRADATION OF REWA MP/UP BORDER SECTION OF NH-7 (REWA-HANUMANA) IN THE STATE OF MADHYA PRADESH FROM KM 140.600 TO KM 229.830 अपग्रडेशन ऑफ़ रीवा - हनुमना राष्ट्रीय राज मार्ग क्रमांक ७ किमी १४०+६०० से किमी २२९+८३० तक मध्य प्रदेश राज्य में,https://bhoomirashi.gov.in/auth/revamp/prep_public.cshtml?nid=1&project_id=58102,325.0,200.0,125.0,0.06,0.6153846153846154
58106,2020-10-23,3783 E,3783E,2021-03-10,1122 E,1122E,138,0,deduped_nearest_subsequent_3D,False,True,MO/2018/58106,Upgradation to two lane with paved shoulder from Malewada to Chimur section km 16/00 to 47/700 of NH 353E on EPC mode in the state of Maharashtra महाराष्ट्र,https://bhoomirashi.gov.in/auth/revamp/prep_public.cshtml?nid=1&project_id=58106,84.966,70.086,14.88,0.02,0.8248711249205565
58106,2022-12-29,S.O. 6124 (E).,SO6124E,2023-05-03,S.O. 2109(E).,SO2109E,125,0,deduped_nearest_subsequent_3D,False,True,MO/2018/58106,Upgradation to two lane with paved shoulder from Malewada to Chimur section km 16/00 to 47/700 of NH 353E on EPC mode in the state of Maharashtra महाराष्ट्र,https://bhoomirashi.gov.in/auth/revamp/prep_public.cshtml?nid=1&project_id=58106,84.966,70.086,14.88,0.02,0.8248711249205565
58106,2023-05-03,S.O. 2096(E).,SO2096E,2023-07-31,S.O. 3417(E).,SO3417E,89,0,deduped_nearest_subsequent_3D,False,True,MO/2018/58106,Upgradation to two lane with paved shoulder from Malewada to Chimur section km 16/00 to 47/700 of NH 353E on EPC mode in the state of Maharashtra महाराष्ट्र,https://bhoomirashi.gov.in/auth/revamp/prep_public.cshtml?nid=1&project_id=58106,84.966,70.086,14.88,0.02,0.8248711249205565
58107,2020-09-24,3288 E,3288E,2022-07-28,S.O. 3482(E).,SO3482E,672,1,deduped_nearest_subsequent_3D,False,True,MO/2018/58107,Estimate of package II Upgradation to two lane with paved shoulder from Chimur to Warora km 47/700 to 98/350 (Pack II) (Excluding 52/700 to 60/600) of MH-353E on EPC mode in the State of Maharashtra महाराष्ट्र,https://bhoomirashi.gov.in/auth/revamp/prep_public.cshtml?nid=1&project_id=58107,130.281,112.224,18.057,0.0,0.8613995901167476
58107,2021-12-02,4945 E,4945E,2023-03-10,S.O. 1132(E).,SO1132E,463,1,deduped_nearest_subsequent_3D,False,True,MO/2018/58107,Estimate of package II Upgradation to two lane with paved shoulder from Chimur to Warora km 47/700 to 98/350 (Pack II) (Excluding 52/700 to 60/600) of MH-353E on EPC mode in the State of Maharashtra महाराष्ट्र,https://bhoomirashi.gov.in/auth/revamp/prep_public.cshtml?nid=1&project_id=58107,130.281,112.224,18.057,0.0,0.8613995901167476
58108,2020-07-30,2538 E,2538E,2021-03-10,1124 E,1124E,223,0,deduped_nearest_subsequent_3D,False,True,MO/2018/58108,Rehabilitation and Up-gradation of Karad to Vita section of National Highway NH-166E from existing Km. 134.617 to Km. 182.117 (Design Km. 00.000 to Km. 47.500) in the state of Maharashtra on EPC mode (Total Lenght = 47.500Km) 47.500Km),https://bhoomirashi.gov.in/auth/revamp/prep_public.cshtml?nid=1&project_id=58108,95.3,85.133,10.167,0.0,0.8933158447009444
58108,2020-08-11,2725 E,2725E,2022-03-24,1291 E,1291E,590,1,deduped_nearest_subsequent_3D,False,True,MO/2018/58108,Rehabilitation and Up-gradation of Karad to Vita section of National Highway NH-166E from existing Km. 134.617 to Km. 182.117 (Design Km. 00.000 to Km. 47.500) in the state of Maharashtra on EPC mode (Total Lenght = 47.500Km) 47.500Km),https://bhoomirashi.gov.in/auth/revamp/prep_public.cshtml?nid=1&project_id=58108,95.3,85.133,10.167,0.0,0.8933158447009444
58109,2020-05-26,1652 E,1652E,2021-04-07,1474 E,1474E,316,0,deduped_nearest_subsequent_3D,False,True,MO/2018/58109,Rehabilitation and Up-gradation of Vita to Nagaj section of National Highway NH-166E from existing Km. 182.117 to Km. 228.772 (Design Km. 47.500 to Km. 94.155) to Two lane with paved shoulders in the state of Maharashtra on EPC mode (Total Lenght = 46.655Km) 46.655Km),https://bhoomirashi.gov.in/auth/revamp/prep_public.cshtml?nid=1&project_id=58109,184.12,56.78,127.34,0.0,0.3083858353247882
58109,2020-09-15,3166 E,3166E,2021-05-24,1988 E,1988E,251,0,deduped_nearest_subsequent_3D,False,True,MO/2018/58109,Rehabilitation and Up-gradation of Vita to Nagaj section of National Highway NH-166E from existing Km. 182.117 to Km. 228.772 (Design Km. 47.500 to Km. 94.155) to Two lane with paved shoulders in the state of Maharashtra on EPC mode (Total Lenght = 46.655Km) 46.655Km),https://bhoomirashi.gov.in/auth/revamp/prep_public.cshtml?nid=1&project_id=58109,184.12,56.78,127.34,0.0,0.3083858353247882
58109,2021-04-07,1490 E,1490E,2021-07-09,2749 E,2749E,93,0,deduped_nearest_subsequent_3D,False,True,MO/2018/58109,Rehabilitation and Up-gradation of Vita to Nagaj section of National Highway NH-166E from existing Km. 182.117 to Km. 228.772 (Design Km. 47.500 to Km. 94.155) to Two lane with paved shoulders in the state of Maharashtra on EPC mode (Total Lenght = 46.655Km) 46.655Km),https://bhoomirashi.gov.in/auth/revamp/prep_public.cshtml?nid=1&project_id=58109,184.12,56.78,127.34,0.0,0.3083858353247882
58109,2021-06-09,2224 E,2224E,2022-06-23,S.O. 2838(E).,SO2838E,379,1,deduped_nearest_subsequent_3D,False,True,MO/2018/58109,Rehabilitation and Up-gradation of Vita to Nagaj section of National Highway NH-166E from existing Km. 182.117 to Km. 228.772 (Design Km. 47.500 to Km. 94.155) to Two lane with paved shoulders in the state of Maharashtra on EPC mode (Total Lenght = 46.655Km) 46.655Km),https://bhoomirashi.gov.in/auth/revamp/prep_public.cshtml?nid=1&project_id=58109,184.12,56.78,127.34,0.0,0.3083858353247882
58109,2022-01-11,132 E,132E,2022-07-22,S.O. 3338(E).,SO3338E,192,0,deduped_nearest_subsequent_3D,False,True,MO/2018/58109,Rehabilitation and Up-gradation of Vita to Nagaj section of National Highway NH-166E from existing Km. 182.117 to Km. 228.772 (Design Km. 47.500 to Km. 94.155) to Two lane with paved shoulders in the state of Maharashtra on EPC mode (Total Lenght = 46.655Km) 46.655Km),https://bhoomirashi.gov.in/auth/revamp/prep_public.cshtml?nid=1&project_id=58109,184.12,56.78,127.34,0.0,0.3083858353247882
58109,2022-04-19,S.O. 1868(E),SO1868E,2022-12-16,S.O. 5904(E).,SO5904E,241,0,deduped_nearest_subsequent_3D,False,True,MO/2018/58109,Rehabilitation and Up-gradation of Vita to Nagaj section of National Highway NH-166E from existing Km. 182.117 to Km. 228.772 (Design Km. 47.500 to Km. 94.155) to Two lane with paved shoulders in the state of Maharashtra on EPC mode (Total Lenght = 46.655Km) 46.655Km),https://bhoomirashi.gov.in/auth/revamp/prep_public.cshtml?nid=1&project_id=58109,184.12,56.78,127.34,0.0,0.3083858353247882
58112,2020-09-11,3112 E,3112E,2021-01-13,133 E,133E,124,0,deduped_nearest_subsequent_3D,False,True,MO/2018/58112,Upgradation of two lane with Paved shoulder from Gadchiroli - Mul Section from 189/00 to 229/692 & From km 232/289 to km 233/414 of NH 930 Jhalamala - Balod _ Kusumkasa _ Murumgaon _ Dhanora - Gadchiroli - mul - Chandrapur section (Package 2) on EPC Modein the State of Maharashtra महाराष्ट्र,https://bhoomirashi.gov.in/auth/revamp/prep_public.cshtml?nid=1&project_id=58112,108.881,99.881,9.0,0.0,0.917340950211699
58112,2022-01-10,109 E,109E,2023-08-23,S.O. 3764(E).,SO3764E,590,1,deduped_nearest_subsequent_3D,False,True,MO/2018/58112,Upgradation of two lane with Paved shoulder from Gadchiroli - Mul Section from 189/00 to 229/692 & From km 232/289 to km 233/414 of NH 930 Jhalamala - Balod _ Kusumkasa _ Murumgaon _ Dhanora - Gadchiroli - mul - Chandrapur section (Package 2) on EPC Modein the State of Maharashtra महाराष्ट्र,https://bhoomirashi.gov.in/auth/revamp/prep_public.cshtml?nid=1&project_id=58112,108.881,99.881,9.0,0.0,0.917340950211699
58113,2019-07-06,2400 E,2400E,2020-12-15,4543 E,4543E,528,1,deduped_nearest_subsequent_3D,False,True,MO/2018/58113,Estimate for the work of improvment of road to two lane with paved shoulder from Bamni Km. 242.150 to near Ashti Km. 284.400 section of NH-353B in the state of Maharashtra on EPC mode मोड,https://bhoomirashi.gov.in/auth/revamp/prep_public.cshtml?nid=1&project_id=58113,113.67,104.0,9.67,0.0,0.9149291809624351
58113,2019-07-06,2401 E,2401E,2020-12-31,4802 E,4802E,544,1,deduped_nearest_subsequent_3D,False,True,MO/2018/58113,Estimate for the work of improvment of road to two lane with paved shoulder from Bamni Km. 242.150 to near Ashti Km. 284.400 section of NH-353B in the state of Maharashtra on EPC mode मोड,https://bhoomirashi.gov.in/auth/revamp/prep_public.cshtml?nid=1&project_id=58113,113.67,104.0,9.67,0.0,0.9149291809624351
58118,2015-10-06,2715 (E),2715E,2016-02-01,S.O 307(E),SO307E,118,0,deduped_nearest_subsequent_3D,False,True,MO/2018/58118,Rehabilitation and upgradation of NH-66 from Km 281/300 to km 332/200 ( Kante-Waked Section) to four lane in the state of Maharashtra under NHDP-IV on Hybrid Annuity mode मोड,https://bhoomirashi.gov.in/auth/revamp/prep_public.cshtml?nid=1&project_id=58118,226.55,120.5,106.05,0.048,0.531891414698742
58118,2015-11-16,3191 (E),3191E,2016-03-10,1061 (E),1061E,115,0,deduped_nearest_subsequent_3D,False,True,MO/2018/58118,Rehabilitation and upgradation of NH-66 from Km 281/300 to km 332/200 ( Kante-Waked Section) to four lane in the state of Maharashtra under NHDP-IV on Hybrid Annuity mode मोड,https://bhoomirashi.gov.in/auth/revamp/prep_public.cshtml?nid=1&project_id=58118,226.55,120.5,106.05,0.048,0.531891414698742
58118,2015-11-26,3191 (E),3191E,2016-03-10,1065 (E),1065E,105,0,deduped_nearest_subsequent_3D,False,True,MO/2018/58118,Rehabilitation and upgradation of NH-66 from Km 281/300 to km 332/200 ( Kante-Waked Section) to four lane in the state of Maharashtra under NHDP-IV on Hybrid Annuity mode मोड,https://bhoomirashi.gov.in/auth/revamp/prep_public.cshtml?nid=1&project_id=58118,226.55,120.5,106.05,0.048,0.531891414698742
58118,2016-03-10,1066 (E),1066E,2016-10-10,3198 (E),3198E,214,0,deduped_nearest_subsequent_3D,False,True,MO/2018/58118,Rehabilitation and upgradation of NH-66 from Km 281/300 to km 332/200 ( Kante-Waked Section) to four lane in the state of Maharashtra under NHDP-IV on Hybrid Annuity mode मोड,https://bhoomirashi.gov.in/auth/revamp/prep_public.cshtml?nid=1&project_id=58118,226.55,120.5,106.05,0.048,0.531891414698742
58118,2016-03-10,3191 (E),3191E,2017-08-08,2502 (E),2502E,516,1,deduped_nearest_subsequent_3D,False,True,MO/2018/58118,Rehabilitation and upgradation of NH-66 from Km 281/300 to km 332/200 ( Kante-Waked Section) to four lane in the state of Maharashtra under NHDP-IV on Hybrid Annuity mode मोड,https://bhoomirashi.gov.in/auth/revamp/prep_public.cshtml?nid=1&project_id=58118,226.55,120.5,106.05,0.048,0.531891414698742
58118,2016-10-16,4072 (E),4072E,2018-10-26,5472,5472,740,1,deduped_nearest_subsequent_3D,False,True,MO/2018/58118,Rehabilitation and upgradation of NH-66 from Km 281/300 to km 332/200 ( Kante-Waked Section) to four lane in the state of Maharashtra under NHDP-IV on Hybrid Annuity mode मोड,https://bhoomirashi.gov.in/auth/revamp/prep_public.cshtml?nid=1&project_id=58118,226.55,120.5,106.05,0.048,0.531891414698742
58118,2016-12-16,3191 (E),3191E,2018-11-15,5780,5780,699,1,deduped_nearest_subsequent_3D,False,True,MO/2018/58118,Rehabilitation and upgradation of NH-66 from Km 281/300 to km 332/200 ( Kante-Waked Section) to four lane in the state of Maharashtra under NHDP-IV on Hybrid Annuity mode मोड,https://bhoomirashi.gov.in/auth/revamp/prep_public.cshtml?nid=1&project_id=58118,226.55,120.5,106.05,0.048,0.531891414698742
58118,2016-12-16,4072 (E),4072E,2019-03-08,1274(E),1274E,812,1,deduped_nearest_subsequent_3D,False,True,MO/2018/58118,Rehabilitation and upgradation of NH-66 from Km 281/300 to km 332/200 ( Kante-Waked Section) to four lane in the state of Maharashtra under NHDP-IV on Hybrid Annuity mode मोड,https://bhoomirashi.gov.in/auth/revamp/prep_public.cshtml?nid=1&project_id=58118,226.55,120.5,106.05,0.048,0.531891414698742
58118,2018-01-02,19E,19E,2019-03-08,1336(E),1336E,430,1,deduped_nearest_subsequent_3D,False,True,MO/2018/58118,Rehabilitation and upgradation of NH-66 from Km 281/300 to km 332/200 ( Kante-Waked Section) to four lane in the state of Maharashtra under NHDP-IV on Hybrid Annuity mode मोड,https://bhoomirashi.gov.in/auth/revamp/prep_public.cshtml?nid=1&project_id=58118,226.55,120.5,106.05,0.048,0.531891414698742
58118,2018-03-27,1374E,1374E,2020-06-17,1933 E,1933E,813,1,deduped_nearest_subsequent_3D,False,True,MO/2018/58118,Rehabilitation and upgradation of NH-66 from Km 281/300 to km 332/200 ( Kante-Waked Section) to four lane in the state of Maharashtra under NHDP-IV on Hybrid Annuity mode मोड,https://bhoomirashi.gov.in/auth/revamp/prep_public.cshtml?nid=1&project_id=58118,226.55,120.5,106.05,0.048,0.531891414698742
58118,2018-10-25,5412,5412,2021-03-10,1123 E,1123E,867,1,deduped_nearest_subsequent_3D,False,True,MO/2018/58118,Rehabilitation and upgradation of NH-66 from Km 281/300 to km 332/200 ( Kante-Waked Section) to four lane in the state of Maharashtra under NHDP-IV on Hybrid Annuity mode मोड,https://bhoomirashi.gov.in/auth/revamp/prep_public.cshtml?nid=1&project_id=58118,226.55,120.5,106.05,0.048,0.531891414698742
58118,2019-06-25,2083 E,2083E,2021-05-07,1800 E,1800E,682,1,deduped_nearest_subsequent_3D,False,True,MO/2018/58118,Rehabilitation and upgradation of NH-66 from Km 281/300 to km 332/200 ( Kante-Waked Section) to four lane in the state of Maharashtra under NHDP-IV on Hybrid Annuity mode मोड,https://bhoomirashi.gov.in/auth/revamp/prep_public.cshtml?nid=1&project_id=58118,226.55,120.5,106.05,0.048,0.531891414698742
58118,2020-07-30,2654 E,2654E,2022-05-27,S.O. 2421(E).,SO2421E,666,1,deduped_nearest_subsequent_3D,False,True,MO/2018/58118,Rehabilitation and upgradation of NH-66 from Km 281/300 to km 332/200 ( Kante-Waked Section) to four lane in the state of Maharashtra under NHDP-IV on Hybrid Annuity mode मोड,https://bhoomirashi.gov.in/auth/revamp/prep_public.cshtml?nid=1&project_id=58118,226.55,120.5,106.05,0.048,0.531891414698742
58118,2020-10-29,3915 E,3915E,2022-08-12,S.O. 3782(E).,SO3782E,652,1,deduped_nearest_subsequent_3D,False,True,MO/2018/58118,Rehabilitation and upgradation of NH-66 from Km 281/300 to km 332/200 ( Kante-Waked Section) to four lane in the state of Maharashtra under NHDP-IV on Hybrid Annuity mode मोड,https://bhoomirashi.gov.in/auth/revamp/prep_public.cshtml?nid=1&project_id=58118,226.55,120.5,106.05,0.048,0.531891414698742
58118,2022-01-10,112 E,112E,2024-01-18,,,738,1,deduped_nearest_subsequent_3D,False,True,MO/2018/58118,Rehabilitation and upgradation of NH-66 from Km 281/300 to km 332/200 ( Kante-Waked Section) to four lane in the state of Maharashtra under NHDP-IV on Hybrid Annuity mode मोड,https://bhoomirashi.gov.in/auth/revamp/prep_public.cshtml?nid=1&project_id=58118,226.55,120.5,106.05,0.048,0.531891414698742
58118,2022-06-03,S.O. 2559(E).,SO2559E,2024-09-03,S.O. 3786(E).,SO3786E,823,1,deduped_nearest_subsequent_3D,False,True,MO/2018/58118,Rehabilitation and upgradation of NH-66 from Km 281/300 to km 332/200 ( Kante-Waked Section) to four lane in the state of Maharashtra under NHDP-IV on Hybrid Annuity mode मोड,https://bhoomirashi.gov.in/auth/revamp/prep_public.cshtml?nid=1&project_id=58118,226.55,120.5,106.05,0.048,0.531891414698742
58121,2020-01-27,424 E,424E,2021-01-22,343 E,343E,361,0,deduped_nearest_subsequent_3D,False,True,MO/2018/58121,"Rehabilitation and Upgradation of Sakri - Pimpalner - Satana -Mangrul - Manmad road, NH- 752G Two lane with paved shoulder, Section - IV Km 104+600 to 128+650 Km कम",https://bhoomirashi.gov.in/auth/revamp/prep_public.cshtml?nid=1&project_id=58121,60.4,57.72,2.68,0.0,0.9556291390728476
58121,2021-01-19,251 E,251E,2021-07-09,2751 E,2751E,171,0,deduped_nearest_subsequent_3D,False,True,MO/2018/58121,"Rehabilitation and Upgradation of Sakri - Pimpalner - Satana -Mangrul - Manmad road, NH- 752G Two lane with paved shoulder, Section - IV Km 104+600 to 128+650 Km कम",https://bhoomirashi.gov.in/auth/revamp/prep_public.cshtml?nid=1&project_id=58121,60.4,57.72,2.68,0.0,0.9556291390728476
58122,2018-01-02,30E,30E,2020-09-01,2968 E,2968E,973,1,deduped_nearest_subsequent_3D,False,True,MO/2018/58122,"Rehabilitation and Up-gradation of Ahmednagar-Baramati-Phaltan (SH-60, SH-157 & SH-152), Pkg-I, Ahmednagar-Kinetic Chowk to Vasunde Phata from Km. 0/00 to Km.93/800 of NH-160 extn. to Two lane with paved shoulder / four lane configuration on EPC mode in the State of Maharashtra रिहैबिलिटेशन एंड अप ग्रेडेशन ऑफ़ अहमदनगर बारामती फलटण श 60 श 157",https://bhoomirashi.gov.in/auth/revamp/prep_public.cshtml?nid=1&project_id=58122,320.81,253.787,67.023,0.1351,0.7910819488170568
58122,2019-10-30,3928 E,3928E,2020-09-01,2969 E,2969E,307,0,deduped_nearest_subsequent_3D,False,True,MO/2018/58122,"Rehabilitation and Up-gradation of Ahmednagar-Baramati-Phaltan (SH-60, SH-157 & SH-152), Pkg-I, Ahmednagar-Kinetic Chowk to Vasunde Phata from Km. 0/00 to Km.93/800 of NH-160 extn. to Two lane with paved shoulder / four lane configuration on EPC mode in the State of Maharashtra रिहैबिलिटेशन एंड अप ग्रेडेशन ऑफ़ अहमदनगर बारामती फलटण श 60 श 157",https://bhoomirashi.gov.in/auth/revamp/prep_public.cshtml?nid=1&project_id=58122,320.81,253.787,67.023,0.1351,0.7910819488170568
58122,2019-12-17,4507 E,4507E,2020-10-13,3594 E,3594E,301,0,deduped_nearest_subsequent_3D,False,True,MO/2018/58122,"Rehabilitation and Up-gradation of Ahmednagar-Baramati-Phaltan (SH-60, SH-157 & SH-152), Pkg-I, Ahmednagar-Kinetic Chowk to Vasunde Phata from Km. 0/00 to Km.93/800 of NH-160 extn. to Two lane with paved shoulder / four lane configuration on EPC mode in the State of Maharashtra रिहैबिलिटेशन एंड अप ग्रेडेशन ऑफ़ अहमदनगर बारामती फलटण श 60 श 157",https://bhoomirashi.gov.in/auth/revamp/prep_public.cshtml?nid=1&project_id=58122,320.81,253.787,67.023,0.1351,0.7910819488170568
58122,2020-01-24,390 E,390E,2020-10-29,3934 E,3934E,279,0,deduped_nearest_subsequent_3D,False,True,MO/2018/58122,"Rehabilitation and Up-gradation of Ahmednagar-Baramati-Phaltan (SH-60, SH-157 & SH-152), Pkg-I, Ahmednagar-Kinetic Chowk to Vasunde Phata from Km. 0/00 to Km.93/800 of NH-160 extn. to Two lane with paved shoulder / four lane configuration on EPC mode in the State of Maharashtra रिहैबिलिटेशन एंड अप ग्रेडेशन ऑफ़ अहमदनगर बारामती फलटण श 60 श 157",https://bhoomirashi.gov.in/auth/revamp/prep_public.cshtml?nid=1&project_id=58122,320.81,253.787,67.023,0.1351,0.7910819488170568
58122,2020-01-24,NH-12014/91/2016-MAH(P-6)/3A4,NH12014912016MAHP63A4,2021-01-19,269 E,269E,361,0,deduped_nearest_subsequent_3D,False,True,MO/2018/58122,"Rehabilitation and Up-gradation of Ahmednagar-Baramati-Phaltan (SH-60, SH-157 & SH-152), Pkg-I, Ahmednagar-Kinetic Chowk to Vasunde Phata from Km. 0/00 to Km.93/800 of NH-160 extn. to Two lane with paved shoulder / four lane configuration on EPC mode in the State of Maharashtra रिहैबिलिटेशन एंड अप ग्रेडेशन ऑफ़ अहमदनगर बारामती फलटण श 60 श 157",https://bhoomirashi.gov.in/auth/revamp/prep_public.cshtml?nid=1&project_id=58122,320.81,253.787,67.023,0.1351,0.7910819488170568
58122,2020-05-20,1536 E,1536E,2021-06-30,2639 E,2639E,406,1,deduped_nearest_subsequent_3D,False,True,MO/2018/58122,"Rehabilitation and Up-gradation of Ahmednagar-Baramati-Phaltan (SH-60, SH-157 & SH-152), Pkg-I, Ahmednagar-Kinetic Chowk to Vasunde Phata from Km. 0/00 to Km.93/800 of NH-160 extn. to Two lane with paved shoulder / four lane configuration on EPC mode in the State of Maharashtra रिहैबिलिटेशन एंड अप ग्रेडेशन ऑफ़ अहमदनगर बारामती फलटण श 60 श 157",https://bhoomirashi.gov.in/auth/revamp/prep_public.cshtml?nid=1&project_id=58122,320.81,253.787,67.023,0.1351,0.7910819488170568
58122,2021-01-19,250 E,250E,2022-02-11,583 E,583E,388,1,deduped_nearest_subsequent_3D,False,True,MO/2018/58122,"Rehabilitation and Up-gradation of Ahmednagar-Baramati-Phaltan (SH-60, SH-157 & SH-152), Pkg-I, Ahmednagar-Kinetic Chowk to Vasunde Phata from Km. 0/00 to Km.93/800 of NH-160 extn. to Two lane with paved shoulder / four lane configuration on EPC mode in the State of Maharashtra रिहैबिलिटेशन एंड अप ग्रेडेशन ऑफ़ अहमदनगर बारामती फलटण श 60 श 157",https://bhoomirashi.gov.in/auth/revamp/prep_public.cshtml?nid=1&project_id=58122,320.81,253.787,67.023,0.1351,0.7910819488170568
58122,2021-06-09,2219 E,2219E,2022-06-01,2507(E),2507E,357,0,deduped_nearest_subsequent_3D,False,True,MO/2018/58122,"Rehabilitation and Up-gradation of Ahmednagar-Baramati-Phaltan (SH-60, SH-157 & SH-152), Pkg-I, Ahmednagar-Kinetic Chowk to Vasunde Phata from Km. 0/00 to Km.93/800 of NH-160 extn. to Two lane with paved shoulder / four lane configuration on EPC mode in the State of Maharashtra रिहैबिलिटेशन एंड अप ग्रेडेशन ऑफ़ अहमदनगर बारामती फलटण श 60 श 157",https://bhoomirashi.gov.in/auth/revamp/prep_public.cshtml?nid=1&project_id=58122,320.81,253.787,67.023,0.1351,0.7910819488170568
58122,2022-09-26,S.O. 4531(E).,SO4531E,2025-06-13,S.O. 2594(E).,SO2594E,991,1,deduped_nearest_subsequent_3D,False,True,MO/2018/58122,"Rehabilitation and Up-gradation of Ahmednagar-Baramati-Phaltan (SH-60, SH-157 & SH-152), Pkg-I, Ahmednagar-Kinetic Chowk to Vasunde Phata from Km. 0/00 to Km.93/800 of NH-160 extn. to Two lane with paved shoulder / four lane configuration on EPC mode in the State of Maharashtra रिहैबिलिटेशन एंड अप ग्रेडेशन ऑफ़ अहमदनगर बारामती फलटण श 60 श 157",https://bhoomirashi.gov.in/auth/revamp/prep_public.cshtml?nid=1&project_id=58122,320.81,253.787,67.023,0.1351,0.7910819488170568
58129,2020-08-11,2723 E,2723E,2022-02-04,468 E,468E,542,1,deduped_nearest_subsequent_3D,False,True,MO/2018/58129,Estimate of upgradation to two lane with paved shoulders from Aurangabad to Sillod section from Design Ch. 0.000 Km. to CH. 60.630 Km. of NH-753F to on EPC mode in the state of Maharashtra महाराष्ट्र,https://bhoomirashi.gov.in/auth/revamp/prep_public.cshtml?nid=1&project_id=58129,158.02,145.96,12.06,0.0,0.9236805467662321
58129,2020-08-11,2724 E,2724E,2022-04-05,1625 E,1625E,602,1,deduped_nearest_subsequent_3D,False,True,MO/2018/58129,Estimate of upgradation to two lane with paved shoulders from Aurangabad to Sillod section from Design Ch. 0.000 Km. to CH. 60.630 Km. of NH-753F to on EPC mode in the state of Maharashtra महाराष्ट्र,https://bhoomirashi.gov.in/auth/revamp/prep_public.cshtml?nid=1&project_id=58129,158.02,145.96,12.06,0.0,0.9236805467662321
58129,2020-10-13,3577 E,3577E,2022-05-02,2037 E,2037E,566,1,deduped_nearest_subsequent_3D,False,True,MO/2018/58129,Estimate of upgradation to two lane with paved shoulders from Aurangabad to Sillod section from Design Ch. 0.000 Km. to CH. 60.630 Km. of NH-753F to on EPC mode in the state of Maharashtra महाराष्ट्र,https://bhoomirashi.gov.in/auth/revamp/prep_public.cshtml?nid=1&project_id=58129,158.02,145.96,12.06,0.0,0.9236805467662321
58129,2021-02-17,714 E,714E,2022-12-27,S.O. 6073(E).,SO6073E,678,1,deduped_nearest_subsequent_3D,False,True,MO/2018/58129,Estimate of upgradation to two lane with paved shoulders from Aurangabad to Sillod section from Design Ch. 0.000 Km. to CH. 60.630 Km. of NH-753F to on EPC mode in the state of Maharashtra महाराष्ट्र,https://bhoomirashi.gov.in/auth/revamp/prep_public.cshtml?nid=1&project_id=58129,158.02,145.96,12.06,0.0,0.9236805467662321
58129,2021-07-08,2761 E,2761E,2023-07-26,S.O. 3358(E).,SO3358E,748,1,deduped_nearest_subsequent_3D,False,True,MO/2018/58129,Estimate of upgradation to two lane with paved shoulders from Aurangabad to Sillod section from Design Ch. 0.000 Km. to CH. 60.630 Km. of NH-753F to on EPC mode in the state of Maharashtra महाराष्ट्र,https://bhoomirashi.gov.in/auth/revamp/prep_public.cshtml?nid=1&project_id=58129,158.02,145.96,12.06,0.0,0.9236805467662321
58132,2022-11-30,S.O. 5544(E).,SO5544E,2025-01-13,S.O. 232(E).,SO232E,775,1,deduped_nearest_subsequent_3D,False,True,MO/2018/58132,Estimate of rehabilitation and upgradation of Bhokardhan-Hasnabad-Jawkheda-Rajur-Dealgaon Raja Highway NH-753M from Km. 0.00 (Kumbhari fata) to Km. 63.900 (Dealgaon Raja) and extension from Km. 17.900E (Jawkheda fata) to Km. 20.730 (Talegaon fata) total designed lenght 66.730 Km. to two lane with paved shoulders on EPC mode in the state of Maharashtra महाराष्ट्र,https://bhoomirashi.gov.in/auth/revamp/prep_public.cshtml?nid=1&project_id=58132,170.0,140.0,30.0,0.25,0.8235294117647058
58132,2024-09-25,S.O. 4210(E).,SO4210E,2025-04-17,S.O. 1776(E).,SO1776E,204,0,deduped_nearest_subsequent_3D,False,True,MO/2018/58132,Estimate of rehabilitation and upgradation of Bhokardhan-Hasnabad-Jawkheda-Rajur-Dealgaon Raja Highway NH-753M from Km. 0.00 (Kumbhari fata) to Km. 63.900 (Dealgaon Raja) and extension from Km. 17.900E (Jawkheda fata) to Km. 20.730 (Talegaon fata) total designed lenght 66.730 Km. to two lane with paved shoulders on EPC mode in the state of Maharashtra महाराष्ट्र,https://bhoomirashi.gov.in/auth/revamp/prep_public.cshtml?nid=1&project_id=58132,170.0,140.0,30.0,0.25,0.8235294117647058
58132,2025-12-16,S.O. 5812(E).,SO5812E,2026-07-01,S.O. 3545(E),SO3545E,197,0,deduped_nearest_subsequent_3D,False,True,MO/2018/58132,Estimate of rehabilitation and upgradation of Bhokardhan-Hasnabad-Jawkheda-Rajur-Dealgaon Raja Highway NH-753M from Km. 0.00 (Kumbhari fata) to Km. 63.900 (Dealgaon Raja) and extension from Km. 17.900E (Jawkheda fata) to Km. 20.730 (Talegaon fata) total designed lenght 66.730 Km. to two lane with paved shoulders on EPC mode in the state of Maharashtra महाराष्ट्र,https://bhoomirashi.gov.in/auth/revamp/prep_public.cshtml?nid=1&project_id=58132,170.0,140.0,30.0,0.25,0.8235294117647058
58137,2019-07-03,S.O2334E,SO2334E,2020-02-19,S.O. 765E,SO765E,231,0,deduped_nearest_subsequent_3D,False,True,MO/2018/58137,Rehabilitaion and upgradation of Gurjanapalli Village - Polekuru village section from (Km. 41 / 161 to 59 / 800 and Komagiri - Pasarlapudi section ( Km . 70 / 400 to 105 / 170 ) of NH - 214 (New NH - 216 ) to two lane with paved shoulder in the state of andhra Pradesh under NHDP - IV रिहैबिलिटेशन एंड अपग्रडेशन ऑफ़ गुरजनापल्ली विलेज - पोलेकुरु विलेज सेक्शन फ्रॉम (कि . मी . 41 / 161 to कि . मी . 59 / 800) एंड कोमागिरी - पसरलापुड़ी सेक्शन (कि . मी . 70 / 400 to कि . मी . 105 / 170 ) ऑफ़ एनएच - 214 (नई एनएच - 216 ) टु टू लेन विद पेव्ड शोल्डर इन द स्टेट ऑफ़ आंध्र प्रदेश अंडर एनएचडीपी - IV,https://bhoomirashi.gov.in/auth/revamp/prep_public.cshtml?nid=1&project_id=58137,190.7,0.0,190.7,0.0,0.0
58140,2020-03-05,1002 E,1002E,2021-03-02,983 E,983E,362,0,deduped_nearest_subsequent_3D,False,True,MO/2018/58140,Rehabilitation and Upgradation of Kharwandi (Tq Pathardi Dist - Ahmednagar) Jn NH-222 to Bramhnath Yelamb-Arvi-Khalapuri-Navganrajuri-Beed-Wadwani-Telgaon-Parali to two lane with paved shoulders/Four lane configurations in the state of Maharashtra Package-I 0.000 (Kharwandi) to 36+900 (Rajuri) of NH 361F ३६१फ,https://bhoomirashi.gov.in/auth/revamp/prep_public.cshtml?nid=1&project_id=58140,86.16,63.5,22.66,0.08,0.7370009285051068
58140,2020-05-15,1481 E,1481E,2021-03-12,1184 E,1184E,301,0,deduped_nearest_subsequent_3D,False,True,MO/2018/58140,Rehabilitation and Upgradation of Kharwandi (Tq Pathardi Dist - Ahmednagar) Jn NH-222 to Bramhnath Yelamb-Arvi-Khalapuri-Navganrajuri-Beed-Wadwani-Telgaon-Parali to two lane with paved shoulders/Four lane configurations in the state of Maharashtra Package-I 0.000 (Kharwandi) to 36+900 (Rajuri) of NH 361F ३६१फ,https://bhoomirashi.gov.in/auth/revamp/prep_public.cshtml?nid=1&project_id=58140,86.16,63.5,22.66,0.08,0.7370009285051068
58140,2020-06-26,2107 E,2107E,2022-03-24,1297 E,1297E,636,1,deduped_nearest_subsequent_3D,False,True,MO/2018/58140,Rehabilitation and Upgradation of Kharwandi (Tq Pathardi Dist - Ahmednagar) Jn NH-222 to Bramhnath Yelamb-Arvi-Khalapuri-Navganrajuri-Beed-Wadwani-Telgaon-Parali to two lane with paved shoulders/Four lane configurations in the state of Maharashtra Package-I 0.000 (Kharwandi) to 36+900 (Rajuri) of NH 361F ३६१फ,https://bhoomirashi.gov.in/auth/revamp/prep_public.cshtml?nid=1&project_id=58140,86.16,63.5,22.66,0.08,0.7370009285051068
58140,2020-10-15,3619 E,3619E,2022-03-24,1298 E,1298E,525,1,deduped_nearest_subsequent_3D,False,True,MO/2018/58140,Rehabilitation and Upgradation of Kharwandi (Tq Pathardi Dist - Ahmednagar) Jn NH-222 to Bramhnath Yelamb-Arvi-Khalapuri-Navganrajuri-Beed-Wadwani-Telgaon-Parali to two lane with paved shoulders/Four lane configurations in the state of Maharashtra Package-I 0.000 (Kharwandi) to 36+900 (Rajuri) of NH 361F ३६१फ,https://bhoomirashi.gov.in/auth/revamp/prep_public.cshtml?nid=1&project_id=58140,86.16,63.5,22.66,0.08,0.7370009285051068
58140,2021-06-09,2221 E,2221E,2022-06-15,S.O. 2747(E).,SO2747E,371,1,deduped_nearest_subsequent_3D,False,True,MO/2018/58140,Rehabilitation and Upgradation of Kharwandi (Tq Pathardi Dist - Ahmednagar) Jn NH-222 to Bramhnath Yelamb-Arvi-Khalapuri-Navganrajuri-Beed-Wadwani-Telgaon-Parali to two lane with paved shoulders/Four lane configurations in the state of Maharashtra Package-I 0.000 (Kharwandi) to 36+900 (Rajuri) of NH 361F ३६१फ,https://bhoomirashi.gov.in/auth/revamp/prep_public.cshtml?nid=1&project_id=58140,86.16,63.5,22.66,0.08,0.7370009285051068
58140,2021-12-02,4939 E,4939E,2022-07-22,S. O. 3333(E).,SO3333E,232,0,deduped_nearest_subsequent_3D,False,True,MO/2018/58140,Rehabilitation and Upgradation of Kharwandi (Tq Pathardi Dist - Ahmednagar) Jn NH-222 to Bramhnath Yelamb-Arvi-Khalapuri-Navganrajuri-Beed-Wadwani-Telgaon-Parali to two lane with paved shoulders/Four lane configurations in the state of Maharashtra Package-I 0.000 (Kharwandi) to 36+900 (Rajuri) of NH 361F ३६१फ,https://bhoomirashi.gov.in/auth/revamp/prep_public.cshtml?nid=1&project_id=58140,86.16,63.5,22.66,0.08,0.7370009285051068
58140,2021-12-03,4961 E,4961E,2023-08-07,S.O. 3538(E).,SO3538E,612,1,deduped_nearest_subsequent_3D,False,True,MO/2018/58140,Rehabilitation and Upgradation of Kharwandi (Tq Pathardi Dist - Ahmednagar) Jn NH-222 to Bramhnath Yelamb-Arvi-Khalapuri-Navganrajuri-Beed-Wadwani-Telgaon-Parali to two lane with paved shoulders/Four lane configurations in the state of Maharashtra Package-I 0.000 (Kharwandi) to 36+900 (Rajuri) of NH 361F ३६१फ,https://bhoomirashi.gov.in/auth/revamp/prep_public.cshtml?nid=1&project_id=58140,86.16,63.5,22.66,0.08,0.7370009285051068
58140,2022-03-02,935 E,935E,2024-01-31,,,700,1,deduped_nearest_subsequent_3D,False,True,MO/2018/58140,Rehabilitation and Upgradation of Kharwandi (Tq Pathardi Dist - Ahmednagar) Jn NH-222 to Bramhnath Yelamb-Arvi-Khalapuri-Navganrajuri-Beed-Wadwani-Telgaon-Parali to two lane with paved shoulders/Four lane configurations in the state of Maharashtra Package-I 0.000 (Kharwandi) to 36+900 (Rajuri) of NH 361F ३६१फ,https://bhoomirashi.gov.in/auth/revamp/prep_public.cshtml?nid=1&project_id=58140,86.16,63.5,22.66,0.08,0.7370009285051068
58153,2015-11-20,3192 (E),3192E,2016-03-10,1060 (E),1060E,111,0,deduped_nearest_subsequent_3D,False,True,MO/2018/58153,Rehabilitation and upgradation of Watul - Talgaon Section of NH-17 (New NH-66) from Km 332/00 to km 367/300 (Design km 165+270 to km 198+528) in the state of Maharashtra to four lanes with paved shoulder on EPC mode under NHDP-IV NHDP-िव,https://bhoomirashi.gov.in/auth/revamp/prep_public.cshtml?nid=1&project_id=58153,166.1,81.1,85.0,0.017,0.48826008428657436
58153,2015-11-26,3192 (E),3192E,2016-10-10,3200 (E),3200E,319,0,deduped_nearest_subsequent_3D,False,True,MO/2018/58153,Rehabilitation and upgradation of Watul - Talgaon Section of NH-17 (New NH-66) from Km 332/00 to km 367/300 (Design km 165+270 to km 198+528) in the state of Maharashtra to four lanes with paved shoulder on EPC mode under NHDP-IV NHDP-िव,https://bhoomirashi.gov.in/auth/revamp/prep_public.cshtml?nid=1&project_id=58153,166.1,81.1,85.0,0.017,0.48826008428657436
58153,2016-03-10,1067 (E),1067E,2017-08-08,2504 (E),2504E,516,1,deduped_nearest_subsequent_3D,False,True,MO/2018/58153,Rehabilitation and upgradation of Watul - Talgaon Section of NH-17 (New NH-66) from Km 332/00 to km 367/300 (Design km 165+270 to km 198+528) in the state of Maharashtra to four lanes with paved shoulder on EPC mode under NHDP-IV NHDP-िव,https://bhoomirashi.gov.in/auth/revamp/prep_public.cshtml?nid=1&project_id=58153,166.1,81.1,85.0,0.017,0.48826008428657436
58153,2016-12-16,4069 (A),4069A,2018-10-26,5473,5473,679,1,deduped_nearest_subsequent_3D,False,True,MO/2018/58153,Rehabilitation and upgradation of Watul - Talgaon Section of NH-17 (New NH-66) from Km 332/00 to km 367/300 (Design km 165+270 to km 198+528) in the state of Maharashtra to four lanes with paved shoulder on EPC mode under NHDP-IV NHDP-िव,https://bhoomirashi.gov.in/auth/revamp/prep_public.cshtml?nid=1&project_id=58153,166.1,81.1,85.0,0.017,0.48826008428657436
58153,2016-12-16,4069 (E),4069E,2019-03-08,1322(E),1322E,812,1,deduped_nearest_subsequent_3D,False,True,MO/2018/58153,Rehabilitation and upgradation of Watul - Talgaon Section of NH-17 (New NH-66) from Km 332/00 to km 367/300 (Design km 165+270 to km 198+528) in the state of Maharashtra to four lanes with paved shoulder on EPC mode under NHDP-IV NHDP-िव,https://bhoomirashi.gov.in/auth/revamp/prep_public.cshtml?nid=1&project_id=58153,166.1,81.1,85.0,0.017,0.48826008428657436
58153,2018-03-21,1275E,1275E,2019-03-08,1323(E),1323E,352,0,deduped_nearest_subsequent_3D,False,True,MO/2018/58153,Rehabilitation and upgradation of Watul - Talgaon Section of NH-17 (New NH-66) from Km 332/00 to km 367/300 (Design km 165+270 to km 198+528) in the state of Maharashtra to four lanes with paved shoulder on EPC mode under NHDP-IV NHDP-िव,https://bhoomirashi.gov.in/auth/revamp/prep_public.cshtml?nid=1&project_id=58153,166.1,81.1,85.0,0.017,0.48826008428657436
58153,2018-10-25,5414,5414,2019-03-08,S.O.1322(E),SO1322E,134,0,deduped_nearest_subsequent_3D,False,True,MO/2018/58153,Rehabilitation and upgradation of Watul - Talgaon Section of NH-17 (New NH-66) from Km 332/00 to km 367/300 (Design km 165+270 to km 198+528) in the state of Maharashtra to four lanes with paved shoulder on EPC mode under NHDP-IV NHDP-िव,https://bhoomirashi.gov.in/auth/revamp/prep_public.cshtml?nid=1&project_id=58153,166.1,81.1,85.0,0.017,0.48826008428657436
58153,2018-10-25,5416,5416,2019-11-29,4318 E,4318E,400,1,deduped_nearest_subsequent_3D,False,True,MO/2018/58153,Rehabilitation and upgradation of Watul - Talgaon Section of NH-17 (New NH-66) from Km 332/00 to km 367/300 (Design km 165+270 to km 198+528) in the state of Maharashtra to four lanes with paved shoulder on EPC mode under NHDP-IV NHDP-िव,https://bhoomirashi.gov.in/auth/revamp/prep_public.cshtml?nid=1&project_id=58153,166.1,81.1,85.0,0.017,0.48826008428657436
58153,2018-10-25,S.O.5413(E),SO5413E,2020-11-23,4190 E,4190E,760,1,deduped_nearest_subsequent_3D,False,True,MO/2018/58153,Rehabilitation and upgradation of Watul - Talgaon Section of NH-17 (New NH-66) from Km 332/00 to km 367/300 (Design km 165+270 to km 198+528) in the state of Maharashtra to four lanes with paved shoulder on EPC mode under NHDP-IV NHDP-िव,https://bhoomirashi.gov.in/auth/revamp/prep_public.cshtml?nid=1&project_id=58153,166.1,81.1,85.0,0.017,0.48826008428657436
58153,2019-06-25,2084 E,2084E,2021-05-07,1801 E,1801E,682,1,deduped_nearest_subsequent_3D,False,True,MO/2018/58153,Rehabilitation and upgradation of Watul - Talgaon Section of NH-17 (New NH-66) from Km 332/00 to km 367/300 (Design km 165+270 to km 198+528) in the state of Maharashtra to four lanes with paved shoulder on EPC mode under NHDP-IV NHDP-िव,https://bhoomirashi.gov.in/auth/revamp/prep_public.cshtml?nid=1&project_id=58153,166.1,81.1,85.0,0.017,0.48826008428657436
58153,2020-07-30,2541 E,2541E,2022-05-27,S.O. 2423(E),SO2423E,666,1,deduped_nearest_subsequent_3D,False,True,MO/2018/58153,Rehabilitation and upgradation of Watul - Talgaon Section of NH-17 (New NH-66) from Km 332/00 to km 367/300 (Design km 165+270 to km 198+528) in the state of Maharashtra to four lanes with paved shoulder on EPC mode under NHDP-IV NHDP-िव,https://bhoomirashi.gov.in/auth/revamp/prep_public.cshtml?nid=1&project_id=58153,166.1,81.1,85.0,0.017,0.48826008428657436
58153,2021-01-14,173 E,173E,2022-10-04,S.O. 4712(E).,SO4712E,628,1,deduped_nearest_subsequent_3D,False,True,MO/2018/58153,Rehabilitation and upgradation of Watul - Talgaon Section of NH-17 (New NH-66) from Km 332/00 to km 367/300 (Design km 165+270 to km 198+528) in the state of Maharashtra to four lanes with paved shoulder on EPC mode under NHDP-IV NHDP-िव,https://bhoomirashi.gov.in/auth/revamp/prep_public.cshtml?nid=1&project_id=58153,166.1,81.1,85.0,0.017,0.48826008428657436
58153,2021-12-03,3962 E,3962E,2023-03-29,S.O. 1491(E).,SO1491E,481,1,deduped_nearest_subsequent_3D,False,True,MO/2018/58153,Rehabilitation and upgradation of Watul - Talgaon Section of NH-17 (New NH-66) from Km 332/00 to km 367/300 (Design km 165+270 to km 198+528) in the state of Maharashtra to four lanes with paved shoulder on EPC mode under NHDP-IV NHDP-िव,https://bhoomirashi.gov.in/auth/revamp/prep_public.cshtml?nid=1&project_id=58153,166.1,81.1,85.0,0.017,0.48826008428657436
58153,2022-08-12,S.O. 3788(E).,SO3788E,2024-02-02,S.O. 463(E).,SO463E,539,1,deduped_nearest_subsequent_3D,False,True,MO/2018/58153,Rehabilitation and upgradation of Watul - Talgaon Section of NH-17 (New NH-66) from Km 332/00 to km 367/300 (Design km 165+270 to km 198+528) in the state of Maharashtra to four lanes with paved shoulder on EPC mode under NHDP-IV NHDP-िव,https://bhoomirashi.gov.in/auth/revamp/prep_public.cshtml?nid=1&project_id=58153,166.1,81.1,85.0,0.017,0.48826008428657436
58154,2019-03-07,1180,1180,2020-12-08,5079,5079,642,1,deduped_nearest_subsequent_3D,False,True,MO/2018/58154,"Prepration of DPR for newly declared NH in the State of Madhya Pradesh under Packages- I,II & IV. Details of bids proposed for approval are as below:- (NH-752B Jirapur-Susner-MP-RJ Border Road 0+000 to 40+600 k.m.) प्रिपरेसन ऑफ DPR फॉर न्यूली डिक्लियर्ड NH इन द स्टेट ऑफ मध्य प्रदेश अंडर पैकेज - I,II & IV. डिटेल्स ऑफ बीड्स प्रपोस्ड फॉर अप्रूवल अर एस बिलो:- (एनएच - 752B जीरापुर-सुसनेर-एम.पी-आर.जे बार्डर रोड 0+000 टु 40+600 कि.मी.)",https://bhoomirashi.gov.in/auth/revamp/prep_public.cshtml?nid=1&project_id=58154,113.21,67.95,45.26,0.008,0.6002119954067663
58154,2019-03-07,1181,1181,2021-11-11,4640,4640,980,1,deduped_nearest_subsequent_3D,False,True,MO/2018/58154,"Prepration of DPR for newly declared NH in the State of Madhya Pradesh under Packages- I,II & IV. Details of bids proposed for approval are as below:- (NH-752B Jirapur-Susner-MP-RJ Border Road 0+000 to 40+600 k.m.) प्रिपरेसन ऑफ DPR फॉर न्यूली डिक्लियर्ड NH इन द स्टेट ऑफ मध्य प्रदेश अंडर पैकेज - I,II & IV. डिटेल्स ऑफ बीड्स प्रपोस्ड फॉर अप्रूवल अर एस बिलो:- (एनएच - 752B जीरापुर-सुसनेर-एम.पी-आर.जे बार्डर रोड 0+000 टु 40+600 कि.मी.)",https://bhoomirashi.gov.in/auth/revamp/prep_public.cshtml?nid=1&project_id=58154,113.21,67.95,45.26,0.008,0.6002119954067663
58154,2021-02-17,715,715,2021-12-08,5077,5077,294,0,deduped_nearest_subsequent_3D,False,True,MO/2018/58154,"Prepration of DPR for newly declared NH in the State of Madhya Pradesh under Packages- I,II & IV. Details of bids proposed for approval are as below:- (NH-752B Jirapur-Susner-MP-RJ Border Road 0+000 to 40+600 k.m.) प्रिपरेसन ऑफ DPR फॉर न्यूली डिक्लियर्ड NH इन द स्टेट ऑफ मध्य प्रदेश अंडर पैकेज - I,II & IV. डिटेल्स ऑफ बीड्स प्रपोस्ड फॉर अप्रूवल अर एस बिलो:- (एनएच - 752B जीरापुर-सुसनेर-एम.पी-आर.जे बार्डर रोड 0+000 टु 40+600 कि.मी.)",https://bhoomirashi.gov.in/auth/revamp/prep_public.cshtml?nid=1&project_id=58154,113.21,67.95,45.26,0.008,0.6002119954067663
58154,2021-02-17,716,716,2022-03-10,1073(E),1073E,386,1,deduped_nearest_subsequent_3D,False,True,MO/2018/58154,"Prepration of DPR for newly declared NH in the State of Madhya Pradesh under Packages- I,II & IV. Details of bids proposed for approval are as below:- (NH-752B Jirapur-Susner-MP-RJ Border Road 0+000 to 40+600 k.m.) प्रिपरेसन ऑफ DPR फॉर न्यूली डिक्लियर्ड NH इन द स्टेट ऑफ मध्य प्रदेश अंडर पैकेज - I,II & IV. डिटेल्स ऑफ बीड्स प्रपोस्ड फॉर अप्रूवल अर एस बिलो:- (एनएच - 752B जीरापुर-सुसनेर-एम.पी-आर.जे बार्डर रोड 0+000 टु 40+600 कि.मी.)",https://bhoomirashi.gov.in/auth/revamp/prep_public.cshtml?nid=1&project_id=58154,113.21,67.95,45.26,0.008,0.6002119954067663
58154,2021-10-22,4419,4419,2022-06-30,2962,2962,251,0,deduped_nearest_subsequent_3D,False,True,MO/2018/58154,"Prepration of DPR for newly declared NH in the State of Madhya Pradesh under Packages- I,II & IV. Details of bids proposed for approval are as below:- (NH-752B Jirapur-Susner-MP-RJ Border Road 0+000 to 40+600 k.m.) प्रिपरेसन ऑफ DPR फॉर न्यूली डिक्लियर्ड NH इन द स्टेट ऑफ मध्य प्रदेश अंडर पैकेज - I,II & IV. डिटेल्स ऑफ बीड्स प्रपोस्ड फॉर अप्रूवल अर एस बिलो:- (एनएच - 752B जीरापुर-सुसनेर-एम.पी-आर.जे बार्डर रोड 0+000 टु 40+600 कि.मी.)",https://bhoomirashi.gov.in/auth/revamp/prep_public.cshtml?nid=1&project_id=58154,113.21,67.95,45.26,0.008,0.6002119954067663
58154,2021-10-27,3977,3977,2023-03-17,1249-E,1249E,506,1,deduped_nearest_subsequent_3D,False,True,MO/2018/58154,"Prepration of DPR for newly declared NH in the State of Madhya Pradesh under Packages- I,II & IV. Details of bids proposed for approval are as below:- (NH-752B Jirapur-Susner-MP-RJ Border Road 0+000 to 40+600 k.m.) प्रिपरेसन ऑफ DPR फॉर न्यूली डिक्लियर्ड NH इन द स्टेट ऑफ मध्य प्रदेश अंडर पैकेज - I,II & IV. डिटेल्स ऑफ बीड्स प्रपोस्ड फॉर अप्रूवल अर एस बिलो:- (एनएच - 752B जीरापुर-सुसनेर-एम.पी-आर.जे बार्डर रोड 0+000 टु 40+600 कि.मी.)",https://bhoomirashi.gov.in/auth/revamp/prep_public.cshtml?nid=1&project_id=58154,113.21,67.95,45.26,0.008,0.6002119954067663
58154,2021-12-09,5107,5107,2024-07-24,2085,2085,958,1,deduped_nearest_subsequent_3D,False,True,MO/2018/58154,"Prepration of DPR for newly declared NH in the State of Madhya Pradesh under Packages- I,II & IV. Details of bids proposed for approval are as below:- (NH-752B Jirapur-Susner-MP-RJ Border Road 0+000 to 40+600 k.m.) प्रिपरेसन ऑफ DPR फॉर न्यूली डिक्लियर्ड NH इन द स्टेट ऑफ मध्य प्रदेश अंडर पैकेज - I,II & IV. डिटेल्स ऑफ बीड्स प्रपोस्ड फॉर अप्रूवल अर एस बिलो:- (एनएच - 752B जीरापुर-सुसनेर-एम.पी-आर.जे बार्डर रोड 0+000 टु 40+600 कि.मी.)",https://bhoomirashi.gov.in/auth/revamp/prep_public.cshtml?nid=1&project_id=58154,113.21,67.95,45.26,0.008,0.6002119954067663
58154,2022-02-17,773,773,2024-10-25,D. L.-33004/99,DL3300499,981,1,deduped_nearest_subsequent_3D,False,True,MO/2018/58154,"Prepration of DPR for newly declared NH in the State of Madhya Pradesh under Packages- I,II & IV. Details of bids proposed for approval are as below:- (NH-752B Jirapur-Susner-MP-RJ Border Road 0+000 to 40+600 k.m.) प्रिपरेसन ऑफ DPR फॉर न्यूली डिक्लियर्ड NH इन द स्टेट ऑफ मध्य प्रदेश अंडर पैकेज - I,II & IV. डिटेल्स ऑफ बीड्स प्रपोस्ड फॉर अप्रूवल अर एस बिलो:- (एनएच - 752B जीरापुर-सुसनेर-एम.पी-आर.जे बार्डर रोड 0+000 टु 40+600 कि.मी.)",https://bhoomirashi.gov.in/auth/revamp/prep_public.cshtml?nid=1&project_id=58154,113.21,67.95,45.26,0.008,0.6002119954067663
58154,2022-11-23,5446-E,5446E,2024-12-27,5589,5589,765,1,deduped_nearest_subsequent_3D,False,True,MO/2018/58154,"Prepration of DPR for newly declared NH in the State of Madhya Pradesh under Packages- I,II & IV. Details of bids proposed for approval are as below:- (NH-752B Jirapur-Susner-MP-RJ Border Road 0+000 to 40+600 k.m.) प्रिपरेसन ऑफ DPR फॉर न्यूली डिक्लियर्ड NH इन द स्टेट ऑफ मध्य प्रदेश अंडर पैकेज - I,II & IV. डिटेल्स ऑफ बीड्स प्रपोस्ड फॉर अप्रूवल अर एस बिलो:- (एनएच - 752B जीरापुर-सुसनेर-एम.पी-आर.जे बार्डर रोड 0+000 टु 40+600 कि.मी.)",https://bhoomirashi.gov.in/auth/revamp/prep_public.cshtml?nid=1&project_id=58154,113.21,67.95,45.26,0.008,0.6002119954067663
58155,2020-06-17,1918 E,1918E,2021-04-09,1539 E,1539E,296,0,deduped_nearest_subsequent_3D,False,True,MO/2018/58155,Estimate of rehabilitation and upgradation of Sakoli-Lakhandur-Wadsa-Armori-Gadchiroli-Ashti-Aallapalli-Sironcha road NH-353C (Section Gadchiroli to Ashti) from Km. 113/650 to Km. 182/350 lenght- 68.70 Km on EPC mode in the state of Maharashtra महाराष्ट्र,https://bhoomirashi.gov.in/auth/revamp/prep_public.cshtml?nid=1&project_id=58155,173.304,165.105,8.199,0.0,0.9526900706273369
58155,2020-06-17,1919 E,1919E,2021-04-09,1540 E,1540E,296,0,deduped_nearest_subsequent_3D,False,True,MO/2018/58155,Estimate of rehabilitation and upgradation of Sakoli-Lakhandur-Wadsa-Armori-Gadchiroli-Ashti-Aallapalli-Sironcha road NH-353C (Section Gadchiroli to Ashti) from Km. 113/650 to Km. 182/350 lenght- 68.70 Km on EPC mode in the state of Maharashtra महाराष्ट्र,https://bhoomirashi.gov.in/auth/revamp/prep_public.cshtml?nid=1&project_id=58155,173.304,165.105,8.199,0.0,0.9526900706273369
58166,2019-08-07,2852 E,2852E,2019-12-30,4716 E,4716E,145,0,deduped_nearest_subsequent_3D,False,True,MO/2018/58166,Rehabilitation and Up-gradation to two/four lane with paved shoulder of Morshi â€“ Chandubazar-Achalpur Road from Km. 0.00 (Moorshi) to Km. 53.719 (Achalpur) of NH-353J on EPC mode in the state of Maharashtra Length - 53.71 Km (Job No.NH-353J-MAH-2016-17-1088 Dated 24.01.2017) 24.01.2017),https://bhoomirashi.gov.in/auth/revamp/prep_public.cshtml?nid=1&project_id=58166,128.92,120.0,8.92,0.0,0.9308098045299411
58166,2019-08-07,2853 E,2853E,2020-05-20,1540 E,1540E,287,0,deduped_nearest_subsequent_3D,False,True,MO/2018/58166,Rehabilitation and Up-gradation to two/four lane with paved shoulder of Morshi â€“ Chandubazar-Achalpur Road from Km. 0.00 (Moorshi) to Km. 53.719 (Achalpur) of NH-353J on EPC mode in the state of Maharashtra Length - 53.71 Km (Job No.NH-353J-MAH-2016-17-1088 Dated 24.01.2017) 24.01.2017),https://bhoomirashi.gov.in/auth/revamp/prep_public.cshtml?nid=1&project_id=58166,128.92,120.0,8.92,0.0,0.9308098045299411
58166,2020-01-30,519 E,519E,2022-11-29,S.O. 5521(E).,SO5521E,1034,1,deduped_nearest_subsequent_3D,False,True,MO/2018/58166,Rehabilitation and Up-gradation to two/four lane with paved shoulder of Morshi â€“ Chandubazar-Achalpur Road from Km. 0.00 (Moorshi) to Km. 53.719 (Achalpur) of NH-353J on EPC mode in the state of Maharashtra Length - 53.71 Km (Job No.NH-353J-MAH-2016-17-1088 Dated 24.01.2017) 24.01.2017),https://bhoomirashi.gov.in/auth/revamp/prep_public.cshtml?nid=1&project_id=58166,128.92,120.0,8.92,0.0,0.9308098045299411
58167,2019-08-07,2851 E,2851E,2019-12-30,4715 E,4715E,145,0,deduped_nearest_subsequent_3D,False,True,MO/2018/58167,Rehabilitation and Up-gradation to two lane with paved shoulder from Ch. 0.00 to Km. 43.00 Amravati (Nandgaon)-Morshi-Warud â€“ Pandhurana road (Section - Nandgaon Peth to Morshi) of NH-353K on EPC mode in the state of Maharashtra Length â€“ 43.00 Km. (Job No.NH-353K-MAH-2016-17-1078 Dated 24.01.2017) 24.01.2017),https://bhoomirashi.gov.in/auth/revamp/prep_public.cshtml?nid=1&project_id=58167,134.66,127.92,6.74,0.0,0.9499480172285757
58167,2019-12-02,4334 E,4334E,2020-01-09,146 E,146E,38,0,deduped_nearest_subsequent_3D,False,True,MO/2018/58167,Rehabilitation and Up-gradation to two lane with paved shoulder from Ch. 0.00 to Km. 43.00 Amravati (Nandgaon)-Morshi-Warud â€“ Pandhurana road (Section - Nandgaon Peth to Morshi) of NH-353K on EPC mode in the state of Maharashtra Length â€“ 43.00 Km. (Job No.NH-353K-MAH-2016-17-1078 Dated 24.01.2017) 24.01.2017),https://bhoomirashi.gov.in/auth/revamp/prep_public.cshtml?nid=1&project_id=58167,134.66,127.92,6.74,0.0,0.9499480172285757
58167,2020-06-17,1912 E,1912E,2021-06-16,2341 E,2341E,364,0,deduped_nearest_subsequent_3D,False,True,MO/2018/58167,Rehabilitation and Up-gradation to two lane with paved shoulder from Ch. 0.00 to Km. 43.00 Amravati (Nandgaon)-Morshi-Warud â€“ Pandhurana road (Section - Nandgaon Peth to Morshi) of NH-353K on EPC mode in the state of Maharashtra Length â€“ 43.00 Km. (Job No.NH-353K-MAH-2016-17-1078 Dated 24.01.2017) 24.01.2017),https://bhoomirashi.gov.in/auth/revamp/prep_public.cshtml?nid=1&project_id=58167,134.66,127.92,6.74,0.0,0.9499480172285757
58168,2019-12-02,4335 E,4335E,2020-04-22,1295 E,1295E,142,0,deduped_nearest_subsequent_3D,False,True,MO/2018/58168,Rehabilitation and Up-gradation to two lane with paved shoulder of Amravati -Nandgaon - Warud -Pandhurana road - Morshi to MH/MP state border from Km. 52.440 to Km. 0.00 (Design Km. 43.000 to Km. 95.390) of NH-353K on EPC mode in the state of Maharashtra (Section Morshi to Pandhurana State Border) Length 53.39 Km. (Job No.NH-353K-MAH-2016-17-1097 Dated 27.01.2017) रिहैबिलिटेशन एंड यूपी-ग्रेडेशन टीओ ट्वो लेन विथ पेव्ड शोल्डर ओएफ अमरावती -नंदगांव - वारुद -पंधुराना रोड - मोरशी टीओ ऍम्‌हॆच्‌/ऍम्‌पी स्टेट बॉर्डर फ्रॉम केऍम्‌. 52.440 टीओ केऍम्‌. 0.00 (डिजाइन केऍम्‌. 43.000 टीओ केऍम्‌. 95.390) ओएफ ऍन्‌हॆच्‌-353के ओन ईपीसी मोडे आईएन थे स्टेट ओएफ महाराष्ट्र (सेक्शन मोरशी टीओ पंधुराना स्टेट बॉर्डर) लेंग्थ 53.39 केऍम्‌. (जॉब नो.ऍन्‌हॆच्‌-353के-ऍम्‌एहॆच्‌-2016-17-1097 डेटेड 27.01.2017),https://bhoomirashi.gov.in/auth/revamp/prep_public.cshtml?nid=1&project_id=58168,162.35,151.96,10.39,0.0,0.9360024638127503
58168,2024-09-25,S.O. 4222(E).,SO4222E,2025-01-03,S.O. 54(E).,SO54E,100,0,deduped_nearest_subsequent_3D,False,True,MO/2018/58168,Rehabilitation and Up-gradation to two lane with paved shoulder of Amravati -Nandgaon - Warud -Pandhurana road - Morshi to MH/MP state border from Km. 52.440 to Km. 0.00 (Design Km. 43.000 to Km. 95.390) of NH-353K on EPC mode in the state of Maharashtra (Section Morshi to Pandhurana State Border) Length 53.39 Km. (Job No.NH-353K-MAH-2016-17-1097 Dated 27.01.2017) रिहैबिलिटेशन एंड यूपी-ग्रेडेशन टीओ ट्वो लेन विथ पेव्ड शोल्डर ओएफ अमरावती -नंदगांव - वारुद -पंधुराना रोड - मोरशी टीओ ऍम्‌हॆच्‌/ऍम्‌पी स्टेट बॉर्डर फ्रॉम केऍम्‌. 52.440 टीओ केऍम्‌. 0.00 (डिजाइन केऍम्‌. 43.000 टीओ केऍम्‌. 95.390) ओएफ ऍन्‌हॆच्‌-353के ओन ईपीसी मोडे आईएन थे स्टेट ओएफ महाराष्ट्र (सेक्शन मोरशी टीओ पंधुराना स्टेट बॉर्डर) लेंग्थ 53.39 केऍम्‌. (जॉब नो.ऍन्‌हॆच्‌-353के-ऍम्‌एहॆच्‌-2016-17-1097 डेटेड 27.01.2017),https://bhoomirashi.gov.in/auth/revamp/prep_public.cshtml?nid=1&project_id=58168,162.35,151.96,10.39,0.0,0.9360024638127503
58170,2019-07-10,2457 E,2457E,2020-05-20,1555 E,1555E,315,0,deduped_nearest_subsequent_3D,False,True,MO/2018/58170,Rehabilitation and Up-gradation to two lane with paved shoulder of Ajanta â€“ Buldhana â€“ Khamgaon â€“ Shegaon â€“ Deori road NH-548C (design Ch. Km. 0.00 to Km 22/800) (Section Khamgaon - Shegaon) on EPC mode in the state of Maharashtra (Length â€“ 22.800 Km) (Job No.NH-548C-MAH-2016-17-1112 Dated 6.02.2017) 6.02.2017),https://bhoomirashi.gov.in/auth/revamp/prep_public.cshtml?nid=1&project_id=58170,58.64,56.2584,2.3816,0.0,0.9593860845839018
58171,2020-03-05,1005 E,1005E,2020-07-29,2519 E,2519E,146,0,deduped_nearest_subsequent_3D,False,True,MO/2018/58171,Construction of New 2 lane Bridge over Purna River including approaches in Shegaon-Deori Fata Section of NH-548C in the State of Maharashta on EPC Mode.(Job No-NH-548C-MAH-2020-21-47) ईपीसी मोड पर महाराष्ट्र राज्य में NH-548C के शेगांव-देवरी फाटा खंड में पहुंच सहित पूर्णा नदी पर नए 2 लेन पुल का निर्माण। (Job No-NH-548C-MAH-2020-21-47),https://bhoomirashi.gov.in/auth/revamp/prep_public.cshtml?nid=1&project_id=58171,4.284,2.244,2.04,0.1,0.5238095238095238
58171,2024-09-25,S.O. 4220(E).,SO4220E,2025-02-21,S.O. 954(E).,SO954E,149,0,deduped_nearest_subsequent_3D,False,True,MO/2018/58171,Construction of New 2 lane Bridge over Purna River including approaches in Shegaon-Deori Fata Section of NH-548C in the State of Maharashta on EPC Mode.(Job No-NH-548C-MAH-2020-21-47) ईपीसी मोड पर महाराष्ट्र राज्य में NH-548C के शेगांव-देवरी फाटा खंड में पहुंच सहित पूर्णा नदी पर नए 2 लेन पुल का निर्माण। (Job No-NH-548C-MAH-2020-21-47),https://bhoomirashi.gov.in/auth/revamp/prep_public.cshtml?nid=1&project_id=58171,4.284,2.244,2.04,0.1,0.5238095238095238
58171,2024-11-29,S.O. 4740(E).,SO4740E,2025-07-11,S.O. 3172(E).,SO3172E,224,0,deduped_nearest_subsequent_3D,False,True,MO/2018/58171,Construction of New 2 lane Bridge over Purna River including approaches in Shegaon-Deori Fata Section of NH-548C in the State of Maharashta on EPC Mode.(Job No-NH-548C-MAH-2020-21-47) ईपीसी मोड पर महाराष्ट्र राज्य में NH-548C के शेगांव-देवरी फाटा खंड में पहुंच सहित पूर्णा नदी पर नए 2 लेन पुल का निर्माण। (Job No-NH-548C-MAH-2020-21-47),https://bhoomirashi.gov.in/auth/revamp/prep_public.cshtml?nid=1&project_id=58171,4.284,2.244,2.04,0.1,0.5238095238095238
58173,2019-09-19,3420,3420,2020-08-17,2775 E,2775E,333,0,deduped_nearest_subsequent_3D,False,True,MO/2018/58173,Rehabilitation and Up-gradation of Mantha - Lonar - Mehakar â€“ Chikhli - Khamgaon road (Section Chikhali - Khamgaon ) from Buldhana Bank Chowk near Chikhali to junction of MSH-24 and SH 222 near Khamgaon of NH-548C (Design Km. 43.962 to Km. 100.065) to two lane with paved shoulder on EPC mode in the State of Maharashtra Length â€“ 56.10 Km. (Job No.NH-548C-MAH-2016-17-1134 Dated 20.02.2017) 20.02.2017),https://bhoomirashi.gov.in/auth/revamp/prep_public.cshtml?nid=1&project_id=58173,142.94,128.86,14.08,0.0,0.9014971316636352
58173,2019-10-11,3687,3687,2020-09-17,3176 E,3176E,342,0,deduped_nearest_subsequent_3D,False,True,MO/2018/58173,Rehabilitation and Up-gradation of Mantha - Lonar - Mehakar â€“ Chikhli - Khamgaon road (Section Chikhali - Khamgaon ) from Buldhana Bank Chowk near Chikhali to junction of MSH-24 and SH 222 near Khamgaon of NH-548C (Design Km. 43.962 to Km. 100.065) to two lane with paved shoulder on EPC mode in the State of Maharashtra Length â€“ 56.10 Km. (Job No.NH-548C-MAH-2016-17-1134 Dated 20.02.2017) 20.02.2017),https://bhoomirashi.gov.in/auth/revamp/prep_public.cshtml?nid=1&project_id=58173,142.94,128.86,14.08,0.0,0.9014971316636352
58176,2011-09-28,2277,2277,2012-03-29,673,673,183,0,deduped_nearest_subsequent_3D,False,True,MO/2018/58176,"Land Acquisition on NH 7, 12A and the new Alignment connection NH-7 (Jabalpur â€“ Lakhanadone Section) with NH-12A (Jabalpur â€“ Mandla â€“ Chilpi Section) and new alignment for extension of Jabalpur Bypass beyond Panagar on NH-7 in the state of Madhya Pradesh मध्य प्रदेश राज्य में राष्ट्रीय राजमार्ग ७, १२ए और राष्ट्रीय राजमार्ग संख्या ७ (जबलपुर - लखनादौन सेक्शन) को राष्ट्रीय राजमार्ग संख्या १२ए (जबलपुर - मंडला - चिल्पी सेक्शन) के साथ जोड़ते हुए नए सरेखण और राष्ट्रीय राजमार्ग संख्या ७ पर पनानगर से आगे जबलपुर बाईपास के विस्तार के लिए",https://bhoomirashi.gov.in/auth/revamp/prep_public.cshtml?nid=1&project_id=58176,300.0,98.94,201.06,0.0,0.3298
58176,2017-09-08,2967,2967,2018-09-05,4322,4322,362,0,deduped_nearest_subsequent_3D,False,True,MO/2018/58176,"Land Acquisition on NH 7, 12A and the new Alignment connection NH-7 (Jabalpur â€“ Lakhanadone Section) with NH-12A (Jabalpur â€“ Mandla â€“ Chilpi Section) and new alignment for extension of Jabalpur Bypass beyond Panagar on NH-7 in the state of Madhya Pradesh मध्य प्रदेश राज्य में राष्ट्रीय राजमार्ग ७, १२ए और राष्ट्रीय राजमार्ग संख्या ७ (जबलपुर - लखनादौन सेक्शन) को राष्ट्रीय राजमार्ग संख्या १२ए (जबलपुर - मंडला - चिल्पी सेक्शन) के साथ जोड़ते हुए नए सरेखण और राष्ट्रीय राजमार्ग संख्या ७ पर पनानगर से आगे जबलपुर बाईपास के विस्तार के लिए",https://bhoomirashi.gov.in/auth/revamp/prep_public.cshtml?nid=1&project_id=58176,300.0,98.94,201.06,0.0,0.3298
58184,2019-07-06,2398 E,2398E,2019-11-29,4316 E,4316E,146,0,deduped_nearest_subsequent_3D,False,True,MO/2018/58184,Rehabilitation & Upgradation of Kusumba to Malegaon section of NH-160H (Design Ch. Km. 54/155 to Km. 95/500) 2 lane with paved shoulder configuration in the State of Maharashtra on EPC Mode मोड,https://bhoomirashi.gov.in/auth/revamp/prep_public.cshtml?nid=1&project_id=58184,102.0,98.0,4.0,0.0,0.9607843137254902
58185,2018-10-25,5407,5407,2019-02-04,673(E),673E,102,0,deduped_nearest_subsequent_3D,False,True,MO/2018/58185,Estimate of Upgradation to two lane with paved shoulder of Sarad - Vani - Pimpalgoan- Baswant section of NH-953 from Km. 121.500 to 161.281 on EPC mode in the state of Maharashtra महाराष्ट्र,https://bhoomirashi.gov.in/auth/revamp/prep_public.cshtml?nid=1&project_id=58185,101.0,93.0,8.0,0.0,0.9207920792079208
58185,2019-07-06,2388 E,2388E,2019-09-25,3484,3484,81,0,deduped_nearest_subsequent_3D,False,True,MO/2018/58185,Estimate of Upgradation to two lane with paved shoulder of Sarad - Vani - Pimpalgoan- Baswant section of NH-953 from Km. 121.500 to 161.281 on EPC mode in the state of Maharashtra महाराष्ट्र,https://bhoomirashi.gov.in/auth/revamp/prep_public.cshtml?nid=1&project_id=58185,101.0,93.0,8.0,0.0,0.9207920792079208
58185,2019-09-25,3457 E,3457E,2019-11-20,4175 E,4175E,56,0,deduped_nearest_subsequent_3D,False,True,MO/2018/58185,Estimate of Upgradation to two lane with paved shoulder of Sarad - Vani - Pimpalgoan- Baswant section of NH-953 from Km. 121.500 to 161.281 on EPC mode in the state of Maharashtra महाराष्ट्र,https://bhoomirashi.gov.in/auth/revamp/prep_public.cshtml?nid=1&project_id=58185,101.0,93.0,8.0,0.0,0.9207920792079208
58185,2019-11-20,4163 E,4163E,2020-05-15,1501 E,1501E,177,0,deduped_nearest_subsequent_3D,False,True,MO/2018/58185,Estimate of Upgradation to two lane with paved shoulder of Sarad - Vani - Pimpalgoan- Baswant section of NH-953 from Km. 121.500 to 161.281 on EPC mode in the state of Maharashtra महाराष्ट्र,https://bhoomirashi.gov.in/auth/revamp/prep_public.cshtml?nid=1&project_id=58185,101.0,93.0,8.0,0.0,0.9207920792079208
58186,2019-07-01,2311,2311,2020-12-18,4617,4617,536,1,deduped_nearest_subsequent_3D,False,True,MO/2018/58186,Strengthening & Widening to 2 lane with paved shoulder from km 142.05 to 167.465 of NH - 120 ( Goh - Daudnagar ) in the State of Bihar on EPC mode . राष्ट्रीय राजमार्ग सं0 - 120 के कि0मी0 142.05 (गोह) से कि0मी0 167.465( दाउदनगर ) पथांस का चौड़ीकरण एवं मजबूतीकरण कार्य |,https://bhoomirashi.gov.in/auth/revamp/prep_public.cshtml?nid=1&project_id=58186,46.15,43.85,2.3,0.0,0.9501625135427952
58186,2020-08-18,2805,2805,2021-07-26,2940,2940,342,0,deduped_nearest_subsequent_3D,False,True,MO/2018/58186,Strengthening & Widening to 2 lane with paved shoulder from km 142.05 to 167.465 of NH - 120 ( Goh - Daudnagar ) in the State of Bihar on EPC mode . राष्ट्रीय राजमार्ग सं0 - 120 के कि0मी0 142.05 (गोह) से कि0मी0 167.465( दाउदनगर ) पथांस का चौड़ीकरण एवं मजबूतीकरण कार्य |,https://bhoomirashi.gov.in/auth/revamp/prep_public.cshtml?nid=1&project_id=58186,46.15,43.85,2.3,0.0,0.9501625135427952
58190,2018-10-24,5389,5389,2019-09-25,3479,3479,336,0,deduped_nearest_subsequent_3D,False,True,MO/2018/58190,Widening to two lane with paved shoulders from Km 4.40 to 56.00 of NH-218 Bijapur-Hubli section in the state of Karnataka through EPC Mode (Job No-NH-218-KNT-2016-17-836) कर्नाटक राज्य में ईपीसी मोड (जॉब नंबर-एनएच-218-केएनटी-2016-17-836) के माध्यम से कर्नाटक राज्य में एनएच -218 बीजापुर-हुबली सेक्शन 4.40 से 56.00 तक पक्के कंधों के साथ दो लेन का चौड़ीकरण,https://bhoomirashi.gov.in/auth/revamp/prep_public.cshtml?nid=1&project_id=58190,177.94,159.08,18.86,0.0526103,0.8940092165898619
58190,2021-02-25,901,901,2022-06-09,2643(E),2643E,469,1,deduped_nearest_subsequent_3D,False,True,MO/2018/58190,Widening to two lane with paved shoulders from Km 4.40 to 56.00 of NH-218 Bijapur-Hubli section in the state of Karnataka through EPC Mode (Job No-NH-218-KNT-2016-17-836) कर्नाटक राज्य में ईपीसी मोड (जॉब नंबर-एनएच-218-केएनटी-2016-17-836) के माध्यम से कर्नाटक राज्य में एनएच -218 बीजापुर-हुबली सेक्शन 4.40 से 56.00 तक पक्के कंधों के साथ दो लेन का चौड़ीकरण,https://bhoomirashi.gov.in/auth/revamp/prep_public.cshtml?nid=1&project_id=58190,177.94,159.08,18.86,0.0526103,0.8940092165898619
58190,2021-12-09,5115,5115,2022-11-22,5419(E),5419E,348,0,deduped_nearest_subsequent_3D,False,True,MO/2018/58190,Widening to two lane with paved shoulders from Km 4.40 to 56.00 of NH-218 Bijapur-Hubli section in the state of Karnataka through EPC Mode (Job No-NH-218-KNT-2016-17-836) कर्नाटक राज्य में ईपीसी मोड (जॉब नंबर-एनएच-218-केएनटी-2016-17-836) के माध्यम से कर्नाटक राज्य में एनएच -218 बीजापुर-हुबली सेक्शन 4.40 से 56.00 तक पक्के कंधों के साथ दो लेन का चौड़ीकरण,https://bhoomirashi.gov.in/auth/revamp/prep_public.cshtml?nid=1&project_id=58190,177.94,159.08,18.86,0.0526103,0.8940092165898619
58192,2018-10-09,5230,5230,2018-12-21,6237 E,6237E,73,0,deduped_nearest_subsequent_3D,False,True,MO/2018/58192,"Rehabilitation and up gradation of stretches of SH- 317 from Kalamb- Ralegaon â€“ Wadki (existing Ch. 92+000 to 142+632, design Ch. 0+000 to 50+275 Joining NH-7) of NH-361 B to two lane with Paved shoulder on EPC mode in the State of Maharashtra (Pac-21/Amravati) (Pac-21/Amravati)",https://bhoomirashi.gov.in/auth/revamp/prep_public.cshtml?nid=1&project_id=58192,140.216,105.216,35.0,0.0,0.7503851201004164
58196,2018-11-28,5913,5913,2019-01-31,571(E),571E,64,0,deduped_nearest_subsequent_3D,False,True,MO/2018/58196,"Acquistion of land respect of National Highway No.-19 in the state of bihar on the Stretch from Km 207.200 ( Ramashish Chowk ) Hajipur , Vaishali to Km. 221.700 ( Zero Mile ). बिहार राज्य में राष्ट्रीय राजमार्ग संख्या - 19 के कि0मी0 207.200 ( रामाशीष चौक ) हाजीपुर , वैशाली से कि0मी0 221.700 ( जीरो माइल ) तक खंड पर भूमि अधिग्रहण के सम्बन्ध में |",https://bhoomirashi.gov.in/auth/revamp/prep_public.cshtml?nid=1&project_id=58196,119.642,115.612,4.03,0.0,0.966316176593504
58196,2021-01-14,167,167,2023-07-11,3096,3096,908,1,deduped_nearest_subsequent_3D,False,True,MO/2018/58196,"Acquistion of land respect of National Highway No.-19 in the state of bihar on the Stretch from Km 207.200 ( Ramashish Chowk ) Hajipur , Vaishali to Km. 221.700 ( Zero Mile ). बिहार राज्य में राष्ट्रीय राजमार्ग संख्या - 19 के कि0मी0 207.200 ( रामाशीष चौक ) हाजीपुर , वैशाली से कि0मी0 221.700 ( जीरो माइल ) तक खंड पर भूमि अधिग्रहण के सम्बन्ध में |",https://bhoomirashi.gov.in/auth/revamp/prep_public.cshtml?nid=1&project_id=58196,119.642,115.612,4.03,0.0,0.966316176593504
58213,2017-12-01,3331,3331,2018-05-25,1927,1927,175,0,deduped_nearest_subsequent_3D,False,True,MO/2018/58213,Widnening to Two lane with paved shoulders form km 59 . 500 to km 132 . 033 of manneguda - Ravulapally section of NH - 163 ( Erstwhile SH - 4 ) on EPC mode under NH ( O ) in the state of Telangana विदनेनिंग तो तवो लेन विथ पवेद शोल्डर्स फॉर्म कम ५९ . ५०० तो कम १३२ . ०३३ ऑफ़ मन्नेगुड़ा - रावलापल्ली सेक्शन ऑफ़ नह - १६३ ( ेरस्टवहिले श - ४ ) ों एप्स मोड अंडर नह ( ो ) इन थे स्टेट ऑफ़ तेलंगाना,https://bhoomirashi.gov.in/auth/revamp/prep_public.cshtml?nid=1&project_id=58213,218.8,187.3,31.5,0.0,0.8560329067641682
58213,2018-12-11,6180,6180,2019-06-26,1929,1929,197,0,deduped_nearest_subsequent_3D,False,True,MO/2018/58213,Widnening to Two lane with paved shoulders form km 59 . 500 to km 132 . 033 of manneguda - Ravulapally section of NH - 163 ( Erstwhile SH - 4 ) on EPC mode under NH ( O ) in the state of Telangana विदनेनिंग तो तवो लेन विथ पवेद शोल्डर्स फॉर्म कम ५९ . ५०० तो कम १३२ . ०३३ ऑफ़ मन्नेगुड़ा - रावलापल्ली सेक्शन ऑफ़ नह - १६३ ( ेरस्टवहिले श - ४ ) ों एप्स मोड अंडर नह ( ो ) इन थे स्टेट ऑफ़ तेलंगाना,https://bhoomirashi.gov.in/auth/revamp/prep_public.cshtml?nid=1&project_id=58213,218.8,187.3,31.5,0.0,0.8560329067641682
58213,2019-01-24,385,385,2019-11-29,4317 ( E ),4317E,309,0,deduped_nearest_subsequent_3D,False,True,MO/2018/58213,Widnening to Two lane with paved shoulders form km 59 . 500 to km 132 . 033 of manneguda - Ravulapally section of NH - 163 ( Erstwhile SH - 4 ) on EPC mode under NH ( O ) in the state of Telangana विदनेनिंग तो तवो लेन विथ पवेद शोल्डर्स फॉर्म कम ५९ . ५०० तो कम १३२ . ०३३ ऑफ़ मन्नेगुड़ा - रावलापल्ली सेक्शन ऑफ़ नह - १६३ ( ेरस्टवहिले श - ४ ) ों एप्स मोड अंडर नह ( ो ) इन थे स्टेट ऑफ़ तेलंगाना,https://bhoomirashi.gov.in/auth/revamp/prep_public.cshtml?nid=1&project_id=58213,218.8,187.3,31.5,0.0,0.8560329067641682
58217,2017-12-08,3852,3852,2018-10-25,5447,5447,321,0,deduped_nearest_subsequent_3D,False,True,MO/2018/58217,Rehabilitation and up-gradation of Kulpahar- Mahoba (Km. 133.520 to 158.040) of NH-76 & NH-86 (5.360) to Two lane with paved shoulder under EPC mode in the State of Uttar Pradesh. रिहैबिलिटेशन एंड up-ग्रेडेशन ऑफ़ Kulpahar- महोबा (Km. 133.५२० तो 158.040) ऑफ़ NH-७६ & NH-८६ (5.360) तो तवो लेन विथ पवेद शोल्डर अंडर एप्स मोड इन थे स्टेट ऑफ़ उत्तर Pradesh.,https://bhoomirashi.gov.in/auth/revamp/prep_public.cshtml?nid=1&project_id=58217,0.64,0.0,0.64,0.0,0.0
58220,2019-07-03,2333 E,2333E,2019-12-30,4717 E,4717E,180,0,deduped_nearest_subsequent_3D,False,True,MO/2018/58220,Rehabilitation and Up gradation of Rahuri-Sonai-Shani Shinganapur Road of NH-160C to Two lane with paved shoulders Design chainage KM 0+00 to KM 26+160 (Total length 26.160 km) in the state of Maharashtra on EPC Mode. रिहैबिलिटेशन एंड उप ग्रेडेशन ऑफ़ Rahuri-Sonai-शनि शिंगणापुर रोड ऑफ़ NH-१६०क तो तवो लेन विथ पवेद शोल्डर्स (डिज़ाइन चैनगे कम 0+०० तो कम 26+१६० (तोता (टोटल लेंथ 26.१६० km) इन तह४ स्टेट ऑफ़ महाराष्ट्र ों एप्स,https://bhoomirashi.gov.in/auth/revamp/prep_public.cshtml?nid=1&project_id=58220,60.288,53.59,6.698,0.0,0.8888999469214438
58220,2020-10-15,3617 E,3617E,2023-07-31,S.O. 3416(E).,SO3416E,1019,1,deduped_nearest_subsequent_3D,False,True,MO/2018/58220,Rehabilitation and Up gradation of Rahuri-Sonai-Shani Shinganapur Road of NH-160C to Two lane with paved shoulders Design chainage KM 0+00 to KM 26+160 (Total length 26.160 km) in the state of Maharashtra on EPC Mode. रिहैबिलिटेशन एंड उप ग्रेडेशन ऑफ़ Rahuri-Sonai-शनि शिंगणापुर रोड ऑफ़ NH-१६०क तो तवो लेन विथ पवेद शोल्डर्स (डिज़ाइन चैनगे कम 0+०० तो कम 26+१६० (तोता (टोटल लेंथ 26.१६० km) इन तह४ स्टेट ऑफ़ महाराष्ट्र ों एप्स,https://bhoomirashi.gov.in/auth/revamp/prep_public.cshtml?nid=1&project_id=58220,60.288,53.59,6.698,0.0,0.8888999469214438
58223,2018-03-13,1121,1121,2018-10-30,5594,5594,231,0,deduped_nearest_subsequent_3D,False,True,MO/2018/58223,Rehabilitation and up-gradation of Kabrai- Banda (Km. 178.00 to 215.00) of NH-76 in the State of Uttar Pradesh to Two lane with paved shoulder under EPC mode. रिहैबिलिटेशन एंड up-ग्रेडेशन ऑफ़ Kabrai- बाँदा (Km. 178.०० तो 215.00) ऑफ़ NH-७६ इन थे स्टेट ऑफ़ उत्तर प्रदेश तो तवो लेन विथ पवेद शोल्डर अंडर एप्स mode.,https://bhoomirashi.gov.in/auth/revamp/prep_public.cshtml?nid=1&project_id=58223,2.2112,0.0,2.2112,0.0,0.0
58246,2020-05-26,1635 E,1635E,2020-10-19,3681 E,3681E,146,0,deduped_nearest_subsequent_3D,False,True,MO/2018/58246,Rehabilitation & Up gradation to Two/Four lane with paved shoulder Configuration of NH-65-Jahirabad-Virur-(NH50)- Bhalki(NH52) Nilanga-Nitur-Latur From Km. 00/000 to Km. 64/936 (Design Chainage)- a section of new NH â€“ 752K in the State Of Maharashtra on EPC Mode मोड,https://bhoomirashi.gov.in/auth/revamp/prep_public.cshtml?nid=1&project_id=58246,192.0,182.22,9.78,0.0,0.9490625
58250,2019-09-20,3415 E,3415E,2020-07-29,2517 E,2517E,313,0,deduped_nearest_subsequent_3D,False,True,MO/2018/58250,Rehabilitation and upgradation of Mantha Taluka Border â€“ Watur Phata â€“ Ashti â€“ Majalgaon â€“ Dharur â€“ Kaij â€“ Kalamb â€“ Yermala â€“ Kusalamb â€“ Barshi section of NH No. 548C to two lane with paved shoulder from Mantha Taluka Border to Partur at Km 461/646 to Km 401/384 of NH 548C( Design Chaiange Km 0/000 at Km 51/262 ) on EPC mode in the State of Maharashtra (Sec.-I) (Sec.-I),https://bhoomirashi.gov.in/auth/revamp/prep_public.cshtml?nid=1&project_id=58250,146.78,129.16,17.62,0.11,0.8799563973293364
58250,2020-05-15,1475 E,1475E,2020-09-01,2970 E,2970E,109,0,deduped_nearest_subsequent_3D,False,True,MO/2018/58250,Rehabilitation and upgradation of Mantha Taluka Border â€“ Watur Phata â€“ Ashti â€“ Majalgaon â€“ Dharur â€“ Kaij â€“ Kalamb â€“ Yermala â€“ Kusalamb â€“ Barshi section of NH No. 548C to two lane with paved shoulder from Mantha Taluka Border to Partur at Km 461/646 to Km 401/384 of NH 548C( Design Chaiange Km 0/000 at Km 51/262 ) on EPC mode in the State of Maharashtra (Sec.-I) (Sec.-I),https://bhoomirashi.gov.in/auth/revamp/prep_public.cshtml?nid=1&project_id=58250,146.78,129.16,17.62,0.11,0.8799563973293364
58250,2020-08-28,2929 E,2929E,2022-11-29,S.O. 5520(E).,SO5520E,823,1,deduped_nearest_subsequent_3D,False,True,MO/2018/58250,Rehabilitation and upgradation of Mantha Taluka Border â€“ Watur Phata â€“ Ashti â€“ Majalgaon â€“ Dharur â€“ Kaij â€“ Kalamb â€“ Yermala â€“ Kusalamb â€“ Barshi section of NH No. 548C to two lane with paved shoulder from Mantha Taluka Border to Partur at Km 461/646 to Km 401/384 of NH 548C( Design Chaiange Km 0/000 at Km 51/262 ) on EPC mode in the State of Maharashtra (Sec.-I) (Sec.-I),https://bhoomirashi.gov.in/auth/revamp/prep_public.cshtml?nid=1&project_id=58250,146.78,129.16,17.62,0.11,0.8799563973293364
58250,2022-01-10,S.O.100(E),SO100E,2024-05-21,S.O. 2050(E).,SO2050E,862,1,deduped_nearest_subsequent_3D,False,True,MO/2018/58250,Rehabilitation and upgradation of Mantha Taluka Border â€“ Watur Phata â€“ Ashti â€“ Majalgaon â€“ Dharur â€“ Kaij â€“ Kalamb â€“ Yermala â€“ Kusalamb â€“ Barshi section of NH No. 548C to two lane with paved shoulder from Mantha Taluka Border to Partur at Km 461/646 to Km 401/384 of NH 548C( Design Chaiange Km 0/000 at Km 51/262 ) on EPC mode in the State of Maharashtra (Sec.-I) (Sec.-I),https://bhoomirashi.gov.in/auth/revamp/prep_public.cshtml?nid=1&project_id=58250,146.78,129.16,17.62,0.11,0.8799563973293364
58251,2019-10-11,3686 E,3686E,2020-05-22,1601 E,1601E,224,0,deduped_nearest_subsequent_3D,False,True,MO/2018/58251,Estimate Of Rehabilitation And Upgradation TO Two Lane With paved shoulder of section from partur to Majalgaon from KM. 51/262 to Km. 101/740 Of NH-548c on EPC mode in the State Of Maharashtra . एस्टीमेट ऑफ़ रिहैबिलिटेशन एंड उपग्रडेशन तो तवो लेन विथ पवेद शोल्डर ऑफ़ सेक्शन फ्रॉम परतुर तो मजलगाओं फ्रॉम KM. 51/२६२ तो Km. 101/७४० ऑफ़ NH-५४८क ों एप्स मोड इन थे स्टेट ऑफ़ महाराष्ट्र .,https://bhoomirashi.gov.in/auth/revamp/prep_public.cshtml?nid=1&project_id=58251,197.08,178.27,18.81,0.0,0.9045565252689263
58251,2020-03-18,1153 E,1153E,2020-11-03,3969 E,3969E,230,0,deduped_nearest_subsequent_3D,False,True,MO/2018/58251,Estimate Of Rehabilitation And Upgradation TO Two Lane With paved shoulder of section from partur to Majalgaon from KM. 51/262 to Km. 101/740 Of NH-548c on EPC mode in the State Of Maharashtra . एस्टीमेट ऑफ़ रिहैबिलिटेशन एंड उपग्रडेशन तो तवो लेन विथ पवेद शोल्डर ऑफ़ सेक्शन फ्रॉम परतुर तो मजलगाओं फ्रॉम KM. 51/२६२ तो Km. 101/७४० ऑफ़ NH-५४८क ों एप्स मोड इन थे स्टेट ऑफ़ महाराष्ट्र .,https://bhoomirashi.gov.in/auth/revamp/prep_public.cshtml?nid=1&project_id=58251,197.08,178.27,18.81,0.0,0.9045565252689263
58252,2020-01-01,35 E,35E,2020-06-12,1870 E,1870E,163,0,deduped_nearest_subsequent_3D,False,True,MO/2018/58252,Rehabilitation and upgradation of Mantha Taluka Border â€“ Watur Phata â€“ Ashti â€“ Majalgaon â€“ Dharur â€“ Kaij â€“ Kalamb â€“ Yermala â€“ Kusalamb â€“ Barshi section of NH No. 548C to two lane with paved shoulder from Majalgaon to Kaij at Km 349/906 to Km 290/888 of NH 548C ( Design Chaiange 101/740 at Km 159/258 ) on EPC mode in the State of Maharashtra (Sec.-III) (Sec.-III),https://bhoomirashi.gov.in/auth/revamp/prep_public.cshtml?nid=1&project_id=58252,173.321,160.806,12.515,0.0,0.9277929391129754
58253,2019-07-25,2647 E,2647E,2019-12-30,16,16,158,0,deduped_nearest_subsequent_3D,False,True,MO/2018/58253,Rehabilitation and upgradation of Mantha Taluka Border â€“ Watur Phata â€“ Ashti â€“ Majalgaon â€“ Dharur â€“ Kaij â€“ Kalamb â€“ Yermala â€“ Kusalamb â€“ Barshi section of NH No. 548C to two lane with paved shoulder from Kaij to Kuslamb at Km 289/888 to Km 229/160 of NH 548C ( 159/258 at Km 219/986 ) on EPC mode in the State of Maharashtra (Sec.-IV) (Sec.-IV),https://bhoomirashi.gov.in/auth/revamp/prep_public.cshtml?nid=1&project_id=58253,137.63,122.72,14.91,0.0,0.8916660611785221
58253,2020-02-07,629 (E),629E,2020-07-29,2518 E,2518E,173,0,deduped_nearest_subsequent_3D,False,True,MO/2018/58253,Rehabilitation and upgradation of Mantha Taluka Border â€“ Watur Phata â€“ Ashti â€“ Majalgaon â€“ Dharur â€“ Kaij â€“ Kalamb â€“ Yermala â€“ Kusalamb â€“ Barshi section of NH No. 548C to two lane with paved shoulder from Kaij to Kuslamb at Km 289/888 to Km 229/160 of NH 548C ( 159/258 at Km 219/986 ) on EPC mode in the State of Maharashtra (Sec.-IV) (Sec.-IV),https://bhoomirashi.gov.in/auth/revamp/prep_public.cshtml?nid=1&project_id=58253,137.63,122.72,14.91,0.0,0.8916660611785221
58253,2020-02-10,645 (E),645E,2020-11-23,4191 E,4191E,287,0,deduped_nearest_subsequent_3D,False,True,MO/2018/58253,Rehabilitation and upgradation of Mantha Taluka Border â€“ Watur Phata â€“ Ashti â€“ Majalgaon â€“ Dharur â€“ Kaij â€“ Kalamb â€“ Yermala â€“ Kusalamb â€“ Barshi section of NH No. 548C to two lane with paved shoulder from Kaij to Kuslamb at Km 289/888 to Km 229/160 of NH 548C ( 159/258 at Km 219/986 ) on EPC mode in the State of Maharashtra (Sec.-IV) (Sec.-IV),https://bhoomirashi.gov.in/auth/revamp/prep_public.cshtml?nid=1&project_id=58253,137.63,122.72,14.91,0.0,0.8916660611785221
58253,2020-08-11,2726 E,2726E,2020-11-23,4192 E,4192E,104,0,deduped_nearest_subsequent_3D,False,True,MO/2018/58253,Rehabilitation and upgradation of Mantha Taluka Border â€“ Watur Phata â€“ Ashti â€“ Majalgaon â€“ Dharur â€“ Kaij â€“ Kalamb â€“ Yermala â€“ Kusalamb â€“ Barshi section of NH No. 548C to two lane with paved shoulder from Kaij to Kuslamb at Km 289/888 to Km 229/160 of NH 548C ( 159/258 at Km 219/986 ) on EPC mode in the State of Maharashtra (Sec.-IV) (Sec.-IV),https://bhoomirashi.gov.in/auth/revamp/prep_public.cshtml?nid=1&project_id=58253,137.63,122.72,14.91,0.0,0.8916660611785221
58254,2019-10-23,3825 E,3825E,2020-09-18,3191 E,3191E,331,0,deduped_nearest_subsequent_3D,False,True,MO/2018/58254,Up-gradation of Ahmedpur (Design km 0+000 / Existing km 183+000) to PimplaJunction NH 548 D (Design Km. 55+623 / Existing Km. 127.885) of Ahmedpurâ€“Kopraâ€“Kinagaonâ€“Ambejogaiâ€“Kaijâ€“Manjarsumbhaâ€“Patodaâ€“Jamkhed SH-56 road to Two lane with paved shoulders in the state of Maharashtra (Sec.-I). (Sec.-I).,https://bhoomirashi.gov.in/auth/revamp/prep_public.cshtml?nid=1&project_id=58254,177.002,166.869,10.133,0.1082,0.9427520592987649
58254,2019-10-23,3828 E,3828E,2020-10-19,3678 E,3678E,362,0,deduped_nearest_subsequent_3D,False,True,MO/2018/58254,Up-gradation of Ahmedpur (Design km 0+000 / Existing km 183+000) to PimplaJunction NH 548 D (Design Km. 55+623 / Existing Km. 127.885) of Ahmedpurâ€“Kopraâ€“Kinagaonâ€“Ambejogaiâ€“Kaijâ€“Manjarsumbhaâ€“Patodaâ€“Jamkhed SH-56 road to Two lane with paved shoulders in the state of Maharashtra (Sec.-I). (Sec.-I).,https://bhoomirashi.gov.in/auth/revamp/prep_public.cshtml?nid=1&project_id=58254,177.002,166.869,10.133,0.1082,0.9427520592987649
58254,2019-10-23,3831 E,3831E,2020-10-19,3679 E,3679E,362,0,deduped_nearest_subsequent_3D,False,True,MO/2018/58254,Up-gradation of Ahmedpur (Design km 0+000 / Existing km 183+000) to PimplaJunction NH 548 D (Design Km. 55+623 / Existing Km. 127.885) of Ahmedpurâ€“Kopraâ€“Kinagaonâ€“Ambejogaiâ€“Kaijâ€“Manjarsumbhaâ€“Patodaâ€“Jamkhed SH-56 road to Two lane with paved shoulders in the state of Maharashtra (Sec.-I). (Sec.-I).,https://bhoomirashi.gov.in/auth/revamp/prep_public.cshtml?nid=1&project_id=58254,177.002,166.869,10.133,0.1082,0.9427520592987649
58254,2021-01-19,252 E,252E,2023-05-03,S.O. 2106(E).,SO2106E,834,1,deduped_nearest_subsequent_3D,False,True,MO/2018/58254,Up-gradation of Ahmedpur (Design km 0+000 / Existing km 183+000) to PimplaJunction NH 548 D (Design Km. 55+623 / Existing Km. 127.885) of Ahmedpurâ€“Kopraâ€“Kinagaonâ€“Ambejogaiâ€“Kaijâ€“Manjarsumbhaâ€“Patodaâ€“Jamkhed SH-56 road to Two lane with paved shoulders in the state of Maharashtra (Sec.-I). (Sec.-I).,https://bhoomirashi.gov.in/auth/revamp/prep_public.cshtml?nid=1&project_id=58254,177.002,166.869,10.133,0.1082,0.9427520592987649
58255,2019-10-23,3826 E,3826E,2020-08-26,2884 E,2884E,308,0,deduped_nearest_subsequent_3D,False,True,MO/2018/58255,Up-gradation to Two lane with Paved Shoulders of Pimpla Junction (Design km 55+615 / Existing km 127+885) to Manjarsumbha(Design Km. 137+300 / Existing Km.45+877) of Ahmedpurâ€“Kopraâ€“Kinagaonâ€“Ambejogaiâ€“Kaijâ€“Manjarsumbhaâ€“Patodaâ€“Jamkhed of NH 548 D in the state of Maharashtra on EPC mode (Sec.-II) (Sec.-II),https://bhoomirashi.gov.in/auth/revamp/prep_public.cshtml?nid=1&project_id=58255,255.281,245.031,10.25,0.0,0.9598481673136661
58264,2013-01-14,160,160,2013-10-30,3295,3295,289,0,deduped_nearest_subsequent_3D,False,True,MO/2018/58264,Rehabilitation and up-gradation to 2-lane/ 2-lane with Paved Shoulders configuration and strengthening of Fathua-Harnaut-Barh Section (Km. 0.00 to km 69.00) NH-30A in the State Bihar Under NHIIP Phase-I. विश्व बैंक सम्पोषित NHIIP Phase - 1 के अंतर्गत रा0 उच्च पथ संख्या - 30 ए ( फतुहा हरनौत बाढ़ ) में 2 लेन / 2 लेन पेभड शोल्डर के साथ पुनर्स्थापन एवम उनयन कार्य |,https://bhoomirashi.gov.in/auth/revamp/prep_public.cshtml?nid=1&project_id=58264,42.72667,0.0,42.72667,0.05,0.0
58264,2017-02-01,319,319,2017-09-13,3016,3016,224,0,deduped_nearest_subsequent_3D,False,True,MO/2018/58264,Rehabilitation and up-gradation to 2-lane/ 2-lane with Paved Shoulders configuration and strengthening of Fathua-Harnaut-Barh Section (Km. 0.00 to km 69.00) NH-30A in the State Bihar Under NHIIP Phase-I. विश्व बैंक सम्पोषित NHIIP Phase - 1 के अंतर्गत रा0 उच्च पथ संख्या - 30 ए ( फतुहा हरनौत बाढ़ ) में 2 लेन / 2 लेन पेभड शोल्डर के साथ पुनर्स्थापन एवम उनयन कार्य |,https://bhoomirashi.gov.in/auth/revamp/prep_public.cshtml?nid=1&project_id=58264,42.72667,0.0,42.72667,0.05,0.0
58264,2017-02-01,320,320,2018-09-12,4799(E),4799E,588,1,deduped_nearest_subsequent_3D,False,True,MO/2018/58264,Rehabilitation and up-gradation to 2-lane/ 2-lane with Paved Shoulders configuration and strengthening of Fathua-Harnaut-Barh Section (Km. 0.00 to km 69.00) NH-30A in the State Bihar Under NHIIP Phase-I. विश्व बैंक सम्पोषित NHIIP Phase - 1 के अंतर्गत रा0 उच्च पथ संख्या - 30 ए ( फतुहा हरनौत बाढ़ ) में 2 लेन / 2 लेन पेभड शोल्डर के साथ पुनर्स्थापन एवम उनयन कार्य |,https://bhoomirashi.gov.in/auth/revamp/prep_public.cshtml?nid=1&project_id=58264,42.72667,0.0,42.72667,0.05,0.0
58264,2017-09-13,3015,3015,2019-09-06,3226,3226,723,1,deduped_nearest_subsequent_3D,False,True,MO/2018/58264,Rehabilitation and up-gradation to 2-lane/ 2-lane with Paved Shoulders configuration and strengthening of Fathua-Harnaut-Barh Section (Km. 0.00 to km 69.00) NH-30A in the State Bihar Under NHIIP Phase-I. विश्व बैंक सम्पोषित NHIIP Phase - 1 के अंतर्गत रा0 उच्च पथ संख्या - 30 ए ( फतुहा हरनौत बाढ़ ) में 2 लेन / 2 लेन पेभड शोल्डर के साथ पुनर्स्थापन एवम उनयन कार्य |,https://bhoomirashi.gov.in/auth/revamp/prep_public.cshtml?nid=1&project_id=58264,42.72667,0.0,42.72667,0.05,0.0
58264,2019-02-22,1000,1000,2019-09-06,3228,3228,196,0,deduped_nearest_subsequent_3D,False,True,MO/2018/58264,Rehabilitation and up-gradation to 2-lane/ 2-lane with Paved Shoulders configuration and strengthening of Fathua-Harnaut-Barh Section (Km. 0.00 to km 69.00) NH-30A in the State Bihar Under NHIIP Phase-I. विश्व बैंक सम्पोषित NHIIP Phase - 1 के अंतर्गत रा0 उच्च पथ संख्या - 30 ए ( फतुहा हरनौत बाढ़ ) में 2 लेन / 2 लेन पेभड शोल्डर के साथ पुनर्स्थापन एवम उनयन कार्य |,https://bhoomirashi.gov.in/auth/revamp/prep_public.cshtml?nid=1&project_id=58264,42.72667,0.0,42.72667,0.05,0.0
58264,2019-03-07,1185,1185,2020-05-26,1637,1637,446,1,deduped_nearest_subsequent_3D,False,True,MO/2018/58264,Rehabilitation and up-gradation to 2-lane/ 2-lane with Paved Shoulders configuration and strengthening of Fathua-Harnaut-Barh Section (Km. 0.00 to km 69.00) NH-30A in the State Bihar Under NHIIP Phase-I. विश्व बैंक सम्पोषित NHIIP Phase - 1 के अंतर्गत रा0 उच्च पथ संख्या - 30 ए ( फतुहा हरनौत बाढ़ ) में 2 लेन / 2 लेन पेभड शोल्डर के साथ पुनर्स्थापन एवम उनयन कार्य |,https://bhoomirashi.gov.in/auth/revamp/prep_public.cshtml?nid=1&project_id=58264,42.72667,0.0,42.72667,0.05,0.0
58272,2018-10-30,5599,5599,2019-08-19,2975 (E),2975E,293,0,deduped_nearest_subsequent_3D,False,True,MO/2018/58272,Widening To Two Lane With Paved Shoulders From Km . 483 . 591 To 509 . 50 OF NH 234 Chinthamani To Andhra Pradesh Border Section In The State of Karnataka EPC Mode (Job No. NH-234-KNT-2016-17-812 ) वाइडनिंग टीओ ट्वो लेन विथ पेव्ड शोल्डर्स फ्रॉम केऍम्‌ . 483 . 591 टीओ 509 . 50 ओऍफ़्‌ ऍन्‌हॆच्‌ 234 चिंथमनी टीओ आंध्र प्रदेश बॉर्डर सेक्शन आईएन थे स्टेट ओएफ कर्नाटक ईपीसी मोडे (जॉब नो. ऍन्‌हॆच्‌-234-केऍन्‌टी-2016-17-812 ),https://bhoomirashi.gov.in/auth/revamp/prep_public.cshtml?nid=1&project_id=58272,100.0,40.0,60.0,0.0,0.4
58272,2018-12-11,6190,6190,2019-11-20,4201,4201,344,0,deduped_nearest_subsequent_3D,False,True,MO/2018/58272,Widening To Two Lane With Paved Shoulders From Km . 483 . 591 To 509 . 50 OF NH 234 Chinthamani To Andhra Pradesh Border Section In The State of Karnataka EPC Mode (Job No. NH-234-KNT-2016-17-812 ) वाइडनिंग टीओ ट्वो लेन विथ पेव्ड शोल्डर्स फ्रॉम केऍम्‌ . 483 . 591 टीओ 509 . 50 ओऍफ़्‌ ऍन्‌हॆच्‌ 234 चिंथमनी टीओ आंध्र प्रदेश बॉर्डर सेक्शन आईएन थे स्टेट ओएफ कर्नाटक ईपीसी मोडे (जॉब नो. ऍन्‌हॆच्‌-234-केऍन्‌टी-2016-17-812 ),https://bhoomirashi.gov.in/auth/revamp/prep_public.cshtml?nid=1&project_id=58272,100.0,40.0,60.0,0.0,0.4
58273,2019-07-11,2261,2261,2019-10-07,3625,3625,88,0,deduped_nearest_subsequent_3D,False,True,MO/2018/58273,Rehabilitation and upgradation of NH 167 from design Km. 113.900 (Mallepally) to Km. 154.479 (Haliya) to Two lane with paved shoulders in the state of Telangana on Engineering Procurement & Construction (EPC) Basis contract रिहैबिलिटेशन एंड उपग्रडेशन ऑफ़ नह १६७ फ्रॉम डिज़ाइन Km. 113.९०० (Mallepally) तो Km. 154.४७९ (Haliya) तो तवो लेन विथ पवेद शोल्डर्स इन थे स्टेट ऑफ़ तेलंगाना ों इंजीनियरिंग प्रोक्योरमेंट & कंस्ट्रक्शन (EPC) बेसिस कॉन्ट्रैक्ट,https://bhoomirashi.gov.in/auth/revamp/prep_public.cshtml?nid=1&project_id=58273,300.809,273.652,27.157,0.0,0.9097201214059418
58273,2019-08-07,2598,2598,2020-02-12,673 (E),673E,189,0,deduped_nearest_subsequent_3D,False,True,MO/2018/58273,Rehabilitation and upgradation of NH 167 from design Km. 113.900 (Mallepally) to Km. 154.479 (Haliya) to Two lane with paved shoulders in the state of Telangana on Engineering Procurement & Construction (EPC) Basis contract रिहैबिलिटेशन एंड उपग्रडेशन ऑफ़ नह १६७ फ्रॉम डिज़ाइन Km. 113.९०० (Mallepally) तो Km. 154.४७९ (Haliya) तो तवो लेन विथ पवेद शोल्डर्स इन थे स्टेट ऑफ़ तेलंगाना ों इंजीनियरिंग प्रोक्योरमेंट & कंस्ट्रक्शन (EPC) बेसिस कॉन्ट्रैक्ट,https://bhoomirashi.gov.in/auth/revamp/prep_public.cshtml?nid=1&project_id=58273,300.809,273.652,27.157,0.0,0.9097201214059418
58277,2019-06-21,S.O.2052(E),SO2052E,2019-09-17,S.O.3349(E),SO3349E,88,0,deduped_nearest_subsequent_3D,False,True,MO/2018/58277,Rehabilitation and Up - gradation 2 / 4 Lane with Paved Shoulders in NH 200 ( New NH - 49 ) From Km . 240.000 to 312.400 ( Masaniakala Village to Rengalpali Village / Odisha Border ) In the state of C.G. छत्तीसगढ राज्य में राष्ट्रीय राजमार्ग क्र. २०० (नया रा.रा.क्र.- ४९) के किमी. २४०.००० से ३१२.४०० (ग्राम मसनियाकला से रेंगालपाली /ओडिशा बार्डर तक) में २/४ लेन चौडीकरण एवँ उन्नतिकरण का कार्य,https://bhoomirashi.gov.in/auth/revamp/prep_public.cshtml?nid=1&project_id=58277,181.718,128.756,52.962,0.0,0.7085484101740059
58279,2019-09-09,3254 (E ),3254E,2022-01-19,274(E),274E,863,1,deduped_nearest_subsequent_3D,False,True,MO/2018/58279,Widnening and strengthning of Existing carrigae way to 2 lane with paved shoulders from Existing km 25.0 to 59.2 (Design Chainage km 25.467 to km 59.200 ) of NH 353C on EPC Mode in the state of Telangana विदनेनिंग एंड स्ट्रेंगथनिंग ऑफ़ एक्सिस्टिंग करृगे वे तो २ लेन विथ पवेद शोल्डर्स फ्रॉम एक्सिस्टिंग कम 25.० तो 59.२ (डिज़ाइन चैनगे कम 25.४६७ तो कम 59.२०० ) ऑफ़ नह ३५३क ों एप्स मोड इन थे स्टेट ऑफ़ तेलंगाना,https://bhoomirashi.gov.in/auth/revamp/prep_public.cshtml?nid=1&project_id=58279,49.4623,46.5823,2.88,0.0,0.9417738358305213
58280,2019-09-09,3257 (E),3257E,2020-09-03,2992(E),2992E,360,0,deduped_nearest_subsequent_3D,False,True,MO/2018/58280,Widening and strengthening of Existing 2 lane to 2 lane with paved shoulders from km 159.0 to 165.4 and 186.0 to 215.0 of NH 163 on EPC Mode in the state of Telanagana विडेनिंग एंड स्ट्रेंग्थेनिंग ऑफ़ एक्सिस्टिंग २ लेन तो २ लेन विथ पवेद शोल्डर्स फ्रॉम कम 159.० तो 165.४ एंड 186.० तो 215.० ऑफ़ नह १६३ ों एप्स मोड इन थे स्टेट ऑफ़ टेलनगना,https://bhoomirashi.gov.in/auth/revamp/prep_public.cshtml?nid=1&project_id=58280,104.07,101.7,2.37,0.0,0.977226866532142
58284,2018-04-13,1593 (E),1593E,2020-09-10,S.O. 3089(E),SO3089E,881,1,deduped_nearest_subsequent_3D,False,True,MO/2018/58284,LAND ACQUISITION ON NH-94 DHARASHU BEND TO SILKYARA BEND KM 0.00 TO KM 24.300 IN THE STATE OF UTTARAKHAND लैंड एक्वीजीशन ों NH-९४ धराशु बेंड तो सिलक्यांरा बेंड कम 0.०० तो कम 24.३०० इन थे स्टेट ऑफ़ उत्तराखंड,https://bhoomirashi.gov.in/auth/revamp/prep_public.cshtml?nid=1&project_id=58284,79.0,42.0,37.0,0.054,0.5316455696202531
58284,2023-07-17,3173(E),3173E,2024-07-02,2533(E),2533E,351,0,deduped_nearest_subsequent_3D,False,True,MO/2018/58284,LAND ACQUISITION ON NH-94 DHARASHU BEND TO SILKYARA BEND KM 0.00 TO KM 24.300 IN THE STATE OF UTTARAKHAND लैंड एक्वीजीशन ों NH-९४ धराशु बेंड तो सिलक्यांरा बेंड कम 0.०० तो कम 24.३०० इन थे स्टेट ऑफ़ उत्तराखंड,https://bhoomirashi.gov.in/auth/revamp/prep_public.cshtml?nid=1&project_id=58284,79.0,42.0,37.0,0.054,0.5316455696202531
58284,2025-07-11,3106(E),3106E,2026-07-10,3764(E),3764E,364,0,deduped_nearest_subsequent_3D,False,True,MO/2018/58284,LAND ACQUISITION ON NH-94 DHARASHU BEND TO SILKYARA BEND KM 0.00 TO KM 24.300 IN THE STATE OF UTTARAKHAND लैंड एक्वीजीशन ों NH-९४ धराशु बेंड तो सिलक्यांरा बेंड कम 0.०० तो कम 24.३०० इन थे स्टेट ऑफ़ उत्तराखंड,https://bhoomirashi.gov.in/auth/revamp/prep_public.cshtml?nid=1&project_id=58284,79.0,42.0,37.0,0.054,0.5316455696202531
58289,2020-01-22,304 E,304E,2020-09-17,3177 E,3177E,239,0,deduped_nearest_subsequent_3D,False,True,MO/2018/58289,Rehabilitation & Upgradation of Kurduwadi to Pandharpur section from km. 0.00 to km. 48.375 of NH-965C on EPC mode in the State of Maharashtra महाराष्ट्र,https://bhoomirashi.gov.in/auth/revamp/prep_public.cshtml?nid=1&project_id=58289,126.9,116.1,10.8,0.0,0.9148936170212765
58290,2020-01-27,426 E,426E,2020-09-17,3174 E,3174E,234,0,deduped_nearest_subsequent_3D,False,True,MO/2018/58290,Upgradation of Pandharpur to Sangola section from km. 48.375 to km. 79.533 of NH-965C to two lane with paved shoulder on EPC mode in the State Of Maharashtra महाराष्ट्र,https://bhoomirashi.gov.in/auth/revamp/prep_public.cshtml?nid=1&project_id=58290,75.939,66.781,9.158,0.06,0.8794032052041773
58290,2023-09-12,S.O. 4021(E).,SO4021E,2024-04-26,S.O. 1843(E).,SO1843E,227,0,deduped_nearest_subsequent_3D,False,True,MO/2018/58290,Upgradation of Pandharpur to Sangola section from km. 48.375 to km. 79.533 of NH-965C to two lane with paved shoulder on EPC mode in the State Of Maharashtra महाराष्ट्र,https://bhoomirashi.gov.in/auth/revamp/prep_public.cshtml?nid=1&project_id=58290,75.939,66.781,9.158,0.06,0.8794032052041773
58300,2018-01-31,RW/NH-12014/WB(13)LA/16-S&R(B),RWNH12014WB13LA16SRB,2018-12-27,6386(E),6386E,330,0,deduped_nearest_subsequent_3D,False,True,MO/2018/58300,"Construction of Proposed Bridge over River Hinglow from existing km 309.100 to km 310.400 and Bridge over River Sal from existing km 313.800 to km 314.800 of NH 60 in the District of Birbhum, West Bengal पश्चिम बंगाल राज्य में बीरभूम जिले में राष्ट्रीय राजमार्ग -60 के मौजूदा किमी 309.100 से किमी 310.400 में हींगलो नदी पर प्रस्तावित पुल और मौजूदा किमी 313.800 से किमी 314.800 में साल नदी पर पुल के निर्माण",https://bhoomirashi.gov.in/auth/revamp/prep_public.cshtml?nid=1&project_id=58300,0.775,0.0,0.775,0.0,0.0
58301,2020-01-22,305 E,305E,2020-08-26,2881 E,2881E,217,0,deduped_nearest_subsequent_3D,False,True,MO/2018/58301,"Rehabilitation and up gradation to two lane with paved shoulder / four lane configuration of section Jintur â€“ Parbhani existing km. 71.200 to km. 109.400 (Design Ch. 47.000 to Ch. 85.420 Km) of NH â€“ 752 â€“K in the State of Maharashtra on Engineering, Procurement & Construction (EPC) Basis Contract कॉन्ट्रैक्ट",https://bhoomirashi.gov.in/auth/revamp/prep_public.cshtml?nid=1&project_id=58301,125.818,115.26,10.558,0.0,0.9160851388513568
58301,2020-01-24,394 E,394E,2021-01-22,341 E,341E,364,0,deduped_nearest_subsequent_3D,False,True,MO/2018/58301,"Rehabilitation and up gradation to two lane with paved shoulder / four lane configuration of section Jintur â€“ Parbhani existing km. 71.200 to km. 109.400 (Design Ch. 47.000 to Ch. 85.420 Km) of NH â€“ 752 â€“K in the State of Maharashtra on Engineering, Procurement & Construction (EPC) Basis Contract कॉन्ट्रैक्ट",https://bhoomirashi.gov.in/auth/revamp/prep_public.cshtml?nid=1&project_id=58301,125.818,115.26,10.558,0.0,0.9160851388513568
58302,2020-01-01,22 E,22E,2020-08-26,2882 E,2882E,238,0,deduped_nearest_subsequent_3D,False,True,MO/2018/58302,"Rehabilitation and up gradation of Shirod Shahpur â€“ Basmat Section of NH â€“ 752 â€“ I from Km 48.000 to Km. 70.430 to two lane with Paved Shoulder configuration in the State of Maharashtra on Engineering, Procurement & Construction (EPC) Basis Contract कॉन्ट्रैक्ट",https://bhoomirashi.gov.in/auth/revamp/prep_public.cshtml?nid=1&project_id=58302,78.613,69.231,9.382,0.0,0.8806558711663465
58321,2018-10-09,5263,5263,2019-05-16,1756,1756,219,0,deduped_nearest_subsequent_3D,False,True,MO/2018/58321,"Land Acquisition on National Highway No-31 from Km 551.000 to Km 575.060 in Darjeeling District of West Bengal State.(Pkg III:Development of 4-lane section of NH-31 from Km.551.36(Ghoshpukur) to Km.563.26(Bihar More,Bagdogra) in Darjeeling District, West Bengal on EPC Mode(Project length- 11.90 Km.) under AP-2017-18. पश्चिम बंगाल राज्य के दार्जिलिंग जिले में 551,000 से किलोमीटर 575.060 किलोमीटर के राष्ट्रीय राजमार्ग संख्या 31 पर भूमि अधिग्रहण। (पीकेजी III: एनएच -31 के 4-लेन खंड का विकास 551.36 (घोषपुकुर) से किलोमीटर 563.06 (बिहार मोर , बागदोगरा) एपीसी 2017-18 के तहत ईपीसी मोड (परियोजना लंबाई- 11.90 किमी) पर दार्जिलिंग जिले में पश्चिम बंगाल में",https://bhoomirashi.gov.in/auth/revamp/prep_public.cshtml?nid=1&project_id=58321,47.59,43.92,3.67,0.1902064,0.9228829586047489
58325,2018-01-02,13(E),13E,2019-01-01,18 (E),18E,364,0,deduped_nearest_subsequent_3D,False,True,MO/2018/58325,Rehabilitation and Upgradation of NH-111 (New NH- 130) from Km. 163.400 to Km. 215.800 (Shivnagar to Ambikapr Section) to two lane with paved shoulder under NHDP-IV on EPC basis रेहाबिलिटेशनंद उपग्रडेशन ोड ऑफ़ NH-१११ (नई NH- 130) फ्रॉम Km. 163.४०० तो Km. 215.८०० ( (शिवनगर तो अम्बिकापर Section) तो तवो लेन विथ पवेद शोल्डर अंडर NHDP-िव ों एप्स,https://bhoomirashi.gov.in/auth/revamp/prep_public.cshtml?nid=1&project_id=58325,223.8,114.8,109.0,0.0,0.5129579982126898
58325,2018-01-02,14 (E),14E,2019-01-01,19 (E),19E,364,0,deduped_nearest_subsequent_3D,False,True,MO/2018/58325,Rehabilitation and Upgradation of NH-111 (New NH- 130) from Km. 163.400 to Km. 215.800 (Shivnagar to Ambikapr Section) to two lane with paved shoulder under NHDP-IV on EPC basis रेहाबिलिटेशनंद उपग्रडेशन ोड ऑफ़ NH-१११ (नई NH- 130) फ्रॉम Km. 163.४०० तो Km. 215.८०० ( (शिवनगर तो अम्बिकापर Section) तो तवो लेन विथ पवेद शोल्डर अंडर NHDP-िव ों एप्स,https://bhoomirashi.gov.in/auth/revamp/prep_public.cshtml?nid=1&project_id=58325,223.8,114.8,109.0,0.0,0.5129579982126898
58325,2018-01-02,17 (E),17E,2020-09-09,S.O.3078(E),SO3078E,981,1,deduped_nearest_subsequent_3D,False,True,MO/2018/58325,Rehabilitation and Upgradation of NH-111 (New NH- 130) from Km. 163.400 to Km. 215.800 (Shivnagar to Ambikapr Section) to two lane with paved shoulder under NHDP-IV on EPC basis रेहाबिलिटेशनंद उपग्रडेशन ोड ऑफ़ NH-१११ (नई NH- 130) फ्रॉम Km. 163.४०० तो Km. 215.८०० ( (शिवनगर तो अम्बिकापर Section) तो तवो लेन विथ पवेद शोल्डर अंडर NHDP-िव ों एप्स,https://bhoomirashi.gov.in/auth/revamp/prep_public.cshtml?nid=1&project_id=58325,223.8,114.8,109.0,0.0,0.5129579982126898
58325,2019-09-18,S.O.3424(E),SO3424E,2021-06-21,S.O.2430(E),SO2430E,642,1,deduped_nearest_subsequent_3D,False,True,MO/2018/58325,Rehabilitation and Upgradation of NH-111 (New NH- 130) from Km. 163.400 to Km. 215.800 (Shivnagar to Ambikapr Section) to two lane with paved shoulder under NHDP-IV on EPC basis रेहाबिलिटेशनंद उपग्रडेशन ोड ऑफ़ NH-१११ (नई NH- 130) फ्रॉम Km. 163.४०० तो Km. 215.८०० ( (शिवनगर तो अम्बिकापर Section) तो तवो लेन विथ पवेद शोल्डर अंडर NHDP-िव ों एप्स,https://bhoomirashi.gov.in/auth/revamp/prep_public.cshtml?nid=1&project_id=58325,223.8,114.8,109.0,0.0,0.5129579982126898
58326,2015-02-19,571,571,2015-12-18,3467,3467,302,0,deduped_nearest_subsequent_3D,False,True,MO/2018/58326,Rehabilitation and Upgradation of NH- 78 (New NH- 43) from Km. 373.505 to Km. 468.800 (Starting point of Ambikapr Bypass to End point of Patthalgaon Bypass) to two lane with paved shoulder under NHDP-IV on EPC basis रेहाबिलिटेशनंद उपग्रडेशन ऑफ़ NH- ७७८ (नई NH- 43) फ्रॉम Km. 373.५०५ तो Km. 468.८०० (स्टार्टिंग पॉइंट ऑफ़ अम्बिकापर बाईपास तो एन्ड पॉइंट ऑफ़ पत्थलगांव Bypass) तो तवो लेन विथ पवेद शोल्डर अंडर NHDP-िव ों एप्स,https://bhoomirashi.gov.in/auth/revamp/prep_public.cshtml?nid=1&project_id=58326,223.0,162.821,60.179,0.331,0.7301390134529148
58326,2017-11-17,3619,3619,2018-11-16,2788,2788,364,0,deduped_nearest_subsequent_3D,False,True,MO/2018/58326,Rehabilitation and Upgradation of NH- 78 (New NH- 43) from Km. 373.505 to Km. 468.800 (Starting point of Ambikapr Bypass to End point of Patthalgaon Bypass) to two lane with paved shoulder under NHDP-IV on EPC basis रेहाबिलिटेशनंद उपग्रडेशन ऑफ़ NH- ७७८ (नई NH- 43) फ्रॉम Km. 373.५०५ तो Km. 468.८०० (स्टार्टिंग पॉइंट ऑफ़ अम्बिकापर बाईपास तो एन्ड पॉइंट ऑफ़ पत्थलगांव Bypass) तो तवो लेन विथ पवेद शोल्डर अंडर NHDP-िव ों एप्स,https://bhoomirashi.gov.in/auth/revamp/prep_public.cshtml?nid=1&project_id=58326,223.0,162.821,60.179,0.331,0.7301390134529148
58326,2017-11-17,3619 E,3619E,2018-11-16,3467,3467,364,0,deduped_nearest_subsequent_3D,False,True,MO/2018/58326,Rehabilitation and Upgradation of NH- 78 (New NH- 43) from Km. 373.505 to Km. 468.800 (Starting point of Ambikapr Bypass to End point of Patthalgaon Bypass) to two lane with paved shoulder under NHDP-IV on EPC basis रेहाबिलिटेशनंद उपग्रडेशन ऑफ़ NH- ७७८ (नई NH- 43) फ्रॉम Km. 373.५०५ तो Km. 468.८०० (स्टार्टिंग पॉइंट ऑफ़ अम्बिकापर बाईपास तो एन्ड पॉइंट ऑफ़ पत्थलगांव Bypass) तो तवो लेन विथ पवेद शोल्डर अंडर NHDP-िव ों एप्स,https://bhoomirashi.gov.in/auth/revamp/prep_public.cshtml?nid=1&project_id=58326,223.0,162.821,60.179,0.331,0.7301390134529148
58326,2018-01-12,155(E),155E,2018-11-16,5786,5786,308,0,deduped_nearest_subsequent_3D,False,True,MO/2018/58326,Rehabilitation and Upgradation of NH- 78 (New NH- 43) from Km. 373.505 to Km. 468.800 (Starting point of Ambikapr Bypass to End point of Patthalgaon Bypass) to two lane with paved shoulder under NHDP-IV on EPC basis रेहाबिलिटेशनंद उपग्रडेशन ऑफ़ NH- ७७८ (नई NH- 43) फ्रॉम Km. 373.५०५ तो Km. 468.८०० (स्टार्टिंग पॉइंट ऑफ़ अम्बिकापर बाईपास तो एन्ड पॉइंट ऑफ़ पत्थलगांव Bypass) तो तवो लेन विथ पवेद शोल्डर अंडर NHDP-िव ों एप्स,https://bhoomirashi.gov.in/auth/revamp/prep_public.cshtml?nid=1&project_id=58326,223.0,162.821,60.179,0.331,0.7301390134529148
58326,2019-06-21,S.O.2049(E),SO2049E,2020-06-04,S.O.1755(E),SO1755E,349,0,deduped_nearest_subsequent_3D,False,True,MO/2018/58326,Rehabilitation and Upgradation of NH- 78 (New NH- 43) from Km. 373.505 to Km. 468.800 (Starting point of Ambikapr Bypass to End point of Patthalgaon Bypass) to two lane with paved shoulder under NHDP-IV on EPC basis रेहाबिलिटेशनंद उपग्रडेशन ऑफ़ NH- ७७८ (नई NH- 43) फ्रॉम Km. 373.५०५ तो Km. 468.८०० (स्टार्टिंग पॉइंट ऑफ़ अम्बिकापर बाईपास तो एन्ड पॉइंट ऑफ़ पत्थलगांव Bypass) तो तवो लेन विथ पवेद शोल्डर अंडर NHDP-िव ों एप्स,https://bhoomirashi.gov.in/auth/revamp/prep_public.cshtml?nid=1&project_id=58326,223.0,162.821,60.179,0.331,0.7301390134529148
58326,2019-08-22,S.O.3043(E),SO3043E,2020-06-09,S.O.1806(E),SO1806E,292,0,deduped_nearest_subsequent_3D,False,True,MO/2018/58326,Rehabilitation and Upgradation of NH- 78 (New NH- 43) from Km. 373.505 to Km. 468.800 (Starting point of Ambikapr Bypass to End point of Patthalgaon Bypass) to two lane with paved shoulder under NHDP-IV on EPC basis रेहाबिलिटेशनंद उपग्रडेशन ऑफ़ NH- ७७८ (नई NH- 43) फ्रॉम Km. 373.५०५ तो Km. 468.८०० (स्टार्टिंग पॉइंट ऑफ़ अम्बिकापर बाईपास तो एन्ड पॉइंट ऑफ़ पत्थलगांव Bypass) तो तवो लेन विथ पवेद शोल्डर अंडर NHDP-िव ों एप्स,https://bhoomirashi.gov.in/auth/revamp/prep_public.cshtml?nid=1&project_id=58326,223.0,162.821,60.179,0.331,0.7301390134529148
58326,2020-06-05,S.O.1777(E),SO1777E,2021-04-07,S.O.1463(E),SO1463E,306,0,deduped_nearest_subsequent_3D,False,True,MO/2018/58326,Rehabilitation and Upgradation of NH- 78 (New NH- 43) from Km. 373.505 to Km. 468.800 (Starting point of Ambikapr Bypass to End point of Patthalgaon Bypass) to two lane with paved shoulder under NHDP-IV on EPC basis रेहाबिलिटेशनंद उपग्रडेशन ऑफ़ NH- ७७८ (नई NH- 43) फ्रॉम Km. 373.५०५ तो Km. 468.८०० (स्टार्टिंग पॉइंट ऑफ़ अम्बिकापर बाईपास तो एन्ड पॉइंट ऑफ़ पत्थलगांव Bypass) तो तवो लेन विथ पवेद शोल्डर अंडर NHDP-िव ों एप्स,https://bhoomirashi.gov.in/auth/revamp/prep_public.cshtml?nid=1&project_id=58326,223.0,162.821,60.179,0.331,0.7301390134529148
58326,2022-09-14,4324(E),4324E,2022-12-13,5839(E),5839E,90,0,deduped_nearest_subsequent_3D,False,True,MO/2018/58326,Rehabilitation and Upgradation of NH- 78 (New NH- 43) from Km. 373.505 to Km. 468.800 (Starting point of Ambikapr Bypass to End point of Patthalgaon Bypass) to two lane with paved shoulder under NHDP-IV on EPC basis रेहाबिलिटेशनंद उपग्रडेशन ऑफ़ NH- ७७८ (नई NH- 43) फ्रॉम Km. 373.५०५ तो Km. 468.८०० (स्टार्टिंग पॉइंट ऑफ़ अम्बिकापर बाईपास तो एन्ड पॉइंट ऑफ़ पत्थलगांव Bypass) तो तवो लेन विथ पवेद शोल्डर अंडर NHDP-िव ों एप्स,https://bhoomirashi.gov.in/auth/revamp/prep_public.cshtml?nid=1&project_id=58326,223.0,162.821,60.179,0.331,0.7301390134529148
58331,2023-07-31,S.O. 3433(E).,SO3433E,2023-12-01,S.O. 5125(E).,SO5125E,123,0,deduped_nearest_subsequent_3D,False,True,MO/2018/58331,Rehabiltiation and up-gradation of Talegaon to Goanpur (Maharashtra and MP state border from Design Chainage 0/000 to 60/703 (Excluding CFR lenght = 17.4km) of Wardha â€“ Pulgaon â€“ Rohana â€“ Arvi â€“ Ashti â€“ Haturna â€“ Warud â€“ Multai National Highway (347A) to Two Lane with paved shoulder in the State of Maharashtra for on EPC basis बेसिस,https://bhoomirashi.gov.in/auth/revamp/prep_public.cshtml?nid=1&project_id=58331,103.93,96.66,7.27,0.0,0.9300490714904261
58332,2020-04-22,1330 E,1330E,2021-03-12,1175 E,1175E,324,0,deduped_nearest_subsequent_3D,False,True,MO/2018/58332,Upgradation of stretch to two lane with from Bhandara Junction (km. 166/640) to Ghotitok Junction (Ch. 205/214) of NH-247 on EPC mode in the state of maharashtra महाराष्ट्र,https://bhoomirashi.gov.in/auth/revamp/prep_public.cshtml?nid=1&project_id=58332,89.937,86.08,3.857,0.0,0.9571144245416235
58333,2019-09-06,S.O.3232E,SO3232E,2021-06-21,2426(E),2426E,654,1,deduped_nearest_subsequent_3D,False,True,MO/2018/58333,Acquisition of land for the proposed Kotpad Bypass on NH-63 in the state of Odisha. एक्वीजीशन ऑफ़ लैंड फॉर थे प्रोपोसड कोटपाड़ बाईपास ों NH-६३ इन थे स्टेट ऑफ़ Odisha.,https://bhoomirashi.gov.in/auth/revamp/prep_public.cshtml?nid=1&project_id=58333,100.0,0.0,100.0,1.582,0.0
58333,2020-07-30,S.O. 2535 E,SO2535E,2021-12-07,5041(E),5041E,495,1,deduped_nearest_subsequent_3D,False,True,MO/2018/58333,Acquisition of land for the proposed Kotpad Bypass on NH-63 in the state of Odisha. एक्वीजीशन ऑफ़ लैंड फॉर थे प्रोपोसड कोटपाड़ बाईपास ों NH-६३ इन थे स्टेट ऑफ़ Odisha.,https://bhoomirashi.gov.in/auth/revamp/prep_public.cshtml?nid=1&project_id=58333,100.0,0.0,100.0,1.582,0.0
58333,2024-09-18,3973(E),3973E,2025-05-09,2077(E),2077E,233,0,deduped_nearest_subsequent_3D,False,True,MO/2018/58333,Acquisition of land for the proposed Kotpad Bypass on NH-63 in the state of Odisha. एक्वीजीशन ऑफ़ लैंड फॉर थे प्रोपोसड कोटपाड़ बाईपास ों NH-६३ इन थे स्टेट ऑफ़ Odisha.,https://bhoomirashi.gov.in/auth/revamp/prep_public.cshtml?nid=1&project_id=58333,100.0,0.0,100.0,1.582,0.0
58334,2022-12-13,S.O. 5815(E).,SO5815E,2023-03-31,S.O. 1548(E).,SO1548E,108,0,deduped_nearest_subsequent_3D,False,True,MO/2018/58334,Upgradation to two lanes with paved shoulders of existing km. 9.200 (NH53) Wadi Junction to Km. 39.400 (NH-361 Asola Junction) design Km. (0.000 to Km. 39.200) of NH-353I on EPC mode in the state of maharashtra महाराष्ट्र,https://bhoomirashi.gov.in/auth/revamp/prep_public.cshtml?nid=1&project_id=58334,116.5129,81.814,34.6989,0.0,0.7021883413767916
58337,2021-02-10,634,634,2021-10-14,4282,4282,246,0,deduped_nearest_subsequent_3D,False,True,MO/2018/58337,"Prepration of DPR for newly declared NH in the State of Madhya Pradesh under Packages- I,II & IV. Details of bids proposed for approval are as below:- (NH-543 Mandla to Dindori Road 0+000 to 199+200 k.m.) प्रिपरेसन ऑफ DPR फॉर न्यूली डिक्लियर्ड NH इन द स्टेट ऑफ मध्य प्रदेश अंडर पैकेज - I,II & IV. डिटेल्स ऑफ बीड्स प्रपोस्ड फॉर अप्रूवल अर एस बिलो:- (एनएच - 543 मंडला से डिंडोरी रोड 0+000 टु 199+200 कि.मी.)",https://bhoomirashi.gov.in/auth/revamp/prep_public.cshtml?nid=1&project_id=58337,219.49,121.26,98.23,0.196,0.5524625267665952
58337,2021-02-10,635,635,2021-11-01,4571,4571,264,0,deduped_nearest_subsequent_3D,False,True,MO/2018/58337,"Prepration of DPR for newly declared NH in the State of Madhya Pradesh under Packages- I,II & IV. Details of bids proposed for approval are as below:- (NH-543 Mandla to Dindori Road 0+000 to 199+200 k.m.) प्रिपरेसन ऑफ DPR फॉर न्यूली डिक्लियर्ड NH इन द स्टेट ऑफ मध्य प्रदेश अंडर पैकेज - I,II & IV. डिटेल्स ऑफ बीड्स प्रपोस्ड फॉर अप्रूवल अर एस बिलो:- (एनएच - 543 मंडला से डिंडोरी रोड 0+000 टु 199+200 कि.मी.)",https://bhoomirashi.gov.in/auth/revamp/prep_public.cshtml?nid=1&project_id=58337,219.49,121.26,98.23,0.196,0.5524625267665952
58337,2021-02-10,636,636,2021-11-11,4641,4641,274,0,deduped_nearest_subsequent_3D,False,True,MO/2018/58337,"Prepration of DPR for newly declared NH in the State of Madhya Pradesh under Packages- I,II & IV. Details of bids proposed for approval are as below:- (NH-543 Mandla to Dindori Road 0+000 to 199+200 k.m.) प्रिपरेसन ऑफ DPR फॉर न्यूली डिक्लियर्ड NH इन द स्टेट ऑफ मध्य प्रदेश अंडर पैकेज - I,II & IV. डिटेल्स ऑफ बीड्स प्रपोस्ड फॉर अप्रूवल अर एस बिलो:- (एनएच - 543 मंडला से डिंडोरी रोड 0+000 टु 199+200 कि.मी.)",https://bhoomirashi.gov.in/auth/revamp/prep_public.cshtml?nid=1&project_id=58337,219.49,121.26,98.23,0.196,0.5524625267665952
58337,2021-06-14,2308,2308,2021-12-30,5451,5451,199,0,deduped_nearest_subsequent_3D,False,True,MO/2018/58337,"Prepration of DPR for newly declared NH in the State of Madhya Pradesh under Packages- I,II & IV. Details of bids proposed for approval are as below:- (NH-543 Mandla to Dindori Road 0+000 to 199+200 k.m.) प्रिपरेसन ऑफ DPR फॉर न्यूली डिक्लियर्ड NH इन द स्टेट ऑफ मध्य प्रदेश अंडर पैकेज - I,II & IV. डिटेल्स ऑफ बीड्स प्रपोस्ड फॉर अप्रूवल अर एस बिलो:- (एनएच - 543 मंडला से डिंडोरी रोड 0+000 टु 199+200 कि.मी.)",https://bhoomirashi.gov.in/auth/revamp/prep_public.cshtml?nid=1&project_id=58337,219.49,121.26,98.23,0.196,0.5524625267665952
58337,2021-12-31,5502,5502,2022-07-20,3285,3285,201,0,deduped_nearest_subsequent_3D,False,True,MO/2018/58337,"Prepration of DPR for newly declared NH in the State of Madhya Pradesh under Packages- I,II & IV. Details of bids proposed for approval are as below:- (NH-543 Mandla to Dindori Road 0+000 to 199+200 k.m.) प्रिपरेसन ऑफ DPR फॉर न्यूली डिक्लियर्ड NH इन द स्टेट ऑफ मध्य प्रदेश अंडर पैकेज - I,II & IV. डिटेल्स ऑफ बीड्स प्रपोस्ड फॉर अप्रूवल अर एस बिलो:- (एनएच - 543 मंडला से डिंडोरी रोड 0+000 टु 199+200 कि.मी.)",https://bhoomirashi.gov.in/auth/revamp/prep_public.cshtml?nid=1&project_id=58337,219.49,121.26,98.23,0.196,0.5524625267665952
58337,2021-12-31,5503,5503,2022-07-20,3286,3286,201,0,deduped_nearest_subsequent_3D,False,True,MO/2018/58337,"Prepration of DPR for newly declared NH in the State of Madhya Pradesh under Packages- I,II & IV. Details of bids proposed for approval are as below:- (NH-543 Mandla to Dindori Road 0+000 to 199+200 k.m.) प्रिपरेसन ऑफ DPR फॉर न्यूली डिक्लियर्ड NH इन द स्टेट ऑफ मध्य प्रदेश अंडर पैकेज - I,II & IV. डिटेल्स ऑफ बीड्स प्रपोस्ड फॉर अप्रूवल अर एस बिलो:- (एनएच - 543 मंडला से डिंडोरी रोड 0+000 टु 199+200 कि.मी.)",https://bhoomirashi.gov.in/auth/revamp/prep_public.cshtml?nid=1&project_id=58337,219.49,121.26,98.23,0.196,0.5524625267665952
58337,2021-12-31,5504,5504,2022-10-04,S.O.4707(E),SO4707E,277,0,deduped_nearest_subsequent_3D,False,True,MO/2018/58337,"Prepration of DPR for newly declared NH in the State of Madhya Pradesh under Packages- I,II & IV. Details of bids proposed for approval are as below:- (NH-543 Mandla to Dindori Road 0+000 to 199+200 k.m.) प्रिपरेसन ऑफ DPR फॉर न्यूली डिक्लियर्ड NH इन द स्टेट ऑफ मध्य प्रदेश अंडर पैकेज - I,II & IV. डिटेल्स ऑफ बीड्स प्रपोस्ड फॉर अप्रूवल अर एस बिलो:- (एनएच - 543 मंडला से डिंडोरी रोड 0+000 टु 199+200 कि.मी.)",https://bhoomirashi.gov.in/auth/revamp/prep_public.cshtml?nid=1&project_id=58337,219.49,121.26,98.23,0.196,0.5524625267665952
58337,2023-03-20,S.O.1298(E),SO1298E,2023-07-05,2960,2960,107,0,deduped_nearest_subsequent_3D,False,True,MO/2018/58337,"Prepration of DPR for newly declared NH in the State of Madhya Pradesh under Packages- I,II & IV. Details of bids proposed for approval are as below:- (NH-543 Mandla to Dindori Road 0+000 to 199+200 k.m.) प्रिपरेसन ऑफ DPR फॉर न्यूली डिक्लियर्ड NH इन द स्टेट ऑफ मध्य प्रदेश अंडर पैकेज - I,II & IV. डिटेल्स ऑफ बीड्स प्रपोस्ड फॉर अप्रूवल अर एस बिलो:- (एनएच - 543 मंडला से डिंडोरी रोड 0+000 टु 199+200 कि.मी.)",https://bhoomirashi.gov.in/auth/revamp/prep_public.cshtml?nid=1&project_id=58337,219.49,121.26,98.23,0.196,0.5524625267665952
58337,2024-10-10,4290,4290,2024-11-22,5015,5015,43,0,deduped_nearest_subsequent_3D,False,True,MO/2018/58337,"Prepration of DPR for newly declared NH in the State of Madhya Pradesh under Packages- I,II & IV. Details of bids proposed for approval are as below:- (NH-543 Mandla to Dindori Road 0+000 to 199+200 k.m.) प्रिपरेसन ऑफ DPR फॉर न्यूली डिक्लियर्ड NH इन द स्टेट ऑफ मध्य प्रदेश अंडर पैकेज - I,II & IV. डिटेल्स ऑफ बीड्स प्रपोस्ड फॉर अप्रूवल अर एस बिलो:- (एनएच - 543 मंडला से डिंडोरी रोड 0+000 टु 199+200 कि.मी.)",https://bhoomirashi.gov.in/auth/revamp/prep_public.cshtml?nid=1&project_id=58337,219.49,121.26,98.23,0.196,0.5524625267665952
58339,2018-11-14,5719,5719,2019-02-04,668 E,668E,82,0,deduped_nearest_subsequent_3D,False,True,MO/2018/58339,Upgradation of Lokhandi Sawargaon to Renapur (Latur) Highway from existing Km. 32.225 to Km. 66.688 of NH-548B and Ambajogai bypass from existing Km. 0.000 to Km. 3.820 o 2/4 lane with paved shoulder on EPC mode in the state Maharashtra महाराष्ट्र,https://bhoomirashi.gov.in/auth/revamp/prep_public.cshtml?nid=1&project_id=58339,133.745,120.745,13.0,0.9887,0.9028001046768104
58339,2018-11-14,5720,5720,2019-02-04,671 E,671E,82,0,deduped_nearest_subsequent_3D,False,True,MO/2018/58339,Upgradation of Lokhandi Sawargaon to Renapur (Latur) Highway from existing Km. 32.225 to Km. 66.688 of NH-548B and Ambajogai bypass from existing Km. 0.000 to Km. 3.820 o 2/4 lane with paved shoulder on EPC mode in the state Maharashtra महाराष्ट्र,https://bhoomirashi.gov.in/auth/revamp/prep_public.cshtml?nid=1&project_id=58339,133.745,120.745,13.0,0.9887,0.9028001046768104
58339,2019-06-27,2150 E,2150E,2020-02-18,759 (E),759E,236,0,deduped_nearest_subsequent_3D,False,True,MO/2018/58339,Upgradation of Lokhandi Sawargaon to Renapur (Latur) Highway from existing Km. 32.225 to Km. 66.688 of NH-548B and Ambajogai bypass from existing Km. 0.000 to Km. 3.820 o 2/4 lane with paved shoulder on EPC mode in the state Maharashtra महाराष्ट्र,https://bhoomirashi.gov.in/auth/revamp/prep_public.cshtml?nid=1&project_id=58339,133.745,120.745,13.0,0.9887,0.9028001046768104
58339,2019-06-27,2151 E,2151E,2020-02-18,760 (E),760E,236,0,deduped_nearest_subsequent_3D,False,True,MO/2018/58339,Upgradation of Lokhandi Sawargaon to Renapur (Latur) Highway from existing Km. 32.225 to Km. 66.688 of NH-548B and Ambajogai bypass from existing Km. 0.000 to Km. 3.820 o 2/4 lane with paved shoulder on EPC mode in the state Maharashtra महाराष्ट्र,https://bhoomirashi.gov.in/auth/revamp/prep_public.cshtml?nid=1&project_id=58339,133.745,120.745,13.0,0.9887,0.9028001046768104
58339,2020-04-22,1336 E,1336E,2020-06-12,1869 E,1869E,51,0,deduped_nearest_subsequent_3D,False,True,MO/2018/58339,Upgradation of Lokhandi Sawargaon to Renapur (Latur) Highway from existing Km. 32.225 to Km. 66.688 of NH-548B and Ambajogai bypass from existing Km. 0.000 to Km. 3.820 o 2/4 lane with paved shoulder on EPC mode in the state Maharashtra महाराष्ट्र,https://bhoomirashi.gov.in/auth/revamp/prep_public.cshtml?nid=1&project_id=58339,133.745,120.745,13.0,0.9887,0.9028001046768104
58343,2020-01-30,S.O. 474(E),SO474E,2020-12-03,4355,4355,308,0,deduped_nearest_subsequent_3D,False,True,MO/2018/58343,"Construction of proposed ROB and its approach on NH-60 at Km 193.800 (L C GATE NO. 39 /A / 3E in the district of Bankura , West Bengal पश्चिम बंगाल राज्य के बांकुरा जिले में राष्ट्रीय राजमार्ग-60 के कि.मी. 193.800 पर लेवल क्रासिंग नं. 39/ए/3ई के स्थान पर आरओबी और इसके पहुंच मार्गो के निर्माण",https://bhoomirashi.gov.in/auth/revamp/prep_public.cshtml?nid=1&project_id=58343,0.223,0.0,0.223,0.0,0.0
58358,2022-02-15,SO 703(E),SO703E,2022-11-07,S.O 5171(E),SO5171E,265,0,deduped_nearest_subsequent_3D,False,True,MO/2018/58358,Construction of Bagalur Bypass from Km 3.00 to Km 9.350 of NH-207 (New NH-648) in the district of KRISHNAGIRI in the state of TAMIL NADU तमिलनाडु राज्य के कृष्णागिरी जिले में एनएच-207 (नया एनएच 648) के किमी 3.00 से किमी 9.350 तक बगलूर बाईपास का निर्माण,https://bhoomirashi.gov.in/auth/revamp/prep_public.cshtml?nid=1&project_id=58358,42.0693,0.0,42.0693,1.1853,0.0
58358,2022-11-07,S.O 5187 (E),SO5187E,2023-04-06,S.O 1669 (E),SO1669E,150,0,deduped_nearest_subsequent_3D,False,True,MO/2018/58358,Construction of Bagalur Bypass from Km 3.00 to Km 9.350 of NH-207 (New NH-648) in the district of KRISHNAGIRI in the state of TAMIL NADU तमिलनाडु राज्य के कृष्णागिरी जिले में एनएच-207 (नया एनएच 648) के किमी 3.00 से किमी 9.350 तक बगलूर बाईपास का निर्माण,https://bhoomirashi.gov.in/auth/revamp/prep_public.cshtml?nid=1&project_id=58358,42.0693,0.0,42.0693,1.1853,0.0
58360,2020-10-20,3845 (E),3845E,2021-06-30,2637 E,2637E,253,0,deduped_nearest_subsequent_3D,False,True,MO/2018/58360,Rehabilitation and upgradation of Nandurbar kolde - prakasha -sahada -khetia - sh 4 and sh 5 state highway from existing km 50+200 to km 98+800 to two lane with paved shoulders 4 lane in the state of maharashtra on EPC procurement and construction EPC basis NH 752 G .Section II . रिहैबिलिटेशन एंड उपग्रडेशन ऑफ़ नंदुरबार कोलडे - प्रकाश -साहड़ा -खेतीअ - श ४ एंड श ५ स्टेट हाईवे फ्रॉम एक्सिस्टिंग कम 50+२०० तो कम 98+८०० तो तवो लेन विथ पवेद शोल्डर्स ४ लेन इन थे स्टेट ऑफ़ महाराष्ट्र ों एप्स प्रोक्योरमेंट एंड कंस्ट्रक्शन एप्स बेसिस नह ७५२ ग .सेक्शन .सेक्शन ी,https://bhoomirashi.gov.in/auth/revamp/prep_public.cshtml?nid=1&project_id=58360,164.0,133.42,30.58,0.0,0.8135365853658536
58360,2020-10-27,3845 (E),3845E,2021-06-30,2638 E,2638E,246,0,deduped_nearest_subsequent_3D,False,True,MO/2018/58360,Rehabilitation and upgradation of Nandurbar kolde - prakasha -sahada -khetia - sh 4 and sh 5 state highway from existing km 50+200 to km 98+800 to two lane with paved shoulders 4 lane in the state of maharashtra on EPC procurement and construction EPC basis NH 752 G .Section II . रिहैबिलिटेशन एंड उपग्रडेशन ऑफ़ नंदुरबार कोलडे - प्रकाश -साहड़ा -खेतीअ - श ४ एंड श ५ स्टेट हाईवे फ्रॉम एक्सिस्टिंग कम 50+२०० तो कम 98+८०० तो तवो लेन विथ पवेद शोल्डर्स ४ लेन इन थे स्टेट ऑफ़ महाराष्ट्र ों एप्स प्रोक्योरमेंट एंड कंस्ट्रक्शन एप्स बेसिस नह ७५२ ग .सेक्शन .सेक्शन ी,https://bhoomirashi.gov.in/auth/revamp/prep_public.cshtml?nid=1&project_id=58360,164.0,133.42,30.58,0.0,0.8135365853658536
58360,2020-10-27,3846 E,3846E,2022-08-31,S.O. 4080(E).,SO4080E,673,1,deduped_nearest_subsequent_3D,False,True,MO/2018/58360,Rehabilitation and upgradation of Nandurbar kolde - prakasha -sahada -khetia - sh 4 and sh 5 state highway from existing km 50+200 to km 98+800 to two lane with paved shoulders 4 lane in the state of maharashtra on EPC procurement and construction EPC basis NH 752 G .Section II . रिहैबिलिटेशन एंड उपग्रडेशन ऑफ़ नंदुरबार कोलडे - प्रकाश -साहड़ा -खेतीअ - श ४ एंड श ५ स्टेट हाईवे फ्रॉम एक्सिस्टिंग कम 50+२०० तो कम 98+८०० तो तवो लेन विथ पवेद शोल्डर्स ४ लेन इन थे स्टेट ऑफ़ महाराष्ट्र ों एप्स प्रोक्योरमेंट एंड कंस्ट्रक्शन एप्स बेसिस नह ७५२ ग .सेक्शन .सेक्शन ी,https://bhoomirashi.gov.in/auth/revamp/prep_public.cshtml?nid=1&project_id=58360,164.0,133.42,30.58,0.0,0.8135365853658536
58360,2021-12-02,4943 E,4943E,2022-10-04,S.O. 4704(E).,SO4704E,306,0,deduped_nearest_subsequent_3D,False,True,MO/2018/58360,Rehabilitation and upgradation of Nandurbar kolde - prakasha -sahada -khetia - sh 4 and sh 5 state highway from existing km 50+200 to km 98+800 to two lane with paved shoulders 4 lane in the state of maharashtra on EPC procurement and construction EPC basis NH 752 G .Section II . रिहैबिलिटेशन एंड उपग्रडेशन ऑफ़ नंदुरबार कोलडे - प्रकाश -साहड़ा -खेतीअ - श ४ एंड श ५ स्टेट हाईवे फ्रॉम एक्सिस्टिंग कम 50+२०० तो कम 98+८०० तो तवो लेन विथ पवेद शोल्डर्स ४ लेन इन थे स्टेट ऑफ़ महाराष्ट्र ों एप्स प्रोक्योरमेंट एंड कंस्ट्रक्शन एप्स बेसिस नह ७५२ ग .सेक्शन .सेक्शन ी,https://bhoomirashi.gov.in/auth/revamp/prep_public.cshtml?nid=1&project_id=58360,164.0,133.42,30.58,0.0,0.8135365853658536
58360,2021-12-02,4944 E,4944E,2022-11-29,S.O. 5528(E).,SO5528E,362,0,deduped_nearest_subsequent_3D,False,True,MO/2018/58360,Rehabilitation and upgradation of Nandurbar kolde - prakasha -sahada -khetia - sh 4 and sh 5 state highway from existing km 50+200 to km 98+800 to two lane with paved shoulders 4 lane in the state of maharashtra on EPC procurement and construction EPC basis NH 752 G .Section II . रिहैबिलिटेशन एंड उपग्रडेशन ऑफ़ नंदुरबार कोलडे - प्रकाश -साहड़ा -खेतीअ - श ४ एंड श ५ स्टेट हाईवे फ्रॉम एक्सिस्टिंग कम 50+२०० तो कम 98+८०० तो तवो लेन विथ पवेद शोल्डर्स ४ लेन इन थे स्टेट ऑफ़ महाराष्ट्र ों एप्स प्रोक्योरमेंट एंड कंस्ट्रक्शन एप्स बेसिस नह ७५२ ग .सेक्शन .सेक्शन ी,https://bhoomirashi.gov.in/auth/revamp/prep_public.cshtml?nid=1&project_id=58360,164.0,133.42,30.58,0.0,0.8135365853658536
58360,2022-03-16,1172 E,1172E,2024-04-10,S.O. 1671(E).,SO1671E,756,1,deduped_nearest_subsequent_3D,False,True,MO/2018/58360,Rehabilitation and upgradation of Nandurbar kolde - prakasha -sahada -khetia - sh 4 and sh 5 state highway from existing km 50+200 to km 98+800 to two lane with paved shoulders 4 lane in the state of maharashtra on EPC procurement and construction EPC basis NH 752 G .Section II . रिहैबिलिटेशन एंड उपग्रडेशन ऑफ़ नंदुरबार कोलडे - प्रकाश -साहड़ा -खेतीअ - श ४ एंड श ५ स्टेट हाईवे फ्रॉम एक्सिस्टिंग कम 50+२०० तो कम 98+८०० तो तवो लेन विथ पवेद शोल्डर्स ४ लेन इन थे स्टेट ऑफ़ महाराष्ट्र ों एप्स प्रोक्योरमेंट एंड कंस्ट्रक्शन एप्स बेसिस नह ७५२ ग .सेक्शन .सेक्शन ी,https://bhoomirashi.gov.in/auth/revamp/prep_public.cshtml?nid=1&project_id=58360,164.0,133.42,30.58,0.0,0.8135365853658536
58364,2019-08-07,S.O.2858(E),SO2858E,2020-07-28,S.O. 2490(E),SO2490E,356,0,deduped_nearest_subsequent_3D,False,True,MO/2018/58364,Construction of ROB along with its approach roads at Km 197.308 to Km 198.488 ( Sapha ) on NH - 114A in Jharkhand कंस्ट्रक्शन ऑफ़ रॉब अलोंग विथ इतस एप्रोच रोड ात कम 197.३०८ तो 198.४८८ ( साफा ) ों नह - ११४ा इन झारखण्ड,https://bhoomirashi.gov.in/auth/revamp/prep_public.cshtml?nid=1&project_id=58364,5.0,0.0,5.0,0.0,0.0
58365,2022-03-21,1216(E),1216E,2022-07-29,3522 (E),3522E,130,0,deduped_nearest_subsequent_3D,False,True,MO/2018/58365,Rehabilitation and Upgradation of NH161-BB to 2/4 Lane with Paved Shoulders of Bodhan - Basar - Bhainsa for a length of 56.400 km in the state of Telangana रिहैबिलिटेशन एंड अपग्रेडेशन ऑफ़ एनएच-161BB टु 2/4 लेन विथ प्वेड शोल्डर्स ऑफ़ बोधन - बसर - भैंसा फॉर ए लेंथ ऑफ़ 56.400 किमी इन द स्टेट ऑफ़ तेलंगाना,https://bhoomirashi.gov.in/auth/revamp/prep_public.cshtml?nid=1&project_id=58365,189.828,77.983,111.845,1.6592691,0.4108087321153887
58365,2022-03-21,1219E,1219E,2022-09-08,4209(E),4209E,171,0,deduped_nearest_subsequent_3D,False,True,MO/2018/58365,Rehabilitation and Upgradation of NH161-BB to 2/4 Lane with Paved Shoulders of Bodhan - Basar - Bhainsa for a length of 56.400 km in the state of Telangana रिहैबिलिटेशन एंड अपग्रेडेशन ऑफ़ एनएच-161BB टु 2/4 लेन विथ प्वेड शोल्डर्स ऑफ़ बोधन - बसर - भैंसा फॉर ए लेंथ ऑफ़ 56.400 किमी इन द स्टेट ऑफ़ तेलंगाना,https://bhoomirashi.gov.in/auth/revamp/prep_public.cshtml?nid=1&project_id=58365,189.828,77.983,111.845,1.6592691,0.4108087321153887
58365,2022-03-25,1344,1344,2023-03-14,1202 (E),1202E,354,0,deduped_nearest_subsequent_3D,False,True,MO/2018/58365,Rehabilitation and Upgradation of NH161-BB to 2/4 Lane with Paved Shoulders of Bodhan - Basar - Bhainsa for a length of 56.400 km in the state of Telangana रिहैबिलिटेशन एंड अपग्रेडेशन ऑफ़ एनएच-161BB टु 2/4 लेन विथ प्वेड शोल्डर्स ऑफ़ बोधन - बसर - भैंसा फॉर ए लेंथ ऑफ़ 56.400 किमी इन द स्टेट ऑफ़ तेलंगाना,https://bhoomirashi.gov.in/auth/revamp/prep_public.cshtml?nid=1&project_id=58365,189.828,77.983,111.845,1.6592691,0.4108087321153887
58370,2019-09-06,3234 E,3234E,2020-09-04,3013 E,3013E,364,0,deduped_nearest_subsequent_3D,False,True,MO/2018/58370,Rehabilitation and Upgradation of section - 1 Shahapur - -patgaon (km 0/000 - 20/130 part of NH -3 - Shahapur - murmad - NH 222 mhapsa - khopoli NH Section of newly declared NH -548 A (to two lanes with paved shoulder standards in the state of maharashtra on EPC mode in the state of maharashtra . रिहैबिलिटेशन एंड उपग्रडेशन ऑफ़ सेक्शन - १ शाहपुर - -पैगाओं (कम 0/००० - 20/१३० पार्ट ऑफ़ नह -३ - शाहपुर - मुरमद - नह २२२ महाप्सा - खोपोली नह सेक्शन ऑफ़ नेवली देक्लारेड नह -५४८ ा (तो तवो लेन्स विथ पवेद शोल्डर स्टैंडर्ड्स इन थे स्टेट ऑफ़ महाराष्ट्र ों एप्स मोड इन थे स्टेट ऑफ़ महाराष्ट्र,https://bhoomirashi.gov.in/auth/revamp/prep_public.cshtml?nid=1&project_id=58370,62.82,51.2,11.62,0.0,0.8150270614453996
58370,2019-09-17,3314 E,3314E,2020-09-15,3152 E,3152E,364,0,deduped_nearest_subsequent_3D,False,True,MO/2018/58370,Rehabilitation and Upgradation of section - 1 Shahapur - -patgaon (km 0/000 - 20/130 part of NH -3 - Shahapur - murmad - NH 222 mhapsa - khopoli NH Section of newly declared NH -548 A (to two lanes with paved shoulder standards in the state of maharashtra on EPC mode in the state of maharashtra . रिहैबिलिटेशन एंड उपग्रडेशन ऑफ़ सेक्शन - १ शाहपुर - -पैगाओं (कम 0/००० - 20/१३० पार्ट ऑफ़ नह -३ - शाहपुर - मुरमद - नह २२२ महाप्सा - खोपोली नह सेक्शन ऑफ़ नेवली देक्लारेड नह -५४८ ा (तो तवो लेन्स विथ पवेद शोल्डर स्टैंडर्ड्स इन थे स्टेट ऑफ़ महाराष्ट्र ों एप्स मोड इन थे स्टेट ऑफ़ महाराष्ट्र,https://bhoomirashi.gov.in/auth/revamp/prep_public.cshtml?nid=1&project_id=58370,62.82,51.2,11.62,0.0,0.8150270614453996
58371,2019-09-06,3235 E,3235E,2020-09-04,3014 E,3014E,364,0,deduped_nearest_subsequent_3D,False,True,MO/2018/58371,Rehabilitation and Upgradation of Section II Shahpur - Patgaon (km 20 /130 - 43 /783 ) part of NH -3 Shahpur -Murbad (NH - 222 ) Mhapsa - karjat - Khopoli - NH 4 Section NH - 548A to two lane with paved shoulder on EPC basis in the state of maharashtra . रिहैबिलिटेशन एंड उपग्रडेशन ऑफ़ सेक्शन ी शाहपुर - पैगाओं (कम २० /१३० - ४३ /६५३ ) पार्ट ऑफ़ नह -३ शाहपुर -मुरबाड (नह - २२२ ) महाप्सा - कर्जत - खोपोली - नह ४ सेक्शन नह - ५४८ा तो तवो लेन विथ पवेद शोल्डर ों एप्स बेसिस इन थे स्टेट ऑफ़ महाराष्ट्र,https://bhoomirashi.gov.in/auth/revamp/prep_public.cshtml?nid=1&project_id=58371,71.63,58.63,13.0,0.0,0.8185117967332124
58372,2019-09-20,3418 E,3418E,2020-09-18,3194 E,3194E,364,0,deduped_nearest_subsequent_3D,False,True,MO/2018/58372,Rehabilitation and upgradation of section III Patgaon khopoli (km . 43/783-69 /508 part of NH -3 Shahpur Murbad (NH - 222) Mhapsa karjat - Khopoli NH-4 section of NH - 548 A in the state of Maharashtra महाराष्ट्र,https://bhoomirashi.gov.in/auth/revamp/prep_public.cshtml?nid=1&project_id=58372,92.18,71.18,21.0,0.0,0.7721848557170753
58372,2021-06-09,2215 E,2215E,2022-02-28,880 E,880E,264,0,deduped_nearest_subsequent_3D,False,True,MO/2018/58372,Rehabilitation and upgradation of section III Patgaon khopoli (km . 43/783-69 /508 part of NH -3 Shahpur Murbad (NH - 222) Mhapsa karjat - Khopoli NH-4 section of NH - 548 A in the state of Maharashtra महाराष्ट्र,https://bhoomirashi.gov.in/auth/revamp/prep_public.cshtml?nid=1&project_id=58372,92.18,71.18,21.0,0.0,0.7721848557170753
58376,2018-01-29,420 ( E ),420E,2019-01-28,S.O 472E,SO472E,364,0,deduped_nearest_subsequent_3D,False,True,MO/2018/58376,Rehabilitation and Up - gradation of NH-75 ( Old NH-234 ) from Km 506/100 to Km 508/700 and Km 518/700 to Km 534/350 ( design Ch Km 506/100 to Km 508/650 and 518/700 Km 534/100 ) Mangalore to Thiruvannamallai section to two lane with paved shoulders on EPC mode under NH ( o ) in the state of Andhra Pradesh . रिहैबिलिटेशन एंड उप - ग्रेडेशन ऑफ़ NH-७५ ( ओल्ड NH-२३४ ) फ्रॉम कम 506/१०० तो कम 508/७०० एंड कम 518/७०० तो कम 534/३५० ( डिज़ाइन च कम 506/१०० तो कम 508/६५० एंड 518/७०० कम 534/१०० ) मंगलौर तो थिरुवन्नमल्लै सेक्शन तो तवो लेन विथ पवेद शोल्डर्स ों एप्स मोड अंडर नह ( ो ) इन थे स्टेट ऑफ़ आंध्र प्रदेश .,https://bhoomirashi.gov.in/auth/revamp/prep_public.cshtml?nid=1&project_id=58376,50.3,22.817,27.483,0.0,0.45361829025844935
58376,2019-06-22,S.O.2051E,SO2051E,2020-06-19,S.O.1972E,SO1972E,363,0,deduped_nearest_subsequent_3D,False,True,MO/2018/58376,Rehabilitation and Up - gradation of NH-75 ( Old NH-234 ) from Km 506/100 to Km 508/700 and Km 518/700 to Km 534/350 ( design Ch Km 506/100 to Km 508/650 and 518/700 Km 534/100 ) Mangalore to Thiruvannamallai section to two lane with paved shoulders on EPC mode under NH ( o ) in the state of Andhra Pradesh . रिहैबिलिटेशन एंड उप - ग्रेडेशन ऑफ़ NH-७५ ( ओल्ड NH-२३४ ) फ्रॉम कम 506/१०० तो कम 508/७०० एंड कम 518/७०० तो कम 534/३५० ( डिज़ाइन च कम 506/१०० तो कम 508/६५० एंड 518/७०० कम 534/१०० ) मंगलौर तो थिरुवन्नमल्लै सेक्शन तो तवो लेन विथ पवेद शोल्डर्स ों एप्स मोड अंडर नह ( ो ) इन थे स्टेट ऑफ़ आंध्र प्रदेश .,https://bhoomirashi.gov.in/auth/revamp/prep_public.cshtml?nid=1&project_id=58376,50.3,22.817,27.483,0.0,0.45361829025844935
58379,2018-11-12,5690,5690,2019-10-25,3866,3866,347,0,deduped_nearest_subsequent_3D,False,True,MO/2018/58379,widening to two lane with paved shoulder of vijayapura to sankeshwar from Km .0.000 to Km .40.00 (NH-548B) विडेनिंग तो तवो लेन विथ पवेद शोल्डर ऑफ़ विजयपुर विजयपुरा तो संकेश्वर फ्रॉम कम .0.००० तो कम .40.०० (NH-548B),https://bhoomirashi.gov.in/auth/revamp/prep_public.cshtml?nid=1&project_id=58379,113.0,78.522,34.478,0.0,0.6948849557522124
58379,2020-05-22,SO 1588 (E),SO1588E,2022-12-06,5673,5673,928,1,deduped_nearest_subsequent_3D,False,True,MO/2018/58379,widening to two lane with paved shoulder of vijayapura to sankeshwar from Km .0.000 to Km .40.00 (NH-548B) विडेनिंग तो तवो लेन विथ पवेद शोल्डर ऑफ़ विजयपुर विजयपुरा तो संकेश्वर फ्रॉम कम .0.००० तो कम .40.०० (NH-548B),https://bhoomirashi.gov.in/auth/revamp/prep_public.cshtml?nid=1&project_id=58379,113.0,78.522,34.478,0.0,0.6948849557522124
58379,2021-12-07,5059,5059,2024-04-26,1807(E),1807E,871,1,deduped_nearest_subsequent_3D,False,True,MO/2018/58379,widening to two lane with paved shoulder of vijayapura to sankeshwar from Km .0.000 to Km .40.00 (NH-548B) विडेनिंग तो तवो लेन विथ पवेद शोल्डर ऑफ़ विजयपुर विजयपुरा तो संकेश्वर फ्रॉम कम .0.००० तो कम .40.०० (NH-548B),https://bhoomirashi.gov.in/auth/revamp/prep_public.cshtml?nid=1&project_id=58379,113.0,78.522,34.478,0.0,0.6948849557522124
58381,2019-02-28,1081(E),1081E,2021-03-23,1293(E),1293E,754,1,deduped_nearest_subsequent_3D,False,True,MO/2018/58381,Construction of two lane with paved shoulders from Km. 455.845 (new chainage Km. 24.125) to Km. 489.845(new chainage Km.58.125) of Chikkamangalur to Billikere section NH-373 in the State of Karnataka. कंस्ट्रक्शन ऑफ़ तवो लेन विद पेव्ड शोल्डर्स फ्रॉम कम ४५५ ८४५ नई चैनगे कम २४ १२५ टू कम ४८९ ८४५ नई चैनगे कम ५८ १२५ ऑफ़ चिक्कमंगलुर टू बिल्लीकेरे सेक्शन नह 373 इन दे स्टेट ऑफ़ कर्नाटक,https://bhoomirashi.gov.in/auth/revamp/prep_public.cshtml?nid=1&project_id=58381,319.74,220.12,99.62,0.0,0.6884343529117408
58384,2019-08-26,3034 E,3034E,2020-06-22,1993 E,1993E,301,0,deduped_nearest_subsequent_3D,False,True,MO/2018/58384,Rehabilitation and Up-gradation to 2 lanee with paved shoulder configuration of Sangola-Sonand-Jath section of NH-965G from KM 185/339 to Km.230.123 of NH-965G (Design Chaingae from Km. 0/000 to Km. 44/784 Sangola to Jat) in the state of Maharsahtra on EPC Mode मोड,https://bhoomirashi.gov.in/auth/revamp/prep_public.cshtml?nid=1&project_id=58384,92.15,83.98,8.17,0.127794,0.911340206185567
58384,2019-08-26,3036 E,3036E,2020-08-10,2688 E,2688E,350,0,deduped_nearest_subsequent_3D,False,True,MO/2018/58384,Rehabilitation and Up-gradation to 2 lanee with paved shoulder configuration of Sangola-Sonand-Jath section of NH-965G from KM 185/339 to Km.230.123 of NH-965G (Design Chaingae from Km. 0/000 to Km. 44/784 Sangola to Jat) in the state of Maharsahtra on EPC Mode मोड,https://bhoomirashi.gov.in/auth/revamp/prep_public.cshtml?nid=1&project_id=58384,92.15,83.98,8.17,0.127794,0.911340206185567
58384,2020-08-11,2729 E,2729E,2021-04-07,1473 E,1473E,239,0,deduped_nearest_subsequent_3D,False,True,MO/2018/58384,Rehabilitation and Up-gradation to 2 lanee with paved shoulder configuration of Sangola-Sonand-Jath section of NH-965G from KM 185/339 to Km.230.123 of NH-965G (Design Chaingae from Km. 0/000 to Km. 44/784 Sangola to Jat) in the state of Maharsahtra on EPC Mode मोड,https://bhoomirashi.gov.in/auth/revamp/prep_public.cshtml?nid=1&project_id=58384,92.15,83.98,8.17,0.127794,0.911340206185567
58384,2020-11-25,4222 E,4222E,2021-06-09,2203 E,2203E,196,0,deduped_nearest_subsequent_3D,False,True,MO/2018/58384,Rehabilitation and Up-gradation to 2 lanee with paved shoulder configuration of Sangola-Sonand-Jath section of NH-965G from KM 185/339 to Km.230.123 of NH-965G (Design Chaingae from Km. 0/000 to Km. 44/784 Sangola to Jat) in the state of Maharsahtra on EPC Mode मोड,https://bhoomirashi.gov.in/auth/revamp/prep_public.cshtml?nid=1&project_id=58384,92.15,83.98,8.17,0.127794,0.911340206185567
58384,2023-11-13,S.O. 4904(E).,SO4904E,2024-11-07,S.O. 4831(E).,SO4831E,360,0,deduped_nearest_subsequent_3D,False,True,MO/2018/58384,Rehabilitation and Up-gradation to 2 lanee with paved shoulder configuration of Sangola-Sonand-Jath section of NH-965G from KM 185/339 to Km.230.123 of NH-965G (Design Chaingae from Km. 0/000 to Km. 44/784 Sangola to Jat) in the state of Maharsahtra on EPC Mode मोड,https://bhoomirashi.gov.in/auth/revamp/prep_public.cshtml?nid=1&project_id=58384,92.15,83.98,8.17,0.127794,0.911340206185567
58386,2018-12-11,6171,6171,2019-02-12,806(E),806E,63,0,deduped_nearest_subsequent_3D,False,True,MO/2018/58386,"Prepration of DPR for newly declared NH in the State of Madhya Pradesh under Packages- I,II & IV. Details of bids proposed for approval are as below:- National Highway - No. 347C (Khalghat Khargone to MH- Border Road) 0+000 to 136+350 k.m.) प्रिपरेसन ऑफ DPR फॉर न्यूली डिक्लियर्ड NH इन द स्टेट ऑफ मध्य प्रदेश अंडर पैकेज - I,II & IV. डिटेल्स ऑफ बीड्स प्रपोस्ड फॉर अप्रूवल अर एस बिलो:- (एन.एच. - 347C (खलघाट खरगोन से महाराष्ट्र बॉर्डर रोड 0+000 से 136+350 कि.मी.)",https://bhoomirashi.gov.in/auth/revamp/prep_public.cshtml?nid=1&project_id=58386,754.97,175.49,579.48,2.08,0.2324463223704253
58386,2018-12-11,6178,6178,2019-02-12,807(E),807E,63,0,deduped_nearest_subsequent_3D,False,True,MO/2018/58386,"Prepration of DPR for newly declared NH in the State of Madhya Pradesh under Packages- I,II & IV. Details of bids proposed for approval are as below:- National Highway - No. 347C (Khalghat Khargone to MH- Border Road) 0+000 to 136+350 k.m.) प्रिपरेसन ऑफ DPR फॉर न्यूली डिक्लियर्ड NH इन द स्टेट ऑफ मध्य प्रदेश अंडर पैकेज - I,II & IV. डिटेल्स ऑफ बीड्स प्रपोस्ड फॉर अप्रूवल अर एस बिलो:- (एन.एच. - 347C (खलघाट खरगोन से महाराष्ट्र बॉर्डर रोड 0+000 से 136+350 कि.मी.)",https://bhoomirashi.gov.in/auth/revamp/prep_public.cshtml?nid=1&project_id=58386,754.97,175.49,579.48,2.08,0.2324463223704253
58386,2018-12-11,6179,6179,2019-02-12,808(E),808E,63,0,deduped_nearest_subsequent_3D,False,True,MO/2018/58386,"Prepration of DPR for newly declared NH in the State of Madhya Pradesh under Packages- I,II & IV. Details of bids proposed for approval are as below:- National Highway - No. 347C (Khalghat Khargone to MH- Border Road) 0+000 to 136+350 k.m.) प्रिपरेसन ऑफ DPR फॉर न्यूली डिक्लियर्ड NH इन द स्टेट ऑफ मध्य प्रदेश अंडर पैकेज - I,II & IV. डिटेल्स ऑफ बीड्स प्रपोस्ड फॉर अप्रूवल अर एस बिलो:- (एन.एच. - 347C (खलघाट खरगोन से महाराष्ट्र बॉर्डर रोड 0+000 से 136+350 कि.मी.)",https://bhoomirashi.gov.in/auth/revamp/prep_public.cshtml?nid=1&project_id=58386,754.97,175.49,579.48,2.08,0.2324463223704253
58386,2018-12-11,6181,6181,2019-09-12,3280,3280,275,0,deduped_nearest_subsequent_3D,False,True,MO/2018/58386,"Prepration of DPR for newly declared NH in the State of Madhya Pradesh under Packages- I,II & IV. Details of bids proposed for approval are as below:- National Highway - No. 347C (Khalghat Khargone to MH- Border Road) 0+000 to 136+350 k.m.) प्रिपरेसन ऑफ DPR फॉर न्यूली डिक्लियर्ड NH इन द स्टेट ऑफ मध्य प्रदेश अंडर पैकेज - I,II & IV. डिटेल्स ऑफ बीड्स प्रपोस्ड फॉर अप्रूवल अर एस बिलो:- (एन.एच. - 347C (खलघाट खरगोन से महाराष्ट्र बॉर्डर रोड 0+000 से 136+350 कि.मी.)",https://bhoomirashi.gov.in/auth/revamp/prep_public.cshtml?nid=1&project_id=58386,754.97,175.49,579.48,2.08,0.2324463223704253
58386,2019-11-19,4182,4182,2020-11-13,4102,4102,360,0,deduped_nearest_subsequent_3D,False,True,MO/2018/58386,"Prepration of DPR for newly declared NH in the State of Madhya Pradesh under Packages- I,II & IV. Details of bids proposed for approval are as below:- National Highway - No. 347C (Khalghat Khargone to MH- Border Road) 0+000 to 136+350 k.m.) प्रिपरेसन ऑफ DPR फॉर न्यूली डिक्लियर्ड NH इन द स्टेट ऑफ मध्य प्रदेश अंडर पैकेज - I,II & IV. डिटेल्स ऑफ बीड्स प्रपोस्ड फॉर अप्रूवल अर एस बिलो:- (एन.एच. - 347C (खलघाट खरगोन से महाराष्ट्र बॉर्डर रोड 0+000 से 136+350 कि.मी.)",https://bhoomirashi.gov.in/auth/revamp/prep_public.cshtml?nid=1&project_id=58386,754.97,175.49,579.48,2.08,0.2324463223704253
58386,2020-01-30,476,476,2022-07-20,3280,3280,902,1,deduped_nearest_subsequent_3D,False,True,MO/2018/58386,"Prepration of DPR for newly declared NH in the State of Madhya Pradesh under Packages- I,II & IV. Details of bids proposed for approval are as below:- National Highway - No. 347C (Khalghat Khargone to MH- Border Road) 0+000 to 136+350 k.m.) प्रिपरेसन ऑफ DPR फॉर न्यूली डिक्लियर्ड NH इन द स्टेट ऑफ मध्य प्रदेश अंडर पैकेज - I,II & IV. डिटेल्स ऑफ बीड्स प्रपोस्ड फॉर अप्रूवल अर एस बिलो:- (एन.एच. - 347C (खलघाट खरगोन से महाराष्ट्र बॉर्डर रोड 0+000 से 136+350 कि.मी.)",https://bhoomirashi.gov.in/auth/revamp/prep_public.cshtml?nid=1&project_id=58386,754.97,175.49,579.48,2.08,0.2324463223704253
58386,2021-09-27,3978,3978,2022-07-22,3281,3281,298,0,deduped_nearest_subsequent_3D,False,True,MO/2018/58386,"Prepration of DPR for newly declared NH in the State of Madhya Pradesh under Packages- I,II & IV. Details of bids proposed for approval are as below:- National Highway - No. 347C (Khalghat Khargone to MH- Border Road) 0+000 to 136+350 k.m.) प्रिपरेसन ऑफ DPR फॉर न्यूली डिक्लियर्ड NH इन द स्टेट ऑफ मध्य प्रदेश अंडर पैकेज - I,II & IV. डिटेल्स ऑफ बीड्स प्रपोस्ड फॉर अप्रूवल अर एस बिलो:- (एन.एच. - 347C (खलघाट खरगोन से महाराष्ट्र बॉर्डर रोड 0+000 से 136+350 कि.मी.)",https://bhoomirashi.gov.in/auth/revamp/prep_public.cshtml?nid=1&project_id=58386,754.97,175.49,579.48,2.08,0.2324463223704253
58386,2021-09-27,3979,3979,2022-09-13,4263,4263,351,0,deduped_nearest_subsequent_3D,False,True,MO/2018/58386,"Prepration of DPR for newly declared NH in the State of Madhya Pradesh under Packages- I,II & IV. Details of bids proposed for approval are as below:- National Highway - No. 347C (Khalghat Khargone to MH- Border Road) 0+000 to 136+350 k.m.) प्रिपरेसन ऑफ DPR फॉर न्यूली डिक्लियर्ड NH इन द स्टेट ऑफ मध्य प्रदेश अंडर पैकेज - I,II & IV. डिटेल्स ऑफ बीड्स प्रपोस्ड फॉर अप्रूवल अर एस बिलो:- (एन.एच. - 347C (खलघाट खरगोन से महाराष्ट्र बॉर्डर रोड 0+000 से 136+350 कि.मी.)",https://bhoomirashi.gov.in/auth/revamp/prep_public.cshtml?nid=1&project_id=58386,754.97,175.49,579.48,2.08,0.2324463223704253
58386,2021-12-31,5177,5177,2022-09-13,4264,4264,256,0,deduped_nearest_subsequent_3D,False,True,MO/2018/58386,"Prepration of DPR for newly declared NH in the State of Madhya Pradesh under Packages- I,II & IV. Details of bids proposed for approval are as below:- National Highway - No. 347C (Khalghat Khargone to MH- Border Road) 0+000 to 136+350 k.m.) प्रिपरेसन ऑफ DPR फॉर न्यूली डिक्लियर्ड NH इन द स्टेट ऑफ मध्य प्रदेश अंडर पैकेज - I,II & IV. डिटेल्स ऑफ बीड्स प्रपोस्ड फॉर अप्रूवल अर एस बिलो:- (एन.एच. - 347C (खलघाट खरगोन से महाराष्ट्र बॉर्डर रोड 0+000 से 136+350 कि.मी.)",https://bhoomirashi.gov.in/auth/revamp/prep_public.cshtml?nid=1&project_id=58386,754.97,175.49,579.48,2.08,0.2324463223704253
58386,2021-12-31,5178,5178,2023-03-20,S.O.1280(E),SO1280E,444,1,deduped_nearest_subsequent_3D,False,True,MO/2018/58386,"Prepration of DPR for newly declared NH in the State of Madhya Pradesh under Packages- I,II & IV. Details of bids proposed for approval are as below:- National Highway - No. 347C (Khalghat Khargone to MH- Border Road) 0+000 to 136+350 k.m.) प्रिपरेसन ऑफ DPR फॉर न्यूली डिक्लियर्ड NH इन द स्टेट ऑफ मध्य प्रदेश अंडर पैकेज - I,II & IV. डिटेल्स ऑफ बीड्स प्रपोस्ड फॉर अप्रूवल अर एस बिलो:- (एन.एच. - 347C (खलघाट खरगोन से महाराष्ट्र बॉर्डर रोड 0+000 से 136+350 कि.मी.)",https://bhoomirashi.gov.in/auth/revamp/prep_public.cshtml?nid=1&project_id=58386,754.97,175.49,579.48,2.08,0.2324463223704253
58386,2022-04-06,1658,1658,2023-07-07,2514,2514,457,1,deduped_nearest_subsequent_3D,False,True,MO/2018/58386,"Prepration of DPR for newly declared NH in the State of Madhya Pradesh under Packages- I,II & IV. Details of bids proposed for approval are as below:- National Highway - No. 347C (Khalghat Khargone to MH- Border Road) 0+000 to 136+350 k.m.) प्रिपरेसन ऑफ DPR फॉर न्यूली डिक्लियर्ड NH इन द स्टेट ऑफ मध्य प्रदेश अंडर पैकेज - I,II & IV. डिटेल्स ऑफ बीड्स प्रपोस्ड फॉर अप्रूवल अर एस बिलो:- (एन.एच. - 347C (खलघाट खरगोन से महाराष्ट्र बॉर्डर रोड 0+000 से 136+350 कि.मी.)",https://bhoomirashi.gov.in/auth/revamp/prep_public.cshtml?nid=1&project_id=58386,754.97,175.49,579.48,2.08,0.2324463223704253
58386,2022-12-29,S.O.6129(E),SO6129E,2023-08-23,3760,3760,237,0,deduped_nearest_subsequent_3D,False,True,MO/2018/58386,"Prepration of DPR for newly declared NH in the State of Madhya Pradesh under Packages- I,II & IV. Details of bids proposed for approval are as below:- National Highway - No. 347C (Khalghat Khargone to MH- Border Road) 0+000 to 136+350 k.m.) प्रिपरेसन ऑफ DPR फॉर न्यूली डिक्लियर्ड NH इन द स्टेट ऑफ मध्य प्रदेश अंडर पैकेज - I,II & IV. डिटेल्स ऑफ बीड्स प्रपोस्ड फॉर अप्रूवल अर एस बिलो:- (एन.एच. - 347C (खलघाट खरगोन से महाराष्ट्र बॉर्डर रोड 0+000 से 136+350 कि.मी.)",https://bhoomirashi.gov.in/auth/revamp/prep_public.cshtml?nid=1&project_id=58386,754.97,175.49,579.48,2.08,0.2324463223704253
58386,2022-12-29,S.O.6130(E),SO6130E,2025-12-09,5721(E),5721E,1076,1,deduped_nearest_subsequent_3D,False,True,MO/2018/58386,"Prepration of DPR for newly declared NH in the State of Madhya Pradesh under Packages- I,II & IV. Details of bids proposed for approval are as below:- National Highway - No. 347C (Khalghat Khargone to MH- Border Road) 0+000 to 136+350 k.m.) प्रिपरेसन ऑफ DPR फॉर न्यूली डिक्लियर्ड NH इन द स्टेट ऑफ मध्य प्रदेश अंडर पैकेज - I,II & IV. डिटेल्स ऑफ बीड्स प्रपोस्ड फॉर अप्रूवल अर एस बिलो:- (एन.एच. - 347C (खलघाट खरगोन से महाराष्ट्र बॉर्डर रोड 0+000 से 136+350 कि.मी.)",https://bhoomirashi.gov.in/auth/revamp/prep_public.cshtml?nid=1&project_id=58386,754.97,175.49,579.48,2.08,0.2324463223704253
58386,2025-05-30,2406,2406,2026-08-24,4651(E),4651E,451,1,deduped_nearest_subsequent_3D,False,True,MO/2018/58386,"Prepration of DPR for newly declared NH in the State of Madhya Pradesh under Packages- I,II & IV. Details of bids proposed for approval are as below:- National Highway - No. 347C (Khalghat Khargone to MH- Border Road) 0+000 to 136+350 k.m.) प्रिपरेसन ऑफ DPR फॉर न्यूली डिक्लियर्ड NH इन द स्टेट ऑफ मध्य प्रदेश अंडर पैकेज - I,II & IV. डिटेल्स ऑफ बीड्स प्रपोस्ड फॉर अप्रूवल अर एस बिलो:- (एन.एच. - 347C (खलघाट खरगोन से महाराष्ट्र बॉर्डर रोड 0+000 से 136+350 कि.मी.)",https://bhoomirashi.gov.in/auth/revamp/prep_public.cshtml?nid=1&project_id=58386,754.97,175.49,579.48,2.08,0.2324463223704253
58386,2025-07-11,3109,3109,2026-08-24,4652(E),4652E,409,1,deduped_nearest_subsequent_3D,False,True,MO/2018/58386,"Prepration of DPR for newly declared NH in the State of Madhya Pradesh under Packages- I,II & IV. Details of bids proposed for approval are as below:- National Highway - No. 347C (Khalghat Khargone to MH- Border Road) 0+000 to 136+350 k.m.) प्रिपरेसन ऑफ DPR फॉर न्यूली डिक्लियर्ड NH इन द स्टेट ऑफ मध्य प्रदेश अंडर पैकेज - I,II & IV. डिटेल्स ऑफ बीड्स प्रपोस्ड फॉर अप्रूवल अर एस बिलो:- (एन.एच. - 347C (खलघाट खरगोन से महाराष्ट्र बॉर्डर रोड 0+000 से 136+350 कि.मी.)",https://bhoomirashi.gov.in/auth/revamp/prep_public.cshtml?nid=1&project_id=58386,754.97,175.49,579.48,2.08,0.2324463223704253
58388,2016-11-29,3574,3574,2017-11-17,3642(E),3642E,353,0,deduped_nearest_subsequent_3D,False,True,MO/2018/58388,Widening to two lane with 1.5m wide paved shoulder and strengthening from km 35/700 to km 71/120 (Rairangpur to Jashipur) of NH-220 in the state of Odisha विडेनिंग तो तवो लेन विथ 1.५म वाइड पवेद शोल्डर एंड स्ट्रेंग्थेनिंग फ्रॉम कम 35/७०० तो कम 71/१२० (रायरंगपुर तो Jashipur) ऑफ़ NH-२२० इन थे स्टेट ऑफ़ ओडिशा,https://bhoomirashi.gov.in/auth/revamp/prep_public.cshtml?nid=1&project_id=58388,2.9,0.0,2.9,0.0,0.0
58399,2018-10-29,5546,5546,2019-02-13,863(E),863E,107,0,deduped_nearest_subsequent_3D,False,True,MO/2018/58399,"Prepration of DPR for newly declared NH in the State of Madhya Pradesh under Packages- I,II & IV. Details of bids proposed for approval are as below:- (NH-346 Kurwai Mungawali To chanderi Road 0+000 to 81+300 k.m.) प्रिपरेसन ऑफ DPR फॉर न्यूली डिक्लियर्ड NH इन द स्टेट ऑफ मध्य प्रदेश अंडर पैकेज - I,II & IV. डिटेल्स ऑफ बीड्स प्रपोस्ड फॉर अप्रूवल अर एस बिलो:- (एनएच - 346 कुरवाई मुंगावली से चन्देरी रोड 0+000 टु 81+300 कि.मी.)",https://bhoomirashi.gov.in/auth/revamp/prep_public.cshtml?nid=1&project_id=58399,243.177,122.76,120.417,1.387,0.5048174786266794
58399,2018-12-10,6137,6137,2019-02-18,890(E),890E,70,0,deduped_nearest_subsequent_3D,False,True,MO/2018/58399,"Prepration of DPR for newly declared NH in the State of Madhya Pradesh under Packages- I,II & IV. Details of bids proposed for approval are as below:- (NH-346 Kurwai Mungawali To chanderi Road 0+000 to 81+300 k.m.) प्रिपरेसन ऑफ DPR फॉर न्यूली डिक्लियर्ड NH इन द स्टेट ऑफ मध्य प्रदेश अंडर पैकेज - I,II & IV. डिटेल्स ऑफ बीड्स प्रपोस्ड फॉर अप्रूवल अर एस बिलो:- (एनएच - 346 कुरवाई मुंगावली से चन्देरी रोड 0+000 टु 81+300 कि.मी.)",https://bhoomirashi.gov.in/auth/revamp/prep_public.cshtml?nid=1&project_id=58399,243.177,122.76,120.417,1.387,0.5048174786266794
58399,2018-12-10,6138,6138,2019-02-18,891(E),891E,70,0,deduped_nearest_subsequent_3D,False,True,MO/2018/58399,"Prepration of DPR for newly declared NH in the State of Madhya Pradesh under Packages- I,II & IV. Details of bids proposed for approval are as below:- (NH-346 Kurwai Mungawali To chanderi Road 0+000 to 81+300 k.m.) प्रिपरेसन ऑफ DPR फॉर न्यूली डिक्लियर्ड NH इन द स्टेट ऑफ मध्य प्रदेश अंडर पैकेज - I,II & IV. डिटेल्स ऑफ बीड्स प्रपोस्ड फॉर अप्रूवल अर एस बिलो:- (एनएच - 346 कुरवाई मुंगावली से चन्देरी रोड 0+000 टु 81+300 कि.मी.)",https://bhoomirashi.gov.in/auth/revamp/prep_public.cshtml?nid=1&project_id=58399,243.177,122.76,120.417,1.387,0.5048174786266794
58399,2019-11-20,4203,4203,2022-03-02,912(e),912E,833,1,deduped_nearest_subsequent_3D,False,True,MO/2018/58399,"Prepration of DPR for newly declared NH in the State of Madhya Pradesh under Packages- I,II & IV. Details of bids proposed for approval are as below:- (NH-346 Kurwai Mungawali To chanderi Road 0+000 to 81+300 k.m.) प्रिपरेसन ऑफ DPR फॉर न्यूली डिक्लियर्ड NH इन द स्टेट ऑफ मध्य प्रदेश अंडर पैकेज - I,II & IV. डिटेल्स ऑफ बीड्स प्रपोस्ड फॉर अप्रूवल अर एस बिलो:- (एनएच - 346 कुरवाई मुंगावली से चन्देरी रोड 0+000 टु 81+300 कि.मी.)",https://bhoomirashi.gov.in/auth/revamp/prep_public.cshtml?nid=1&project_id=58399,243.177,122.76,120.417,1.387,0.5048174786266794
58399,2019-11-20,4204,4204,2022-03-09,1035(E),1035E,840,1,deduped_nearest_subsequent_3D,False,True,MO/2018/58399,"Prepration of DPR for newly declared NH in the State of Madhya Pradesh under Packages- I,II & IV. Details of bids proposed for approval are as below:- (NH-346 Kurwai Mungawali To chanderi Road 0+000 to 81+300 k.m.) प्रिपरेसन ऑफ DPR फॉर न्यूली डिक्लियर्ड NH इन द स्टेट ऑफ मध्य प्रदेश अंडर पैकेज - I,II & IV. डिटेल्स ऑफ बीड्स प्रपोस्ड फॉर अप्रूवल अर एस बिलो:- (एनएच - 346 कुरवाई मुंगावली से चन्देरी रोड 0+000 टु 81+300 कि.मी.)",https://bhoomirashi.gov.in/auth/revamp/prep_public.cshtml?nid=1&project_id=58399,243.177,122.76,120.417,1.387,0.5048174786266794
58399,2021-06-17,2362,2362,2022-06-03,2568,2568,351,0,deduped_nearest_subsequent_3D,False,True,MO/2018/58399,"Prepration of DPR for newly declared NH in the State of Madhya Pradesh under Packages- I,II & IV. Details of bids proposed for approval are as below:- (NH-346 Kurwai Mungawali To chanderi Road 0+000 to 81+300 k.m.) प्रिपरेसन ऑफ DPR फॉर न्यूली डिक्लियर्ड NH इन द स्टेट ऑफ मध्य प्रदेश अंडर पैकेज - I,II & IV. डिटेल्स ऑफ बीड्स प्रपोस्ड फॉर अप्रूवल अर एस बिलो:- (एनएच - 346 कुरवाई मुंगावली से चन्देरी रोड 0+000 टु 81+300 कि.मी.)",https://bhoomirashi.gov.in/auth/revamp/prep_public.cshtml?nid=1&project_id=58399,243.177,122.76,120.417,1.387,0.5048174786266794
58399,2021-07-17,2354,2354,2022-06-29,2970,2970,347,0,deduped_nearest_subsequent_3D,False,True,MO/2018/58399,"Prepration of DPR for newly declared NH in the State of Madhya Pradesh under Packages- I,II & IV. Details of bids proposed for approval are as below:- (NH-346 Kurwai Mungawali To chanderi Road 0+000 to 81+300 k.m.) प्रिपरेसन ऑफ DPR फॉर न्यूली डिक्लियर्ड NH इन द स्टेट ऑफ मध्य प्रदेश अंडर पैकेज - I,II & IV. डिटेल्स ऑफ बीड्स प्रपोस्ड फॉर अप्रूवल अर एस बिलो:- (एनएच - 346 कुरवाई मुंगावली से चन्देरी रोड 0+000 टु 81+300 कि.मी.)",https://bhoomirashi.gov.in/auth/revamp/prep_public.cshtml?nid=1&project_id=58399,243.177,122.76,120.417,1.387,0.5048174786266794
58399,2021-12-13,5176,5176,2022-06-30,2972,2972,199,0,deduped_nearest_subsequent_3D,False,True,MO/2018/58399,"Prepration of DPR for newly declared NH in the State of Madhya Pradesh under Packages- I,II & IV. Details of bids proposed for approval are as below:- (NH-346 Kurwai Mungawali To chanderi Road 0+000 to 81+300 k.m.) प्रिपरेसन ऑफ DPR फॉर न्यूली डिक्लियर्ड NH इन द स्टेट ऑफ मध्य प्रदेश अंडर पैकेज - I,II & IV. डिटेल्स ऑफ बीड्स प्रपोस्ड फॉर अप्रूवल अर एस बिलो:- (एनएच - 346 कुरवाई मुंगावली से चन्देरी रोड 0+000 टु 81+300 कि.मी.)",https://bhoomirashi.gov.in/auth/revamp/prep_public.cshtml?nid=1&project_id=58399,243.177,122.76,120.417,1.387,0.5048174786266794
58399,2022-01-15,704,704,2023-07-04,2927(E),2927E,535,1,deduped_nearest_subsequent_3D,False,True,MO/2018/58399,"Prepration of DPR for newly declared NH in the State of Madhya Pradesh under Packages- I,II & IV. Details of bids proposed for approval are as below:- (NH-346 Kurwai Mungawali To chanderi Road 0+000 to 81+300 k.m.) प्रिपरेसन ऑफ DPR फॉर न्यूली डिक्लियर्ड NH इन द स्टेट ऑफ मध्य प्रदेश अंडर पैकेज - I,II & IV. डिटेल्स ऑफ बीड्स प्रपोस्ड फॉर अप्रूवल अर एस बिलो:- (एनएच - 346 कुरवाई मुंगावली से चन्देरी रोड 0+000 टु 81+300 कि.मी.)",https://bhoomirashi.gov.in/auth/revamp/prep_public.cshtml?nid=1&project_id=58399,243.177,122.76,120.417,1.387,0.5048174786266794
58399,2022-03-02,946,946,2024-02-06,552(E),552E,706,1,deduped_nearest_subsequent_3D,False,True,MO/2018/58399,"Prepration of DPR for newly declared NH in the State of Madhya Pradesh under Packages- I,II & IV. Details of bids proposed for approval are as below:- (NH-346 Kurwai Mungawali To chanderi Road 0+000 to 81+300 k.m.) प्रिपरेसन ऑफ DPR फॉर न्यूली डिक्लियर्ड NH इन द स्टेट ऑफ मध्य प्रदेश अंडर पैकेज - I,II & IV. डिटेल्स ऑफ बीड्स प्रपोस्ड फॉर अप्रूवल अर एस बिलो:- (एनएच - 346 कुरवाई मुंगावली से चन्देरी रोड 0+000 टु 81+300 कि.मी.)",https://bhoomirashi.gov.in/auth/revamp/prep_public.cshtml?nid=1&project_id=58399,243.177,122.76,120.417,1.387,0.5048174786266794
58399,2022-03-10,10787,10787,2024-02-16,755(E),755E,708,1,deduped_nearest_subsequent_3D,False,True,MO/2018/58399,"Prepration of DPR for newly declared NH in the State of Madhya Pradesh under Packages- I,II & IV. Details of bids proposed for approval are as below:- (NH-346 Kurwai Mungawali To chanderi Road 0+000 to 81+300 k.m.) प्रिपरेसन ऑफ DPR फॉर न्यूली डिक्लियर्ड NH इन द स्टेट ऑफ मध्य प्रदेश अंडर पैकेज - I,II & IV. डिटेल्स ऑफ बीड्स प्रपोस्ड फॉर अप्रूवल अर एस बिलो:- (एनएच - 346 कुरवाई मुंगावली से चन्देरी रोड 0+000 टु 81+300 कि.मी.)",https://bhoomirashi.gov.in/auth/revamp/prep_public.cshtml?nid=1&project_id=58399,243.177,122.76,120.417,1.387,0.5048174786266794
58399,2022-03-24,1325,1325,2024-02-16,756(E),756E,694,1,deduped_nearest_subsequent_3D,False,True,MO/2018/58399,"Prepration of DPR for newly declared NH in the State of Madhya Pradesh under Packages- I,II & IV. Details of bids proposed for approval are as below:- (NH-346 Kurwai Mungawali To chanderi Road 0+000 to 81+300 k.m.) प्रिपरेसन ऑफ DPR फॉर न्यूली डिक्लियर्ड NH इन द स्टेट ऑफ मध्य प्रदेश अंडर पैकेज - I,II & IV. डिटेल्स ऑफ बीड्स प्रपोस्ड फॉर अप्रूवल अर एस बिलो:- (एनएच - 346 कुरवाई मुंगावली से चन्देरी रोड 0+000 टु 81+300 कि.मी.)",https://bhoomirashi.gov.in/auth/revamp/prep_public.cshtml?nid=1&project_id=58399,243.177,122.76,120.417,1.387,0.5048174786266794
58405,2018-02-09,623 (E),623E,2018-10-31,5625,5625,264,0,deduped_nearest_subsequent_3D,False,True,MO/2018/58405,Land Acquisition on NH-108 (NH-34from existing km 0.00 (Dharashu) to km 124.000 (Gangotri ) ) in the State of Uttarakhand . लैंड एक्वीजीशन ों NH-१०८ (NH-३४ ) (फ्रॉम एक्सिस्टिंग कम 0.०० (Dharashu) तो कंकण कम 124.००० (गंगोत्री ) ) इन थे स्टेट ऑफ़ उत्तराखंड .,https://bhoomirashi.gov.in/auth/revamp/prep_public.cshtml?nid=1&project_id=58405,1.3611,0.0,1.3611,0.0,0.0
58407,2021-12-17,5257(E),5257E,2022-02-28,881(E),881E,73,0,deduped_nearest_subsequent_3D,False,True,MO/2018/58407,Acquisition of land for improvement of NH-59 from Village Rigdol (57/0) to Belgaon (68/250) in the state of Odisha एक्वीजीशन ऑफ़ लैंड फॉर इम्प्रूवमेंट ऑफ़ NH-५९ फ्रॉम विलेज रिग्डोल (57/0) तो बेलगाओं (68/250) इन थे स्टेट ऑफ़ ओडिशा,https://bhoomirashi.gov.in/auth/revamp/prep_public.cshtml?nid=1&project_id=58407,36.0,0.0,36.0,0.009308,0.0
58411,2018-11-28,S.O. 6007 (E),SO6007E,2019-07-04,S.O.2361E,SO2361E,218,0,deduped_nearest_subsequent_3D,False,True,MO/2018/58411,Rehabilitation and Up - gradation of new NH - 544DD from design chainage Km 0/000 to Km 56/000 ( Ex. Km 0/460 to Ex. Km 58/344 ) of Ananthapuramu - Kalyanadurg Section to two lane with paved shoulders in the state of Andhra Pradesh under NH ( O ) on EPC mode . रिहैबिलिटेशन एंड अप - ग्रेडेशन ऑफ़ न्यू एन. एच. - 544 डी डी फ्रॉम डिज़ाइन चैनज किमी . 0/000 टु किमी . 56/000 ( एक्स . किमी . 0/460 टु एक्स . किमी . 58/344 ) ऑफ़ अनन्तपुरामु - कल्याणदुर्ग सेक्शन टु टू लेन विद पेव्ड शोल्डर्स इन द स्टेट ऑफ़ आंध्र प्रदेश अंडर एन. एच. ( ओ ) ऑन इ पी सी मोड .,https://bhoomirashi.gov.in/auth/revamp/prep_public.cshtml?nid=1&project_id=58411,2.89,0.0,2.89,0.0,0.0
58413,2019-11-20,4180 E,4180E,2020-11-13,4090 E,4090E,359,0,deduped_nearest_subsequent_3D,False,True,MO/2018/58413,Estimate of upgradation of NH-543 from Deori to Amagaon (design km.0.00 to km. 38.200) to two lane with paved shoulder on EPC mode in the state of maharashtra महाराष्ट्र,https://bhoomirashi.gov.in/auth/revamp/prep_public.cshtml?nid=1&project_id=58413,110.01,97.09,12.92,0.0,0.8825561312607945
58419,2018-12-11,6174,6174,2019-07-18,2577(E),2577E,219,0,deduped_nearest_subsequent_3D,False,True,MO/2018/58419,Land Acquisition on Newly Declared NH-943 under PWD(NH) Division - Sagar: Pawai - Jaso - Saleha - Nagod Road NH - 943 From KM 0+00 to KM 66+32 भू - अर्जन नव घोषित राष्ट्रीय राजमार्ग ९४३ के लिए पी.डब्ल्यू.डी. (एन.एच.) संभाग - सागर के अंतर्गत - पवई - जसो - सलेहा - नागोद मार्ग कि.मी. ०+०० से कि.मी. ६६+३२ तक,https://bhoomirashi.gov.in/auth/revamp/prep_public.cshtml?nid=1&project_id=58419,210.0,125.0,85.0,0.131,0.5952380952380952
58419,2019-06-19,1997,1997,2019-09-06,3225,3225,79,0,deduped_nearest_subsequent_3D,False,True,MO/2018/58419,Land Acquisition on Newly Declared NH-943 under PWD(NH) Division - Sagar: Pawai - Jaso - Saleha - Nagod Road NH - 943 From KM 0+00 to KM 66+32 भू - अर्जन नव घोषित राष्ट्रीय राजमार्ग ९४३ के लिए पी.डब्ल्यू.डी. (एन.एच.) संभाग - सागर के अंतर्गत - पवई - जसो - सलेहा - नागोद मार्ग कि.मी. ०+०० से कि.मी. ६६+३२ तक,https://bhoomirashi.gov.in/auth/revamp/prep_public.cshtml?nid=1&project_id=58419,210.0,125.0,85.0,0.131,0.5952380952380952
58419,2019-07-11,2491(E),2491E,2020-06-17,1924,1924,342,0,deduped_nearest_subsequent_3D,False,True,MO/2018/58419,Land Acquisition on Newly Declared NH-943 under PWD(NH) Division - Sagar: Pawai - Jaso - Saleha - Nagod Road NH - 943 From KM 0+00 to KM 66+32 भू - अर्जन नव घोषित राष्ट्रीय राजमार्ग ९४३ के लिए पी.डब्ल्यू.डी. (एन.एच.) संभाग - सागर के अंतर्गत - पवई - जसो - सलेहा - नागोद मार्ग कि.मी. ०+०० से कि.मी. ६६+३२ तक,https://bhoomirashi.gov.in/auth/revamp/prep_public.cshtml?nid=1&project_id=58419,210.0,125.0,85.0,0.131,0.5952380952380952
58419,2021-02-22,798,798,2021-08-03,311,311,162,0,deduped_nearest_subsequent_3D,False,True,MO/2018/58419,Land Acquisition on Newly Declared NH-943 under PWD(NH) Division - Sagar: Pawai - Jaso - Saleha - Nagod Road NH - 943 From KM 0+00 to KM 66+32 भू - अर्जन नव घोषित राष्ट्रीय राजमार्ग ९४३ के लिए पी.डब्ल्यू.डी. (एन.एच.) संभाग - सागर के अंतर्गत - पवई - जसो - सलेहा - नागोद मार्ग कि.मी. ०+०० से कि.मी. ६६+३२ तक,https://bhoomirashi.gov.in/auth/revamp/prep_public.cshtml?nid=1&project_id=58419,210.0,125.0,85.0,0.131,0.5952380952380952
58419,2022-02-17,776,776,2022-06-10,2667,2667,113,0,deduped_nearest_subsequent_3D,False,True,MO/2018/58419,Land Acquisition on Newly Declared NH-943 under PWD(NH) Division - Sagar: Pawai - Jaso - Saleha - Nagod Road NH - 943 From KM 0+00 to KM 66+32 भू - अर्जन नव घोषित राष्ट्रीय राजमार्ग ९४३ के लिए पी.डब्ल्यू.डी. (एन.एच.) संभाग - सागर के अंतर्गत - पवई - जसो - सलेहा - नागोद मार्ग कि.मी. ०+०० से कि.मी. ६६+३२ तक,https://bhoomirashi.gov.in/auth/revamp/prep_public.cshtml?nid=1&project_id=58419,210.0,125.0,85.0,0.131,0.5952380952380952
58419,2022-12-16,S.O.5890(E),SO5890E,2023-03-10,S.O.1131(E),SO1131E,84,0,deduped_nearest_subsequent_3D,False,True,MO/2018/58419,Land Acquisition on Newly Declared NH-943 under PWD(NH) Division - Sagar: Pawai - Jaso - Saleha - Nagod Road NH - 943 From KM 0+00 to KM 66+32 भू - अर्जन नव घोषित राष्ट्रीय राजमार्ग ९४३ के लिए पी.डब्ल्यू.डी. (एन.एच.) संभाग - सागर के अंतर्गत - पवई - जसो - सलेहा - नागोद मार्ग कि.मी. ०+०० से कि.मी. ६६+३२ तक,https://bhoomirashi.gov.in/auth/revamp/prep_public.cshtml?nid=1&project_id=58419,210.0,125.0,85.0,0.131,0.5952380952380952
58420,2018-12-11,6195,6195,2019-07-18,2580 (E),2580E,219,0,deduped_nearest_subsequent_3D,False,True,MO/2018/58420,Land Acquisition on Newly Declared NH-43(Ext.) under PWD(NH) Division - Sagar: Gulganj - Amanganj - Pawai - Katni Road NH - 43Ext. From KM 0+00 to KM 108+00 भू - अर्जन नव घोषित राष्ट्रीय राजमार्ग ४३(विस्तार) के लिए पी.डब्ल्यू.डी. (एन.एच.) संभाग - सागर के अंतर्गत - गुलगंज - अमानगंज - पवई - कटनी मार्ग कि.मी. ०+०० से कि.मी. १०८+०० तक,https://bhoomirashi.gov.in/auth/revamp/prep_public.cshtml?nid=1&project_id=58420,360.0,294.0,66.0,0.0,0.8166666666666667
58420,2019-06-19,1999,1999,2019-09-06,3229,3229,79,0,deduped_nearest_subsequent_3D,False,True,MO/2018/58420,Land Acquisition on Newly Declared NH-43(Ext.) under PWD(NH) Division - Sagar: Gulganj - Amanganj - Pawai - Katni Road NH - 43Ext. From KM 0+00 to KM 108+00 भू - अर्जन नव घोषित राष्ट्रीय राजमार्ग ४३(विस्तार) के लिए पी.डब्ल्यू.डी. (एन.एच.) संभाग - सागर के अंतर्गत - गुलगंज - अमानगंज - पवई - कटनी मार्ग कि.मी. ०+०० से कि.मी. १०८+०० तक,https://bhoomirashi.gov.in/auth/revamp/prep_public.cshtml?nid=1&project_id=58420,360.0,294.0,66.0,0.0,0.8166666666666667
58420,2019-07-11,2489(E),2489E,2019-12-30,9,9,172,0,deduped_nearest_subsequent_3D,False,True,MO/2018/58420,Land Acquisition on Newly Declared NH-43(Ext.) under PWD(NH) Division - Sagar: Gulganj - Amanganj - Pawai - Katni Road NH - 43Ext. From KM 0+00 to KM 108+00 भू - अर्जन नव घोषित राष्ट्रीय राजमार्ग ४३(विस्तार) के लिए पी.डब्ल्यू.डी. (एन.एच.) संभाग - सागर के अंतर्गत - गुलगंज - अमानगंज - पवई - कटनी मार्ग कि.मी. ०+०० से कि.मी. १०८+०० तक,https://bhoomirashi.gov.in/auth/revamp/prep_public.cshtml?nid=1&project_id=58420,360.0,294.0,66.0,0.0,0.8166666666666667
58420,2021-10-18,4313,4313,2022-10-04,4698,4698,351,0,deduped_nearest_subsequent_3D,False,True,MO/2018/58420,Land Acquisition on Newly Declared NH-43(Ext.) under PWD(NH) Division - Sagar: Gulganj - Amanganj - Pawai - Katni Road NH - 43Ext. From KM 0+00 to KM 108+00 भू - अर्जन नव घोषित राष्ट्रीय राजमार्ग ४३(विस्तार) के लिए पी.डब्ल्यू.डी. (एन.एच.) संभाग - सागर के अंतर्गत - गुलगंज - अमानगंज - पवई - कटनी मार्ग कि.मी. ०+०० से कि.मी. १०८+०० तक,https://bhoomirashi.gov.in/auth/revamp/prep_public.cshtml?nid=1&project_id=58420,360.0,294.0,66.0,0.0,0.8166666666666667
58420,2024-07-03,2613(E),2613E,2025-04-02,1583,1583,273,0,deduped_nearest_subsequent_3D,False,True,MO/2018/58420,Land Acquisition on Newly Declared NH-43(Ext.) under PWD(NH) Division - Sagar: Gulganj - Amanganj - Pawai - Katni Road NH - 43Ext. From KM 0+00 to KM 108+00 भू - अर्जन नव घोषित राष्ट्रीय राजमार्ग ४३(विस्तार) के लिए पी.डब्ल्यू.डी. (एन.एच.) संभाग - सागर के अंतर्गत - गुलगंज - अमानगंज - पवई - कटनी मार्ग कि.मी. ०+०० से कि.मी. १०८+०० तक,https://bhoomirashi.gov.in/auth/revamp/prep_public.cshtml?nid=1&project_id=58420,360.0,294.0,66.0,0.0,0.8166666666666667
58420,2025-01-27,475,475,2025-06-16,2691,2691,140,0,deduped_nearest_subsequent_3D,False,True,MO/2018/58420,Land Acquisition on Newly Declared NH-43(Ext.) under PWD(NH) Division - Sagar: Gulganj - Amanganj - Pawai - Katni Road NH - 43Ext. From KM 0+00 to KM 108+00 भू - अर्जन नव घोषित राष्ट्रीय राजमार्ग ४३(विस्तार) के लिए पी.डब्ल्यू.डी. (एन.एच.) संभाग - सागर के अंतर्गत - गुलगंज - अमानगंज - पवई - कटनी मार्ग कि.मी. ०+०० से कि.मी. १०८+०० तक,https://bhoomirashi.gov.in/auth/revamp/prep_public.cshtml?nid=1&project_id=58420,360.0,294.0,66.0,0.0,0.8166666666666667
58421,2018-12-11,6185,6185,2019-09-06,3230,3230,269,0,deduped_nearest_subsequent_3D,False,True,MO/2018/58421,Land Acquisition on Newly Declared NH-43(Ext.) under PWD(NH) Division - Jabalpur: Gulganj - Amanganj - Pawai - Katni Road NH - 43Ext. From KM 108+00 to KM 163+85 भू - अर्जन नव घोषित राष्ट्रीय राजमार्ग ४३(विस्तार) के लिए पी.डब्ल्यू.डी. (एन.एच.) संभाग - जबलपुर के अंतर्गत - गुलगंज - अमानगंज - पवई - कटनी मार्ग कि.मी. १०८+०० से कि.मी. १६३+८५ तक,https://bhoomirashi.gov.in/auth/revamp/prep_public.cshtml?nid=1&project_id=58421,121.0,63.0,58.0,0.496,0.5206611570247934
58421,2019-06-19,1995,1995,2019-10-29,3924,3924,132,0,deduped_nearest_subsequent_3D,False,True,MO/2018/58421,Land Acquisition on Newly Declared NH-43(Ext.) under PWD(NH) Division - Jabalpur: Gulganj - Amanganj - Pawai - Katni Road NH - 43Ext. From KM 108+00 to KM 163+85 भू - अर्जन नव घोषित राष्ट्रीय राजमार्ग ४३(विस्तार) के लिए पी.डब्ल्यू.डी. (एन.एच.) संभाग - जबलपुर के अंतर्गत - गुलगंज - अमानगंज - पवई - कटनी मार्ग कि.मी. १०८+०० से कि.मी. १६३+८५ तक,https://bhoomirashi.gov.in/auth/revamp/prep_public.cshtml?nid=1&project_id=58421,121.0,63.0,58.0,0.496,0.5206611570247934
58421,2019-06-19,1996,1996,2019-10-29,3925,3925,132,0,deduped_nearest_subsequent_3D,False,True,MO/2018/58421,Land Acquisition on Newly Declared NH-43(Ext.) under PWD(NH) Division - Jabalpur: Gulganj - Amanganj - Pawai - Katni Road NH - 43Ext. From KM 108+00 to KM 163+85 भू - अर्जन नव घोषित राष्ट्रीय राजमार्ग ४३(विस्तार) के लिए पी.डब्ल्यू.डी. (एन.एच.) संभाग - जबलपुर के अंतर्गत - गुलगंज - अमानगंज - पवई - कटनी मार्ग कि.मी. १०८+०० से कि.मी. १६३+८५ तक,https://bhoomirashi.gov.in/auth/revamp/prep_public.cshtml?nid=1&project_id=58421,121.0,63.0,58.0,0.496,0.5206611570247934
58421,2019-07-25,2648(E),2648E,2021-12-24,5389,5389,883,1,deduped_nearest_subsequent_3D,False,True,MO/2018/58421,Land Acquisition on Newly Declared NH-43(Ext.) under PWD(NH) Division - Jabalpur: Gulganj - Amanganj - Pawai - Katni Road NH - 43Ext. From KM 108+00 to KM 163+85 भू - अर्जन नव घोषित राष्ट्रीय राजमार्ग ४३(विस्तार) के लिए पी.डब्ल्यू.डी. (एन.एच.) संभाग - जबलपुर के अंतर्गत - गुलगंज - अमानगंज - पवई - कटनी मार्ग कि.मी. १०८+०० से कि.मी. १६३+८५ तक,https://bhoomirashi.gov.in/auth/revamp/prep_public.cshtml?nid=1&project_id=58421,121.0,63.0,58.0,0.496,0.5206611570247934
58421,2019-09-06,3240,3240,2022-05-20,2325,2325,987,1,deduped_nearest_subsequent_3D,False,True,MO/2018/58421,Land Acquisition on Newly Declared NH-43(Ext.) under PWD(NH) Division - Jabalpur: Gulganj - Amanganj - Pawai - Katni Road NH - 43Ext. From KM 108+00 to KM 163+85 भू - अर्जन नव घोषित राष्ट्रीय राजमार्ग ४३(विस्तार) के लिए पी.डब्ल्यू.डी. (एन.एच.) संभाग - जबलपुर के अंतर्गत - गुलगंज - अमानगंज - पवई - कटनी मार्ग कि.मी. १०८+०० से कि.मी. १६३+८५ तक,https://bhoomirashi.gov.in/auth/revamp/prep_public.cshtml?nid=1&project_id=58421,121.0,63.0,58.0,0.496,0.5206611570247934
58421,2021-04-13,1613,1613,2023-09-20,4149,4149,890,1,deduped_nearest_subsequent_3D,False,True,MO/2018/58421,Land Acquisition on Newly Declared NH-43(Ext.) under PWD(NH) Division - Jabalpur: Gulganj - Amanganj - Pawai - Katni Road NH - 43Ext. From KM 108+00 to KM 163+85 भू - अर्जन नव घोषित राष्ट्रीय राजमार्ग ४३(विस्तार) के लिए पी.डब्ल्यू.डी. (एन.एच.) संभाग - जबलपुर के अंतर्गत - गुलगंज - अमानगंज - पवई - कटनी मार्ग कि.मी. १०८+०० से कि.मी. १६३+८५ तक,https://bhoomirashi.gov.in/auth/revamp/prep_public.cshtml?nid=1&project_id=58421,121.0,63.0,58.0,0.496,0.5206611570247934
58421,2025-05-01,1976,1976,2026-04-22,2010(E),2010E,356,0,deduped_nearest_subsequent_3D,False,True,MO/2018/58421,Land Acquisition on Newly Declared NH-43(Ext.) under PWD(NH) Division - Jabalpur: Gulganj - Amanganj - Pawai - Katni Road NH - 43Ext. From KM 108+00 to KM 163+85 भू - अर्जन नव घोषित राष्ट्रीय राजमार्ग ४३(विस्तार) के लिए पी.डब्ल्यू.डी. (एन.एच.) संभाग - जबलपुर के अंतर्गत - गुलगंज - अमानगंज - पवई - कटनी मार्ग कि.मी. १०८+०० से कि.मी. १६३+८५ तक,https://bhoomirashi.gov.in/auth/revamp/prep_public.cshtml?nid=1&project_id=58421,121.0,63.0,58.0,0.496,0.5206611570247934
58430,2018-12-11,6172,6172,2019-10-29,3923,3923,322,0,deduped_nearest_subsequent_3D,False,True,MO/2018/58430,"Prepration of DPR for newly declared NH in the State of Madhya Pradesh under Packages- I,II & IV. Details of bids proposed for approval are as below:- (NH-752C - Jirapur to Pachore - Road 0+000 to 52+230 k.m.) प्रिपरेसन ऑफ DPR फॉर न्यूली डिक्लियर्ड NH इन द स्टेट ऑफ मध्य प्रदेश अंडर पैकेज - I,II & IV. डिटेल्स ऑफ बीड्स प्रपोस्ड फॉर अप्रूवल अर एस बिलो :- (एन.एच. - 752C - जीरापुर से पचोर - रोड 0+000 से 52+230 कि.मी.)",https://bhoomirashi.gov.in/auth/revamp/prep_public.cshtml?nid=1&project_id=58430,227.0,72.81,154.19,0.698,0.3207488986784141
58430,2018-12-11,6173,6173,2021-07-29,3049,3049,961,1,deduped_nearest_subsequent_3D,False,True,MO/2018/58430,"Prepration of DPR for newly declared NH in the State of Madhya Pradesh under Packages- I,II & IV. Details of bids proposed for approval are as below:- (NH-752C - Jirapur to Pachore - Road 0+000 to 52+230 k.m.) प्रिपरेसन ऑफ DPR फॉर न्यूली डिक्लियर्ड NH इन द स्टेट ऑफ मध्य प्रदेश अंडर पैकेज - I,II & IV. डिटेल्स ऑफ बीड्स प्रपोस्ड फॉर अप्रूवल अर एस बिलो :- (एन.एच. - 752C - जीरापुर से पचोर - रोड 0+000 से 52+230 कि.मी.)",https://bhoomirashi.gov.in/auth/revamp/prep_public.cshtml?nid=1&project_id=58430,227.0,72.81,154.19,0.698,0.3207488986784141
58430,2019-10-30,3927,3927,2021-12-30,5452,5452,792,1,deduped_nearest_subsequent_3D,False,True,MO/2018/58430,"Prepration of DPR for newly declared NH in the State of Madhya Pradesh under Packages- I,II & IV. Details of bids proposed for approval are as below:- (NH-752C - Jirapur to Pachore - Road 0+000 to 52+230 k.m.) प्रिपरेसन ऑफ DPR फॉर न्यूली डिक्लियर्ड NH इन द स्टेट ऑफ मध्य प्रदेश अंडर पैकेज - I,II & IV. डिटेल्स ऑफ बीड्स प्रपोस्ड फॉर अप्रूवल अर एस बिलो :- (एन.एच. - 752C - जीरापुर से पचोर - रोड 0+000 से 52+230 कि.मी.)",https://bhoomirashi.gov.in/auth/revamp/prep_public.cshtml?nid=1&project_id=58430,227.0,72.81,154.19,0.698,0.3207488986784141
58430,2021-02-17,717,717,2022-02-11,579,579,359,0,deduped_nearest_subsequent_3D,False,True,MO/2018/58430,"Prepration of DPR for newly declared NH in the State of Madhya Pradesh under Packages- I,II & IV. Details of bids proposed for approval are as below:- (NH-752C - Jirapur to Pachore - Road 0+000 to 52+230 k.m.) प्रिपरेसन ऑफ DPR फॉर न्यूली डिक्लियर्ड NH इन द स्टेट ऑफ मध्य प्रदेश अंडर पैकेज - I,II & IV. डिटेल्स ऑफ बीड्स प्रपोस्ड फॉर अप्रूवल अर एस बिलो :- (एन.एच. - 752C - जीरापुर से पचोर - रोड 0+000 से 52+230 कि.मी.)",https://bhoomirashi.gov.in/auth/revamp/prep_public.cshtml?nid=1&project_id=58430,227.0,72.81,154.19,0.698,0.3207488986784141
58430,2021-04-07,1483,1483,2022-02-11,588,588,310,0,deduped_nearest_subsequent_3D,False,True,MO/2018/58430,"Prepration of DPR for newly declared NH in the State of Madhya Pradesh under Packages- I,II & IV. Details of bids proposed for approval are as below:- (NH-752C - Jirapur to Pachore - Road 0+000 to 52+230 k.m.) प्रिपरेसन ऑफ DPR फॉर न्यूली डिक्लियर्ड NH इन द स्टेट ऑफ मध्य प्रदेश अंडर पैकेज - I,II & IV. डिटेल्स ऑफ बीड्स प्रपोस्ड फॉर अप्रूवल अर एस बिलो :- (एन.एच. - 752C - जीरापुर से पचोर - रोड 0+000 से 52+230 कि.मी.)",https://bhoomirashi.gov.in/auth/revamp/prep_public.cshtml?nid=1&project_id=58430,227.0,72.81,154.19,0.698,0.3207488986784141
58430,2021-06-24,2515,2515,2022-04-05,1623,1623,285,0,deduped_nearest_subsequent_3D,False,True,MO/2018/58430,"Prepration of DPR for newly declared NH in the State of Madhya Pradesh under Packages- I,II & IV. Details of bids proposed for approval are as below:- (NH-752C - Jirapur to Pachore - Road 0+000 to 52+230 k.m.) प्रिपरेसन ऑफ DPR फॉर न्यूली डिक्लियर्ड NH इन द स्टेट ऑफ मध्य प्रदेश अंडर पैकेज - I,II & IV. डिटेल्स ऑफ बीड्स प्रपोस्ड फॉर अप्रूवल अर एस बिलो :- (एन.एच. - 752C - जीरापुर से पचोर - रोड 0+000 से 52+230 कि.मी.)",https://bhoomirashi.gov.in/auth/revamp/prep_public.cshtml?nid=1&project_id=58430,227.0,72.81,154.19,0.698,0.3207488986784141
58430,2021-12-09,5108,5108,2022-06-30,2968,2968,203,0,deduped_nearest_subsequent_3D,False,True,MO/2018/58430,"Prepration of DPR for newly declared NH in the State of Madhya Pradesh under Packages- I,II & IV. Details of bids proposed for approval are as below:- (NH-752C - Jirapur to Pachore - Road 0+000 to 52+230 k.m.) प्रिपरेसन ऑफ DPR फॉर न्यूली डिक्लियर्ड NH इन द स्टेट ऑफ मध्य प्रदेश अंडर पैकेज - I,II & IV. डिटेल्स ऑफ बीड्स प्रपोस्ड फॉर अप्रूवल अर एस बिलो :- (एन.एच. - 752C - जीरापुर से पचोर - रोड 0+000 से 52+230 कि.मी.)",https://bhoomirashi.gov.in/auth/revamp/prep_public.cshtml?nid=1&project_id=58430,227.0,72.81,154.19,0.698,0.3207488986784141
58430,2021-12-09,5109,5109,2022-10-04,4693,4693,299,0,deduped_nearest_subsequent_3D,False,True,MO/2018/58430,"Prepration of DPR for newly declared NH in the State of Madhya Pradesh under Packages- I,II & IV. Details of bids proposed for approval are as below:- (NH-752C - Jirapur to Pachore - Road 0+000 to 52+230 k.m.) प्रिपरेसन ऑफ DPR फॉर न्यूली डिक्लियर्ड NH इन द स्टेट ऑफ मध्य प्रदेश अंडर पैकेज - I,II & IV. डिटेल्स ऑफ बीड्स प्रपोस्ड फॉर अप्रूवल अर एस बिलो :- (एन.एच. - 752C - जीरापुर से पचोर - रोड 0+000 से 52+230 कि.मी.)",https://bhoomirashi.gov.in/auth/revamp/prep_public.cshtml?nid=1&project_id=58430,227.0,72.81,154.19,0.698,0.3207488986784141
58430,2021-12-23,5347,5347,2022-10-04,4703,4703,285,0,deduped_nearest_subsequent_3D,False,True,MO/2018/58430,"Prepration of DPR for newly declared NH in the State of Madhya Pradesh under Packages- I,II & IV. Details of bids proposed for approval are as below:- (NH-752C - Jirapur to Pachore - Road 0+000 to 52+230 k.m.) प्रिपरेसन ऑफ DPR फॉर न्यूली डिक्लियर्ड NH इन द स्टेट ऑफ मध्य प्रदेश अंडर पैकेज - I,II & IV. डिटेल्स ऑफ बीड्स प्रपोस्ड फॉर अप्रूवल अर एस बिलो :- (एन.एच. - 752C - जीरापुर से पचोर - रोड 0+000 से 52+230 कि.मी.)",https://bhoomirashi.gov.in/auth/revamp/prep_public.cshtml?nid=1&project_id=58430,227.0,72.81,154.19,0.698,0.3207488986784141
58430,2022-03-21,1212,1212,2022-10-04,5717(E),5717E,197,0,deduped_nearest_subsequent_3D,False,True,MO/2018/58430,"Prepration of DPR for newly declared NH in the State of Madhya Pradesh under Packages- I,II & IV. Details of bids proposed for approval are as below:- (NH-752C - Jirapur to Pachore - Road 0+000 to 52+230 k.m.) प्रिपरेसन ऑफ DPR फॉर न्यूली डिक्लियर्ड NH इन द स्टेट ऑफ मध्य प्रदेश अंडर पैकेज - I,II & IV. डिटेल्स ऑफ बीड्स प्रपोस्ड फॉर अप्रूवल अर एस बिलो :- (एन.एच. - 752C - जीरापुर से पचोर - रोड 0+000 से 52+230 कि.मी.)",https://bhoomirashi.gov.in/auth/revamp/prep_public.cshtml?nid=1&project_id=58430,227.0,72.81,154.19,0.698,0.3207488986784141
58430,2022-03-31,1520,1520,2022-10-06,4736,4736,189,0,deduped_nearest_subsequent_3D,False,True,MO/2018/58430,"Prepration of DPR for newly declared NH in the State of Madhya Pradesh under Packages- I,II & IV. Details of bids proposed for approval are as below:- (NH-752C - Jirapur to Pachore - Road 0+000 to 52+230 k.m.) प्रिपरेसन ऑफ DPR फॉर न्यूली डिक्लियर्ड NH इन द स्टेट ऑफ मध्य प्रदेश अंडर पैकेज - I,II & IV. डिटेल्स ऑफ बीड्स प्रपोस्ड फॉर अप्रूवल अर एस बिलो :- (एन.एच. - 752C - जीरापुर से पचोर - रोड 0+000 से 52+230 कि.मी.)",https://bhoomirashi.gov.in/auth/revamp/prep_public.cshtml?nid=1&project_id=58430,227.0,72.81,154.19,0.698,0.3207488986784141
58430,2022-07-29,3536,3536,2022-10-07,4775,4775,70,0,deduped_nearest_subsequent_3D,False,True,MO/2018/58430,"Prepration of DPR for newly declared NH in the State of Madhya Pradesh under Packages- I,II & IV. Details of bids proposed for approval are as below:- (NH-752C - Jirapur to Pachore - Road 0+000 to 52+230 k.m.) प्रिपरेसन ऑफ DPR फॉर न्यूली डिक्लियर्ड NH इन द स्टेट ऑफ मध्य प्रदेश अंडर पैकेज - I,II & IV. डिटेल्स ऑफ बीड्स प्रपोस्ड फॉर अप्रूवल अर एस बिलो :- (एन.एच. - 752C - जीरापुर से पचोर - रोड 0+000 से 52+230 कि.मी.)",https://bhoomirashi.gov.in/auth/revamp/prep_public.cshtml?nid=1&project_id=58430,227.0,72.81,154.19,0.698,0.3207488986784141
58430,2022-07-29,3544,3544,2022-12-27,S.O.6082(E),SO6082E,151,0,deduped_nearest_subsequent_3D,False,True,MO/2018/58430,"Prepration of DPR for newly declared NH in the State of Madhya Pradesh under Packages- I,II & IV. Details of bids proposed for approval are as below:- (NH-752C - Jirapur to Pachore - Road 0+000 to 52+230 k.m.) प्रिपरेसन ऑफ DPR फॉर न्यूली डिक्लियर्ड NH इन द स्टेट ऑफ मध्य प्रदेश अंडर पैकेज - I,II & IV. डिटेल्स ऑफ बीड्स प्रपोस्ड फॉर अप्रूवल अर एस बिलो :- (एन.एच. - 752C - जीरापुर से पचोर - रोड 0+000 से 52+230 कि.मी.)",https://bhoomirashi.gov.in/auth/revamp/prep_public.cshtml?nid=1&project_id=58430,227.0,72.81,154.19,0.698,0.3207488986784141
58430,2024-04-26,1818(E),1818E,2025-03-26,1409,1409,334,0,deduped_nearest_subsequent_3D,False,True,MO/2018/58430,"Prepration of DPR for newly declared NH in the State of Madhya Pradesh under Packages- I,II & IV. Details of bids proposed for approval are as below:- (NH-752C - Jirapur to Pachore - Road 0+000 to 52+230 k.m.) प्रिपरेसन ऑफ DPR फॉर न्यूली डिक्लियर्ड NH इन द स्टेट ऑफ मध्य प्रदेश अंडर पैकेज - I,II & IV. डिटेल्स ऑफ बीड्स प्रपोस्ड फॉर अप्रूवल अर एस बिलो :- (एन.एच. - 752C - जीरापुर से पचोर - रोड 0+000 से 52+230 कि.मी.)",https://bhoomirashi.gov.in/auth/revamp/prep_public.cshtml?nid=1&project_id=58430,227.0,72.81,154.19,0.698,0.3207488986784141
58432,2021-12-02,4946 E,4946E,2022-06-30,S. O. 2973(E).,SO2973E,210,0,deduped_nearest_subsequent_3D,False,True,MO/2018/58432,Rehabilatation and upgradation of Bhadgaon-Chalisgaon section of NH 753J (Jalgaon-Bhadgaon-Chalisgaon- Nandgaon-Manmad) from chainage 56+200 Km to 103+000 Km(46.800 Km) to Two lane with paved shoulders of in the state of Maharashtra on EPC mode mode,https://bhoomirashi.gov.in/auth/revamp/prep_public.cshtml?nid=1&project_id=58432,21.0,0.0,21.0,0.0,0.0
58432,2022-03-10,1083 E,1083E,2022-08-30,S.O. 4045(E).,SO4045E,173,0,deduped_nearest_subsequent_3D,False,True,MO/2018/58432,Rehabilatation and upgradation of Bhadgaon-Chalisgaon section of NH 753J (Jalgaon-Bhadgaon-Chalisgaon- Nandgaon-Manmad) from chainage 56+200 Km to 103+000 Km(46.800 Km) to Two lane with paved shoulders of in the state of Maharashtra on EPC mode mode,https://bhoomirashi.gov.in/auth/revamp/prep_public.cshtml?nid=1&project_id=58432,21.0,0.0,21.0,0.0,0.0
58435,2019-10-23,S.O.3827E,SO3827E,2020-09-10,3090(E),3090E,323,0,deduped_nearest_subsequent_3D,False,True,MO/2018/58435,"Consultancy services for project management including preparation of detailed project report of selected stretches/corridors of national highway 516E in the state of Andhra Pradesh for upgradation to Two/Four Lane with paved shoulder configuration, of consultancy package No.NH/AP(R&B)-10 ((i) Paderu-Araku Road section (ii) Bowdara-Vizianagaram on NH-26 Road section) कंसल्टेंसी सर्विसेज फॉर प्रोजेक्ट मैनेजमेंट इन्क्लूडिंग प्रिपरेशन ऑफ़ डिटेल्ड प्रोजेक्ट रिपोर्ट ऑफ़ सिलेक्टेड स्ट्रेचेस/कोर्रिडोर्स ऑफ़ नेशनल हाईवे 516 इ इन द स्टेट ऑफ़ आंध्र प्रदेश फॉर अपग्रेडेशन टु टू/फोर लेन विद पेव्ड शोल्डर, कॉन्फ़िगरेशन ऑफ़ कंसल्टेंसी पैकेज न. NH/AP(R&B)-10 (i) पडेरु-अराकू रोड सेक्शन (ii) बोडरा-विजयनगरम ऑन रारा-26 रोड सेक्शन",https://bhoomirashi.gov.in/auth/revamp/prep_public.cshtml?nid=1&project_id=58435,255.17,123.1,132.07,4.1,0.48242348238429283
58435,2020-01-15,S.O.228E,SO228E,2020-10-21,3745,3745,280,0,deduped_nearest_subsequent_3D,False,True,MO/2018/58435,"Consultancy services for project management including preparation of detailed project report of selected stretches/corridors of national highway 516E in the state of Andhra Pradesh for upgradation to Two/Four Lane with paved shoulder configuration, of consultancy package No.NH/AP(R&B)-10 ((i) Paderu-Araku Road section (ii) Bowdara-Vizianagaram on NH-26 Road section) कंसल्टेंसी सर्विसेज फॉर प्रोजेक्ट मैनेजमेंट इन्क्लूडिंग प्रिपरेशन ऑफ़ डिटेल्ड प्रोजेक्ट रिपोर्ट ऑफ़ सिलेक्टेड स्ट्रेचेस/कोर्रिडोर्स ऑफ़ नेशनल हाईवे 516 इ इन द स्टेट ऑफ़ आंध्र प्रदेश फॉर अपग्रेडेशन टु टू/फोर लेन विद पेव्ड शोल्डर, कॉन्फ़िगरेशन ऑफ़ कंसल्टेंसी पैकेज न. NH/AP(R&B)-10 (i) पडेरु-अराकू रोड सेक्शन (ii) बोडरा-विजयनगरम ऑन रारा-26 रोड सेक्शन",https://bhoomirashi.gov.in/auth/revamp/prep_public.cshtml?nid=1&project_id=58435,255.17,123.1,132.07,4.1,0.48242348238429283
58435,2020-10-01,3430,3430,2020-11-10,3091(E),3091E,40,0,deduped_nearest_subsequent_3D,False,True,MO/2018/58435,"Consultancy services for project management including preparation of detailed project report of selected stretches/corridors of national highway 516E in the state of Andhra Pradesh for upgradation to Two/Four Lane with paved shoulder configuration, of consultancy package No.NH/AP(R&B)-10 ((i) Paderu-Araku Road section (ii) Bowdara-Vizianagaram on NH-26 Road section) कंसल्टेंसी सर्विसेज फॉर प्रोजेक्ट मैनेजमेंट इन्क्लूडिंग प्रिपरेशन ऑफ़ डिटेल्ड प्रोजेक्ट रिपोर्ट ऑफ़ सिलेक्टेड स्ट्रेचेस/कोर्रिडोर्स ऑफ़ नेशनल हाईवे 516 इ इन द स्टेट ऑफ़ आंध्र प्रदेश फॉर अपग्रेडेशन टु टू/फोर लेन विद पेव्ड शोल्डर, कॉन्फ़िगरेशन ऑफ़ कंसल्टेंसी पैकेज न. NH/AP(R&B)-10 (i) पडेरु-अराकू रोड सेक्शन (ii) बोडरा-विजयनगरम ऑन रारा-26 रोड सेक्शन",https://bhoomirashi.gov.in/auth/revamp/prep_public.cshtml?nid=1&project_id=58435,255.17,123.1,132.07,4.1,0.48242348238429283
58435,2020-12-08,4443,4443,2020-12-24,4690(E),4690E,16,0,deduped_nearest_subsequent_3D,False,True,MO/2018/58435,"Consultancy services for project management including preparation of detailed project report of selected stretches/corridors of national highway 516E in the state of Andhra Pradesh for upgradation to Two/Four Lane with paved shoulder configuration, of consultancy package No.NH/AP(R&B)-10 ((i) Paderu-Araku Road section (ii) Bowdara-Vizianagaram on NH-26 Road section) कंसल्टेंसी सर्विसेज फॉर प्रोजेक्ट मैनेजमेंट इन्क्लूडिंग प्रिपरेशन ऑफ़ डिटेल्ड प्रोजेक्ट रिपोर्ट ऑफ़ सिलेक्टेड स्ट्रेचेस/कोर्रिडोर्स ऑफ़ नेशनल हाईवे 516 इ इन द स्टेट ऑफ़ आंध्र प्रदेश फॉर अपग्रेडेशन टु टू/फोर लेन विद पेव्ड शोल्डर, कॉन्फ़िगरेशन ऑफ़ कंसल्टेंसी पैकेज न. NH/AP(R&B)-10 (i) पडेरु-अराकू रोड सेक्शन (ii) बोडरा-विजयनगरम ऑन रारा-26 रोड सेक्शन",https://bhoomirashi.gov.in/auth/revamp/prep_public.cshtml?nid=1&project_id=58435,255.17,123.1,132.07,4.1,0.48242348238429283
58435,2021-04-07,1479,1479,2021-04-09,1529,1529,2,0,deduped_nearest_subsequent_3D,False,True,MO/2018/58435,"Consultancy services for project management including preparation of detailed project report of selected stretches/corridors of national highway 516E in the state of Andhra Pradesh for upgradation to Two/Four Lane with paved shoulder configuration, of consultancy package No.NH/AP(R&B)-10 ((i) Paderu-Araku Road section (ii) Bowdara-Vizianagaram on NH-26 Road section) कंसल्टेंसी सर्विसेज फॉर प्रोजेक्ट मैनेजमेंट इन्क्लूडिंग प्रिपरेशन ऑफ़ डिटेल्ड प्रोजेक्ट रिपोर्ट ऑफ़ सिलेक्टेड स्ट्रेचेस/कोर्रिडोर्स ऑफ़ नेशनल हाईवे 516 इ इन द स्टेट ऑफ़ आंध्र प्रदेश फॉर अपग्रेडेशन टु टू/फोर लेन विद पेव्ड शोल्डर, कॉन्फ़िगरेशन ऑफ़ कंसल्टेंसी पैकेज न. NH/AP(R&B)-10 (i) पडेरु-अराकू रोड सेक्शन (ii) बोडरा-विजयनगरम ऑन रारा-26 रोड सेक्शन",https://bhoomirashi.gov.in/auth/revamp/prep_public.cshtml?nid=1&project_id=58435,255.17,123.1,132.07,4.1,0.48242348238429283
58435,2022-04-07,1681 E,1681E,2022-06-03,2567(E),2567E,57,0,deduped_nearest_subsequent_3D,False,True,MO/2018/58435,"Consultancy services for project management including preparation of detailed project report of selected stretches/corridors of national highway 516E in the state of Andhra Pradesh for upgradation to Two/Four Lane with paved shoulder configuration, of consultancy package No.NH/AP(R&B)-10 ((i) Paderu-Araku Road section (ii) Bowdara-Vizianagaram on NH-26 Road section) कंसल्टेंसी सर्विसेज फॉर प्रोजेक्ट मैनेजमेंट इन्क्लूडिंग प्रिपरेशन ऑफ़ डिटेल्ड प्रोजेक्ट रिपोर्ट ऑफ़ सिलेक्टेड स्ट्रेचेस/कोर्रिडोर्स ऑफ़ नेशनल हाईवे 516 इ इन द स्टेट ऑफ़ आंध्र प्रदेश फॉर अपग्रेडेशन टु टू/फोर लेन विद पेव्ड शोल्डर, कॉन्फ़िगरेशन ऑफ़ कंसल्टेंसी पैकेज न. NH/AP(R&B)-10 (i) पडेरु-अराकू रोड सेक्शन (ii) बोडरा-विजयनगरम ऑन रारा-26 रोड सेक्शन",https://bhoomirashi.gov.in/auth/revamp/prep_public.cshtml?nid=1&project_id=58435,255.17,123.1,132.07,4.1,0.48242348238429283
58435,2022-07-06,3101 (E),3101E,2022-08-31,4073(E),4073E,56,0,deduped_nearest_subsequent_3D,False,True,MO/2018/58435,"Consultancy services for project management including preparation of detailed project report of selected stretches/corridors of national highway 516E in the state of Andhra Pradesh for upgradation to Two/Four Lane with paved shoulder configuration, of consultancy package No.NH/AP(R&B)-10 ((i) Paderu-Araku Road section (ii) Bowdara-Vizianagaram on NH-26 Road section) कंसल्टेंसी सर्विसेज फॉर प्रोजेक्ट मैनेजमेंट इन्क्लूडिंग प्रिपरेशन ऑफ़ डिटेल्ड प्रोजेक्ट रिपोर्ट ऑफ़ सिलेक्टेड स्ट्रेचेस/कोर्रिडोर्स ऑफ़ नेशनल हाईवे 516 इ इन द स्टेट ऑफ़ आंध्र प्रदेश फॉर अपग्रेडेशन टु टू/फोर लेन विद पेव्ड शोल्डर, कॉन्फ़िगरेशन ऑफ़ कंसल्टेंसी पैकेज न. NH/AP(R&B)-10 (i) पडेरु-अराकू रोड सेक्शन (ii) बोडरा-विजयनगरम ऑन रारा-26 रोड सेक्शन",https://bhoomirashi.gov.in/auth/revamp/prep_public.cshtml?nid=1&project_id=58435,255.17,123.1,132.07,4.1,0.48242348238429283
58435,2023-03-10,1141 (E),1141E,2023-09-20,4139(E),4139E,194,0,deduped_nearest_subsequent_3D,False,True,MO/2018/58435,"Consultancy services for project management including preparation of detailed project report of selected stretches/corridors of national highway 516E in the state of Andhra Pradesh for upgradation to Two/Four Lane with paved shoulder configuration, of consultancy package No.NH/AP(R&B)-10 ((i) Paderu-Araku Road section (ii) Bowdara-Vizianagaram on NH-26 Road section) कंसल्टेंसी सर्विसेज फॉर प्रोजेक्ट मैनेजमेंट इन्क्लूडिंग प्रिपरेशन ऑफ़ डिटेल्ड प्रोजेक्ट रिपोर्ट ऑफ़ सिलेक्टेड स्ट्रेचेस/कोर्रिडोर्स ऑफ़ नेशनल हाईवे 516 इ इन द स्टेट ऑफ़ आंध्र प्रदेश फॉर अपग्रेडेशन टु टू/फोर लेन विद पेव्ड शोल्डर, कॉन्फ़िगरेशन ऑफ़ कंसल्टेंसी पैकेज न. NH/AP(R&B)-10 (i) पडेरु-अराकू रोड सेक्शन (ii) बोडरा-विजयनगरम ऑन रारा-26 रोड सेक्शन",https://bhoomirashi.gov.in/auth/revamp/prep_public.cshtml?nid=1&project_id=58435,255.17,123.1,132.07,4.1,0.48242348238429283
58435,2023-07-11,3075 (E),3075E,2023-11-03,4769(E),4769E,115,0,deduped_nearest_subsequent_3D,False,True,MO/2018/58435,"Consultancy services for project management including preparation of detailed project report of selected stretches/corridors of national highway 516E in the state of Andhra Pradesh for upgradation to Two/Four Lane with paved shoulder configuration, of consultancy package No.NH/AP(R&B)-10 ((i) Paderu-Araku Road section (ii) Bowdara-Vizianagaram on NH-26 Road section) कंसल्टेंसी सर्विसेज फॉर प्रोजेक्ट मैनेजमेंट इन्क्लूडिंग प्रिपरेशन ऑफ़ डिटेल्ड प्रोजेक्ट रिपोर्ट ऑफ़ सिलेक्टेड स्ट्रेचेस/कोर्रिडोर्स ऑफ़ नेशनल हाईवे 516 इ इन द स्टेट ऑफ़ आंध्र प्रदेश फॉर अपग्रेडेशन टु टू/फोर लेन विद पेव्ड शोल्डर, कॉन्फ़िगरेशन ऑफ़ कंसल्टेंसी पैकेज न. NH/AP(R&B)-10 (i) पडेरु-अराकू रोड सेक्शन (ii) बोडरा-विजयनगरम ऑन रारा-26 रोड सेक्शन",https://bhoomirashi.gov.in/auth/revamp/prep_public.cshtml?nid=1&project_id=58435,255.17,123.1,132.07,4.1,0.48242348238429283
58435,2023-09-12,4017(E),4017E,2025-01-13,233(E),233E,489,1,deduped_nearest_subsequent_3D,False,True,MO/2018/58435,"Consultancy services for project management including preparation of detailed project report of selected stretches/corridors of national highway 516E in the state of Andhra Pradesh for upgradation to Two/Four Lane with paved shoulder configuration, of consultancy package No.NH/AP(R&B)-10 ((i) Paderu-Araku Road section (ii) Bowdara-Vizianagaram on NH-26 Road section) कंसल्टेंसी सर्विसेज फॉर प्रोजेक्ट मैनेजमेंट इन्क्लूडिंग प्रिपरेशन ऑफ़ डिटेल्ड प्रोजेक्ट रिपोर्ट ऑफ़ सिलेक्टेड स्ट्रेचेस/कोर्रिडोर्स ऑफ़ नेशनल हाईवे 516 इ इन द स्टेट ऑफ़ आंध्र प्रदेश फॉर अपग्रेडेशन टु टू/फोर लेन विद पेव्ड शोल्डर, कॉन्फ़िगरेशन ऑफ़ कंसल्टेंसी पैकेज न. NH/AP(R&B)-10 (i) पडेरु-अराकू रोड सेक्शन (ii) बोडरा-विजयनगरम ऑन रारा-26 रोड सेक्शन",https://bhoomirashi.gov.in/auth/revamp/prep_public.cshtml?nid=1&project_id=58435,255.17,123.1,132.07,4.1,0.48242348238429283
58438,2019-10-11,3690,3690,2020-01-24,365 E,365E,105,0,deduped_nearest_subsequent_3D,False,True,MO/2018/58438,Rehabilitation and Up-gradation of Bodwad-Muktainagar-Barhanpur Road NH-753L from existing chainage Km. 45/00 to km 78/43 and design ch Km. 44.760 to 78.145 Pkg-II to two lane with paved shoulders on EPC mode in the state of Maharashtra. Maharashtra.,https://bhoomirashi.gov.in/auth/revamp/prep_public.cshtml?nid=1&project_id=58438,92.78,90.45,2.33,0.0,0.9748868290579866
58439,2019-03-08,1259,1259,2019-07-11,2484,2484,125,0,deduped_nearest_subsequent_3D,False,True,MO/2018/58439,"Rehabilitation and Upgradation to 2 Lane with paved shoulders of Salabatpura - Phul, section of NH-254 with design chainage from km 56+240 to km 70+500 on EPC Mode in the State of punjab रिहैबिलिटेशन एंड उपग्रडेशन तो २ लेन विथ पवेद शोल्डर्स ऑफ़ सलाबतपुरा - Phul, सेक्शन ऑफ़ NH-२५४ विथ डिज़ाइन चैनगे फ्रॉम कम 56+२४० तो कम 70+५०० ों एप्स मोड इन थे स्टेट ऑफ़ पंजाब",https://bhoomirashi.gov.in/auth/revamp/prep_public.cshtml?nid=1&project_id=58439,37.2757,34.84,2.4357,0.0,0.9346571627092182
58441,2019-01-28,494,494,2019-07-26,2675,2675,179,0,deduped_nearest_subsequent_3D,False,True,MO/2018/58441,Rehabilitation and up gradation to 2 Lane with paved shoulders /4 Lanning configuration of Pune - Paud - Mulshi-Mangaon-Mhalsa-Dighi Port-Indapur (NH-66)-Tala-Mandad-Agardanda -Dighi port (SH-96 & SH92) Section from Indapaur to Agardanda Length 42.375 km in the state of Maharashtra on EPC Mode मोड,https://bhoomirashi.gov.in/auth/revamp/prep_public.cshtml?nid=1&project_id=58441,769.0,729.0,40.0,0.01,0.9479843953185956
58441,2019-01-28,519,519,2020-01-27,400 E,400E,364,0,deduped_nearest_subsequent_3D,False,True,MO/2018/58441,Rehabilitation and up gradation to 2 Lane with paved shoulders /4 Lanning configuration of Pune - Paud - Mulshi-Mangaon-Mhalsa-Dighi Port-Indapur (NH-66)-Tala-Mandad-Agardanda -Dighi port (SH-96 & SH92) Section from Indapaur to Agardanda Length 42.375 km in the state of Maharashtra on EPC Mode मोड,https://bhoomirashi.gov.in/auth/revamp/prep_public.cshtml?nid=1&project_id=58441,769.0,729.0,40.0,0.01,0.9479843953185956
58441,2019-01-28,520,520,2020-01-27,402 E,402E,364,0,deduped_nearest_subsequent_3D,False,True,MO/2018/58441,Rehabilitation and up gradation to 2 Lane with paved shoulders /4 Lanning configuration of Pune - Paud - Mulshi-Mangaon-Mhalsa-Dighi Port-Indapur (NH-66)-Tala-Mandad-Agardanda -Dighi port (SH-96 & SH92) Section from Indapaur to Agardanda Length 42.375 km in the state of Maharashtra on EPC Mode मोड,https://bhoomirashi.gov.in/auth/revamp/prep_public.cshtml?nid=1&project_id=58441,769.0,729.0,40.0,0.01,0.9479843953185956
58441,2019-12-31,33 (E),33E,2020-03-06,1030 E,1030E,66,0,deduped_nearest_subsequent_3D,False,True,MO/2018/58441,Rehabilitation and up gradation to 2 Lane with paved shoulders /4 Lanning configuration of Pune - Paud - Mulshi-Mangaon-Mhalsa-Dighi Port-Indapur (NH-66)-Tala-Mandad-Agardanda -Dighi port (SH-96 & SH92) Section from Indapaur to Agardanda Length 42.375 km in the state of Maharashtra on EPC Mode मोड,https://bhoomirashi.gov.in/auth/revamp/prep_public.cshtml?nid=1&project_id=58441,769.0,729.0,40.0,0.01,0.9479843953185956
58441,2020-01-22,302 E,302E,2020-04-22,1281 E,1281E,91,0,deduped_nearest_subsequent_3D,False,True,MO/2018/58441,Rehabilitation and up gradation to 2 Lane with paved shoulders /4 Lanning configuration of Pune - Paud - Mulshi-Mangaon-Mhalsa-Dighi Port-Indapur (NH-66)-Tala-Mandad-Agardanda -Dighi port (SH-96 & SH92) Section from Indapaur to Agardanda Length 42.375 km in the state of Maharashtra on EPC Mode मोड,https://bhoomirashi.gov.in/auth/revamp/prep_public.cshtml?nid=1&project_id=58441,769.0,729.0,40.0,0.01,0.9479843953185956
58441,2023-10-27,S.O. 4715(E).,SO4715E,2024-04-26,S.O. 1806(E).,SO1806E,182,0,deduped_nearest_subsequent_3D,False,True,MO/2018/58441,Rehabilitation and up gradation to 2 Lane with paved shoulders /4 Lanning configuration of Pune - Paud - Mulshi-Mangaon-Mhalsa-Dighi Port-Indapur (NH-66)-Tala-Mandad-Agardanda -Dighi port (SH-96 & SH92) Section from Indapaur to Agardanda Length 42.375 km in the state of Maharashtra on EPC Mode मोड,https://bhoomirashi.gov.in/auth/revamp/prep_public.cshtml?nid=1&project_id=58441,769.0,729.0,40.0,0.01,0.9479843953185956
58441,2025-03-26,S.O. 1434(E).,SO1434E,2025-06-24,S.O. 2803(E).,SO2803E,90,0,deduped_nearest_subsequent_3D,False,True,MO/2018/58441,Rehabilitation and up gradation to 2 Lane with paved shoulders /4 Lanning configuration of Pune - Paud - Mulshi-Mangaon-Mhalsa-Dighi Port-Indapur (NH-66)-Tala-Mandad-Agardanda -Dighi port (SH-96 & SH92) Section from Indapaur to Agardanda Length 42.375 km in the state of Maharashtra on EPC Mode मोड,https://bhoomirashi.gov.in/auth/revamp/prep_public.cshtml?nid=1&project_id=58441,769.0,729.0,40.0,0.01,0.9479843953185956
58443,2019-02-21,990,990,2020-01-30,471,471,343,0,deduped_nearest_subsequent_3D,False,True,MO/2018/58443,"Prepration of DPR for newly declared NH in the State of Madhya Pradesh under Packages- I,II & IV. Details of bids proposed for approval are as below:- National Highway - No. 45 Ext. (Dindori - Sagartola to Kabir Chabutra - Road Chainage k.m. 0+000 to 77+000 k.m.) प्रिपरेसन ऑफ DPR फॉर न्यूली डिक्लियर्ड NH इन द स्टेट ऑफ मध्य प्रदेश अंडर पैकेज - I,II & IV. डिटेल्स ऑफ बीड्स प्रपोस्ड फॉर अप्रूवल अर एस बिलो:- (एन.एच. 45 Ext.) ( डिंडोरी - सागरटोला से कबीर चबुतरा - रोड चैनेज कि.मी. 0+000 से 77+000 कि.मी.)",https://bhoomirashi.gov.in/auth/revamp/prep_public.cshtml?nid=1&project_id=58443,123.6,51.75,71.85,0.638,0.41868932038834955
58443,2021-04-07,1484,1484,2021-11-11,4642,4642,218,0,deduped_nearest_subsequent_3D,False,True,MO/2018/58443,"Prepration of DPR for newly declared NH in the State of Madhya Pradesh under Packages- I,II & IV. Details of bids proposed for approval are as below:- National Highway - No. 45 Ext. (Dindori - Sagartola to Kabir Chabutra - Road Chainage k.m. 0+000 to 77+000 k.m.) प्रिपरेसन ऑफ DPR फॉर न्यूली डिक्लियर्ड NH इन द स्टेट ऑफ मध्य प्रदेश अंडर पैकेज - I,II & IV. डिटेल्स ऑफ बीड्स प्रपोस्ड फॉर अप्रूवल अर एस बिलो:- (एन.एच. 45 Ext.) ( डिंडोरी - सागरटोला से कबीर चबुतरा - रोड चैनेज कि.मी. 0+000 से 77+000 कि.मी.)",https://bhoomirashi.gov.in/auth/revamp/prep_public.cshtml?nid=1&project_id=58443,123.6,51.75,71.85,0.638,0.41868932038834955
58443,2021-07-09,2760,2760,2021-11-11,4675,4675,125,0,deduped_nearest_subsequent_3D,False,True,MO/2018/58443,"Prepration of DPR for newly declared NH in the State of Madhya Pradesh under Packages- I,II & IV. Details of bids proposed for approval are as below:- National Highway - No. 45 Ext. (Dindori - Sagartola to Kabir Chabutra - Road Chainage k.m. 0+000 to 77+000 k.m.) प्रिपरेसन ऑफ DPR फॉर न्यूली डिक्लियर्ड NH इन द स्टेट ऑफ मध्य प्रदेश अंडर पैकेज - I,II & IV. डिटेल्स ऑफ बीड्स प्रपोस्ड फॉर अप्रूवल अर एस बिलो:- (एन.एच. 45 Ext.) ( डिंडोरी - सागरटोला से कबीर चबुतरा - रोड चैनेज कि.मी. 0+000 से 77+000 कि.मी.)",https://bhoomirashi.gov.in/auth/revamp/prep_public.cshtml?nid=1&project_id=58443,123.6,51.75,71.85,0.638,0.41868932038834955
58443,2021-08-09,3171,3171,2021-12-08,5078,5078,121,0,deduped_nearest_subsequent_3D,False,True,MO/2018/58443,"Prepration of DPR for newly declared NH in the State of Madhya Pradesh under Packages- I,II & IV. Details of bids proposed for approval are as below:- National Highway - No. 45 Ext. (Dindori - Sagartola to Kabir Chabutra - Road Chainage k.m. 0+000 to 77+000 k.m.) प्रिपरेसन ऑफ DPR फॉर न्यूली डिक्लियर्ड NH इन द स्टेट ऑफ मध्य प्रदेश अंडर पैकेज - I,II & IV. डिटेल्स ऑफ बीड्स प्रपोस्ड फॉर अप्रूवल अर एस बिलो:- (एन.एच. 45 Ext.) ( डिंडोरी - सागरटोला से कबीर चबुतरा - रोड चैनेज कि.मी. 0+000 से 77+000 कि.मी.)",https://bhoomirashi.gov.in/auth/revamp/prep_public.cshtml?nid=1&project_id=58443,123.6,51.75,71.85,0.638,0.41868932038834955
58443,2021-12-13,5483,5483,2022-07-20,3270,3270,219,0,deduped_nearest_subsequent_3D,False,True,MO/2018/58443,"Prepration of DPR for newly declared NH in the State of Madhya Pradesh under Packages- I,II & IV. Details of bids proposed for approval are as below:- National Highway - No. 45 Ext. (Dindori - Sagartola to Kabir Chabutra - Road Chainage k.m. 0+000 to 77+000 k.m.) प्रिपरेसन ऑफ DPR फॉर न्यूली डिक्लियर्ड NH इन द स्टेट ऑफ मध्य प्रदेश अंडर पैकेज - I,II & IV. डिटेल्स ऑफ बीड्स प्रपोस्ड फॉर अप्रूवल अर एस बिलो:- (एन.एच. 45 Ext.) ( डिंडोरी - सागरटोला से कबीर चबुतरा - रोड चैनेज कि.मी. 0+000 से 77+000 कि.मी.)",https://bhoomirashi.gov.in/auth/revamp/prep_public.cshtml?nid=1&project_id=58443,123.6,51.75,71.85,0.638,0.41868932038834955
58443,2021-12-31,5482,5482,2022-07-20,3279,3279,201,0,deduped_nearest_subsequent_3D,False,True,MO/2018/58443,"Prepration of DPR for newly declared NH in the State of Madhya Pradesh under Packages- I,II & IV. Details of bids proposed for approval are as below:- National Highway - No. 45 Ext. (Dindori - Sagartola to Kabir Chabutra - Road Chainage k.m. 0+000 to 77+000 k.m.) प्रिपरेसन ऑफ DPR फॉर न्यूली डिक्लियर्ड NH इन द स्टेट ऑफ मध्य प्रदेश अंडर पैकेज - I,II & IV. डिटेल्स ऑफ बीड्स प्रपोस्ड फॉर अप्रूवल अर एस बिलो:- (एन.एच. 45 Ext.) ( डिंडोरी - सागरटोला से कबीर चबुतरा - रोड चैनेज कि.मी. 0+000 से 77+000 कि.मी.)",https://bhoomirashi.gov.in/auth/revamp/prep_public.cshtml?nid=1&project_id=58443,123.6,51.75,71.85,0.638,0.41868932038834955
58443,2022-07-29,3538,3538,2022-10-04,4694,4694,67,0,deduped_nearest_subsequent_3D,False,True,MO/2018/58443,"Prepration of DPR for newly declared NH in the State of Madhya Pradesh under Packages- I,II & IV. Details of bids proposed for approval are as below:- National Highway - No. 45 Ext. (Dindori - Sagartola to Kabir Chabutra - Road Chainage k.m. 0+000 to 77+000 k.m.) प्रिपरेसन ऑफ DPR फॉर न्यूली डिक्लियर्ड NH इन द स्टेट ऑफ मध्य प्रदेश अंडर पैकेज - I,II & IV. डिटेल्स ऑफ बीड्स प्रपोस्ड फॉर अप्रूवल अर एस बिलो:- (एन.एच. 45 Ext.) ( डिंडोरी - सागरटोला से कबीर चबुतरा - रोड चैनेज कि.मी. 0+000 से 77+000 कि.मी.)",https://bhoomirashi.gov.in/auth/revamp/prep_public.cshtml?nid=1&project_id=58443,123.6,51.75,71.85,0.638,0.41868932038834955
58443,2022-07-29,3545,3545,2022-10-07,4777,4777,70,0,deduped_nearest_subsequent_3D,False,True,MO/2018/58443,"Prepration of DPR for newly declared NH in the State of Madhya Pradesh under Packages- I,II & IV. Details of bids proposed for approval are as below:- National Highway - No. 45 Ext. (Dindori - Sagartola to Kabir Chabutra - Road Chainage k.m. 0+000 to 77+000 k.m.) प्रिपरेसन ऑफ DPR फॉर न्यूली डिक्लियर्ड NH इन द स्टेट ऑफ मध्य प्रदेश अंडर पैकेज - I,II & IV. डिटेल्स ऑफ बीड्स प्रपोस्ड फॉर अप्रूवल अर एस बिलो:- (एन.एच. 45 Ext.) ( डिंडोरी - सागरटोला से कबीर चबुतरा - रोड चैनेज कि.मी. 0+000 से 77+000 कि.मी.)",https://bhoomirashi.gov.in/auth/revamp/prep_public.cshtml?nid=1&project_id=58443,123.6,51.75,71.85,0.638,0.41868932038834955
58443,2023-01-09,107,107,2023-05-01,S.O.1973(E),SO1973E,112,0,deduped_nearest_subsequent_3D,False,True,MO/2018/58443,"Prepration of DPR for newly declared NH in the State of Madhya Pradesh under Packages- I,II & IV. Details of bids proposed for approval are as below:- National Highway - No. 45 Ext. (Dindori - Sagartola to Kabir Chabutra - Road Chainage k.m. 0+000 to 77+000 k.m.) प्रिपरेसन ऑफ DPR फॉर न्यूली डिक्लियर्ड NH इन द स्टेट ऑफ मध्य प्रदेश अंडर पैकेज - I,II & IV. डिटेल्स ऑफ बीड्स प्रपोस्ड फॉर अप्रूवल अर एस बिलो:- (एन.एच. 45 Ext.) ( डिंडोरी - सागरटोला से कबीर चबुतरा - रोड चैनेज कि.मी. 0+000 से 77+000 कि.मी.)",https://bhoomirashi.gov.in/auth/revamp/prep_public.cshtml?nid=1&project_id=58443,123.6,51.75,71.85,0.638,0.41868932038834955
58443,2023-07-13,3120(E),3120E,2023-09-04,3917,3917,53,0,deduped_nearest_subsequent_3D,False,True,MO/2018/58443,"Prepration of DPR for newly declared NH in the State of Madhya Pradesh under Packages- I,II & IV. Details of bids proposed for approval are as below:- National Highway - No. 45 Ext. (Dindori - Sagartola to Kabir Chabutra - Road Chainage k.m. 0+000 to 77+000 k.m.) प्रिपरेसन ऑफ DPR फॉर न्यूली डिक्लियर्ड NH इन द स्टेट ऑफ मध्य प्रदेश अंडर पैकेज - I,II & IV. डिटेल्स ऑफ बीड्स प्रपोस्ड फॉर अप्रूवल अर एस बिलो:- (एन.एच. 45 Ext.) ( डिंडोरी - सागरटोला से कबीर चबुतरा - रोड चैनेज कि.मी. 0+000 से 77+000 कि.मी.)",https://bhoomirashi.gov.in/auth/revamp/prep_public.cshtml?nid=1&project_id=58443,123.6,51.75,71.85,0.638,0.41868932038834955
58446,2015-07-08,1544,1544,2016-05-05,1678,1678,302,0,deduped_nearest_subsequent_3D,False,True,MO/2018/58446,Acquisition of land for construction of bypass road of NH-26 and NH-57 near bolangir town in the state of Odisha एक्वीजीशन ऑफ़ लैंड फॉर कंस्ट्रक्शन ऑफ़ बाईपास रोड ऑफ़ NH-२६ एंड NH-५७ नियर बोलांगीर टाउन इन थे स्टेट ऑफ़ ओडिशा,https://bhoomirashi.gov.in/auth/revamp/prep_public.cshtml?nid=1&project_id=58446,78.0,0.0,78.0,0.0,0.0
58446,2024-01-18,269(E),269E,2024-06-14,2323(E),2323E,148,0,deduped_nearest_subsequent_3D,False,True,MO/2018/58446,Acquisition of land for construction of bypass road of NH-26 and NH-57 near bolangir town in the state of Odisha एक्वीजीशन ऑफ़ लैंड फॉर कंस्ट्रक्शन ऑफ़ बाईपास रोड ऑफ़ NH-२६ एंड NH-५७ नियर बोलांगीर टाउन इन थे स्टेट ऑफ़ ओडिशा,https://bhoomirashi.gov.in/auth/revamp/prep_public.cshtml?nid=1&project_id=58446,78.0,0.0,78.0,0.0,0.0
58447,2020-01-27,419 E,419E,2020-12-28,4730 E,4730E,336,0,deduped_nearest_subsequent_3D,False,True,MO/2018/58447,"Rehabilitation and Up-gradation of Pune-Mulshi-Mangaon-Dighi Port (SH-96) [Section-II Mangaon-Mhasala-Dighi Port] National Highway from existing km 0+000 (Mangaon) to km 56+500 (Dighi Port) (Design km 0.000 to km 54+750) to Two lane with paved shoulders in the state of Maharashtra on Engineering, Procurement & Construction (EPC)Mode (EPC)मोड",https://bhoomirashi.gov.in/auth/revamp/prep_public.cshtml?nid=1&project_id=58447,108.37,82.4,25.97,0.0,0.760358032665867
58447,2020-01-27,423 E,423E,2021-01-22,346 E,346E,361,0,deduped_nearest_subsequent_3D,False,True,MO/2018/58447,"Rehabilitation and Up-gradation of Pune-Mulshi-Mangaon-Dighi Port (SH-96) [Section-II Mangaon-Mhasala-Dighi Port] National Highway from existing km 0+000 (Mangaon) to km 56+500 (Dighi Port) (Design km 0.000 to km 54+750) to Two lane with paved shoulders in the state of Maharashtra on Engineering, Procurement & Construction (EPC)Mode (EPC)मोड",https://bhoomirashi.gov.in/auth/revamp/prep_public.cshtml?nid=1&project_id=58447,108.37,82.4,25.97,0.0,0.760358032665867
58447,2021-01-27,377 E,377E,2021-06-09,2205 E,2205E,133,0,deduped_nearest_subsequent_3D,False,True,MO/2018/58447,"Rehabilitation and Up-gradation of Pune-Mulshi-Mangaon-Dighi Port (SH-96) [Section-II Mangaon-Mhasala-Dighi Port] National Highway from existing km 0+000 (Mangaon) to km 56+500 (Dighi Port) (Design km 0.000 to km 54+750) to Two lane with paved shoulders in the state of Maharashtra on Engineering, Procurement & Construction (EPC)Mode (EPC)मोड",https://bhoomirashi.gov.in/auth/revamp/prep_public.cshtml?nid=1&project_id=58447,108.37,82.4,25.97,0.0,0.760358032665867
58447,2022-01-11,130 E,130E,2022-08-31,S.O. 4074(E).,SO4074E,232,0,deduped_nearest_subsequent_3D,False,True,MO/2018/58447,"Rehabilitation and Up-gradation of Pune-Mulshi-Mangaon-Dighi Port (SH-96) [Section-II Mangaon-Mhasala-Dighi Port] National Highway from existing km 0+000 (Mangaon) to km 56+500 (Dighi Port) (Design km 0.000 to km 54+750) to Two lane with paved shoulders in the state of Maharashtra on Engineering, Procurement & Construction (EPC)Mode (EPC)मोड",https://bhoomirashi.gov.in/auth/revamp/prep_public.cshtml?nid=1&project_id=58447,108.37,82.4,25.97,0.0,0.760358032665867
58447,2025-10-07,S.O. 4550(E).,SO4550E,2025-12-17,S.O. 5841(E).,SO5841E,71,0,deduped_nearest_subsequent_3D,False,True,MO/2018/58447,"Rehabilitation and Up-gradation of Pune-Mulshi-Mangaon-Dighi Port (SH-96) [Section-II Mangaon-Mhasala-Dighi Port] National Highway from existing km 0+000 (Mangaon) to km 56+500 (Dighi Port) (Design km 0.000 to km 54+750) to Two lane with paved shoulders in the state of Maharashtra on Engineering, Procurement & Construction (EPC)Mode (EPC)मोड",https://bhoomirashi.gov.in/auth/revamp/prep_public.cshtml?nid=1&project_id=58447,108.37,82.4,25.97,0.0,0.760358032665867
58453,2019-02-12,827 E,827E,2020-02-07,625 (E),625E,360,0,deduped_nearest_subsequent_3D,False,True,MO/2018/58453,Rehabilitation and Up-gradation to two lane with paved shoulder configuration from Naldurg to Akkalkot Existing Chainage Km. 288/700 to Km. 290/551 of NH-9 and from Km. 32/880 to 71/407 of NH-652 (Desing chainage from Km. 30/884 to Km. 70/709) (Lenght - 39.825 Km) in the state of Maharashtra on EPC mode मोड,https://bhoomirashi.gov.in/auth/revamp/prep_public.cshtml?nid=1&project_id=58453,150.7813,50.0,100.7813,0.0,0.3316061076539332
58453,2019-02-12,831 E,831E,2020-02-07,626 (E),626E,360,0,deduped_nearest_subsequent_3D,False,True,MO/2018/58453,Rehabilitation and Up-gradation to two lane with paved shoulder configuration from Naldurg to Akkalkot Existing Chainage Km. 288/700 to Km. 290/551 of NH-9 and from Km. 32/880 to 71/407 of NH-652 (Desing chainage from Km. 30/884 to Km. 70/709) (Lenght - 39.825 Km) in the state of Maharashtra on EPC mode मोड,https://bhoomirashi.gov.in/auth/revamp/prep_public.cshtml?nid=1&project_id=58453,150.7813,50.0,100.7813,0.0,0.3316061076539332
58453,2020-07-03,2223 E,2223E,2020-09-01,2972 E,2972E,60,0,deduped_nearest_subsequent_3D,False,True,MO/2018/58453,Rehabilitation and Up-gradation to two lane with paved shoulder configuration from Naldurg to Akkalkot Existing Chainage Km. 288/700 to Km. 290/551 of NH-9 and from Km. 32/880 to 71/407 of NH-652 (Desing chainage from Km. 30/884 to Km. 70/709) (Lenght - 39.825 Km) in the state of Maharashtra on EPC mode मोड,https://bhoomirashi.gov.in/auth/revamp/prep_public.cshtml?nid=1&project_id=58453,150.7813,50.0,100.7813,0.0,0.3316061076539332
58453,2024-10-08,S.O. 4359(E).,SO4359E,2026-06-08,S.O. 2903(E),SO2903E,608,1,deduped_nearest_subsequent_3D,False,True,MO/2018/58453,Rehabilitation and Up-gradation to two lane with paved shoulder configuration from Naldurg to Akkalkot Existing Chainage Km. 288/700 to Km. 290/551 of NH-9 and from Km. 32/880 to 71/407 of NH-652 (Desing chainage from Km. 30/884 to Km. 70/709) (Lenght - 39.825 Km) in the state of Maharashtra on EPC mode मोड,https://bhoomirashi.gov.in/auth/revamp/prep_public.cshtml?nid=1&project_id=58453,150.7813,50.0,100.7813,0.0,0.3316061076539332
58455,2017-05-12,1543(E),1543E,2018-05-08,37014/1/2016-Goa (Zone-4),3701412016GOAZONE4,361,0,deduped_nearest_subsequent_3D,False,True,MO/2018/58455,Four-laning from existing km 475.000 to 502.500 of NH-17 [Patradevi to Karaswada section] in the state of Goa on EPC Mode under NHDP III एनएचडीपी III के तहत ईपीसी मोड पर गोवा राज्य में एनएच -17 [पथरदेवी से करसवाड़ा सेक्शन तक] मौजूदा किमी 475.000 से 502.500 तक चार-लेनिंग,https://bhoomirashi.gov.in/auth/revamp/prep_public.cshtml?nid=1&project_id=58455,140.0,80.25,59.75,0.1465,0.5732142857142857
58455,2017-06-02,RW/NH-37014/1/2016/NHDP-IV A,RWNH3701412016NHDPIVA,2018-05-25,2111(E),2111E,357,0,deduped_nearest_subsequent_3D,False,True,MO/2018/58455,Four-laning from existing km 475.000 to 502.500 of NH-17 [Patradevi to Karaswada section] in the state of Goa on EPC Mode under NHDP III एनएचडीपी III के तहत ईपीसी मोड पर गोवा राज्य में एनएच -17 [पथरदेवी से करसवाड़ा सेक्शन तक] मौजूदा किमी 475.000 से 502.500 तक चार-लेनिंग,https://bhoomirashi.gov.in/auth/revamp/prep_public.cshtml?nid=1&project_id=58455,140.0,80.25,59.75,0.1465,0.5732142857142857
58455,2020-10-15,3616 E,3616E,2021-09-21,3891 E,3891E,341,0,deduped_nearest_subsequent_3D,False,True,MO/2018/58455,Four-laning from existing km 475.000 to 502.500 of NH-17 [Patradevi to Karaswada section] in the state of Goa on EPC Mode under NHDP III एनएचडीपी III के तहत ईपीसी मोड पर गोवा राज्य में एनएच -17 [पथरदेवी से करसवाड़ा सेक्शन तक] मौजूदा किमी 475.000 से 502.500 तक चार-लेनिंग,https://bhoomirashi.gov.in/auth/revamp/prep_public.cshtml?nid=1&project_id=58455,140.0,80.25,59.75,0.1465,0.5732142857142857
58459,2020-10-23,3786 E,3786E,2021-06-23,2491 E,2491E,243,0,deduped_nearest_subsequent_3D,False,True,MO/2018/58459,Estimate of upgradation to two lane with paved shoulders from Sillod to Faradpur section from Design Ch. 60.630 Km. to CH. 99.660 Km. of NH-753F to on EPC mode in the state of Maharashtra महाराष्ट्र,https://bhoomirashi.gov.in/auth/revamp/prep_public.cshtml?nid=1&project_id=58459,93.672,82.607,11.065,0.0,0.8818750533777436
58459,2021-07-08,2762 E,2762E,2022-04-05,1629 E,1629E,271,0,deduped_nearest_subsequent_3D,False,True,MO/2018/58459,Estimate of upgradation to two lane with paved shoulders from Sillod to Faradpur section from Design Ch. 60.630 Km. to CH. 99.660 Km. of NH-753F to on EPC mode in the state of Maharashtra महाराष्ट्र,https://bhoomirashi.gov.in/auth/revamp/prep_public.cshtml?nid=1&project_id=58459,93.672,82.607,11.065,0.0,0.8818750533777436
58459,2023-08-21,S.O. 3713(E).,SO3713E,2024-01-18,,,150,0,deduped_nearest_subsequent_3D,False,True,MO/2018/58459,Estimate of upgradation to two lane with paved shoulders from Sillod to Faradpur section from Design Ch. 60.630 Km. to CH. 99.660 Km. of NH-753F to on EPC mode in the state of Maharashtra महाराष्ट्र,https://bhoomirashi.gov.in/auth/revamp/prep_public.cshtml?nid=1&project_id=58459,93.672,82.607,11.065,0.0,0.8818750533777436
58463,2017-11-24,3742(E),3742E,2018-11-16,5789,5789,357,0,deduped_nearest_subsequent_3D,False,True,MO/2018/58463,"Land Acquisition for building (widening/four laning, etc) maintenance, management and operation of National Highways No. 17 (New NH 66), on the stretch of land from Km. 536.850 to 542.745 (Existing Chainage Km 536.850 to Km 542.825) (Cortalim â€“ Toyota Showroom to Start of Margao Western Bypass Section i.e. Cortalim â€“ Nagoa - Verna Section) in South Goa District in the State of Goa गोवा",https://bhoomirashi.gov.in/auth/revamp/prep_public.cshtml?nid=1&project_id=58463,23.96,19.66,4.3,0.518,0.8205342237061769
58464,2019-12-17,4513,4513,2020-08-20,2842,2842,247,0,deduped_nearest_subsequent_3D,False,True,MO/2018/58464,Widening and Strengthening existing single/intermediate lane to 2-lane fromkm. 30.250 to 55.40 of NH 81 in Bihar under project for 2011-12. (Job no. 81-BHR-2010-11-036) विशेष परियोजना अंतर्गत बिहार राज्य में एन. एच. 81 के कि0मी0 30.250 से कि0मी0 55.400 तक सिंगल लेन / इंटरमेडियट लेन के चौड़ीकरण एवं मजबूतीकरण कार्य | वर्ष 2010-11( जॉब सं0- 81 बी. एच. आर. 2010-11-036,https://bhoomirashi.gov.in/auth/revamp/prep_public.cshtml?nid=1&project_id=58464,12.0854,0.0,12.0854,0.0,0.0
58465,2020-12-18,4628 E,4628E,2022-08-01,S. O. 3600(E).,SO3600E,591,1,deduped_nearest_subsequent_3D,False,True,MO/2018/58465,"Estimate of upgradation to two lane with paved shoulders from Faradpur to Jalgaon section, existing chainage Km 100/00 to Km. 147/830 (Design Ch. 99.660 Km. to CH. 147.380 Km.) of Aurangabad Jalgaon road, of NH-753F on EPC mode in the state of Maharashtra महाराष्ट्र",https://bhoomirashi.gov.in/auth/revamp/prep_public.cshtml?nid=1&project_id=58465,114.528,108.232,6.296,0.0,0.9450265437272981
58468,2021-12-23,5351,5351,2022-08-16,3816,3816,236,0,deduped_nearest_subsequent_3D,False,True,MO/2018/58468,"Improvement and Up-gradation to two lane with Paved Shoulder configuration from existing km. 55.00 to km.90.000 (Design length 34.76) of NH-227A (near Chhapia Village to nearSikriganj) in the state of Uttar Pradesh on Engineering, Procurement &Construction (EPC) basis",https://bhoomirashi.gov.in/auth/revamp/prep_public.cshtml?nid=1&project_id=58468,88.0,10.0,78.0,0.0,0.11363636363636363
58468,2023-08-14,3638(E),3638E,2024-08-08,3224(E),3224E,360,0,deduped_nearest_subsequent_3D,False,True,MO/2018/58468,"Improvement and Up-gradation to two lane with Paved Shoulder configuration from existing km. 55.00 to km.90.000 (Design length 34.76) of NH-227A (near Chhapia Village to nearSikriganj) in the state of Uttar Pradesh on Engineering, Procurement &Construction (EPC) basis",https://bhoomirashi.gov.in/auth/revamp/prep_public.cshtml?nid=1&project_id=58468,88.0,10.0,78.0,0.0,0.11363636363636363
58468,2024-02-19,794(E),794E,2024-09-02,3727(E),3727E,196,0,deduped_nearest_subsequent_3D,False,True,MO/2018/58468,"Improvement and Up-gradation to two lane with Paved Shoulder configuration from existing km. 55.00 to km.90.000 (Design length 34.76) of NH-227A (near Chhapia Village to nearSikriganj) in the state of Uttar Pradesh on Engineering, Procurement &Construction (EPC) basis",https://bhoomirashi.gov.in/auth/revamp/prep_public.cshtml?nid=1&project_id=58468,88.0,10.0,78.0,0.0,0.11363636363636363
58469,2017-06-02,1774(E),1774E,2018-05-25,2112(E),2112E,357,0,deduped_nearest_subsequent_3D,False,True,MO/2018/58469,Four Laning of NH-17 (New NH 66) from existing KM 502.500 to KM 514.830 and 517.880 To KM 522.790 of NH-17 [ Karaswada-Porvorim-Panaji-Bambolim section ] in the state of Goa on EPC Mode under NHDP-III एनएचडीपी- III के तहत ईपीसी मोड पर गोवा के राज्य में एनएच -17 (न्यू एनएच 66) की चार लेनिंग मौजूदा केएम 502.500 से केएम 514.830 और 517.880 तक एनएच -17 [करसवाड़ा-पोरवोरिम-पणजी-बंबोलिम सेक्शन] के लिए ईपीसी मोड पर।,https://bhoomirashi.gov.in/auth/revamp/prep_public.cshtml?nid=1&project_id=58469,89.4,42.08,47.32,0.0702,0.4706935123042505
58469,2017-06-02,1775(E),1775E,2018-05-25,2113(E),2113E,357,0,deduped_nearest_subsequent_3D,False,True,MO/2018/58469,Four Laning of NH-17 (New NH 66) from existing KM 502.500 to KM 514.830 and 517.880 To KM 522.790 of NH-17 [ Karaswada-Porvorim-Panaji-Bambolim section ] in the state of Goa on EPC Mode under NHDP-III एनएचडीपी- III के तहत ईपीसी मोड पर गोवा के राज्य में एनएच -17 (न्यू एनएच 66) की चार लेनिंग मौजूदा केएम 502.500 से केएम 514.830 और 517.880 तक एनएच -17 [करसवाड़ा-पोरवोरिम-पणजी-बंबोलिम सेक्शन] के लिए ईपीसी मोड पर।,https://bhoomirashi.gov.in/auth/revamp/prep_public.cshtml?nid=1&project_id=58469,89.4,42.08,47.32,0.0702,0.4706935123042505
58469,2020-10-27,3844 E,3844E,2021-10-22,4416 E,4416E,360,0,deduped_nearest_subsequent_3D,False,True,MO/2018/58469,Four Laning of NH-17 (New NH 66) from existing KM 502.500 to KM 514.830 and 517.880 To KM 522.790 of NH-17 [ Karaswada-Porvorim-Panaji-Bambolim section ] in the state of Goa on EPC Mode under NHDP-III एनएचडीपी- III के तहत ईपीसी मोड पर गोवा के राज्य में एनएच -17 (न्यू एनएच 66) की चार लेनिंग मौजूदा केएम 502.500 से केएम 514.830 और 517.880 तक एनएच -17 [करसवाड़ा-पोरवोरिम-पणजी-बंबोलिम सेक्शन] के लिए ईपीसी मोड पर।,https://bhoomirashi.gov.in/auth/revamp/prep_public.cshtml?nid=1&project_id=58469,89.4,42.08,47.32,0.0702,0.4706935123042505
58474,2022-04-04,S.O 1584(E),SO1584E,2022-08-30,S.O 4044 (E),SO4044E,148,0,deduped_nearest_subsequent_3D,False,True,MO/2018/58474,"Construction of Atchampathu, Viratipathu Bypass from Km 6.6 to 10.4 of NH-49 Extn (New NH-85) in the district of Madurai in the state of Tamil Nadu तमिलनाडु राज्य के मदुरै जिले में एनएच-49 एक्सटेंशन (नया एनएच -85) के किमी 6.6 से 10.4 तक अचमपथु, विराटिपथु बाईपास का निर्माण",https://bhoomirashi.gov.in/auth/revamp/prep_public.cshtml?nid=1&project_id=58474,29.3075,0.0,29.3075,0.1202,0.0
58474,2023-04-05,S.O 1637 (E),SO1637E,2023-07-11,S.O. 3087(E),SO3087E,97,0,deduped_nearest_subsequent_3D,False,True,MO/2018/58474,"Construction of Atchampathu, Viratipathu Bypass from Km 6.6 to 10.4 of NH-49 Extn (New NH-85) in the district of Madurai in the state of Tamil Nadu तमिलनाडु राज्य के मदुरै जिले में एनएच-49 एक्सटेंशन (नया एनएच -85) के किमी 6.6 से 10.4 तक अचमपथु, विराटिपथु बाईपास का निर्माण",https://bhoomirashi.gov.in/auth/revamp/prep_public.cshtml?nid=1&project_id=58474,29.3075,0.0,29.3075,0.1202,0.0
58474,2023-07-28,S.O.3397(E),SO3397E,2023-10-16,S.O. 4516(E),SO4516E,80,0,deduped_nearest_subsequent_3D,False,True,MO/2018/58474,"Construction of Atchampathu, Viratipathu Bypass from Km 6.6 to 10.4 of NH-49 Extn (New NH-85) in the district of Madurai in the state of Tamil Nadu तमिलनाडु राज्य के मदुरै जिले में एनएच-49 एक्सटेंशन (नया एनएच -85) के किमी 6.6 से 10.4 तक अचमपथु, विराटिपथु बाईपास का निर्माण",https://bhoomirashi.gov.in/auth/revamp/prep_public.cshtml?nid=1&project_id=58474,29.3075,0.0,29.3075,0.1202,0.0
58474,2026-02-06,S.O. 635(E),SO635E,2026-07-01,S.O. 3546(E),SO3546E,145,0,deduped_nearest_subsequent_3D,False,True,MO/2018/58474,"Construction of Atchampathu, Viratipathu Bypass from Km 6.6 to 10.4 of NH-49 Extn (New NH-85) in the district of Madurai in the state of Tamil Nadu तमिलनाडु राज्य के मदुरै जिले में एनएच-49 एक्सटेंशन (नया एनएच -85) के किमी 6.6 से 10.4 तक अचमपथु, विराटिपथु बाईपास का निर्माण",https://bhoomirashi.gov.in/auth/revamp/prep_public.cshtml?nid=1&project_id=58474,29.3075,0.0,29.3075,0.1202,0.0
58475,2018-02-02,433,433,2019-02-01,640 (E),640E,364,0,deduped_nearest_subsequent_3D,False,True,MO/2018/58475,Reconstruction to Two Lane with paved shoulder Ds.Ch 442 . 180 ( Ex . Km . 448 . 00 ) to Ds. Ch. 485 . 240 ( Ex . Km . 494 . 000 ) of Huliyar to KB Cross section and from DS . Ch 532 . 100 ( Ex . Km . 533 . 150 to D . Ch . 539 . 100 ( Ex . km . 540 . 175 from KB CRoss to Nelligere section of NH - 150A in the state of Karnataka on EPC Mode . (Job No.NH-150A-KNT-2017-18-890) रीकंस्ट्रक्शन टीओ ट्वो लेन विथ पेव्ड शोल्डर डीऍस्‌.सीहॆच्‌ 442 . 180 ( ईएक्स . केऍम्‌ . 448 . 00 ) टीओ डीऍस्‌. सीहॆच्‌. 485 . 240 ( ईएक्स . केऍम्‌ . 494 . 000 ) ओएफ हुलियार टीओ केबी क्रॉस सेक्शन एंड फ्रॉम डीऍस्‌ . सीहॆच्‌ 532 . 100 ( ईएक्स . केऍम्‌ . 533 . 150 टीओ डी . सीहॆच्‌ . 539 . 100 ( ईएक्स . केऍम्‌ . 540 . 175 फ्रॉम केबी क्रॉस टीओ नेल्लिगेरे सेक्शन ओएफ ऍन्‌हॆच्‌ - 150ए आईएन थे स्टेट ओएफ कर्नाटक ओन ईपीसी मोडे . (जॉब नो.ऍन्‌हॆच्‌-150ए-केऍन्‌टी-2017-18-890),https://bhoomirashi.gov.in/auth/revamp/prep_public.cshtml?nid=1&project_id=58475,247.96,106.2,141.76,0.0404,0.42829488627197937
58475,2021-01-28,420,420,2021-07-15,2833,2833,168,0,deduped_nearest_subsequent_3D,False,True,MO/2018/58475,Reconstruction to Two Lane with paved shoulder Ds.Ch 442 . 180 ( Ex . Km . 448 . 00 ) to Ds. Ch. 485 . 240 ( Ex . Km . 494 . 000 ) of Huliyar to KB Cross section and from DS . Ch 532 . 100 ( Ex . Km . 533 . 150 to D . Ch . 539 . 100 ( Ex . km . 540 . 175 from KB CRoss to Nelligere section of NH - 150A in the state of Karnataka on EPC Mode . (Job No.NH-150A-KNT-2017-18-890) रीकंस्ट्रक्शन टीओ ट्वो लेन विथ पेव्ड शोल्डर डीऍस्‌.सीहॆच्‌ 442 . 180 ( ईएक्स . केऍम्‌ . 448 . 00 ) टीओ डीऍस्‌. सीहॆच्‌. 485 . 240 ( ईएक्स . केऍम्‌ . 494 . 000 ) ओएफ हुलियार टीओ केबी क्रॉस सेक्शन एंड फ्रॉम डीऍस्‌ . सीहॆच्‌ 532 . 100 ( ईएक्स . केऍम्‌ . 533 . 150 टीओ डी . सीहॆच्‌ . 539 . 100 ( ईएक्स . केऍम्‌ . 540 . 175 फ्रॉम केबी क्रॉस टीओ नेल्लिगेरे सेक्शन ओएफ ऍन्‌हॆच्‌ - 150ए आईएन थे स्टेट ओएफ कर्नाटक ओन ईपीसी मोडे . (जॉब नो.ऍन्‌हॆच्‌-150ए-केऍन्‌टी-2017-18-890),https://bhoomirashi.gov.in/auth/revamp/prep_public.cshtml?nid=1&project_id=58475,247.96,106.2,141.76,0.0404,0.42829488627197937
58477,2019-08-07,S.O.2860(E),SO2860E,2021-12-01,4926(a),4926A,847,1,deduped_nearest_subsequent_3D,False,True,MO/2018/58477,Construction of ROB along with its approach roads at Km 208.314 to Km 209.424 ( Jagdishpur ) on NH - 114A in Jharkhand कंस्ट्रक्शन ऑफ़ रॉब अलोंग विथ इतस एप्रोच रोड्स ात कम 208.३१४ तो कम 209.४२४ ( जगदीशपुर ) ों नह - ११४ा इन झारखण्ड,https://bhoomirashi.gov.in/auth/revamp/prep_public.cshtml?nid=1&project_id=58477,5.0,0.0,5.0,0.0254958,0.0
58484,2019-10-11,3689 E,3689E,2020-06-17,1925 E,1925E,250,0,deduped_nearest_subsequent_3D,False,True,MO/2018/58484,rehabilitation and Up-gradation of Arvi to Talegaon Design chainange from km 59/900 to km 73/600 (Existing chainange from km 59/900 (Arvi ) to km 73/550 (Talegaon) of Wardha-Pulgaon-Rohana-Arvi-Ashti-Haturna-Warud-Multai National highway section -347 A to two lane with paved shoulder in the state of Maharashtra on engineering. Procurement & Construction (EPC) basis Contract कॉन्ट्रैक्ट,https://bhoomirashi.gov.in/auth/revamp/prep_public.cshtml?nid=1&project_id=58484,38.951,38.36,0.591,0.0,0.9848270904469718
58490,2020-01-24,393 E,393E,2021-01-13,132 E,132E,355,0,deduped_nearest_subsequent_3D,False,True,MO/2018/58490,"Rehabilitation and Upgradation of Sakri - Pimpalner - Satana -Mangrul - Manmad road, NH- 752G Two lane with paved shoulder, Section - II Km 21+427to Km. 64+000. 64+000.",https://bhoomirashi.gov.in/auth/revamp/prep_public.cshtml?nid=1&project_id=58490,102.18,2.13,100.05,0.1333,0.02084556664709336
58490,2020-01-24,399 E,399E,2021-01-22,345 E,345E,364,0,deduped_nearest_subsequent_3D,False,True,MO/2018/58490,"Rehabilitation and Upgradation of Sakri - Pimpalner - Satana -Mangrul - Manmad road, NH- 752G Two lane with paved shoulder, Section - II Km 21+427to Km. 64+000. 64+000.",https://bhoomirashi.gov.in/auth/revamp/prep_public.cshtml?nid=1&project_id=58490,102.18,2.13,100.05,0.1333,0.02084556664709336
58490,2021-01-19,249 E,249E,2021-06-09,2207 E,2207E,141,0,deduped_nearest_subsequent_3D,False,True,MO/2018/58490,"Rehabilitation and Upgradation of Sakri - Pimpalner - Satana -Mangrul - Manmad road, NH- 752G Two lane with paved shoulder, Section - II Km 21+427to Km. 64+000. 64+000.",https://bhoomirashi.gov.in/auth/revamp/prep_public.cshtml?nid=1&project_id=58490,102.18,2.13,100.05,0.1333,0.02084556664709336
58490,2021-06-09,2218 E,2218E,2022-02-04,469 E,469E,240,0,deduped_nearest_subsequent_3D,False,True,MO/2018/58490,"Rehabilitation and Upgradation of Sakri - Pimpalner - Satana -Mangrul - Manmad road, NH- 752G Two lane with paved shoulder, Section - II Km 21+427to Km. 64+000. 64+000.",https://bhoomirashi.gov.in/auth/revamp/prep_public.cshtml?nid=1&project_id=58490,102.18,2.13,100.05,0.1333,0.02084556664709336
58490,2022-09-22,S.O. 4467 (E),SO4467E,2023-09-19,S.O. 4105(E).,SO4105E,362,0,deduped_nearest_subsequent_3D,False,True,MO/2018/58490,"Rehabilitation and Upgradation of Sakri - Pimpalner - Satana -Mangrul - Manmad road, NH- 752G Two lane with paved shoulder, Section - II Km 21+427to Km. 64+000. 64+000.",https://bhoomirashi.gov.in/auth/revamp/prep_public.cshtml?nid=1&project_id=58490,102.18,2.13,100.05,0.1333,0.02084556664709336
58490,2022-10-26,5014,5014,2023-10-25,S.O. 4648(E).,SO4648E,364,0,deduped_nearest_subsequent_3D,False,True,MO/2018/58490,"Rehabilitation and Upgradation of Sakri - Pimpalner - Satana -Mangrul - Manmad road, NH- 752G Two lane with paved shoulder, Section - II Km 21+427to Km. 64+000. 64+000.",https://bhoomirashi.gov.in/auth/revamp/prep_public.cshtml?nid=1&project_id=58490,102.18,2.13,100.05,0.1333,0.02084556664709336
58490,2024-11-29,S.O. 4741(E).,SO4741E,2026-03-16,1345(E),1345E,472,1,deduped_nearest_subsequent_3D,False,True,MO/2018/58490,"Rehabilitation and Upgradation of Sakri - Pimpalner - Satana -Mangrul - Manmad road, NH- 752G Two lane with paved shoulder, Section - II Km 21+427to Km. 64+000. 64+000.",https://bhoomirashi.gov.in/auth/revamp/prep_public.cshtml?nid=1&project_id=58490,102.18,2.13,100.05,0.1333,0.02084556664709336
58497,2019-06-25,2078,2078,2019-12-26,4623,4623,184,0,deduped_nearest_subsequent_3D,False,True,MO/2018/58497,Upgradation to two lane with paved shoulder of Mhaswad-Piliv-Pandharpur section of NH- 548E from existing km. 88/2 to km. 234/600 on EPC mode in the state of Maharashtra महाराष्ट्र,https://bhoomirashi.gov.in/auth/revamp/prep_public.cshtml?nid=1&project_id=58497,132.63,106.74,25.89,0.0,0.8047952951820855
58497,2019-06-25,2078(E),2078E,2020-05-20,1547 E,1547E,330,0,deduped_nearest_subsequent_3D,False,True,MO/2018/58497,Upgradation to two lane with paved shoulder of Mhaswad-Piliv-Pandharpur section of NH- 548E from existing km. 88/2 to km. 234/600 on EPC mode in the state of Maharashtra महाराष्ट्र,https://bhoomirashi.gov.in/auth/revamp/prep_public.cshtml?nid=1&project_id=58497,132.63,106.74,25.89,0.0,0.8047952951820855
58497,2019-07-05,2405,2405,2020-05-20,1548 E,1548E,320,0,deduped_nearest_subsequent_3D,False,True,MO/2018/58497,Upgradation to two lane with paved shoulder of Mhaswad-Piliv-Pandharpur section of NH- 548E from existing km. 88/2 to km. 234/600 on EPC mode in the state of Maharashtra महाराष्ट्र,https://bhoomirashi.gov.in/auth/revamp/prep_public.cshtml?nid=1&project_id=58497,132.63,106.74,25.89,0.0,0.8047952951820855
58497,2019-12-27,4677 E,4677E,2021-06-09,2202 E,2202E,530,1,deduped_nearest_subsequent_3D,False,True,MO/2018/58497,Upgradation to two lane with paved shoulder of Mhaswad-Piliv-Pandharpur section of NH- 548E from existing km. 88/2 to km. 234/600 on EPC mode in the state of Maharashtra महाराष्ट्र,https://bhoomirashi.gov.in/auth/revamp/prep_public.cshtml?nid=1&project_id=58497,132.63,106.74,25.89,0.0,0.8047952951820855
58497,2020-08-11,2732 E,2732E,2023-07-31,S.O. 3418(E).,SO3418E,1084,1,deduped_nearest_subsequent_3D,False,True,MO/2018/58497,Upgradation to two lane with paved shoulder of Mhaswad-Piliv-Pandharpur section of NH- 548E from existing km. 88/2 to km. 234/600 on EPC mode in the state of Maharashtra महाराष्ट्र,https://bhoomirashi.gov.in/auth/revamp/prep_public.cshtml?nid=1&project_id=58497,132.63,106.74,25.89,0.0,0.8047952951820855
58497,2023-04-13,S.O. 1730(E).,SO1730E,2024-09-03,S.O. 3780(E).,SO3780E,509,1,deduped_nearest_subsequent_3D,False,True,MO/2018/58497,Upgradation to two lane with paved shoulder of Mhaswad-Piliv-Pandharpur section of NH- 548E from existing km. 88/2 to km. 234/600 on EPC mode in the state of Maharashtra महाराष्ट्र,https://bhoomirashi.gov.in/auth/revamp/prep_public.cshtml?nid=1&project_id=58497,132.63,106.74,25.89,0.0,0.8047952951820855
58501,2019-06-27,2148,2148,2020-05-04,1413,1413,312,0,deduped_nearest_subsequent_3D,False,True,MO/2018/58501,Strengthening from km 136 to 166 of NH - 80 including replacement of one minor damaged arch bridge in km 143 in the state of Bihar ( Job No. 080- BR- 2016-17/904). रा0 उ0 पथ सं0 - 80 के कि0मी0 136 से कि0मी0 166 में मजबूतीकरण कार्य ( कि0मी0 143 में क्षतिग्रस्त लघु आर्च पुल के प्रतिस्थापन सहित निर्माण ) ( जॉब न0 080 - बी आर - 2016-17 / 904 ),https://bhoomirashi.gov.in/auth/revamp/prep_public.cshtml?nid=1&project_id=58501,1.0,0.0,1.0,0.0,0.0
58501,2020-09-04,3010,3010,2021-02-23,842(E),842E,172,0,deduped_nearest_subsequent_3D,False,True,MO/2018/58501,Strengthening from km 136 to 166 of NH - 80 including replacement of one minor damaged arch bridge in km 143 in the state of Bihar ( Job No. 080- BR- 2016-17/904). रा0 उ0 पथ सं0 - 80 के कि0मी0 136 से कि0मी0 166 में मजबूतीकरण कार्य ( कि0मी0 143 में क्षतिग्रस्त लघु आर्च पुल के प्रतिस्थापन सहित निर्माण ) ( जॉब न0 080 - बी आर - 2016-17 / 904 ),https://bhoomirashi.gov.in/auth/revamp/prep_public.cshtml?nid=1&project_id=58501,1.0,0.0,1.0,0.0,0.0
58504,2020-05-15,1474 E,1474E,2021-04-07,1476 E,1476E,327,0,deduped_nearest_subsequent_3D,False,True,MO/2018/58504,Rehabilitation and Upgradation of Chikli-Bhokardan 753M connecting Rajur-Jalana NH-753(H) connecting Sillod NH-753(F) in the State of Maharashtra for upgradation to Two Lanes with paved shoulder. PACKAGE-III ( Hatni to Dhad) Km 0/000 to 28/000 28/०००,https://bhoomirashi.gov.in/auth/revamp/prep_public.cshtml?nid=1&project_id=58504,67.2,50.6,16.6,0.124,0.7529761904761905
58504,2022-08-01,S. O. 3583(E).,SO3583E,2025-05-30,S.O. 2388(E).,SO2388E,1033,1,deduped_nearest_subsequent_3D,False,True,MO/2018/58504,Rehabilitation and Upgradation of Chikli-Bhokardan 753M connecting Rajur-Jalana NH-753(H) connecting Sillod NH-753(F) in the State of Maharashtra for upgradation to Two Lanes with paved shoulder. PACKAGE-III ( Hatni to Dhad) Km 0/000 to 28/000 28/०००,https://bhoomirashi.gov.in/auth/revamp/prep_public.cshtml?nid=1&project_id=58504,67.2,50.6,16.6,0.124,0.7529761904761905
58504,2024-10-11,4483(E).,4483E,2025-12-17,S.O. 5843(E).,SO5843E,432,1,deduped_nearest_subsequent_3D,False,True,MO/2018/58504,Rehabilitation and Upgradation of Chikli-Bhokardan 753M connecting Rajur-Jalana NH-753(H) connecting Sillod NH-753(F) in the State of Maharashtra for upgradation to Two Lanes with paved shoulder. PACKAGE-III ( Hatni to Dhad) Km 0/000 to 28/000 28/०००,https://bhoomirashi.gov.in/auth/revamp/prep_public.cshtml?nid=1&project_id=58504,67.2,50.6,16.6,0.124,0.7529761904761905
58507,2023-05-02,2017(E),2017E,2025-09-11,4115(E),4115E,863,1,deduped_nearest_subsequent_3D,False,True,MO/2018/58507,"Consultancy services for Feasibility Study and Preparation of Detailed Project Report for Improvement and up-gradation of in Principal declared National Highways in the state of Uttar Pradesh - Pkg-XI. [Stretch NH-328, Part-A Ch. 7+410 to Ch. 56+245 Basti-Mehdawal-Campierganj-Partawal and Lenghth - 48.835 KM] कंसल्टेंसी सर्विसेज फॉर फिजिबिलिटी स्टडी एंड प्रिपरेशन ऑफ़ डिटेल्ड प्रोजेक्ट रिपोर्ट फॉर इम्प्रूवमेंट एंड उपग्रडेशन ऑफ़ इन प्रिंसिपल देक्लारेड नेशनल हाइवेज इन दा स्टेट ऑफ़ उत्तर प्रदेश - Pkg-XI. [स्ट्रेच NH-328, Part-A Ch. 7+410 से Ch. 56+245 बस्ती -मेहदावल-कैंपियरगंज-परतावल एंड लंबाई - 48.835 किमी ]",https://bhoomirashi.gov.in/auth/revamp/prep_public.cshtml?nid=1&project_id=58507,95.0,28.0,67.0,0.3341091,0.29473684210526313
58507,2023-05-02,2018(E),2018E,2026-01-08,134(E),134E,982,1,deduped_nearest_subsequent_3D,False,True,MO/2018/58507,"Consultancy services for Feasibility Study and Preparation of Detailed Project Report for Improvement and up-gradation of in Principal declared National Highways in the state of Uttar Pradesh - Pkg-XI. [Stretch NH-328, Part-A Ch. 7+410 to Ch. 56+245 Basti-Mehdawal-Campierganj-Partawal and Lenghth - 48.835 KM] कंसल्टेंसी सर्विसेज फॉर फिजिबिलिटी स्टडी एंड प्रिपरेशन ऑफ़ डिटेल्ड प्रोजेक्ट रिपोर्ट फॉर इम्प्रूवमेंट एंड उपग्रडेशन ऑफ़ इन प्रिंसिपल देक्लारेड नेशनल हाइवेज इन दा स्टेट ऑफ़ उत्तर प्रदेश - Pkg-XI. [स्ट्रेच NH-328, Part-A Ch. 7+410 से Ch. 56+245 बस्ती -मेहदावल-कैंपियरगंज-परतावल एंड लंबाई - 48.835 किमी ]",https://bhoomirashi.gov.in/auth/revamp/prep_public.cshtml?nid=1&project_id=58507,95.0,28.0,67.0,0.3341091,0.29473684210526313
58509,2020-03-03,970,970,2021-02-09,578,578,343,0,deduped_nearest_subsequent_3D,False,True,MO/2018/58509,"Consultancy services for Feasibility Study and Preparation of Detailed Project Report for Improvement and up-gradation of in Principal declared National Highways in the state of Uttar Pradesh - Pkg-XI. [Stretch NH-328A, Part-C Ch. 0+000 to Ch.54+880 Nandaur-Bakhira-Khalilabad-Dhanghata-Ramnagar-Nevri and Lenghth - 54.880 KM] कंसल्टेंसी सर्विसेज फॉर फिजिबिलिटी स्टडी एंड प्रिपरेशन ऑफ़ डिटेल्ड प्रोजेक्ट रिपोर्ट फॉर इम्प्रूवमेंट एंड उपग्रडेशन ऑफ़ इन प्रिंसिपल देक्लारेड नेशनल हाइवेज इन थे स्टेट ऑफ़ उत्तर प्रदेश - Pkg-XI. [स्ट्रेच NH-328A, Part-C Ch. 0+000 से 54+880 नन्दौर बखीरा खलीलाबाद धनघटा रामनगर नेवरी एंड लंबाई - 54.880 किमी ]",https://bhoomirashi.gov.in/auth/revamp/prep_public.cshtml?nid=1&project_id=58509,94.45,75.4505,18.9995,0.0,0.7988406564319747
58524,2017-11-30,3811(E),3811E,2018-12-28,S.O. 5857(E),SO5857E,393,1,deduped_nearest_subsequent_3D,False,True,MO/2018/58524,Acquisition of land for construction of Bypass near Jeypore town on NH-26 एक्वीजीशन ऑफ़ लैंड फॉर कंस्ट्रक्शन ऊफ बाईपास नियर जैपोरे टाउन ों NH-२६,https://bhoomirashi.gov.in/auth/revamp/prep_public.cshtml?nid=1&project_id=58524,50.0,0.0,50.0,0.0,0.0
58525,2019-07-06,2399 E,2399E,2020-01-24,354 E,354E,202,0,deduped_nearest_subsequent_3D,False,True,MO/2018/58525,Rehabilitation and Up-gradation of Pahur-Jamner- Bodwad-Muktainagar-Barhanpur Road NH-753L from existing chainage Km. 0/0 to km 45/00 and design ch Km. 0.00 to 44.760 Pkg-I to two lane with paved shoulders on EPC mode in the state of Maharashtra महाराष्ट्र,https://bhoomirashi.gov.in/auth/revamp/prep_public.cshtml?nid=1&project_id=58525,98.024,94.21,3.814,0.0,0.9610911613482411
58525,2019-10-11,3691,3691,2020-01-24,360 E,360E,105,0,deduped_nearest_subsequent_3D,False,True,MO/2018/58525,Rehabilitation and Up-gradation of Pahur-Jamner- Bodwad-Muktainagar-Barhanpur Road NH-753L from existing chainage Km. 0/0 to km 45/00 and design ch Km. 0.00 to 44.760 Pkg-I to two lane with paved shoulders on EPC mode in the state of Maharashtra महाराष्ट्र,https://bhoomirashi.gov.in/auth/revamp/prep_public.cshtml?nid=1&project_id=58525,98.024,94.21,3.814,0.0,0.9610911613482411
58527,2018-12-07,6113,6113,2019-11-29,S.O. 4321E,SO4321E,357,0,deduped_nearest_subsequent_3D,False,True,MO/2018/58527,Rehabilitation and Upgradation of NH - 67 from Km 424/650 to Km 487/693 ( Gooty - Tadipatri - District Border Section ) to two lane with paved shoulder under NH ( O ) plan 2016 - 17 in the state of Andhra Pradesh on Engineering procurement and constructions EPC mode . रिहैबिलिटेशन एंड उपग्रडेशन ऑफ़ नह - ६७ फ्रॉम कम 424/६५० तो कम 487/६९३ ( गूटी - तदीपात्री - डिस्ट्रिक्ट बॉर्डर सेक्शन ) तो तवो लेन विथ पवेद शोल्डर अंडर नह ( ो ) प्लान २०१६ - १७ इन थे स्टेट ऑफ़ आंध्र प्रदेश ों इंजीनियरिंग प्रोक्योरमेंट एंड कंस्ट्रक्शंस एप्स मोड,https://bhoomirashi.gov.in/auth/revamp/prep_public.cshtml?nid=1&project_id=58527,250.0,184.568,65.432,0.0,0.738272
58527,2019-12-17,S.O. 4490E,SO4490E,2020-06-12,S.O1872E,SO1872E,178,0,deduped_nearest_subsequent_3D,False,True,MO/2018/58527,Rehabilitation and Upgradation of NH - 67 from Km 424/650 to Km 487/693 ( Gooty - Tadipatri - District Border Section ) to two lane with paved shoulder under NH ( O ) plan 2016 - 17 in the state of Andhra Pradesh on Engineering procurement and constructions EPC mode . रिहैबिलिटेशन एंड उपग्रडेशन ऑफ़ नह - ६७ फ्रॉम कम 424/६५० तो कम 487/६९३ ( गूटी - तदीपात्री - डिस्ट्रिक्ट बॉर्डर सेक्शन ) तो तवो लेन विथ पवेद शोल्डर अंडर नह ( ो ) प्लान २०१६ - १७ इन थे स्टेट ऑफ़ आंध्र प्रदेश ों इंजीनियरिंग प्रोक्योरमेंट एंड कंस्ट्रक्शंस एप्स मोड,https://bhoomirashi.gov.in/auth/revamp/prep_public.cshtml?nid=1&project_id=58527,250.0,184.568,65.432,0.0,0.738272
58529,2010-09-01,2876,2876,2011-11-25,2654,2654,450,1,deduped_nearest_subsequent_3D,False,True,MO/2018/58529,Land Acquisition of NH - 12A from KM.3/400 to KM 192/400 in the state of Madhya Pradesh मध्य प्रदेश के राज्य में किमी 3/400 से किमी 192/400 तक एनएच - 12 ए पर भूमि अधिग्रहण,https://bhoomirashi.gov.in/auth/revamp/prep_public.cshtml?nid=1&project_id=58529,1500.0,200.0,1300.0,0.074,0.13333333333333333
58529,2010-12-01,2876,2876,2012-03-29,673,673,484,1,deduped_nearest_subsequent_3D,False,True,MO/2018/58529,Land Acquisition of NH - 12A from KM.3/400 to KM 192/400 in the state of Madhya Pradesh मध्य प्रदेश के राज्य में किमी 3/400 से किमी 192/400 तक एनएच - 12 ए पर भूमि अधिग्रहण,https://bhoomirashi.gov.in/auth/revamp/prep_public.cshtml?nid=1&project_id=58529,1500.0,200.0,1300.0,0.074,0.13333333333333333
58529,2014-03-13,780,780,2015-02-02,330,330,326,0,deduped_nearest_subsequent_3D,False,True,MO/2018/58529,Land Acquisition of NH - 12A from KM.3/400 to KM 192/400 in the state of Madhya Pradesh मध्य प्रदेश के राज्य में किमी 3/400 से किमी 192/400 तक एनएच - 12 ए पर भूमि अधिग्रहण,https://bhoomirashi.gov.in/auth/revamp/prep_public.cshtml?nid=1&project_id=58529,1500.0,200.0,1300.0,0.074,0.13333333333333333
58529,2014-03-13,780E,780E,2015-02-02,330E,330E,326,0,deduped_nearest_subsequent_3D,False,True,MO/2018/58529,Land Acquisition of NH - 12A from KM.3/400 to KM 192/400 in the state of Madhya Pradesh मध्य प्रदेश के राज्य में किमी 3/400 से किमी 192/400 तक एनएच - 12 ए पर भूमि अधिग्रहण,https://bhoomirashi.gov.in/auth/revamp/prep_public.cshtml?nid=1&project_id=58529,1500.0,200.0,1300.0,0.074,0.13333333333333333
58529,2014-03-13,781,781,2015-02-02,332,332,326,0,deduped_nearest_subsequent_3D,False,True,MO/2018/58529,Land Acquisition of NH - 12A from KM.3/400 to KM 192/400 in the state of Madhya Pradesh मध्य प्रदेश के राज्य में किमी 3/400 से किमी 192/400 तक एनएच - 12 ए पर भूमि अधिग्रहण,https://bhoomirashi.gov.in/auth/revamp/prep_public.cshtml?nid=1&project_id=58529,1500.0,200.0,1300.0,0.074,0.13333333333333333
58529,2014-03-13,782,782,2015-03-10,717,717,362,0,deduped_nearest_subsequent_3D,False,True,MO/2018/58529,Land Acquisition of NH - 12A from KM.3/400 to KM 192/400 in the state of Madhya Pradesh मध्य प्रदेश के राज्य में किमी 3/400 से किमी 192/400 तक एनएच - 12 ए पर भूमि अधिग्रहण,https://bhoomirashi.gov.in/auth/revamp/prep_public.cshtml?nid=1&project_id=58529,1500.0,200.0,1300.0,0.074,0.13333333333333333
58529,2014-03-13,783,783,2015-03-10,717E,717E,362,0,deduped_nearest_subsequent_3D,False,True,MO/2018/58529,Land Acquisition of NH - 12A from KM.3/400 to KM 192/400 in the state of Madhya Pradesh मध्य प्रदेश के राज्य में किमी 3/400 से किमी 192/400 तक एनएच - 12 ए पर भूमि अधिग्रहण,https://bhoomirashi.gov.in/auth/revamp/prep_public.cshtml?nid=1&project_id=58529,1500.0,200.0,1300.0,0.074,0.13333333333333333
58529,2014-03-13,783(E),783E,2015-03-10,718,718,362,0,deduped_nearest_subsequent_3D,False,True,MO/2018/58529,Land Acquisition of NH - 12A from KM.3/400 to KM 192/400 in the state of Madhya Pradesh मध्य प्रदेश के राज्य में किमी 3/400 से किमी 192/400 तक एनएच - 12 ए पर भूमि अधिग्रहण,https://bhoomirashi.gov.in/auth/revamp/prep_public.cshtml?nid=1&project_id=58529,1500.0,200.0,1300.0,0.074,0.13333333333333333
58529,2014-09-12,2323,2323,2015-03-10,718(E),718E,179,0,deduped_nearest_subsequent_3D,False,True,MO/2018/58529,Land Acquisition of NH - 12A from KM.3/400 to KM 192/400 in the state of Madhya Pradesh मध्य प्रदेश के राज्य में किमी 3/400 से किमी 192/400 तक एनएच - 12 ए पर भूमि अधिग्रहण,https://bhoomirashi.gov.in/auth/revamp/prep_public.cshtml?nid=1&project_id=58529,1500.0,200.0,1300.0,0.074,0.13333333333333333
58529,2021-12-09,5106,5106,2022-12-06,S.O.5674(E),SO5674E,362,0,deduped_nearest_subsequent_3D,False,True,MO/2018/58529,Land Acquisition of NH - 12A from KM.3/400 to KM 192/400 in the state of Madhya Pradesh मध्य प्रदेश के राज्य में किमी 3/400 से किमी 192/400 तक एनएच - 12 ए पर भूमि अधिग्रहण,https://bhoomirashi.gov.in/auth/revamp/prep_public.cshtml?nid=1&project_id=58529,1500.0,200.0,1300.0,0.074,0.13333333333333333
58529,2022-05-18,2278(E),2278E,2023-01-13,0237(E),0237E,240,0,deduped_nearest_subsequent_3D,False,True,MO/2018/58529,Land Acquisition of NH - 12A from KM.3/400 to KM 192/400 in the state of Madhya Pradesh मध्य प्रदेश के राज्य में किमी 3/400 से किमी 192/400 तक एनएच - 12 ए पर भूमि अधिग्रहण,https://bhoomirashi.gov.in/auth/revamp/prep_public.cshtml?nid=1&project_id=58529,1500.0,200.0,1300.0,0.074,0.13333333333333333
58529,2022-05-25,2278,2278,2023-01-13,S.O.237(E),SO237E,233,0,deduped_nearest_subsequent_3D,False,True,MO/2018/58529,Land Acquisition of NH - 12A from KM.3/400 to KM 192/400 in the state of Madhya Pradesh मध्य प्रदेश के राज्य में किमी 3/400 से किमी 192/400 तक एनएच - 12 ए पर भूमि अधिग्रहण,https://bhoomirashi.gov.in/auth/revamp/prep_public.cshtml?nid=1&project_id=58529,1500.0,200.0,1300.0,0.074,0.13333333333333333
58529,2022-05-27,2398,2398,2023-04-05,1627E,1627E,313,0,deduped_nearest_subsequent_3D,False,True,MO/2018/58529,Land Acquisition of NH - 12A from KM.3/400 to KM 192/400 in the state of Madhya Pradesh मध्य प्रदेश के राज्य में किमी 3/400 से किमी 192/400 तक एनएच - 12 ए पर भूमि अधिग्रहण,https://bhoomirashi.gov.in/auth/revamp/prep_public.cshtml?nid=1&project_id=58529,1500.0,200.0,1300.0,0.074,0.13333333333333333
58529,2022-05-27,2398E,2398E,2023-04-05,S.O.1627(E),SO1627E,313,0,deduped_nearest_subsequent_3D,False,True,MO/2018/58529,Land Acquisition of NH - 12A from KM.3/400 to KM 192/400 in the state of Madhya Pradesh मध्य प्रदेश के राज्य में किमी 3/400 से किमी 192/400 तक एनएच - 12 ए पर भूमि अधिग्रहण,https://bhoomirashi.gov.in/auth/revamp/prep_public.cshtml?nid=1&project_id=58529,1500.0,200.0,1300.0,0.074,0.13333333333333333
58530,2018-12-01,5912 (E),5912E,2019-02-01,626 (E),626E,62,0,deduped_nearest_subsequent_3D,False,True,MO/2018/58530,land acquisition on NH-94 from km 132.300 to km 142.000 (from existing chainage from km 138.3000 to km 138.500) Rishikesh dharasu road in the state of uttarakhand लैंड एक्वीजीशन ों NH-९४ फ्रॉम कम 132.३०० तो कम 142.००० (फ्रॉम एक्सिस्टिंग चैनगे फ्रॉम कम 138.३००० तो कम 138.500) ऋषिकेश धरासू रोड इन थे स्टेट ऑफ़ उत्तराखंड,https://bhoomirashi.gov.in/auth/revamp/prep_public.cshtml?nid=1&project_id=58530,0.011,0.0,0.011,0.0,0.0
58532,2019-02-04,685E,685E,2020-02-03,550 (E),550E,364,0,deduped_nearest_subsequent_3D,False,True,MO/2018/58532,Construction of Major Bridge across river Panchaganga near Kolhapur City at Km. 137/250 on Ratnagiri Kolhapur Road of NH-204 in the state of Maharashtra महाराष्ट्र,https://bhoomirashi.gov.in/auth/revamp/prep_public.cshtml?nid=1&project_id=58532,0.13,0.0,0.13,0.0,0.0
58533,2020-05-11,1441,1441,2020-09-15,3139,3139,127,0,deduped_nearest_subsequent_3D,False,True,MO/2018/58533,Construction of ROB and its approaches in lieu of the existing level crossing at km 194 of NH 327E in the State of Bihar. बिहार राज्य के राष्ट्रीय राजमार्ग संख्या - 327E के कि0मी0 194 में स्थित समतल पारक के स्थान पर ROB एवं पहुंच पथ का निर्माण कार्य |,https://bhoomirashi.gov.in/auth/revamp/prep_public.cshtml?nid=1&project_id=58533,0.0635,0.0127,0.0508,0.0007,0.19999999999999998
58533,2020-05-11,1448,1448,2020-09-18,3193,3193,130,0,deduped_nearest_subsequent_3D,False,True,MO/2018/58533,Construction of ROB and its approaches in lieu of the existing level crossing at km 194 of NH 327E in the State of Bihar. बिहार राज्य के राष्ट्रीय राजमार्ग संख्या - 327E के कि0मी0 194 में स्थित समतल पारक के स्थान पर ROB एवं पहुंच पथ का निर्माण कार्य |,https://bhoomirashi.gov.in/auth/revamp/prep_public.cshtml?nid=1&project_id=58533,0.0635,0.0127,0.0508,0.0007,0.19999999999999998
58534,2020-01-30,518 E,518E,2020-09-17,3175 E,3175E,231,0,deduped_nearest_subsequent_3D,False,True,MO/2018/58534,Rehabilitation and Upgradation of stretch from Ralegaon-Sirasgaon-Wadner (Existing CH-0+000 to 27+912 design Ch. 0.00 to Km. 27.199 joining NH-7) to two Lane with paved shoulder of NH- 361B on EPC Mode in the state of Maharashtra. राळेगाव-सिरासगाव-वडनेर पासून विद्युत् पुनर्वसन व श्रेणीसुधारित करणे (विद्यमान सीएच -०२००० ते २ + + design १२ डिझाइन च. ०.०० ते कि.मी. २ 27.१99 N एन.एच.-joining मध्ये सामील होणे) ते दोन लेन ते ई.पी.सी. मोडवरील एन.एच.- 1 36१ बीच्या पक्की खांद्यासह महाराष्ट्र राज्य,https://bhoomirashi.gov.in/auth/revamp/prep_public.cshtml?nid=1&project_id=58534,63.62,57.02,6.6,0.0,0.8962590380383528
58534,2020-10-15,3621 E,3621E,2021-06-30,2633 E,2633E,258,0,deduped_nearest_subsequent_3D,False,True,MO/2018/58534,Rehabilitation and Upgradation of stretch from Ralegaon-Sirasgaon-Wadner (Existing CH-0+000 to 27+912 design Ch. 0.00 to Km. 27.199 joining NH-7) to two Lane with paved shoulder of NH- 361B on EPC Mode in the state of Maharashtra. राळेगाव-सिरासगाव-वडनेर पासून विद्युत् पुनर्वसन व श्रेणीसुधारित करणे (विद्यमान सीएच -०२००० ते २ + + design १२ डिझाइन च. ०.०० ते कि.मी. २ 27.१99 N एन.एच.-joining मध्ये सामील होणे) ते दोन लेन ते ई.पी.सी. मोडवरील एन.एच.- 1 36१ बीच्या पक्की खांद्यासह महाराष्ट्र राज्य,https://bhoomirashi.gov.in/auth/revamp/prep_public.cshtml?nid=1&project_id=58534,63.62,57.02,6.6,0.0,0.8962590380383528
58535,2019-01-28,522 (E),522E,2019-07-04,2360 (E),2360E,157,0,deduped_nearest_subsequent_3D,False,True,MO/2018/58535,LAND ACQUISITION ON NH-94 FROM KM 59.000 TO KM 132.300 (FROM EXISTING CHAINAGE FROM KM 89.440 TO KM 132.300 ADDITIONAL) RISHIKESH - DHARASU IN THE STATE OF UTTARAKHAND लैंड एक्वीजीशन ों NH-९४ फ्रॉम कम 59.००० तो कम 132.३०० (फ्रॉम एक्सिस्टिंग चैनगे फ्रॉम कम 89.४४० तो कम 132.३०० ADDITIONAL) ऋषिकेश - धरासू इन थे स्टेट ऑफ़ उत्तराखंड,https://bhoomirashi.gov.in/auth/revamp/prep_public.cshtml?nid=1&project_id=58535,11.286,0.0,11.286,0.0,0.0
58536,2019-06-25,2070 (E),2070E,2020-06-24,2032 E,2032E,365,0,deduped_nearest_subsequent_3D,False,True,MO/2018/58536,Upgradation of Jalgaon-Bhadgaon section of NH 753J from chainage 4.000 Km to 56+200 Km to Two lane with paved shoulders of (Jalgaon-Bhadgaon-Chalisgaon- Nandgaon-Manmad) NH 753J (52.200 Km) in the state of Maharashtra on EPC mode मोड,https://bhoomirashi.gov.in/auth/revamp/prep_public.cshtml?nid=1&project_id=58536,180540.0,99.0,180441.0,0.0,0.0005483549351944167
58536,2019-06-25,2074 E,2074E,2020-09-22,3225 E,3225E,455,1,deduped_nearest_subsequent_3D,False,True,MO/2018/58536,Upgradation of Jalgaon-Bhadgaon section of NH 753J from chainage 4.000 Km to 56+200 Km to Two lane with paved shoulders of (Jalgaon-Bhadgaon-Chalisgaon- Nandgaon-Manmad) NH 753J (52.200 Km) in the state of Maharashtra on EPC mode मोड,https://bhoomirashi.gov.in/auth/revamp/prep_public.cshtml?nid=1&project_id=58536,180540.0,99.0,180441.0,0.0,0.0005483549351944167
58536,2020-03-05,1000 E,1000E,2022-10-27,S.O. 5051(E).,SO5051E,966,1,deduped_nearest_subsequent_3D,False,True,MO/2018/58536,Upgradation of Jalgaon-Bhadgaon section of NH 753J from chainage 4.000 Km to 56+200 Km to Two lane with paved shoulders of (Jalgaon-Bhadgaon-Chalisgaon- Nandgaon-Manmad) NH 753J (52.200 Km) in the state of Maharashtra on EPC mode मोड,https://bhoomirashi.gov.in/auth/revamp/prep_public.cshtml?nid=1&project_id=58536,180540.0,99.0,180441.0,0.0,0.0005483549351944167
58536,2020-11-25,4220 E,4220E,2022-11-29,S.O. 5519(E).,SO5519E,734,1,deduped_nearest_subsequent_3D,False,True,MO/2018/58536,Upgradation of Jalgaon-Bhadgaon section of NH 753J from chainage 4.000 Km to 56+200 Km to Two lane with paved shoulders of (Jalgaon-Bhadgaon-Chalisgaon- Nandgaon-Manmad) NH 753J (52.200 Km) in the state of Maharashtra on EPC mode मोड,https://bhoomirashi.gov.in/auth/revamp/prep_public.cshtml?nid=1&project_id=58536,180540.0,99.0,180441.0,0.0,0.0005483549351944167
58541,2019-02-21,989,989,2019-12-30,4714,4714,312,0,deduped_nearest_subsequent_3D,False,True,MO/2018/58541,Rehabilitation and upgradation of NH-326A from km 0/0 to km 41/979 (excluding km 2/555 to 3/732 and km 36/820 to km 38/275 ) to two lane with paved shoulder on EPC mode in the state of Andhra Pradesh under NH(O) during 2017-18. रिहैबिलिटेशन एंड अपग्रेडेशन ऑफ़ रारा - 326ए फ्रॉम किमी . 0/0 से किमी . 41/979 (एक्सक्लूडिंग किमी . 2/555 से 3/732 एंड किमी . 36/820 से किमी . 38/275 ) टु टू लेन विद पेव्ड शोल्डर ऑन इपीसी मोड इन द स्टेट ऑफ़ आंध्र प्रदेश अंडर रारा (ओ) ड्यूरिंग 2017-18.,https://bhoomirashi.gov.in/auth/revamp/prep_public.cshtml?nid=1&project_id=58541,121.93,102.197,19.733,0.0283286,0.8381612400557696
58541,2019-02-21,989(E),989E,2021-06-21,2424(E),2424E,851,1,deduped_nearest_subsequent_3D,False,True,MO/2018/58541,Rehabilitation and upgradation of NH-326A from km 0/0 to km 41/979 (excluding km 2/555 to 3/732 and km 36/820 to km 38/275 ) to two lane with paved shoulder on EPC mode in the state of Andhra Pradesh under NH(O) during 2017-18. रिहैबिलिटेशन एंड अपग्रेडेशन ऑफ़ रारा - 326ए फ्रॉम किमी . 0/0 से किमी . 41/979 (एक्सक्लूडिंग किमी . 2/555 से 3/732 एंड किमी . 36/820 से किमी . 38/275 ) टु टू लेन विद पेव्ड शोल्डर ऑन इपीसी मोड इन द स्टेट ऑफ़ आंध्र प्रदेश अंडर रारा (ओ) ड्यूरिंग 2017-18.,https://bhoomirashi.gov.in/auth/revamp/prep_public.cshtml?nid=1&project_id=58541,121.93,102.197,19.733,0.0283286,0.8381612400557696
58541,2021-04-07,1488,1488,2023-03-14,1199(E),1199E,706,1,deduped_nearest_subsequent_3D,False,True,MO/2018/58541,Rehabilitation and upgradation of NH-326A from km 0/0 to km 41/979 (excluding km 2/555 to 3/732 and km 36/820 to km 38/275 ) to two lane with paved shoulder on EPC mode in the state of Andhra Pradesh under NH(O) during 2017-18. रिहैबिलिटेशन एंड अपग्रेडेशन ऑफ़ रारा - 326ए फ्रॉम किमी . 0/0 से किमी . 41/979 (एक्सक्लूडिंग किमी . 2/555 से 3/732 एंड किमी . 36/820 से किमी . 38/275 ) टु टू लेन विद पेव्ड शोल्डर ऑन इपीसी मोड इन द स्टेट ऑफ़ आंध्र प्रदेश अंडर रारा (ओ) ड्यूरिंग 2017-18.,https://bhoomirashi.gov.in/auth/revamp/prep_public.cshtml?nid=1&project_id=58541,121.93,102.197,19.733,0.0283286,0.8381612400557696
58544,2014-05-28,1398,1398,2015-05-07,1224,1224,344,0,deduped_nearest_subsequent_3D,False,True,MO/2018/58544,Acquisition of land National Highway No. -104 From Km. 27.000 to Km 40.000 (Banjariya to sheohar section) in the District sheohar in the state of bihar.. बिहार राज्य के शिवहर जिले में राष्ट्रीय राजमार्ग संख्या 104 के कि0मी0 27.000 से कि0मी0 40.000 (बंजरिया से शिवहर सेक्शन ) तक पर भू - अर्जन ||,https://bhoomirashi.gov.in/auth/revamp/prep_public.cshtml?nid=1&project_id=58544,30.0,0.0,30.0,0.016,0.0
58546,2018-12-06,6057,6057,2019-06-19,1988,1988,195,0,deduped_nearest_subsequent_3D,False,True,MO/2018/58546,Construction of proposed 2 lane ROB and its approaches in lieu of exiisting level crossing No. 130 at Km 48.300 on NH - 207 ( Railway Chainage 330-276 ) near Koraluru in the State of Karnataka (Job No.207 Karnataka(7)/2016-17-010-S&R(B). कंस्ट्रक्शन ओएफ प्रपोज्ड 2 लेन आर्‌ओबी एंड आईटीएस एप्रोचेज आईएन लियू ओएफ एक्सीस्टिंग लेवल क्रॉसिंग नो. 130 एटी केऍम्‌ 48.300 ओन ऍन्‌हॆच्‌ - 207 ( रेलवे चैनगे 330-276 ) नेअर कोरलुरु आईएन थे स्टेट ओएफ कर्नाटक (जॉब नो.207 कर्नाटक(7)/2016-17-010-ऍस्‌&आर्‌(बी).,https://bhoomirashi.gov.in/auth/revamp/prep_public.cshtml?nid=1&project_id=58546,45.0,32.0,13.0,0.0,0.7111111111111111
58551,2017-12-05,3809,3809,2018-11-28,5856,5856,358,0,deduped_nearest_subsequent_3D,False,True,MO/2018/58551,Rehabilitation and upgradation to two lane with paved shoulder from km 531 . 250 to km 597 . 946 ( kunkuri to c4 / j4 border section ) of nh _ 78 in the state of chhattisgarh under NHDP _ IV through EPC रिहैबिलिटेशन एंड उपग्रडेशन तो तवो लेन विथ पवेद शोल्डर फ्रॉम कम ५३१ . २५० तो कम ५९७ . ९४६ ( कुनकुरी तो स४ / ज्४ बॉर्डर सेक्शन ) ऑफ़ नह _ ७८ इन थे स्टेट ऑफ़ छत्तीसगढ़ अंडर नहड़प _ िव थ्रू एप्स,https://bhoomirashi.gov.in/auth/revamp/prep_public.cshtml?nid=1&project_id=58551,136.909,110.0,26.909,0.0,0.8034533887472701
58554,2022-08-16,3835(E),3835E,2024-01-18,286(E),286E,520,1,deduped_nearest_subsequent_3D,False,True,MO/2018/58554,construction of yadgir bypass from Km.70.900 to Km 79.650 (Design Chainages ) of NH-150 in the state of Karnataka (Job No NH-150-KNT-2022-23-968) construction of yadgir bypass from Km.70.900 to Km 79.650 (Design Chainages ) of NH-150 in the state of Karnataka (Job No NH-150-KNT-2022-23-968),https://bhoomirashi.gov.in/auth/revamp/prep_public.cshtml?nid=1&project_id=58554,95.0,0.0,95.0,0.0,0.0
58570,2019-07-01,2306,2306,2020-06-19,1976(E),1976E,354,0,deduped_nearest_subsequent_3D,False,True,MO/2018/58570,Construction of Major Bridge at Km . 180.865 across river Krishana on NH - 167 Hagari - Jaderchela Section in the State of Karnataka ( Job No. NH - 167 / KNT / 13 / 2016 - 17 009 - S&R (B) कंस्ट्रक्शन ऑफ़ मेजर ब्रिज ात कम . 180.८६५ अक्रॉस रिवर कृष्णा ों नह - १६७ हजारी - जाडेचेला सेक्शन इन थे स्टेट ऑफ़ कर्नाटक ( जॉब No. नह - १६७ / कन्ठ / १३ / २०१६ - १७ ००९ - S&र (B),https://bhoomirashi.gov.in/auth/revamp/prep_public.cshtml?nid=1&project_id=58570,20.0,10.0,10.0,0.0,0.5
58570,2019-09-30,3564(E),3564E,2020-09-18,3197,3197,354,0,deduped_nearest_subsequent_3D,False,True,MO/2018/58570,Construction of Major Bridge at Km . 180.865 across river Krishana on NH - 167 Hagari - Jaderchela Section in the State of Karnataka ( Job No. NH - 167 / KNT / 13 / 2016 - 17 009 - S&R (B) कंस्ट्रक्शन ऑफ़ मेजर ब्रिज ात कम . 180.८६५ अक्रॉस रिवर कृष्णा ों नह - १६७ हजारी - जाडेचेला सेक्शन इन थे स्टेट ऑफ़ कर्नाटक ( जॉब No. नह - १६७ / कन्ठ / १३ / २०१६ - १७ ००९ - S&र (B),https://bhoomirashi.gov.in/auth/revamp/prep_public.cshtml?nid=1&project_id=58570,20.0,10.0,10.0,0.0,0.5
58572,2018-12-07,6118 (E),6118E,2019-04-25,1644 (E),1644E,139,0,deduped_nearest_subsequent_3D,False,True,MO/2018/58572,LAND ACQUISITION ON NH-94 FROM KM 59.000 TO KM 132.300 (FROM EXISTING CHAINAGE FROM KM 65.000 TO KM 76.000) RISHIKESH-DHARASU ROAD IN THE STATE OF UTTARAKHAND LAND ACQUISITION ON NH-94 FROM कम 59.000 तो कम 132.300 (FROM EXISTING CHAINAGE FROM कम 65.000 तो कम 76.000) RISHIKESH-धरासू रोड इन थे स्टेट ऑफ़ उत्तराखंड,https://bhoomirashi.gov.in/auth/revamp/prep_public.cshtml?nid=1&project_id=58572,7.5,0.0,7.5,0.0,0.0
58574,2018-04-13,1594 (E),1594E,2018-12-11,6157,6157,242,0,deduped_nearest_subsequent_3D,False,True,MO/2018/58574,LAND ACQISITION O NH-125 FROM KM 52.000 TO 202.000 TANAKPUR TO PITHORAGARH (SILAD-DEURI) लैंड ैकिसिशन ो NH-१२५ फ्रॉम कम 52.००० तो 202.००० टनकपुर तो पिथौरागढ़ (SILAD-DEURI),https://bhoomirashi.gov.in/auth/revamp/prep_public.cshtml?nid=1&project_id=58574,2.0,0.0,2.0,0.0,0.0
58575,2018-12-07,6114 (E),6114E,2019-04-09,1560 (E),1560E,123,0,deduped_nearest_subsequent_3D,False,True,MO/2018/58575,Additional Land Acquisition on NH - 94 from KM 59.000 to 132.300 on Rishikesh Dharashu Road in the state of Uttarakhand ( 4 Projects ) एडिशनल लैंड एक्वीजीशन ों नह - ९४ फ्रॉम कम 59.००० तो 132.३०० ों ऋषिकेश धराशु रोड इन थे स्टेट ऑफ़ उत्तराखंड ( ४ प्रोजेक्ट्स ),https://bhoomirashi.gov.in/auth/revamp/prep_public.cshtml?nid=1&project_id=58575,4.0,0.0,4.0,0.0,0.0
58579,2019-01-04,66,66,2019-07-12,2533,2533,189,0,deduped_nearest_subsequent_3D,False,True,MO/2018/58579,Rehabilitation and up-gradation of National Highway No. 96/330 in the stretch of land from Km. 135.230 to Km. 153.00 in the District of Prayagraj in the State of Uttar Pradesh. उत्तर प्रदेश राज्य के इलाहाबाद जिले में राष्ट्रीय राजमार्ग संख्या 96/330 के कि.मी. 135.230 से कि.मी. 153.00 तक के भू-खण्ड के पुनर्वास एव उच्चीकरण के कार्य हेतु।,https://bhoomirashi.gov.in/auth/revamp/prep_public.cshtml?nid=1&project_id=58579,10.3,0.0,10.3,0.1238,0.0
58585,2015-12-11,3360,3360,2016-07-11,2348,2348,213,0,deduped_nearest_subsequent_3D,False,True,MO/2018/58585,Rehabilitation and upgradation of NH-565 from existing Km 361/330 ( Dornala T Junction ) to Km 420/800 ( Penchalakona Junction ) to two lane with paved shoulders on EPC mode in the state of Andhra Pradesh रिहैबिलिटेशन एंड अपग्रेडेशन ऑफ़ रारा - 565 फ्रॉम एक्सिस्टिंग किमी. 361/330 ( दोरनाला टी जंक्शन ) टु किमी. 420/800 ( पञ्चालकोना जंक्शन ) टु टू लेन विद पेव्ड शोल्डर्स ऑन इपीसी मोड इन द स्टेट ऑफ़ आंध्र प्रदेश,https://bhoomirashi.gov.in/auth/revamp/prep_public.cshtml?nid=1&project_id=58585,8.9516464,0.0,8.9516464,0.0,0.0
58585,2017-11-06,3554,3554,2018-01-31,453,453,86,0,deduped_nearest_subsequent_3D,False,True,MO/2018/58585,Rehabilitation and upgradation of NH-565 from existing Km 361/330 ( Dornala T Junction ) to Km 420/800 ( Penchalakona Junction ) to two lane with paved shoulders on EPC mode in the state of Andhra Pradesh रिहैबिलिटेशन एंड अपग्रेडेशन ऑफ़ रारा - 565 फ्रॉम एक्सिस्टिंग किमी. 361/330 ( दोरनाला टी जंक्शन ) टु किमी. 420/800 ( पञ्चालकोना जंक्शन ) टु टू लेन विद पेव्ड शोल्डर्स ऑन इपीसी मोड इन द स्टेट ऑफ़ आंध्र प्रदेश,https://bhoomirashi.gov.in/auth/revamp/prep_public.cshtml?nid=1&project_id=58585,8.9516464,0.0,8.9516464,0.0,0.0
58585,2019-02-01,617 e,617E,2019-08-27,S.O.3092 E,SO3092E,207,0,deduped_nearest_subsequent_3D,False,True,MO/2018/58585,Rehabilitation and upgradation of NH-565 from existing Km 361/330 ( Dornala T Junction ) to Km 420/800 ( Penchalakona Junction ) to two lane with paved shoulders on EPC mode in the state of Andhra Pradesh रिहैबिलिटेशन एंड अपग्रेडेशन ऑफ़ रारा - 565 फ्रॉम एक्सिस्टिंग किमी. 361/330 ( दोरनाला टी जंक्शन ) टु किमी. 420/800 ( पञ्चालकोना जंक्शन ) टु टू लेन विद पेव्ड शोल्डर्स ऑन इपीसी मोड इन द स्टेट ऑफ़ आंध्र प्रदेश,https://bhoomirashi.gov.in/auth/revamp/prep_public.cshtml?nid=1&project_id=58585,8.9516464,0.0,8.9516464,0.0,0.0
58586,2018-02-27,721,721,2019-02-26,1049 (E),1049E,364,0,deduped_nearest_subsequent_3D,False,True,MO/2018/58586,"Improvement and Reconstruction to Two Lane With Paved Shoulders From KM 243.200 to KM 290.200 of NH - 234 on EPC Mode in the State of Karnataka इम्प्रूवमेंट एंड रिकंस्ट्रक्शन तो तवो लेन विथ पवेद शोल्डर्स फ्रॉम कम , 243.२०० तो कम 290.२०० ऑफ़ नह - २३४ ों एप्स मोड इन थे स्टेट ऑफ़ कर्नाटक",https://bhoomirashi.gov.in/auth/revamp/prep_public.cshtml?nid=1&project_id=58586,100.0,40.0,60.0,0.0658,0.4
58586,2019-02-28,1088 (E),1088E,2020-08-28,2926,2926,547,1,deduped_nearest_subsequent_3D,False,True,MO/2018/58586,"Improvement and Reconstruction to Two Lane With Paved Shoulders From KM 243.200 to KM 290.200 of NH - 234 on EPC Mode in the State of Karnataka इम्प्रूवमेंट एंड रिकंस्ट्रक्शन तो तवो लेन विथ पवेद शोल्डर्स फ्रॉम कम , 243.२०० तो कम 290.२०० ऑफ़ नह - २३४ ों एप्स मोड इन थे स्टेट ऑफ़ कर्नाटक",https://bhoomirashi.gov.in/auth/revamp/prep_public.cshtml?nid=1&project_id=58586,100.0,40.0,60.0,0.0658,0.4
58586,2020-02-07,632,632,2020-11-23,4195,4195,290,0,deduped_nearest_subsequent_3D,False,True,MO/2018/58586,"Improvement and Reconstruction to Two Lane With Paved Shoulders From KM 243.200 to KM 290.200 of NH - 234 on EPC Mode in the State of Karnataka इम्प्रूवमेंट एंड रिकंस्ट्रक्शन तो तवो लेन विथ पवेद शोल्डर्स फ्रॉम कम , 243.२०० तो कम 290.२०० ऑफ़ नह - २३४ ों एप्स मोड इन थे स्टेट ऑफ़ कर्नाटक",https://bhoomirashi.gov.in/auth/revamp/prep_public.cshtml?nid=1&project_id=58586,100.0,40.0,60.0,0.0658,0.4
58586,2020-08-28,2933,2933,2021-02-07,621,621,163,0,deduped_nearest_subsequent_3D,False,True,MO/2018/58586,"Improvement and Reconstruction to Two Lane With Paved Shoulders From KM 243.200 to KM 290.200 of NH - 234 on EPC Mode in the State of Karnataka इम्प्रूवमेंट एंड रिकंस्ट्रक्शन तो तवो लेन विथ पवेद शोल्डर्स फ्रॉम कम , 243.२०० तो कम 290.२०० ऑफ़ नह - २३४ ों एप्स मोड इन थे स्टेट ऑफ़ कर्नाटक",https://bhoomirashi.gov.in/auth/revamp/prep_public.cshtml?nid=1&project_id=58586,100.0,40.0,60.0,0.0658,0.4
58587,2019-10-17,3755 E,3755E,2020-06-03,1730(E),1730E,230,0,deduped_nearest_subsequent_3D,False,True,MO/2018/58587,Construction of six lane Elevated Corridor from Km 7.950 ( Uppal ) to Km 14.200 of NH - 163 to De-Congest the urban limits of Hyderabad - Bhoopalpatnam Section on EPC Mode in the state of Telangana. कंस्ट्रक्शन ऑफ़ सिक्स लेन एलिवेटेड कॉरिडोर फ्रॉम कम 7.९५० ( उप्पल ) तो कम 14.२०० ऑफ़ नह - १६३ तो De-कोंगेस्ट थे अर्बन लिमिट्स ऑफ़ हैदराबाद - भोपालपटनम सेक्शन ों एप्स मोड इन थे स्टेट ऑफ़ तेलंगाना Telangana.,https://bhoomirashi.gov.in/auth/revamp/prep_public.cshtml?nid=1&project_id=58587,33.22,31.648,1.572,0.0,0.9526791089704997
58589,2019-11-22,4239 ( E ),4239E,2020-11-18,4143,4143,362,0,deduped_nearest_subsequent_3D,False,True,MO/2018/58589,6 - Laning of Km 9.900 to Km 19.948 (Aramgarh - samsabad section ) of Hyderabad - Bengaluru section of NH - 44 Under NH (O) on EPC basis in the state of Telangana . ६ - लैनिंग ऑफ़ कम 9.९०० तो कम 19.९४८ (ारामगढ़ - संसाबाद सेक्शन ) ऑफ़ हैदराबाद - बेंगलुरु सेक्शन ऑफ़ नह - ४४ अंडर नह (O) ों एप्स बेसिस इन थे स्टेट ऑफ़ तेलंगाना .,https://bhoomirashi.gov.in/auth/revamp/prep_public.cshtml?nid=1&project_id=58589,147.512,141.722,5.79,0.0,0.9607489560171376
58589,2021-12-13,5173(E),5173E,2022-01-19,273(E),273E,37,0,deduped_nearest_subsequent_3D,False,True,MO/2018/58589,6 - Laning of Km 9.900 to Km 19.948 (Aramgarh - samsabad section ) of Hyderabad - Bengaluru section of NH - 44 Under NH (O) on EPC basis in the state of Telangana . ६ - लैनिंग ऑफ़ कम 9.९०० तो कम 19.९४८ (ारामगढ़ - संसाबाद सेक्शन ) ऑफ़ हैदराबाद - बेंगलुरु सेक्शन ऑफ़ नह - ४४ अंडर नह (O) ों एप्स बेसिस इन थे स्टेट ऑफ़ तेलंगाना .,https://bhoomirashi.gov.in/auth/revamp/prep_public.cshtml?nid=1&project_id=58589,147.512,141.722,5.79,0.0,0.9607489560171376
58589,2022-07-22,3366 (E),3366E,2022-11-02,5105(E),5105E,103,0,deduped_nearest_subsequent_3D,False,True,MO/2018/58589,6 - Laning of Km 9.900 to Km 19.948 (Aramgarh - samsabad section ) of Hyderabad - Bengaluru section of NH - 44 Under NH (O) on EPC basis in the state of Telangana . ६ - लैनिंग ऑफ़ कम 9.९०० तो कम 19.९४८ (ारामगढ़ - संसाबाद सेक्शन ) ऑफ़ हैदराबाद - बेंगलुरु सेक्शन ऑफ़ नह - ४४ अंडर नह (O) ों एप्स बेसिस इन थे स्टेट ऑफ़ तेलंगाना .,https://bhoomirashi.gov.in/auth/revamp/prep_public.cshtml?nid=1&project_id=58589,147.512,141.722,5.79,0.0,0.9607489560171376
58589,2022-08-23,3967 (E),3967E,2022-11-30,5563 (E),5563E,99,0,deduped_nearest_subsequent_3D,False,True,MO/2018/58589,6 - Laning of Km 9.900 to Km 19.948 (Aramgarh - samsabad section ) of Hyderabad - Bengaluru section of NH - 44 Under NH (O) on EPC basis in the state of Telangana . ६ - लैनिंग ऑफ़ कम 9.९०० तो कम 19.९४८ (ारामगढ़ - संसाबाद सेक्शन ) ऑफ़ हैदराबाद - बेंगलुरु सेक्शन ऑफ़ नह - ४४ अंडर नह (O) ों एप्स बेसिस इन थे स्टेट ऑफ़ तेलंगाना .,https://bhoomirashi.gov.in/auth/revamp/prep_public.cshtml?nid=1&project_id=58589,147.512,141.722,5.79,0.0,0.9607489560171376
58603,2019-03-07,1177,1177,2020-02-21,806(E),806E,351,0,deduped_nearest_subsequent_3D,False,True,MO/2018/58603,Construction of ROB approaches on NH 848-B at Karambeli crossing L.C. NO.77 @ km 0/0 to 0.6 कंस्ट्रक्शन ऑफ़ रॉब अप्प्रोचेस ो ों नह 848-बी ात करबेली क्रासिंग L.C. NO.७७ @ कम 0.0 तो 0.6 तो,https://bhoomirashi.gov.in/auth/revamp/prep_public.cshtml?nid=1&project_id=58603,8.6936,1.2326,7.461,0.1193,0.14178246066071593
58603,2020-01-30,475(E),475E,2021-01-13,140(E),140E,349,0,deduped_nearest_subsequent_3D,False,True,MO/2018/58603,Construction of ROB approaches on NH 848-B at Karambeli crossing L.C. NO.77 @ km 0/0 to 0.6 कंस्ट्रक्शन ऑफ़ रॉब अप्प्रोचेस ो ों नह 848-बी ात करबेली क्रासिंग L.C. NO.७७ @ कम 0.0 तो 0.6 तो,https://bhoomirashi.gov.in/auth/revamp/prep_public.cshtml?nid=1&project_id=58603,8.6936,1.2326,7.461,0.1193,0.14178246066071593
58604,2024-09-19,S.O. 4074(E).,SO4074E,2025-01-03,S.O. 50(E).,SO50E,106,0,deduped_nearest_subsequent_3D,False,True,MO/2018/58604,Construction of RUB from design Km. 10.800 (before Bandhavwadi junction to design Km. 13.000 (Near Narkarwadi Junction of Design lane 1.9Km. (Section of Talere Gaganbawada Kolhapur road NH-166 G) in the state of Maharashtra Pkg_3 Pkg_३,https://bhoomirashi.gov.in/auth/revamp/prep_public.cshtml?nid=1&project_id=58604,10.735,0.0,10.735,0.0,0.0
58619,2025-08-04,3890,3890,2026-03-11,3890(E),3890E,219,0,deduped_nearest_subsequent_3D,False,True,MO/2018/58619,Construction of 2- Lane Gangtok Bypass Road from Ranipool to Burtuk in East Sikkim (23.316) Km कंस्ट्रक्शन ऑफ़ 2- लेन गंगटोक बाईपास रोड फ्रॉम रानीपुल तो बुरटुक इन ईस्ट सिक्किम (23.316) कम,https://bhoomirashi.gov.in/auth/revamp/prep_public.cshtml?nid=1&project_id=58619,53.0912,46.6048,6.4864,0.0235,0.8778253269845097
58626,2020-06-30,2155 (E),2155E,2020-12-22,4669,4669,175,0,deduped_nearest_subsequent_3D,False,True,MO/2018/58626,"Widening , strengthening and reconstruction of existing pavement to 4 - lanes from km 266.348 to 283.000 of Mahabubnagar - Jadcherla road section of NH - 167 on EPC mode विडेनिंग , स्ट्रेंग्थेनिंग एंड रिकंस्ट्रक्शन ऑफ़ एक्सिस्टिंग पेवमेंट तो ४ - लेन्स फ्रॉम कम 266.३४८ तो 283.००० ऑफ़ महबूबनगर - जड्चर्ला एंड रोड सेक्शन ऑफ़ नह - १६७ ों एप्स मोड",https://bhoomirashi.gov.in/auth/revamp/prep_public.cshtml?nid=1&project_id=58626,55.0,49.0,6.0,0.0,0.8909090909090909
58630,2021-05-06,1776,1776,2021-12-15,5210(E),5210E,223,0,deduped_nearest_subsequent_3D,False,True,MO/2018/58630,Acquisition of land for construction of Bypass near Nayagarh town in the stat of Odisha एक्वीजीशन ऑफ़ लैंड फॉर कंस्ट्रक्शन ऑफ़ बाईपास नियर नयागढ़ टाउन इन थे स्टेट ऑफ़ ओडिशा,https://bhoomirashi.gov.in/auth/revamp/prep_public.cshtml?nid=1&project_id=58630,85.0,0.0,85.0,0.2784297,0.0
58630,2021-09-15,3758(E),3758E,2023-08-02,3459(E),3459E,686,1,deduped_nearest_subsequent_3D,False,True,MO/2018/58630,Acquisition of land for construction of Bypass near Nayagarh town in the stat of Odisha एक्वीजीशन ऑफ़ लैंड फॉर कंस्ट्रक्शन ऑफ़ बाईपास नियर नयागढ़ टाउन इन थे स्टेट ऑफ़ ओडिशा,https://bhoomirashi.gov.in/auth/revamp/prep_public.cshtml?nid=1&project_id=58630,85.0,0.0,85.0,0.2784297,0.0
58630,2023-05-25,2318(E),2318E,2026-04-22,2012(E),2012E,1063,1,deduped_nearest_subsequent_3D,False,True,MO/2018/58630,Acquisition of land for construction of Bypass near Nayagarh town in the stat of Odisha एक्वीजीशन ऑफ़ लैंड फॉर कंस्ट्रक्शन ऑफ़ बाईपास नियर नयागढ़ टाउन इन थे स्टेट ऑफ़ ओडिशा,https://bhoomirashi.gov.in/auth/revamp/prep_public.cshtml?nid=1&project_id=58630,85.0,0.0,85.0,0.2784297,0.0
58633,2019-06-21,2023 E,2023E,2020-06-19,1975 E,1975E,364,0,deduped_nearest_subsequent_3D,False,True,MO/2018/58633,Estimate of upgradation to two lane with paved shoulder of Helwak to Karad section of NH-166E from Km. 85.00 to Km. 133.417 on EPC mode in the state of Maharashtra महाराष्ट्र,https://bhoomirashi.gov.in/auth/revamp/prep_public.cshtml?nid=1&project_id=58633,136.149,101.339,34.81,0.018,0.7443242330094235
58633,2019-08-26,3041 E,3041E,2020-08-25,2863 E,2863E,365,0,deduped_nearest_subsequent_3D,False,True,MO/2018/58633,Estimate of upgradation to two lane with paved shoulder of Helwak to Karad section of NH-166E from Km. 85.00 to Km. 133.417 on EPC mode in the state of Maharashtra महाराष्ट्र,https://bhoomirashi.gov.in/auth/revamp/prep_public.cshtml?nid=1&project_id=58633,136.149,101.339,34.81,0.018,0.7443242330094235
58633,2021-02-22,797 E,797E,2022-09-14,S.O. 4337(E).,SO4337E,569,1,deduped_nearest_subsequent_3D,False,True,MO/2018/58633,Estimate of upgradation to two lane with paved shoulder of Helwak to Karad section of NH-166E from Km. 85.00 to Km. 133.417 on EPC mode in the state of Maharashtra महाराष्ट्र,https://bhoomirashi.gov.in/auth/revamp/prep_public.cshtml?nid=1&project_id=58633,136.149,101.339,34.81,0.018,0.7443242330094235
58639,2018-07-18,S.O.3559(E),SO3559E,2019-02-27,1060(E),1060E,224,0,deduped_nearest_subsequent_3D,False,True,MO/2018/58639,"Improvement/ Upgradation of NH-60 to 4 lane from existing Km 306.00 (Pandabeswar) to Km 321.00 (Dubrajpur) in the district of Birbhum, West Bengal- Construction of 4-lane Road Over Bridge (ROB) and its approaches between km. 306.302 to km. 307.923 of NH-60 in lieu of Level crossing No. 10-B/T in the district of Birbhum, West Bengal पश्चिम बंगाल राज्य के बीरभूम जिले में NH-60 के मजुदा चेनेज 306.00 कि. मि. (पान्डबेश्र्वर) से 321.00 कि. मि. (दुबराजपूर) तक चार लेन मे उन्नयन/ उन्नतिकरन - पश्चिम बंगाल राज्य के बीरभूम जिले में NH-60 के कि. मि 306.302 तथा कि. मि 307.923 के बीच लेवल क्रोसिंग नं. 10- बी/टी के बदले में रेल सेतु (आर.ओ.बी) और इसकी अप्रोच के निर्माण",https://bhoomirashi.gov.in/auth/revamp/prep_public.cshtml?nid=1&project_id=58639,5.67,0.0,5.67,0.0,0.0
58641,2020-01-30,516,516,2021-07-30,3050,3050,547,1,deduped_nearest_subsequent_3D,False,True,MO/2018/58641,"Prepration of DPR for newly declared NH in the State of Madhya Pradesh under Packages- I,II & IV. Details of bids proposed for approval are as below:- National Highway - No. 346 (Jharkheda- Berasia to Vidisha - Road - k.m. 0+000 to 87+900 k.m.) प्रिपरेसन ऑफ DPR फॉर न्यूली डिक्लियर्ड NH इन द स्टेट ऑफ मध्य प्रदेश अंडर पैकेज- I,II & IV. डिटेल्स ऑफ बीड्स प्रपोस्ड फॉर अप्रूवल अर एस बिलो :- (एन.एच.- 346 (झरखेड़ा-बैरसिया-से-विदिशा रोड 0+000 से 87+900 कि.मी. )",https://bhoomirashi.gov.in/auth/revamp/prep_public.cshtml?nid=1&project_id=58641,228.696,71.516,157.18,0.0,0.3127120719208032
58641,2020-01-30,517,517,2021-10-14,4260,4260,623,1,deduped_nearest_subsequent_3D,False,True,MO/2018/58641,"Prepration of DPR for newly declared NH in the State of Madhya Pradesh under Packages- I,II & IV. Details of bids proposed for approval are as below:- National Highway - No. 346 (Jharkheda- Berasia to Vidisha - Road - k.m. 0+000 to 87+900 k.m.) प्रिपरेसन ऑफ DPR फॉर न्यूली डिक्लियर्ड NH इन द स्टेट ऑफ मध्य प्रदेश अंडर पैकेज- I,II & IV. डिटेल्स ऑफ बीड्स प्रपोस्ड फॉर अप्रूवल अर एस बिलो :- (एन.एच.- 346 (झरखेड़ा-बैरसिया-से-विदिशा रोड 0+000 से 87+900 कि.मी. )",https://bhoomirashi.gov.in/auth/revamp/prep_public.cshtml?nid=1&project_id=58641,228.696,71.516,157.18,0.0,0.3127120719208032
58641,2020-08-07,2655,2655,2021-10-14,4261,4261,433,1,deduped_nearest_subsequent_3D,False,True,MO/2018/58641,"Prepration of DPR for newly declared NH in the State of Madhya Pradesh under Packages- I,II & IV. Details of bids proposed for approval are as below:- National Highway - No. 346 (Jharkheda- Berasia to Vidisha - Road - k.m. 0+000 to 87+900 k.m.) प्रिपरेसन ऑफ DPR फॉर न्यूली डिक्लियर्ड NH इन द स्टेट ऑफ मध्य प्रदेश अंडर पैकेज- I,II & IV. डिटेल्स ऑफ बीड्स प्रपोस्ड फॉर अप्रूवल अर एस बिलो :- (एन.एच.- 346 (झरखेड़ा-बैरसिया-से-विदिशा रोड 0+000 से 87+900 कि.मी. )",https://bhoomirashi.gov.in/auth/revamp/prep_public.cshtml?nid=1&project_id=58641,228.696,71.516,157.18,0.0,0.3127120719208032
58641,2021-05-28,2058,2058,2022-03-16,1176,1176,292,0,deduped_nearest_subsequent_3D,False,True,MO/2018/58641,"Prepration of DPR for newly declared NH in the State of Madhya Pradesh under Packages- I,II & IV. Details of bids proposed for approval are as below:- National Highway - No. 346 (Jharkheda- Berasia to Vidisha - Road - k.m. 0+000 to 87+900 k.m.) प्रिपरेसन ऑफ DPR फॉर न्यूली डिक्लियर्ड NH इन द स्टेट ऑफ मध्य प्रदेश अंडर पैकेज- I,II & IV. डिटेल्स ऑफ बीड्स प्रपोस्ड फॉर अप्रूवल अर एस बिलो :- (एन.एच.- 346 (झरखेड़ा-बैरसिया-से-विदिशा रोड 0+000 से 87+900 कि.मी. )",https://bhoomirashi.gov.in/auth/revamp/prep_public.cshtml?nid=1&project_id=58641,228.696,71.516,157.18,0.0,0.3127120719208032
58641,2021-06-17,2361,2361,2022-06-30,2664,2664,378,1,deduped_nearest_subsequent_3D,False,True,MO/2018/58641,"Prepration of DPR for newly declared NH in the State of Madhya Pradesh under Packages- I,II & IV. Details of bids proposed for approval are as below:- National Highway - No. 346 (Jharkheda- Berasia to Vidisha - Road - k.m. 0+000 to 87+900 k.m.) प्रिपरेसन ऑफ DPR फॉर न्यूली डिक्लियर्ड NH इन द स्टेट ऑफ मध्य प्रदेश अंडर पैकेज- I,II & IV. डिटेल्स ऑफ बीड्स प्रपोस्ड फॉर अप्रूवल अर एस बिलो :- (एन.एच.- 346 (झरखेड़ा-बैरसिया-से-विदिशा रोड 0+000 से 87+900 कि.मी. )",https://bhoomirashi.gov.in/auth/revamp/prep_public.cshtml?nid=1&project_id=58641,228.696,71.516,157.18,0.0,0.3127120719208032
58641,2021-11-23,4819,4819,2024-07-03,2598(E),2598E,953,1,deduped_nearest_subsequent_3D,False,True,MO/2018/58641,"Prepration of DPR for newly declared NH in the State of Madhya Pradesh under Packages- I,II & IV. Details of bids proposed for approval are as below:- National Highway - No. 346 (Jharkheda- Berasia to Vidisha - Road - k.m. 0+000 to 87+900 k.m.) प्रिपरेसन ऑफ DPR फॉर न्यूली डिक्लियर्ड NH इन द स्टेट ऑफ मध्य प्रदेश अंडर पैकेज- I,II & IV. डिटेल्स ऑफ बीड्स प्रपोस्ड फॉर अप्रूवल अर एस बिलो :- (एन.एच.- 346 (झरखेड़ा-बैरसिया-से-विदिशा रोड 0+000 से 87+900 कि.मी. )",https://bhoomirashi.gov.in/auth/revamp/prep_public.cshtml?nid=1&project_id=58641,228.696,71.516,157.18,0.0,0.3127120719208032
58641,2021-12-16,5234,5234,2024-07-29,3028(E),3028E,956,1,deduped_nearest_subsequent_3D,False,True,MO/2018/58641,"Prepration of DPR for newly declared NH in the State of Madhya Pradesh under Packages- I,II & IV. Details of bids proposed for approval are as below:- National Highway - No. 346 (Jharkheda- Berasia to Vidisha - Road - k.m. 0+000 to 87+900 k.m.) प्रिपरेसन ऑफ DPR फॉर न्यूली डिक्लियर्ड NH इन द स्टेट ऑफ मध्य प्रदेश अंडर पैकेज- I,II & IV. डिटेल्स ऑफ बीड्स प्रपोस्ड फॉर अप्रूवल अर एस बिलो :- (एन.एच.- 346 (झरखेड़ा-बैरसिया-से-विदिशा रोड 0+000 से 87+900 कि.मी. )",https://bhoomirashi.gov.in/auth/revamp/prep_public.cshtml?nid=1&project_id=58641,228.696,71.516,157.18,0.0,0.3127120719208032
58641,2024-02-26,906,906,2025-08-25,3869(E),3869E,546,1,deduped_nearest_subsequent_3D,False,True,MO/2018/58641,"Prepration of DPR for newly declared NH in the State of Madhya Pradesh under Packages- I,II & IV. Details of bids proposed for approval are as below:- National Highway - No. 346 (Jharkheda- Berasia to Vidisha - Road - k.m. 0+000 to 87+900 k.m.) प्रिपरेसन ऑफ DPR फॉर न्यूली डिक्लियर्ड NH इन द स्टेट ऑफ मध्य प्रदेश अंडर पैकेज- I,II & IV. डिटेल्स ऑफ बीड्स प्रपोस्ड फॉर अप्रूवल अर एस बिलो :- (एन.एच.- 346 (झरखेड़ा-बैरसिया-से-विदिशा रोड 0+000 से 87+900 कि.मी. )",https://bhoomirashi.gov.in/auth/revamp/prep_public.cshtml?nid=1&project_id=58641,228.696,71.516,157.18,0.0,0.3127120719208032
58641,2024-03-12,1287(E),1287E,2026-02-17,864(E),864E,707,1,deduped_nearest_subsequent_3D,False,True,MO/2018/58641,"Prepration of DPR for newly declared NH in the State of Madhya Pradesh under Packages- I,II & IV. Details of bids proposed for approval are as below:- National Highway - No. 346 (Jharkheda- Berasia to Vidisha - Road - k.m. 0+000 to 87+900 k.m.) प्रिपरेसन ऑफ DPR फॉर न्यूली डिक्लियर्ड NH इन द स्टेट ऑफ मध्य प्रदेश अंडर पैकेज- I,II & IV. डिटेल्स ऑफ बीड्स प्रपोस्ड फॉर अप्रूवल अर एस बिलो :- (एन.एच.- 346 (झरखेड़ा-बैरसिया-से-विदिशा रोड 0+000 से 87+900 कि.मी. )",https://bhoomirashi.gov.in/auth/revamp/prep_public.cshtml?nid=1&project_id=58641,228.696,71.516,157.18,0.0,0.3127120719208032
58660,2019-06-21,S.O.2018E,SO2018E,2020-12-18,4605(E),4605E,546,1,deduped_nearest_subsequent_3D,False,True,MO/2018/58660,Construction of 4-Lane Bypass to Vizianagaram town of NH-43 (New NH No.26) from Km.537/600 to 552/000 (Raipur â€“Visakhapatnam Section) to 4 Lane on EPC mode under NH (O) 2016-17 in the state of Andhra Pradesh कंस्ट्रक्शन ऑफ़ 4-लेन बाईपास टु विजयनगरम टाउन ऑफ़ रारा-43 (नया रारा संख्या 26) फ्रॉम किमी.537/600 टु किमी.552/000 (रायपुर–विशाखापट्नम सेक्शन) टु 4 लेन ऑन इपीसी मोड अंडर रारा (ओ) 2016-17 इन द स्टेट ऑफ़ आंध्र प्रदेश,https://bhoomirashi.gov.in/auth/revamp/prep_public.cshtml?nid=1&project_id=58660,145.522,102.19,43.332,0.0,0.7022305905636261
58660,2020-03-04,S.O.971E,SO971E,2021-01-13,130(E),130E,315,0,deduped_nearest_subsequent_3D,False,True,MO/2018/58660,Construction of 4-Lane Bypass to Vizianagaram town of NH-43 (New NH No.26) from Km.537/600 to 552/000 (Raipur â€“Visakhapatnam Section) to 4 Lane on EPC mode under NH (O) 2016-17 in the state of Andhra Pradesh कंस्ट्रक्शन ऑफ़ 4-लेन बाईपास टु विजयनगरम टाउन ऑफ़ रारा-43 (नया रारा संख्या 26) फ्रॉम किमी.537/600 टु किमी.552/000 (रायपुर–विशाखापट्नम सेक्शन) टु 4 लेन ऑन इपीसी मोड अंडर रारा (ओ) 2016-17 इन द स्टेट ऑफ़ आंध्र प्रदेश,https://bhoomirashi.gov.in/auth/revamp/prep_public.cshtml?nid=1&project_id=58660,145.522,102.19,43.332,0.0,0.7022305905636261
58666,2019-01-28,515,515,2019-04-29,1669 (E),1669E,91,0,deduped_nearest_subsequent_3D,False,True,MO/2018/58666,Rehabilitation and Upgrading to 2 lanes/2 lane with paved shoulders configuration and strengthening of Anisabad-Aurangabad-Hariharganj Section (Km.0.0- Km. 149.00) of NH-98 in the State of Bihar (Package No. SP/C/2) बिहार राज्य में राष्ट्रीय राजमार्ग संख्या - 98 के किमी 0.00 से किमी 149.00 (अनीसाबाद - औरंगाबाद - हरिहरगंज खंड ) पर भूमि का अधिग्रहण|,https://bhoomirashi.gov.in/auth/revamp/prep_public.cshtml?nid=1&project_id=58666,0.63515,0.0,0.63515,0.16055,0.0
58688,2019-10-30,3932 E,3932E,2020-01-09,147 E,147E,71,0,deduped_nearest_subsequent_3D,False,True,MO/2018/58688,Upgradation of chikhali Takarkhed Bhagile of NH -753A in the state of maharastra fromDesiion Ch; 68.900 km to km 108.500 on EPC mode in the state of Maharashtra महाराष्ट्र,https://bhoomirashi.gov.in/auth/revamp/prep_public.cshtml?nid=1&project_id=58688,99.13,93.46,5.67,0.13,0.9428023807121961
58688,2024-03-15,1401(E),1401E,2024-07-18,S.O. 2802E).,SO2802E,125,0,deduped_nearest_subsequent_3D,False,True,MO/2018/58688,Upgradation of chikhali Takarkhed Bhagile of NH -753A in the state of maharastra fromDesiion Ch; 68.900 km to km 108.500 on EPC mode in the state of Maharashtra महाराष्ट्र,https://bhoomirashi.gov.in/auth/revamp/prep_public.cshtml?nid=1&project_id=58688,99.13,93.46,5.67,0.13,0.9428023807121961
58689,2019-10-30,3936 E,3936E,2020-01-09,150 E,150E,71,0,deduped_nearest_subsequent_3D,False,True,MO/2018/58689,"Estimate of Upgradataion to four lane with paved shoulder of Takarkhed Bagile to Jalana Section of NH-753A, Existing Km. 110/375 to Km. 155/110 (Excluding Deulgaon Raja town from Km. 122/600 to Km. 127/00 length i.e 4.4 km of Malkapur Jalna Road on EPC mode in the state of Maharashtra महाराष्ट्र",https://bhoomirashi.gov.in/auth/revamp/prep_public.cshtml?nid=1&project_id=58689,100.65,94.87,5.78,0.0,0.9425732737208147
58691,2020-02-07,631 (E),631E,2020-10-29,3931 E,3931E,265,0,deduped_nearest_subsequent_3D,False,True,MO/2018/58691,Rehabilitation and upgradation of Malegaon to Risod of Malegaon Jahangir-Shirpur-Risod-Sengaon-Hingoti road of NH-461B from design chainage km. 0/00 to km. 44/22 to two lane with paved shoulder configuration in the state of Maharashtra on EPC mode मोड,https://bhoomirashi.gov.in/auth/revamp/prep_public.cshtml?nid=1&project_id=58691,106.128,101.03,5.098,0.0,0.9519636665159054
58692,2020-01-27,425 E,425E,2020-08-10,2691 E,2691E,196,0,deduped_nearest_subsequent_3D,False,True,MO/2018/58692,Rehabilitation and upgradation to Two lane with paved shoulder of Risod to Hingoti Section Existing chainage Km. 44.225 to Km. 97.785 (Design chainage km. 44.220 to Km. 97.450) of Malegaon to Hingoli Road NH-461B in the state of Maharashtra on EPC mode. mode.,https://bhoomirashi.gov.in/auth/revamp/prep_public.cshtml?nid=1&project_id=58692,127.75,124.35,3.4,0.0,0.973385518590998
58693,2020-10-08,3788 E,3788E,2021-04-07,1475 E,1475E,181,0,deduped_nearest_subsequent_3D,False,True,MO/2018/58693,Rehabilitation and upgradation of of 2 lane road with paved shoulder of Mangrulpir to Mahan (NH-161A) from 97/074 to 64/574) (design Km. 75/000 to Km. 107/500) (Total length= 32.5Km) in the state of Maharashtra on EPC basis बेसिस,https://bhoomirashi.gov.in/auth/revamp/prep_public.cshtml?nid=1&project_id=58693,110.578,100.592,9.986,0.0,0.9096927056014759
58693,2020-10-23,3787 E,3787E,2021-04-09,1538 E,1538E,168,0,deduped_nearest_subsequent_3D,False,True,MO/2018/58693,Rehabilitation and upgradation of of 2 lane road with paved shoulder of Mangrulpir to Mahan (NH-161A) from 97/074 to 64/574) (design Km. 75/000 to Km. 107/500) (Total length= 32.5Km) in the state of Maharashtra on EPC basis बेसिस,https://bhoomirashi.gov.in/auth/revamp/prep_public.cshtml?nid=1&project_id=58693,110.578,100.592,9.986,0.0,0.9096927056014759
58706,2019-12-17,4486 E,4486E,2020-09-01,2971 E,2971E,259,0,deduped_nearest_subsequent_3D,False,True,MO/2018/58706,Rehabilitation and upgradation of Mhaswad-Tembhurni section from Km. 85.686 to Km. 156.164 excluding Km. 126.200 (Start of Akluj Bypass to Km. 139.00 (lawang junction of NH-548C) to two lane with paved shoulder on EPC mode in the State of Maharashtra . महाराष्ट्र .,https://bhoomirashi.gov.in/auth/revamp/prep_public.cshtml?nid=1&project_id=58706,147.659,129.659,18.0,0.0,0.8780975084485199
58706,2019-12-17,4487 E,4487E,2020-09-18,3196 E,3196E,276,0,deduped_nearest_subsequent_3D,False,True,MO/2018/58706,Rehabilitation and upgradation of Mhaswad-Tembhurni section from Km. 85.686 to Km. 156.164 excluding Km. 126.200 (Start of Akluj Bypass to Km. 139.00 (lawang junction of NH-548C) to two lane with paved shoulder on EPC mode in the State of Maharashtra . महाराष्ट्र .,https://bhoomirashi.gov.in/auth/revamp/prep_public.cshtml?nid=1&project_id=58706,147.659,129.659,18.0,0.0,0.8780975084485199
58706,2022-04-06,S.O. 1664(E),SO1664E,2023-03-31,S.O. 1543(E).,SO1543E,359,0,deduped_nearest_subsequent_3D,False,True,MO/2018/58706,Rehabilitation and upgradation of Mhaswad-Tembhurni section from Km. 85.686 to Km. 156.164 excluding Km. 126.200 (Start of Akluj Bypass to Km. 139.00 (lawang junction of NH-548C) to two lane with paved shoulder on EPC mode in the State of Maharashtra . महाराष्ट्र .,https://bhoomirashi.gov.in/auth/revamp/prep_public.cshtml?nid=1&project_id=58706,147.659,129.659,18.0,0.0,0.8780975084485199
58706,2022-08-04,S. O. 3691(E),SO3691E,2023-07-28,S.O. 3393(E).,SO3393E,358,0,deduped_nearest_subsequent_3D,False,True,MO/2018/58706,Rehabilitation and upgradation of Mhaswad-Tembhurni section from Km. 85.686 to Km. 156.164 excluding Km. 126.200 (Start of Akluj Bypass to Km. 139.00 (lawang junction of NH-548C) to two lane with paved shoulder on EPC mode in the State of Maharashtra . महाराष्ट्र .,https://bhoomirashi.gov.in/auth/revamp/prep_public.cshtml?nid=1&project_id=58706,147.659,129.659,18.0,0.0,0.8780975084485199
58706,2025-06-30,S.O. 2939(E).,SO2939E,2026-06-18,S.O. 3214(E),SO3214E,353,0,deduped_nearest_subsequent_3D,False,True,MO/2018/58706,Rehabilitation and upgradation of Mhaswad-Tembhurni section from Km. 85.686 to Km. 156.164 excluding Km. 126.200 (Start of Akluj Bypass to Km. 139.00 (lawang junction of NH-548C) to two lane with paved shoulder on EPC mode in the State of Maharashtra . महाराष्ट्र .,https://bhoomirashi.gov.in/auth/revamp/prep_public.cshtml?nid=1&project_id=58706,147.659,129.659,18.0,0.0,0.8780975084485199
58707,2019-12-17,4509 E,4509E,2020-09-17,3173 E,3173E,275,0,deduped_nearest_subsequent_3D,False,True,MO/2018/58707,Upgradation of Satara-Mhaswad section from existing Km. 1.900 (on NH-48) to KM. 89.20 (Mhaswad) Design Km. 0.00 to Km. 85.686 of NH- 548C to two lane with paved shoulder on EPC mode in the State of Maharashtra महाराष्ट्र,https://bhoomirashi.gov.in/auth/revamp/prep_public.cshtml?nid=1&project_id=58707,241.114,226.336,14.778,0.0,0.9387094901167083
58707,2019-12-17,4511 E,4511E,2020-11-13,4101 E,4101E,332,0,deduped_nearest_subsequent_3D,False,True,MO/2018/58707,Upgradation of Satara-Mhaswad section from existing Km. 1.900 (on NH-48) to KM. 89.20 (Mhaswad) Design Km. 0.00 to Km. 85.686 of NH- 548C to two lane with paved shoulder on EPC mode in the State of Maharashtra महाराष्ट्र,https://bhoomirashi.gov.in/auth/revamp/prep_public.cshtml?nid=1&project_id=58707,241.114,226.336,14.778,0.0,0.9387094901167083
58707,2019-12-17,4523 E,4523E,2020-12-04,4406 E,4406E,353,0,deduped_nearest_subsequent_3D,False,True,MO/2018/58707,Upgradation of Satara-Mhaswad section from existing Km. 1.900 (on NH-48) to KM. 89.20 (Mhaswad) Design Km. 0.00 to Km. 85.686 of NH- 548C to two lane with paved shoulder on EPC mode in the State of Maharashtra महाराष्ट्र,https://bhoomirashi.gov.in/auth/revamp/prep_public.cshtml?nid=1&project_id=58707,241.114,226.336,14.778,0.0,0.9387094901167083
58707,2020-09-18,3199 E,3199E,2020-12-15,4541 E,4541E,88,0,deduped_nearest_subsequent_3D,False,True,MO/2018/58707,Upgradation of Satara-Mhaswad section from existing Km. 1.900 (on NH-48) to KM. 89.20 (Mhaswad) Design Km. 0.00 to Km. 85.686 of NH- 548C to two lane with paved shoulder on EPC mode in the State of Maharashtra महाराष्ट्र,https://bhoomirashi.gov.in/auth/revamp/prep_public.cshtml?nid=1&project_id=58707,241.114,226.336,14.778,0.0,0.9387094901167083
58707,2021-02-22,804 E,804E,2022-03-11,1100 E,1100E,382,1,deduped_nearest_subsequent_3D,False,True,MO/2018/58707,Upgradation of Satara-Mhaswad section from existing Km. 1.900 (on NH-48) to KM. 89.20 (Mhaswad) Design Km. 0.00 to Km. 85.686 of NH- 548C to two lane with paved shoulder on EPC mode in the State of Maharashtra महाराष्ट्र,https://bhoomirashi.gov.in/auth/revamp/prep_public.cshtml?nid=1&project_id=58707,241.114,226.336,14.778,0.0,0.9387094901167083
58707,2021-06-09,2225 E,2225E,2023-07-28,S.O. 3390(E).,SO3390E,779,1,deduped_nearest_subsequent_3D,False,True,MO/2018/58707,Upgradation of Satara-Mhaswad section from existing Km. 1.900 (on NH-48) to KM. 89.20 (Mhaswad) Design Km. 0.00 to Km. 85.686 of NH- 548C to two lane with paved shoulder on EPC mode in the State of Maharashtra महाराष्ट्र,https://bhoomirashi.gov.in/auth/revamp/prep_public.cshtml?nid=1&project_id=58707,241.114,226.336,14.778,0.0,0.9387094901167083
58707,2025-06-30,S.O. 2935(E).,SO2935E,2026-06-19,S.O. 3296(E),SO3296E,354,0,deduped_nearest_subsequent_3D,False,True,MO/2018/58707,Upgradation of Satara-Mhaswad section from existing Km. 1.900 (on NH-48) to KM. 89.20 (Mhaswad) Design Km. 0.00 to Km. 85.686 of NH- 548C to two lane with paved shoulder on EPC mode in the State of Maharashtra महाराष्ट्र,https://bhoomirashi.gov.in/auth/revamp/prep_public.cshtml?nid=1&project_id=58707,241.114,226.336,14.778,0.0,0.9387094901167083
58710,2019-06-19,1990,1990,2020-01-30,489,489,225,0,deduped_nearest_subsequent_3D,False,True,MO/2019/58710,Construction of Major Bridge at KM 735 . 800 across Phalguni river near Gurupura National Highway NH- 169 from Km . 735 . 125 to Km . 736 . 30 Sholapur - Mangalore section in the state of Karnataka (Job No.NH-169-KNT-2018-19-894) कंस्ट्रक्शन ओएफ माजोर ब्रिज एटी केऍम्‌ 735 . 800 एक्रोस फाल्गुनी रिवर नेअर गुरुपुरा नेशनल हाइवे ऍन्‌हॆच्‌- 169 फ्रॉम केऍम्‌ . 735 . 125 टीओ केऍम्‌ . 736 . 30 शोलापुर - मंगलोर सेक्शन आईएन थे स्टेट ओएफ कर्नाटक (जॉब नो.ऍन्‌हॆच्‌-169-केऍन्‌टी-2018-19-894),https://bhoomirashi.gov.in/auth/revamp/prep_public.cshtml?nid=1&project_id=58710,6.0,1.8,4.2,0.0,0.3
58714,2020-02-20,813,813,2020-08-28,S.O. 2491(E),SO2491E,190,0,deduped_nearest_subsequent_3D,False,True,MO/2019/58714,Construction of ROBs and their approaches on NH - 22 ( old NH - 99 ) in Chandwa at L . C No . 12 A / T in the State of Jharkhand . कंस्ट्रक्शन ऑफ़ रोब्स एंड थेइर अप्प्रोचेस ों नह - २२ ( ओल्ड नह - ९९ ) इन चंदवा ात ल . स नो . १२ ा / टी इन थे स्टेट ऑफ़ झारखण्ड .,https://bhoomirashi.gov.in/auth/revamp/prep_public.cshtml?nid=1&project_id=58714,2.5,0.0,2.5,0.0,0.0
58715,2022-11-30,5560(E),5560E,2023-09-20,4143(E),4143E,294,0,deduped_nearest_subsequent_3D,False,True,MO/2019/58715,Rehabilitation and Upgradation of NH - 111 ( NEW NH - 130 ) from km 82 . 500 to km 163 . 400 ( katghora to shivnagar ) with two lane with paved shoulder in tha state of chhattisgarh under NHDP - IV EPC basis रिहैबिलिटेशन एंड उपग्रडेशन ऑफ़ नह - १११ ( नई नह - १३० ) फ्रॉम कम ८२ . ५०० तो कम १६३ . ४०० ( कटघोरा तो शिवनगर ) विथ तवो लेन विथ paved shoulder इन था स्टेट ऑफ़ छत्तीसगढ़ अंडर नहड़प - िव एप्स बेसिस,https://bhoomirashi.gov.in/auth/revamp/prep_public.cshtml?nid=1&project_id=58715,233.99,200.0,33.99,0.0,0.8547373819393991
58716,2018-03-06,996,996,2019-02-27,1055 (E),1055E,358,0,deduped_nearest_subsequent_3D,False,True,MO/2019/58716,Strengthening and widening of existing 2 lane road to two paved shoulder from km 7 . 750 to km 26.542 and from Km. 32.093 to Km. 45.786 of NH 130 A on EPC mode in the state of chhattisgarh स्ट्रेंग्थेनिंग एंड विडेनिंग ऑफ़ एक्सिस्टिंग २ लेन रोड तो तवो पवेद शोल्डर फ्रॉम कम ७ . ७५० तो कम ३२ . ०९३ तो ४५ . ७८६ नह १३० ा ों एप्स मोड इन थे स्टेट ऑफ़ छत्तीसगढ़,https://bhoomirashi.gov.in/auth/revamp/prep_public.cshtml?nid=1&project_id=58716,89.456,71.956,17.5,0.0,0.8043730996243964
58716,2020-08-18,S.O.2807(E),SO2807E,2020-10-23,S.O.3800(E),SO3800E,66,0,deduped_nearest_subsequent_3D,False,True,MO/2019/58716,Strengthening and widening of existing 2 lane road to two paved shoulder from km 7 . 750 to km 26.542 and from Km. 32.093 to Km. 45.786 of NH 130 A on EPC mode in the state of chhattisgarh स्ट्रेंग्थेनिंग एंड विडेनिंग ऑफ़ एक्सिस्टिंग २ लेन रोड तो तवो पवेद शोल्डर फ्रॉम कम ७ . ७५० तो कम ३२ . ०९३ तो ४५ . ७८६ नह १३० ा ों एप्स मोड इन थे स्टेट ऑफ़ छत्तीसगढ़,https://bhoomirashi.gov.in/auth/revamp/prep_public.cshtml?nid=1&project_id=58716,89.456,71.956,17.5,0.0,0.8043730996243964
58716,2020-10-23,S.O.3790(E),SO3790E,2021-04-09,S.O.1536(E),SO1536E,168,0,deduped_nearest_subsequent_3D,False,True,MO/2019/58716,Strengthening and widening of existing 2 lane road to two paved shoulder from km 7 . 750 to km 26.542 and from Km. 32.093 to Km. 45.786 of NH 130 A on EPC mode in the state of chhattisgarh स्ट्रेंग्थेनिंग एंड विडेनिंग ऑफ़ एक्सिस्टिंग २ लेन रोड तो तवो पवेद शोल्डर फ्रॉम कम ७ . ७५० तो कम ३२ . ०९३ तो ४५ . ७८६ नह १३० ा ों एप्स मोड इन थे स्टेट ऑफ़ छत्तीसगढ़,https://bhoomirashi.gov.in/auth/revamp/prep_public.cshtml?nid=1&project_id=58716,89.456,71.956,17.5,0.0,0.8043730996243964
58716,2021-05-21,S.O.1940(E),SO1940E,2021-10-22,S.O.4411(E),SO4411E,154,0,deduped_nearest_subsequent_3D,False,True,MO/2019/58716,Strengthening and widening of existing 2 lane road to two paved shoulder from km 7 . 750 to km 26.542 and from Km. 32.093 to Km. 45.786 of NH 130 A on EPC mode in the state of chhattisgarh स्ट्रेंग्थेनिंग एंड विडेनिंग ऑफ़ एक्सिस्टिंग २ लेन रोड तो तवो पवेद शोल्डर फ्रॉम कम ७ . ७५० तो कम ३२ . ०९३ तो ४५ . ७८६ नह १३० ा ों एप्स मोड इन थे स्टेट ऑफ़ छत्तीसगढ़,https://bhoomirashi.gov.in/auth/revamp/prep_public.cshtml?nid=1&project_id=58716,89.456,71.956,17.5,0.0,0.8043730996243964
58716,2021-05-21,S.O.1941(E),SO1941E,2021-12-02,S.O.4932(E),SO4932E,195,0,deduped_nearest_subsequent_3D,False,True,MO/2019/58716,Strengthening and widening of existing 2 lane road to two paved shoulder from km 7 . 750 to km 26.542 and from Km. 32.093 to Km. 45.786 of NH 130 A on EPC mode in the state of chhattisgarh स्ट्रेंग्थेनिंग एंड विडेनिंग ऑफ़ एक्सिस्टिंग २ लेन रोड तो तवो पवेद शोल्डर फ्रॉम कम ७ . ७५० तो कम ३२ . ०९३ तो ४५ . ७८६ नह १३० ा ों एप्स मोड इन थे स्टेट ऑफ़ छत्तीसगढ़,https://bhoomirashi.gov.in/auth/revamp/prep_public.cshtml?nid=1&project_id=58716,89.456,71.956,17.5,0.0,0.8043730996243964
58716,2021-10-22,S.O.4421(E),SO4421E,2022-04-11,1740(E),1740E,171,0,deduped_nearest_subsequent_3D,False,True,MO/2019/58716,Strengthening and widening of existing 2 lane road to two paved shoulder from km 7 . 750 to km 26.542 and from Km. 32.093 to Km. 45.786 of NH 130 A on EPC mode in the state of chhattisgarh स्ट्रेंग्थेनिंग एंड विडेनिंग ऑफ़ एक्सिस्टिंग २ लेन रोड तो तवो पवेद शोल्डर फ्रॉम कम ७ . ७५० तो कम ३२ . ०९३ तो ४५ . ७८६ नह १३० ा ों एप्स मोड इन थे स्टेट ऑफ़ छत्तीसगढ़,https://bhoomirashi.gov.in/auth/revamp/prep_public.cshtml?nid=1&project_id=58716,89.456,71.956,17.5,0.0,0.8043730996243964
58716,2022-09-14,4319(E),4319E,2023-03-10,1129(E),1129E,177,0,deduped_nearest_subsequent_3D,False,True,MO/2019/58716,Strengthening and widening of existing 2 lane road to two paved shoulder from km 7 . 750 to km 26.542 and from Km. 32.093 to Km. 45.786 of NH 130 A on EPC mode in the state of chhattisgarh स्ट्रेंग्थेनिंग एंड विडेनिंग ऑफ़ एक्सिस्टिंग २ लेन रोड तो तवो पवेद शोल्डर फ्रॉम कम ७ . ७५० तो कम ३२ . ०९३ तो ४५ . ७८६ नह १३० ा ों एप्स मोड इन थे स्टेट ऑफ़ छत्तीसगढ़,https://bhoomirashi.gov.in/auth/revamp/prep_public.cshtml?nid=1&project_id=58716,89.456,71.956,17.5,0.0,0.8043730996243964
58719,2020-04-24,S.O.1340E,SO1340E,2021-07-19,2865(E),2865E,451,1,deduped_nearest_subsequent_3D,False,True,MO/2019/58719,Rehabilitation and upgradation of NH-565 from Km 133.922 to Km. 154.900 into two lanes with paved shoulders in Prakasam District under NHDP-IV रिहैबिलिटेशन एंड अपग्रेडेशन ऑफ़ रारा - 565 फ्रॉम किमी 133.922 टु किमी. 154.900 इंटु टू लेन्स विद पेव्ड शोल्डर्स इन प्रकाशम् डिस्ट्रिक्ट अंडर एन एच डी पी - IV,https://bhoomirashi.gov.in/auth/revamp/prep_public.cshtml?nid=1&project_id=58719,58.72,0.0,58.72,0.0,0.0
58720,2020-02-19,774,774,2020-09-03,2993,2993,197,0,deduped_nearest_subsequent_3D,False,True,MO/2019/58720,Construction of ROB and its approaches in lieu of the existing level crossing at km 24 of NH 327A in the State of Bihar. बिहार राज्य के राष्ट्रीय राजमार्ग संख्या - 327A के कि0मी0 24 में स्थित समतल पारक के स्थान पर ROB एवं पहुंच पथ का निर्माण कार्य |,https://bhoomirashi.gov.in/auth/revamp/prep_public.cshtml?nid=1&project_id=58720,1.9379,0.025,1.9129,0.3345,0.012900562464523454
58723,2019-09-06,3241,3241,2020-07-16,2372,2372,314,0,deduped_nearest_subsequent_3D,False,True,MO/2019/58723,"Reconstruction of Minor Bridges at Km . 650 . 204 Km . 654 . 830 , Km . 655 . 93 , Km . 660 . 030 and Construction of Major Bridge at Km . 648 . 17 on NH - 169 ( Old NH - 13 ) Sholapura - Mangalore Section in the District of Chickamagaluru in the State of Karnataka (Job No.NH-169-Knt-2017-18-877) रीकंस्ट्रक्शन ओएफ माइनर ब्रिज एटी केऍम्‌ . 650 . 204 केऍम्‌ . 654 . 830 , केऍम्‌ . 655 . 93 , केऍम्‌ . 660 . 030 एंड कंस्ट्रक्शन ओएफ माजोर ब्रिज एटी केऍम्‌ . 648 . 17 ओन ऍन्‌हॆच्‌ - 169 ( ओल्ड ऍन्‌हॆच्‌ - 13 ) शोलापुरा - मंगलोर सेक्शन आईएन थे डिस्ट्रिक्ट ओएफ चिकमंगलुरू आईएन थे स्टेट ओएफ कर्नाटक (जॉब नो.ऍन्‌हॆच्‌-169-केऍन्‌टी-2017-18-877)",https://bhoomirashi.gov.in/auth/revamp/prep_public.cshtml?nid=1&project_id=58723,0.497,0.0,0.497,0.0,0.0
58732,2017-04-12,1031,1031,2018-01-31,454 ( E ),454E,294,0,deduped_nearest_subsequent_3D,False,True,MO/2019/58732,Widening to two / four lane with paved shoulders from existing km 182 / 120 to km 227 / 600 of NH - 167 on Haggari - Jadcherla road in the state of Telangana on EPC mode under NH ( 0 ) Annual plan 2016 - 17 विडेनिंग तो तवो / फोर लेन विथ पवेद शोल्डर्स फ्रॉम एक्सिस्टिंग कम १८२ / १२० तो कम २२७ / ६०० ऑफ़ नह - १६७ ों हग्गारी - जड्चर्ला रोड इन थे स्टेट ऑफ़ तेलंगाना ों एप्स मोड अंडर नह ( ० ) एनुअल प्लान २०१६ - १७,https://bhoomirashi.gov.in/auth/revamp/prep_public.cshtml?nid=1&project_id=58732,137.747,120.19724,17.54976,0.0,0.8725942488765634
58735,2020-11-06,4019,4019,2021-10-05,4083(E),4083E,333,0,deduped_nearest_subsequent_3D,False,True,MO/2019/58735,"Construction of minor bridge parallel to existing bridge at Km. 112.300 of NH -63 Ankola Gooty section in Dastikoppa village, Kalaghatagi taluka, Dharwad district in the state of Karnataka कंस्ट्रक्शन ओफ माइनर ब्रिज पैरेल टो एक्जिस्टिंग ब्रिज एटी केएम. 112.300 ओफ ऍन्‌हॆच्‌ -63 अंकोला गूटी सेक्शन इन दस्तिकोप्पा विलेज, कलाघातगी तालुका, धारवाड़ डिस्ट्रिक्ट इन ठे स्टेट ओफ कर्णाटक",https://bhoomirashi.gov.in/auth/revamp/prep_public.cshtml?nid=1&project_id=58735,8.6395,6.2582,2.3813,0.0,0.7243706232999595
58735,2021-10-07,4129,4129,2022-08-22,3926,3926,319,0,deduped_nearest_subsequent_3D,False,True,MO/2019/58735,"Construction of minor bridge parallel to existing bridge at Km. 112.300 of NH -63 Ankola Gooty section in Dastikoppa village, Kalaghatagi taluka, Dharwad district in the state of Karnataka कंस्ट्रक्शन ओफ माइनर ब्रिज पैरेल टो एक्जिस्टिंग ब्रिज एटी केएम. 112.300 ओफ ऍन्‌हॆच्‌ -63 अंकोला गूटी सेक्शन इन दस्तिकोप्पा विलेज, कलाघातगी तालुका, धारवाड़ डिस्ट्रिक्ट इन ठे स्टेट ओफ कर्णाटक",https://bhoomirashi.gov.in/auth/revamp/prep_public.cshtml?nid=1&project_id=58735,8.6395,6.2582,2.3813,0.0,0.7243706232999595
58736,2019-01-30,403,403,2019-06-24,1849,1849,145,0,deduped_nearest_subsequent_3D,False,True,MO/2019/58736,Rehabilitation and upgradation of Hyderabad outer Ring road to Medak section of NH - 765D from existing Km 15.970 (Design Km.0/0 ) to existing km 78/700 ( Design Km 62.92 ) to two lane with paved shoulder / four lane in the state of Telangana on EPC mode under NH (O) रिहैबिलिटेशन एंड उपग्रडेशन ऑफ़ हैदराबाद आउटर रिंग रोड तो मेडक सेक्शन ऑफ़ नह - ७६५द फ्रॉम एक्सिस्टिंग कम 15.९७० (डिज़ाइन Km.0/० ) तो एक्सिस्टिंग कम 78/७०० ( डिज़ाइन कम 62.९२ ) तो तवो लेन विथ पवेद शोल्डर / फोर लेन इन थे स्टेट ऑफ़ तेलंगाना ों एप्स मोड अंडर नह (O),https://bhoomirashi.gov.in/auth/revamp/prep_public.cshtml?nid=1&project_id=58736,13.43,1.02,12.41,0.0,0.0759493670886076
58736,2019-02-12,699,699,2019-06-24,1850,1850,132,0,deduped_nearest_subsequent_3D,False,True,MO/2019/58736,Rehabilitation and upgradation of Hyderabad outer Ring road to Medak section of NH - 765D from existing Km 15.970 (Design Km.0/0 ) to existing km 78/700 ( Design Km 62.92 ) to two lane with paved shoulder / four lane in the state of Telangana on EPC mode under NH (O) रिहैबिलिटेशन एंड उपग्रडेशन ऑफ़ हैदराबाद आउटर रिंग रोड तो मेडक सेक्शन ऑफ़ नह - ७६५द फ्रॉम एक्सिस्टिंग कम 15.९७० (डिज़ाइन Km.0/० ) तो एक्सिस्टिंग कम 78/७०० ( डिज़ाइन कम 62.९२ ) तो तवो लेन विथ पवेद शोल्डर / फोर लेन इन थे स्टेट ऑफ़ तेलंगाना ों एप्स मोड अंडर नह (O),https://bhoomirashi.gov.in/auth/revamp/prep_public.cshtml?nid=1&project_id=58736,13.43,1.02,12.41,0.0,0.0759493670886076
58736,2019-02-12,700,700,2019-08-06,2571,2571,175,0,deduped_nearest_subsequent_3D,False,True,MO/2019/58736,Rehabilitation and upgradation of Hyderabad outer Ring road to Medak section of NH - 765D from existing Km 15.970 (Design Km.0/0 ) to existing km 78/700 ( Design Km 62.92 ) to two lane with paved shoulder / four lane in the state of Telangana on EPC mode under NH (O) रिहैबिलिटेशन एंड उपग्रडेशन ऑफ़ हैदराबाद आउटर रिंग रोड तो मेडक सेक्शन ऑफ़ नह - ७६५द फ्रॉम एक्सिस्टिंग कम 15.९७० (डिज़ाइन Km.0/० ) तो एक्सिस्टिंग कम 78/७०० ( डिज़ाइन कम 62.९२ ) तो तवो लेन विथ पवेद शोल्डर / फोर लेन इन थे स्टेट ऑफ़ तेलंगाना ों एप्स मोड अंडर नह (O),https://bhoomirashi.gov.in/auth/revamp/prep_public.cshtml?nid=1&project_id=58736,13.43,1.02,12.41,0.0,0.0759493670886076
58736,2019-02-12,701,701,2019-10-17,3735,3735,247,0,deduped_nearest_subsequent_3D,False,True,MO/2019/58736,Rehabilitation and upgradation of Hyderabad outer Ring road to Medak section of NH - 765D from existing Km 15.970 (Design Km.0/0 ) to existing km 78/700 ( Design Km 62.92 ) to two lane with paved shoulder / four lane in the state of Telangana on EPC mode under NH (O) रिहैबिलिटेशन एंड उपग्रडेशन ऑफ़ हैदराबाद आउटर रिंग रोड तो मेडक सेक्शन ऑफ़ नह - ७६५द फ्रॉम एक्सिस्टिंग कम 15.९७० (डिज़ाइन Km.0/० ) तो एक्सिस्टिंग कम 78/७०० ( डिज़ाइन कम 62.९२ ) तो तवो लेन विथ पवेद शोल्डर / फोर लेन इन थे स्टेट ऑफ़ तेलंगाना ों एप्स मोड अंडर नह (O),https://bhoomirashi.gov.in/auth/revamp/prep_public.cshtml?nid=1&project_id=58736,13.43,1.02,12.41,0.0,0.0759493670886076
58746,2018-03-06,37014/2/2016/NHDP (ZONE-4),3701422016NHDPZONE4,2019-02-12,812E,812E,343,0,deduped_nearest_subsequent_3D,False,True,MO/2019/58746,"maintenance, management and operation of National Highways No.4A (New NH 748), on the stretch of land from From Design Chainage Km 113.800 to Km 114.200 (Existing Km 114/000 to Km 114/400), Design Chainage Km 125.000 to Km. 127.000(Existing Chainage. Km 126/200 to Km 128/000) (Bandora to Farmagudi Section) and Left Out Pockets in Candepar Re-Alignment of NH-4A (New NH - 748) in the state of Goa on EPC mode under NHDP-IV NHDP-िव",https://bhoomirashi.gov.in/auth/revamp/prep_public.cshtml?nid=1&project_id=58746,11.5,1.25,10.25,0.0,0.10869565217391304
58746,2021-08-25,3490(E),3490E,2022-01-11,139 E,139E,139,0,deduped_nearest_subsequent_3D,False,True,MO/2019/58746,"maintenance, management and operation of National Highways No.4A (New NH 748), on the stretch of land from From Design Chainage Km 113.800 to Km 114.200 (Existing Km 114/000 to Km 114/400), Design Chainage Km 125.000 to Km. 127.000(Existing Chainage. Km 126/200 to Km 128/000) (Bandora to Farmagudi Section) and Left Out Pockets in Candepar Re-Alignment of NH-4A (New NH - 748) in the state of Goa on EPC mode under NHDP-IV NHDP-िव",https://bhoomirashi.gov.in/auth/revamp/prep_public.cshtml?nid=1&project_id=58746,11.5,1.25,10.25,0.0,0.10869565217391304
58747,2017-04-12,1161(E),1161E,2018-01-31,457(E),457E,294,0,deduped_nearest_subsequent_3D,False,True,MO/2019/58747,Widening and Strengthening of NH - 167 from km 227 / 6 to km 283 / 0 in Haggari - Raichur - Jadcherla section in the state of Andhra Pradesh on EPC mode under corridor approach विडेनिंग एंड स्ट्रेंग्थेनिंग ऑफ़ नह - १६७ फ्रॉम कम २२७ / ६ तो कम २८३ / ० इन हग्गारी - रायचूर - जड्चर्ला सेक्शन इन थे स्टेट ऑफ़ आंध्र प्रदेश ों एप्स मोड अंडर कॉरिडोर एप्रोच,https://bhoomirashi.gov.in/auth/revamp/prep_public.cshtml?nid=1&project_id=58747,137.747,131.19724,6.54976,0.0,0.9524507974765329
58748,2021-11-22,4816(E),4816E,2022-07-20,3277(E),3277E,240,0,deduped_nearest_subsequent_3D,False,True,MO/2019/58748,Acquisition of land for construction of bypass for Jharsuguda town including ROB on NH-49 एक्वीजीशन ऑफ़ लैंड फॉर कंस्ट्रक्शन ऑफ़ बाईपास फॉर झारसुगुड़ा टाउन इन्क्लूडिंग रॉब ों NH-४९,https://bhoomirashi.gov.in/auth/revamp/prep_public.cshtml?nid=1&project_id=58748,170.0,0.0,170.0,0.0,0.0
58752,2019-07-18,2584,2584,2019-10-29,3926,3926,103,0,deduped_nearest_subsequent_3D,False,True,MO/2019/58752,Detailed Project Report (DPR)/ Feasibility study for 4 Package (2 New declared NH & 2 In Principle NH) in the state of Madhya Pradesh during 2016-17 (Sanctioned issued under Ministrys letter no. RW/NH-12037/06/2016/MP/P-5 dated 30.03.2017 ) - regarding revised technical approval. (Package-3) डिटेल्ड प्रोजेक्ट रिपोर्ट डीपीआर/फिजिबिलिटी फिजिबिलिटी स्टडी फॉर 4 पैकेज ( न्यू डिक्लेयरड एन .एच. ) इन द स्टेट ऑफ मध्यप्रदेश ड्यूरिंग 2016-17 (सेंक्शन इसूड अंडर मिनिस्ट्री लेटर नं. RW/NH- 12037/06/2016/Misc/MP/P-5 dated 30.03.2017)- रिगार्डिंग रिवाइज्ड टेक्निकल एप्रूवल. (पैकेज-3 ),https://bhoomirashi.gov.in/auth/revamp/prep_public.cshtml?nid=1&project_id=58752,1239.96,506.407,733.553,0.0,0.40840591631988127
58752,2019-12-02,4337,4337,2020-01-24,369(E),369E,53,0,deduped_nearest_subsequent_3D,False,True,MO/2019/58752,Detailed Project Report (DPR)/ Feasibility study for 4 Package (2 New declared NH & 2 In Principle NH) in the state of Madhya Pradesh during 2016-17 (Sanctioned issued under Ministrys letter no. RW/NH-12037/06/2016/MP/P-5 dated 30.03.2017 ) - regarding revised technical approval. (Package-3) डिटेल्ड प्रोजेक्ट रिपोर्ट डीपीआर/फिजिबिलिटी फिजिबिलिटी स्टडी फॉर 4 पैकेज ( न्यू डिक्लेयरड एन .एच. ) इन द स्टेट ऑफ मध्यप्रदेश ड्यूरिंग 2016-17 (सेंक्शन इसूड अंडर मिनिस्ट्री लेटर नं. RW/NH- 12037/06/2016/Misc/MP/P-5 dated 30.03.2017)- रिगार्डिंग रिवाइज्ड टेक्निकल एप्रूवल. (पैकेज-3 ),https://bhoomirashi.gov.in/auth/revamp/prep_public.cshtml?nid=1&project_id=58752,1239.96,506.407,733.553,0.0,0.40840591631988127
58752,2021-05-28,2053,2053,2021-11-24,4859,4859,180,0,deduped_nearest_subsequent_3D,False,True,MO/2019/58752,Detailed Project Report (DPR)/ Feasibility study for 4 Package (2 New declared NH & 2 In Principle NH) in the state of Madhya Pradesh during 2016-17 (Sanctioned issued under Ministrys letter no. RW/NH-12037/06/2016/MP/P-5 dated 30.03.2017 ) - regarding revised technical approval. (Package-3) डिटेल्ड प्रोजेक्ट रिपोर्ट डीपीआर/फिजिबिलिटी फिजिबिलिटी स्टडी फॉर 4 पैकेज ( न्यू डिक्लेयरड एन .एच. ) इन द स्टेट ऑफ मध्यप्रदेश ड्यूरिंग 2016-17 (सेंक्शन इसूड अंडर मिनिस्ट्री लेटर नं. RW/NH- 12037/06/2016/Misc/MP/P-5 dated 30.03.2017)- रिगार्डिंग रिवाइज्ड टेक्निकल एप्रूवल. (पैकेज-3 ),https://bhoomirashi.gov.in/auth/revamp/prep_public.cshtml?nid=1&project_id=58752,1239.96,506.407,733.553,0.0,0.40840591631988127
58755,2019-09-06,3238 E,3238E,2022-04-04,S.O. 1577(E).,SO1577E,941,1,deduped_nearest_subsequent_3D,False,True,MO/2019/58755,Up-gradation to 2 lane road with paved shoulder of Himayatnagar to Fulsawngi (Design Chainage Km. 64.700 to Km. 103.713) of NH-752I on EPC mode in the State of Maharashtra महाराष्ट्र,https://bhoomirashi.gov.in/auth/revamp/prep_public.cshtml?nid=1&project_id=58755,72.47,58.36,14.11,0.0,0.8052987443079895
58767,2019-06-21,2026 E,2026E,2020-05-20,1538 E,1538E,334,0,deduped_nearest_subsequent_3D,False,True,MO/2019/58767,Land Acquisition for Four laning of Vapi-Dadra-Silvassa- Velugam-Sutrakar- to Talasari Road NH-848A in Taluka Talasari Dist. Palghar in the state of Maharashtra महाराष्ट्र,https://bhoomirashi.gov.in/auth/revamp/prep_public.cshtml?nid=1&project_id=58767,23.1,0.22,22.88,0.218296,0.009523809523809523
58767,2023-10-03,S.O. 4299(E).,SO4299E,2024-04-10,S.O. 1664(E).,SO1664E,190,0,deduped_nearest_subsequent_3D,False,True,MO/2019/58767,Land Acquisition for Four laning of Vapi-Dadra-Silvassa- Velugam-Sutrakar- to Talasari Road NH-848A in Taluka Talasari Dist. Palghar in the state of Maharashtra महाराष्ट्र,https://bhoomirashi.gov.in/auth/revamp/prep_public.cshtml?nid=1&project_id=58767,23.1,0.22,22.88,0.218296,0.009523809523809523
58768,2019-06-19,1994,1994,2020-02-07,622,622,233,0,deduped_nearest_subsequent_3D,False,True,MO/2019/58768,Widening to two lane with paved shoulders from Km 544 . 200 to Km 594 . 00 ( Hosamane Cross to Pandavapura ) section in Karnataka state on EPC Mode (Job No. NH-150A-KNT-2016-17-835) वाइडनिंग टीओ ट्वो लेन विथ पेव्ड शोल्डर्स फ्रॉम केऍम्‌ 544 . 200 टीओ केऍम्‌ 594 . 00 ( होसमने क्रॉस टीओ पांडवपुरा ) सेक्शन आईएन कर्नाटका स्टेट ओन ईपीसी मोडे (जॉब नो. ऍन्‌हॆच्‌-150ए-केऍन्‌टी-2016-17-835),https://bhoomirashi.gov.in/auth/revamp/prep_public.cshtml?nid=1&project_id=58768,79.68,39.0,40.68,0.0,0.4894578313253012
58768,2020-10-13,3589,3589,2021-07-15,2834,2834,275,0,deduped_nearest_subsequent_3D,False,True,MO/2019/58768,Widening to two lane with paved shoulders from Km 544 . 200 to Km 594 . 00 ( Hosamane Cross to Pandavapura ) section in Karnataka state on EPC Mode (Job No. NH-150A-KNT-2016-17-835) वाइडनिंग टीओ ट्वो लेन विथ पेव्ड शोल्डर्स फ्रॉम केऍम्‌ 544 . 200 टीओ केऍम्‌ 594 . 00 ( होसमने क्रॉस टीओ पांडवपुरा ) सेक्शन आईएन कर्नाटका स्टेट ओन ईपीसी मोडे (जॉब नो. ऍन्‌हॆच्‌-150ए-केऍन्‌टी-2016-17-835),https://bhoomirashi.gov.in/auth/revamp/prep_public.cshtml?nid=1&project_id=58768,79.68,39.0,40.68,0.0,0.4894578313253012
58777,2019-06-19,1991,1991,2020-12-08,4465,4465,538,1,deduped_nearest_subsequent_3D,False,True,MO/2019/58777,Construction of Two Lane With Paved Shoulder From Km . 2 . 00 to Km . 15 . 980 of Thirthahalli to Megaravalli Section of NH - 169 A in the state of Karnataka कंस्ट्रक्शन ऑफ़ तवो लेन विथ पवेद शोल्डर फ्रॉम कम . २ . ०० तो कम . १५ . ९८० ऑफ़ तीर्थहल्ली तो मेगरावल्ली सेक्शन ऑफ़ नह - १६९ ा इन थे स्टेट ऑफ़ कर्नाटक,https://bhoomirashi.gov.in/auth/revamp/prep_public.cshtml?nid=1&project_id=58777,36.0,5.0,31.0,0.0,0.1388888888888889
58777,2023-03-09,1098(E),1098E,2024-03-08,1174(E),1174E,365,0,deduped_nearest_subsequent_3D,False,True,MO/2019/58777,Construction of Two Lane With Paved Shoulder From Km . 2 . 00 to Km . 15 . 980 of Thirthahalli to Megaravalli Section of NH - 169 A in the state of Karnataka कंस्ट्रक्शन ऑफ़ तवो लेन विथ पवेद शोल्डर फ्रॉम कम . २ . ०० तो कम . १५ . ९८० ऑफ़ तीर्थहल्ली तो मेगरावल्ली सेक्शन ऑफ़ नह - १६९ ा इन थे स्टेट ऑफ़ कर्नाटक,https://bhoomirashi.gov.in/auth/revamp/prep_public.cshtml?nid=1&project_id=58777,36.0,5.0,31.0,0.0,0.1388888888888889
58778,2019-12-02,4326,4326,2020-02-07,627,627,67,0,deduped_nearest_subsequent_3D,False,True,MO/2019/58778,Detailed Project Report (DPR)/ Feasibility study for 4 Package (2 New declared NH & 2 In Principle NH) in the state of Madhya Pradesh during 2016-17 (Sanctioned issued under Ministrys letter no. RW/NH-12037/06/2016/MP/P-5 dated 30.03.2017 ) - regarding revised technical approval.( Package-3 ) N.H. no.-552 Ext. Mihona-Lahar-Bhander-Chirgaon-Road (Nivi-Village) UP. Border Road Chainage From K.m. 89+780 to 89+980 = 200 M. K.m. डिटेल्ड प्रोजेक्ट रिपोर्ट डीपीआर/फिजिबिलिटी फिजिबिलिटी स्टडी फॉर 4 पैकेज ( न्यू डिक्लेयरड एन .एच. ) इन द स्टेट ऑफ मध्यप्रदेश ड्यूरिं 2016-17 (सेंक्शन इसूड अंडर मिनिस्ट्री लेटर नं. RW/NH 12037/06/2016/Misc/MP/P-5 dated 30.03.2017)-रिगार्डिंग रिवाइज्ड टेक्निकल एप्रूवल (पैकेज - 3) एन.एच.-552 विस्तार मिहोना-लहार-भांडेर-चिरगाँव मार्ग (निवि ग्राम ) यूपी सिमा मार्ग चैनेज कि.मी. 89+780 से 89+980 = 200 मीटर कि.मी.,https://bhoomirashi.gov.in/auth/revamp/prep_public.cshtml?nid=1&project_id=58778,251.06,140.81,110.25,0.0,0.5608619453517087
58778,2019-12-02,4336,4336,2020-02-10,627,627,70,0,deduped_nearest_subsequent_3D,False,True,MO/2019/58778,Detailed Project Report (DPR)/ Feasibility study for 4 Package (2 New declared NH & 2 In Principle NH) in the state of Madhya Pradesh during 2016-17 (Sanctioned issued under Ministrys letter no. RW/NH-12037/06/2016/MP/P-5 dated 30.03.2017 ) - regarding revised technical approval.( Package-3 ) N.H. no.-552 Ext. Mihona-Lahar-Bhander-Chirgaon-Road (Nivi-Village) UP. Border Road Chainage From K.m. 89+780 to 89+980 = 200 M. K.m. डिटेल्ड प्रोजेक्ट रिपोर्ट डीपीआर/फिजिबिलिटी फिजिबिलिटी स्टडी फॉर 4 पैकेज ( न्यू डिक्लेयरड एन .एच. ) इन द स्टेट ऑफ मध्यप्रदेश ड्यूरिं 2016-17 (सेंक्शन इसूड अंडर मिनिस्ट्री लेटर नं. RW/NH 12037/06/2016/Misc/MP/P-5 dated 30.03.2017)-रिगार्डिंग रिवाइज्ड टेक्निकल एप्रूवल (पैकेज - 3) एन.एच.-552 विस्तार मिहोना-लहार-भांडेर-चिरगाँव मार्ग (निवि ग्राम ) यूपी सिमा मार्ग चैनेज कि.मी. 89+780 से 89+980 = 200 मीटर कि.मी.,https://bhoomirashi.gov.in/auth/revamp/prep_public.cshtml?nid=1&project_id=58778,251.06,140.81,110.25,0.0,0.5608619453517087
58779,2019-06-19,1989,1989,2020-12-08,4466,4466,538,1,deduped_nearest_subsequent_3D,False,True,MO/2019/58779,Construction of Four Lane With Paved Shoulder From Ds . Ch . 76 . 040 ( Ex . Km . 77 ) to Ds . Ch . 85 . 200 ( Ex Km . 87 ) from Parkala to Malpe Section of Nh - 169 A in the State of Karnataka (NH-169A-KNT-2017-18-891) कंस्ट्रक्शन ओएफ फोर लेन विथ पेव्ड शोल्डर फ्रॉम डीऍस्‌ . सीहॆच्‌ . 76 . 040 ( ईएक्स . केऍम्‌ . 77 ) टीओ डीऍस्‌ . सीहॆच्‌ . 85 . 200 ( ईएक्स केऍम्‌ . 87 ) फ्रॉम परकला टीओ मालपे सेक्शन ओएफ ऍन्‌हॆच्‌ - 169 ए आईएन थे स्टेट ओएफ कर्नाटक (ऍन्‌हॆच्‌-169ए-केऍन्‌टी-2017-18-891),https://bhoomirashi.gov.in/auth/revamp/prep_public.cshtml?nid=1&project_id=58779,40.041,10.0,30.041,0.0,0.24974401238730304
58791,2020-02-20,S.O. 778E,SO778E,2020-06-29,S.O. 2133 E,SO2133E,130,0,deduped_nearest_subsequent_3D,False,True,MO/2019/58791,Construction of 2 Lane ROB in lieu of LC No.31 and at Km2/100 (Railway Km 33/900-1000) on NH-326A through EPC Mode in Srikakulam District in andhra pradesh आंध्र प्रदेश राज्य के श्रीकाकुलम जिले में ई.पी.सी. मोड के माध्यम से एन.एच.-326A पर एल.सी. क्र.31 में अधिग्रहित कि.मी. 2/100 (रेलवे कि.मी. 33/900-1000) पर 2 लेन आर.ओ.बी. का निर्माण।,https://bhoomirashi.gov.in/auth/revamp/prep_public.cshtml?nid=1&project_id=58791,10.86,2.73,8.13,0.0,0.2513812154696133
58791,2023-03-20,1301(E),1301E,2023-12-08,5233(E),5233E,263,0,deduped_nearest_subsequent_3D,False,True,MO/2019/58791,Construction of 2 Lane ROB in lieu of LC No.31 and at Km2/100 (Railway Km 33/900-1000) on NH-326A through EPC Mode in Srikakulam District in andhra pradesh आंध्र प्रदेश राज्य के श्रीकाकुलम जिले में ई.पी.सी. मोड के माध्यम से एन.एच.-326A पर एल.सी. क्र.31 में अधिग्रहित कि.मी. 2/100 (रेलवे कि.मी. 33/900-1000) पर 2 लेन आर.ओ.बी. का निर्माण।,https://bhoomirashi.gov.in/auth/revamp/prep_public.cshtml?nid=1&project_id=58791,10.86,2.73,8.13,0.0,0.2513812154696133
58792,2020-02-07,S.O.604E,SO604E,2020-06-29,S.O. 2134 E,SO2134E,143,0,deduped_nearest_subsequent_3D,False,True,MO/2019/58792,Construction of 2 Lane ROB and its approaches in lieu of LC No.414 at Km 33/100 (Railway Km 730/11-33) on NH-326A through EPC Mode in Srikakulam District in Andhra Pradesh आंध्र प्रदेश राज्य के श्रीकाकुलम जिले में इपीसी मोड द्वारा रारा - 326A पर एलसी सं. 414 में अधिग्रहित किमी. 33/100 (रेलवे किमी 730/11-33) पर दो लेन आरओबी का निर्माण,https://bhoomirashi.gov.in/auth/revamp/prep_public.cshtml?nid=1&project_id=58792,6.518,1.757,4.761,0.0404694,0.2695612150966554
58792,2023-03-21,1353 (E),1353E,2023-07-03,2881(E),2881E,104,0,deduped_nearest_subsequent_3D,False,True,MO/2019/58792,Construction of 2 Lane ROB and its approaches in lieu of LC No.414 at Km 33/100 (Railway Km 730/11-33) on NH-326A through EPC Mode in Srikakulam District in Andhra Pradesh आंध्र प्रदेश राज्य के श्रीकाकुलम जिले में इपीसी मोड द्वारा रारा - 326A पर एलसी सं. 414 में अधिग्रहित किमी. 33/100 (रेलवे किमी 730/11-33) पर दो लेन आरओबी का निर्माण,https://bhoomirashi.gov.in/auth/revamp/prep_public.cshtml?nid=1&project_id=58792,6.518,1.757,4.761,0.0404694,0.2695612150966554
58793,2019-06-25,2082 E,2082E,2020-02-07,623 (E),623E,227,0,deduped_nearest_subsequent_3D,False,True,MO/2019/58793,Upgradation of Chhatrapati Chowk Latur to Pangaon of NH-548B Chhatrapti Chowk Latur to Renapur Phata from Km 184/950 to Km. 164/200 and NH 361H- Renapur Phata to Pangaon from Km. 59/400 to 38/200 to two lanes with paved shoulder/ four lane configuration [Omerga-Ausa-Latur-Renapur-Pangaon-Dharmapuri-Parali-Injegaon road design chainage km. 64/250 (Chhatrapati Chowk Latur) to km. 106/200 (Pangaon) (Lenght-41.95 km) in the state of Maharashtra on EPC mode under NH(O) NH(O),https://bhoomirashi.gov.in/auth/revamp/prep_public.cshtml?nid=1&project_id=58793,102.92,87.48,15.44,0.0,0.8499805674310144
58793,2019-06-27,2149 E,2149E,2020-02-07,624 (E),624E,225,0,deduped_nearest_subsequent_3D,False,True,MO/2019/58793,Upgradation of Chhatrapati Chowk Latur to Pangaon of NH-548B Chhatrapti Chowk Latur to Renapur Phata from Km 184/950 to Km. 164/200 and NH 361H- Renapur Phata to Pangaon from Km. 59/400 to 38/200 to two lanes with paved shoulder/ four lane configuration [Omerga-Ausa-Latur-Renapur-Pangaon-Dharmapuri-Parali-Injegaon road design chainage km. 64/250 (Chhatrapati Chowk Latur) to km. 106/200 (Pangaon) (Lenght-41.95 km) in the state of Maharashtra on EPC mode under NH(O) NH(O),https://bhoomirashi.gov.in/auth/revamp/prep_public.cshtml?nid=1&project_id=58793,102.92,87.48,15.44,0.0,0.8499805674310144
58805,2020-01-31,473,473,2020-08-28,2923,2923,210,0,deduped_nearest_subsequent_3D,False,True,MO/2019/58805,Construction of Highlevel RCC Major Bridge at Km 38 (Bandhuganj) on NH-110 ( New NH - 33 in km. 52.00 in the State of Bihar. बिहार राज्य अंतर्गत राष्ट्रीय राजमार्ग संख्या - 110 के कि0मी0 38.000 (बंधुगंज ) ( नया राष्ट्रीय राजमार्ग संख्या - 33 के कि0मी0 52.00 ) में उच्चस्तरीय आर0 सी0 सी0 पुल का निर्माण कार्य |,https://bhoomirashi.gov.in/auth/revamp/prep_public.cshtml?nid=1&project_id=58805,0.298,0.0,0.298,0.0,0.0
58808,2023-01-13,S.O. 214(E).,SO214E,2023-07-04,S.O. 2923(E).,SO2923E,172,0,deduped_nearest_subsequent_3D,False,True,MO/2019/58808,Up-gradation to Two lane with paved shoulders of Karad-Chiplun-Patan-Guhagar Road from exisiting Km 00+000 to 26+890 & 40+610 Km 54+260 (SH-78) (Design km. 00+000 to 26+230 & 40+000 km 53+600) (Length - 39.83 Km) of NH-166E in the state of Maharshtra on EPC mode mode,https://bhoomirashi.gov.in/auth/revamp/prep_public.cshtml?nid=1&project_id=58808,98.88,60.5,38.38,1.0853,0.6118527508090615
58808,2023-04-13,S.O. 1721(E).,SO1721E,2023-10-26,S.O. 4676(E).,SO4676E,196,0,deduped_nearest_subsequent_3D,False,True,MO/2019/58808,Up-gradation to Two lane with paved shoulders of Karad-Chiplun-Patan-Guhagar Road from exisiting Km 00+000 to 26+890 & 40+610 Km 54+260 (SH-78) (Design km. 00+000 to 26+230 & 40+000 km 53+600) (Length - 39.83 Km) of NH-166E in the state of Maharshtra on EPC mode mode,https://bhoomirashi.gov.in/auth/revamp/prep_public.cshtml?nid=1&project_id=58808,98.88,60.5,38.38,1.0853,0.6118527508090615
58811,2020-11-25,4228,4228,2021-09-13,3693,3693,292,0,deduped_nearest_subsequent_3D,False,True,MO/2019/58811,Construction of ROB and Approach Road on the stretch in Km. 11.069 to Km. 11.700 of NH - 419 in Chittranjan ( Mihijam ) . कंस्ट्रक्शन ऑफ़ रॉब एंड एप्रोच रोड ों थे स्ट्रेच इन Km. 11.०६९ तो Km. 11.७०० ऑफ़ नह - ४१९ इन चित्तरंजन ( मिहिजाम ) .,https://bhoomirashi.gov.in/auth/revamp/prep_public.cshtml?nid=1&project_id=58811,2.55,0.0,2.55,0.0,0.0
58812,2015-10-12,2792,2792,2015-12-23,3515,3515,72,0,deduped_nearest_subsequent_3D,False,True,MO/2019/58812,Rehabilitation and upgradation of NH-200 ( NEW NH - 49 ) from km 178.944 to 241.553 ( banari villlage to mananiyakala section ) package ii to two lane with paved shoulder in the state of chhattisgarh under nhdp-iv on epc r,https://bhoomirashi.gov.in/auth/revamp/prep_public.cshtml?nid=1&project_id=58812,165.867,165.038,0.829,0.0,0.995002019690475
58812,2017-08-22,2730,2730,2018-01-12,156,156,143,0,deduped_nearest_subsequent_3D,False,True,MO/2019/58812,Rehabilitation and upgradation of NH-200 ( NEW NH - 49 ) from km 178.944 to 241.553 ( banari villlage to mananiyakala section ) package ii to two lane with paved shoulder in the state of chhattisgarh under nhdp-iv on epc r,https://bhoomirashi.gov.in/auth/revamp/prep_public.cshtml?nid=1&project_id=58812,165.867,165.038,0.829,0.0,0.995002019690475
58812,2019-06-21,S.O.2044(E),SO2044E,2020-03-16,SO 1105(E),SO1105E,269,0,deduped_nearest_subsequent_3D,False,True,MO/2019/58812,Rehabilitation and upgradation of NH-200 ( NEW NH - 49 ) from km 178.944 to 241.553 ( banari villlage to mananiyakala section ) package ii to two lane with paved shoulder in the state of chhattisgarh under nhdp-iv on epc r,https://bhoomirashi.gov.in/auth/revamp/prep_public.cshtml?nid=1&project_id=58812,165.867,165.038,0.829,0.0,0.995002019690475
58812,2019-06-21,S.O.2045(E),SO2045E,2020-03-16,SO 1106(E),SO1106E,269,0,deduped_nearest_subsequent_3D,False,True,MO/2019/58812,Rehabilitation and upgradation of NH-200 ( NEW NH - 49 ) from km 178.944 to 241.553 ( banari villlage to mananiyakala section ) package ii to two lane with paved shoulder in the state of chhattisgarh under nhdp-iv on epc r,https://bhoomirashi.gov.in/auth/revamp/prep_public.cshtml?nid=1&project_id=58812,165.867,165.038,0.829,0.0,0.995002019690475
58812,2019-06-21,S.O.2046(E),SO2046E,2020-03-16,SO 1107(E),SO1107E,269,0,deduped_nearest_subsequent_3D,False,True,MO/2019/58812,Rehabilitation and upgradation of NH-200 ( NEW NH - 49 ) from km 178.944 to 241.553 ( banari villlage to mananiyakala section ) package ii to two lane with paved shoulder in the state of chhattisgarh under nhdp-iv on epc r,https://bhoomirashi.gov.in/auth/revamp/prep_public.cshtml?nid=1&project_id=58812,165.867,165.038,0.829,0.0,0.995002019690475
58817,2020-06-12,1862(E),1862E,2021-03-02,982(E),982E,263,0,deduped_nearest_subsequent_3D,False,True,MO/2019/58817,Construction of missing links (single lane) in lakhpat-gaduli-hajipir-odma-khavda-dholavira-mauvana-gadkabet-santalpur road along the indo-pakistan border in the state of gujarat (newly declared national highway number 754k) Construction ऑफ़ मिसिंग लिंक्स () कंस्ट्रक्शन ऑफ़ मिसिंग लिंक्स (single) (single) (सिंगलेलने (सिंगल lane) इन lakhpat-gaduli-hajipir-odma-khavda-dholavira-mauvana-gadkabet-सांतलपुर ररॉयड अलोंग थे इंडो indo-पाकिस्तान बॉर्डर इन थे स्टेट ऑफ़ गुजरात (newly) (नेवली देक्लारेड नेशनल हाईवे नंबर 754k),https://bhoomirashi.gov.in/auth/revamp/prep_public.cshtml?nid=1&project_id=58817,650.0,480.0,170.0,0.0,0.7384615384615385
58817,2020-08-04,2610(E),2610E,2021-07-23,2913(E),2913E,353,0,deduped_nearest_subsequent_3D,False,True,MO/2019/58817,Construction of missing links (single lane) in lakhpat-gaduli-hajipir-odma-khavda-dholavira-mauvana-gadkabet-santalpur road along the indo-pakistan border in the state of gujarat (newly declared national highway number 754k) Construction ऑफ़ मिसिंग लिंक्स () कंस्ट्रक्शन ऑफ़ मिसिंग लिंक्स (single) (single) (सिंगलेलने (सिंगल lane) इन lakhpat-gaduli-hajipir-odma-khavda-dholavira-mauvana-gadkabet-सांतलपुर ररॉयड अलोंग थे इंडो indo-पाकिस्तान बॉर्डर इन थे स्टेट ऑफ़ गुजरात (newly) (नेवली देक्लारेड नेशनल हाईवे नंबर 754k),https://bhoomirashi.gov.in/auth/revamp/prep_public.cshtml?nid=1&project_id=58817,650.0,480.0,170.0,0.0,0.7384615384615385
58817,2021-07-08,2764(E),2764E,2022-02-28,855(E),855E,235,0,deduped_nearest_subsequent_3D,False,True,MO/2019/58817,Construction of missing links (single lane) in lakhpat-gaduli-hajipir-odma-khavda-dholavira-mauvana-gadkabet-santalpur road along the indo-pakistan border in the state of gujarat (newly declared national highway number 754k) Construction ऑफ़ मिसिंग लिंक्स () कंस्ट्रक्शन ऑफ़ मिसिंग लिंक्स (single) (single) (सिंगलेलने (सिंगल lane) इन lakhpat-gaduli-hajipir-odma-khavda-dholavira-mauvana-gadkabet-सांतलपुर ररॉयड अलोंग थे इंडो indo-पाकिस्तान बॉर्डर इन थे स्टेट ऑफ़ गुजरात (newly) (नेवली देक्लारेड नेशनल हाईवे नंबर 754k),https://bhoomirashi.gov.in/auth/revamp/prep_public.cshtml?nid=1&project_id=58817,650.0,480.0,170.0,0.0,0.7384615384615385
58817,2021-07-14,2312,2312,2022-07-20,3288(E),3288E,371,1,deduped_nearest_subsequent_3D,False,True,MO/2019/58817,Construction of missing links (single lane) in lakhpat-gaduli-hajipir-odma-khavda-dholavira-mauvana-gadkabet-santalpur road along the indo-pakistan border in the state of gujarat (newly declared national highway number 754k) Construction ऑफ़ मिसिंग लिंक्स () कंस्ट्रक्शन ऑफ़ मिसिंग लिंक्स (single) (single) (सिंगलेलने (सिंगल lane) इन lakhpat-gaduli-hajipir-odma-khavda-dholavira-mauvana-gadkabet-सांतलपुर ररॉयड अलोंग थे इंडो indo-पाकिस्तान बॉर्डर इन थे स्टेट ऑफ़ गुजरात (newly) (नेवली देक्लारेड नेशनल हाईवे नंबर 754k),https://bhoomirashi.gov.in/auth/revamp/prep_public.cshtml?nid=1&project_id=58817,650.0,480.0,170.0,0.0,0.7384615384615385
58817,2021-07-14,2610(E),2610E,2022-07-28,3494(E),3494E,379,1,deduped_nearest_subsequent_3D,False,True,MO/2019/58817,Construction of missing links (single lane) in lakhpat-gaduli-hajipir-odma-khavda-dholavira-mauvana-gadkabet-santalpur road along the indo-pakistan border in the state of gujarat (newly declared national highway number 754k) Construction ऑफ़ मिसिंग लिंक्स () कंस्ट्रक्शन ऑफ़ मिसिंग लिंक्स (single) (single) (सिंगलेलने (सिंगल lane) इन lakhpat-gaduli-hajipir-odma-khavda-dholavira-mauvana-gadkabet-सांतलपुर ररॉयड अलोंग थे इंडो indo-पाकिस्तान बॉर्डर इन थे स्टेट ऑफ़ गुजरात (newly) (नेवली देक्लारेड नेशनल हाईवे नंबर 754k),https://bhoomirashi.gov.in/auth/revamp/prep_public.cshtml?nid=1&project_id=58817,650.0,480.0,170.0,0.0,0.7384615384615385
58817,2022-02-28,S.O.885(E),SO885E,2023-01-13,252(E),252E,319,0,deduped_nearest_subsequent_3D,False,True,MO/2019/58817,Construction of missing links (single lane) in lakhpat-gaduli-hajipir-odma-khavda-dholavira-mauvana-gadkabet-santalpur road along the indo-pakistan border in the state of gujarat (newly declared national highway number 754k) Construction ऑफ़ मिसिंग लिंक्स () कंस्ट्रक्शन ऑफ़ मिसिंग लिंक्स (single) (single) (सिंगलेलने (सिंगल lane) इन lakhpat-gaduli-hajipir-odma-khavda-dholavira-mauvana-gadkabet-सांतलपुर ररॉयड अलोंग थे इंडो indo-पाकिस्तान बॉर्डर इन थे स्टेट ऑफ़ गुजरात (newly) (नेवली देक्लारेड नेशनल हाईवे नंबर 754k),https://bhoomirashi.gov.in/auth/revamp/prep_public.cshtml?nid=1&project_id=58817,650.0,480.0,170.0,0.0,0.7384615384615385
58825,2013-04-17,982,982,2014-02-13,391,391,302,0,deduped_nearest_subsequent_3D,False,True,MO/2019/58825,Land Acquisition for Construction of Mandvi Byepass from km.97.200 to 104.200 on the section of NH8A (Extan.) in the state of Gujarat (Job No 08A-GJ-2013-14-542) लैंड एक्वीजीशन फॉर कंस्ट्रक्शन ऑफ़ मांडवी बयेपास फ्रॉम km.97.२०० तो 104.२०० ों थे सेक्शन ऑफ़ ंह८ा (Extan.) इन थे स्टेट ऑफ़ गुजरात (जॉब नो 08A-GJ-2013-14-542),https://bhoomirashi.gov.in/auth/revamp/prep_public.cshtml?nid=1&project_id=58825,100.0,23.367,76.633,0.0,0.23367000000000002
58825,2019-07-25,2645(E),2645E,2020-01-24,368 (E),368E,183,0,deduped_nearest_subsequent_3D,False,True,MO/2019/58825,Land Acquisition for Construction of Mandvi Byepass from km.97.200 to 104.200 on the section of NH8A (Extan.) in the state of Gujarat (Job No 08A-GJ-2013-14-542) लैंड एक्वीजीशन फॉर कंस्ट्रक्शन ऑफ़ मांडवी बयेपास फ्रॉम km.97.२०० तो 104.२०० ों थे सेक्शन ऑफ़ ंह८ा (Extan.) इन थे स्टेट ऑफ़ गुजरात (जॉब नो 08A-GJ-2013-14-542),https://bhoomirashi.gov.in/auth/revamp/prep_public.cshtml?nid=1&project_id=58825,100.0,23.367,76.633,0.0,0.23367000000000002
58825,2023-03-21,1355(E),1355E,2024-02-02,456(E),456E,318,0,deduped_nearest_subsequent_3D,False,True,MO/2019/58825,Land Acquisition for Construction of Mandvi Byepass from km.97.200 to 104.200 on the section of NH8A (Extan.) in the state of Gujarat (Job No 08A-GJ-2013-14-542) लैंड एक्वीजीशन फॉर कंस्ट्रक्शन ऑफ़ मांडवी बयेपास फ्रॉम km.97.२०० तो 104.२०० ों थे सेक्शन ऑफ़ ंह८ा (Extan.) इन थे स्टेट ऑफ़ गुजरात (जॉब नो 08A-GJ-2013-14-542),https://bhoomirashi.gov.in/auth/revamp/prep_public.cshtml?nid=1&project_id=58825,100.0,23.367,76.633,0.0,0.23367000000000002
58838,2010-11-29,28698(E),28698E,2011-11-24,2639(E),2639E,360,0,deduped_nearest_subsequent_3D,False,True,MO/2019/58838,Rehabilitation and Upgradation of NH 13 from Chitradurga - Shimoga Section in the State of Karnataka ( from K . M . 422 . 00 to 528 . 300 ) on EPC basis under NHDP - 4 A Legacy Data रिहैबिलिटेशन एंड उपग्रडेशन ऑफ़ नह १३ फ्रॉम चित्रदुर्गा - शिमोगा सेक्शन इन थे स्टेट ऑफ़ कर्नाटक ( फ्रॉम क . म . ४२२ . ०० तो ५२८ . ३०० ) ों एप्स बेसिस अंडर नहड़प - ४ ा,https://bhoomirashi.gov.in/auth/revamp/prep_public.cshtml?nid=1&project_id=58838,122.0,0.0,122.0,2.875,0.0
58838,2014-07-21,1879(E),1879E,2015-07-16,1926(E),1926E,360,0,deduped_nearest_subsequent_3D,False,True,MO/2019/58838,Rehabilitation and Upgradation of NH 13 from Chitradurga - Shimoga Section in the State of Karnataka ( from K . M . 422 . 00 to 528 . 300 ) on EPC basis under NHDP - 4 A Legacy Data रिहैबिलिटेशन एंड उपग्रडेशन ऑफ़ नह १३ फ्रॉम चित्रदुर्गा - शिमोगा सेक्शन इन थे स्टेट ऑफ़ कर्नाटक ( फ्रॉम क . म . ४२२ . ०० तो ५२८ . ३०० ) ों एप्स बेसिस अंडर नहड़प - ४ ा,https://bhoomirashi.gov.in/auth/revamp/prep_public.cshtml?nid=1&project_id=58838,122.0,0.0,122.0,2.875,0.0
58840,2019-07-16,2551,2551,2020-02-03,551,551,202,0,deduped_nearest_subsequent_3D,False,True,MO/2019/58840,Estimate for the work relating to construction of two lane with paved shoulder from KM 13.00 to33.160 NH 367 Bhanapur to Bagalkote Section in the state of Karnataka ( job No . NH - 367 - KNT - 2017 - 18 - 869 ) एस्टीमेट फॉर थे वर्क रेलटिंग तो कंस्ट्रक्शन ऑफ़ तवो लेन विथ पवेद शोल्डर फ्रॉम कम १३ / १६० ऑफ़ नह ३६७ भानपुर तो बागलकोट सेक्शन इन थे स्टेट ऑफ़ कर्नाटक ( जॉब नो . नह - ३६७ - कन्ठ - २०१७ - १८ - ८६९ ) तो,https://bhoomirashi.gov.in/auth/revamp/prep_public.cshtml?nid=1&project_id=58840,18.0,9.0,9.0,0.0,0.5
58846,2019-06-21,1812,1812,2019-11-05,3987,3987,137,0,deduped_nearest_subsequent_3D,False,True,MO/2019/58846,Four laning from km 4 / 8 to km 24 / 6 of Nizamabad - Jagadalpur section of N H - 63 ( old N H - 16 ) in the state of Telangana under N H ( 0 ) on EPC mode फोर लैनिंग फ्रॉम कम ४ / ८ तो कम २४ / ६ ऑफ़ निज़ामाबाद - जगदलपुर सेक्शन ऑफ़ न ह - ६३ ( ओल्ड न ह - १६ ) इन थे स्टेट ऑफ़ तेलंगाना अंडर न ह ( ० ) ों एप्स मोड,https://bhoomirashi.gov.in/auth/revamp/prep_public.cshtml?nid=1&project_id=58846,63.581,56.18,7.401,0.0,0.8835973010805114
58846,2019-06-21,1813,1813,2019-11-13,4119 (E ),4119E,145,0,deduped_nearest_subsequent_3D,False,True,MO/2019/58846,Four laning from km 4 / 8 to km 24 / 6 of Nizamabad - Jagadalpur section of N H - 63 ( old N H - 16 ) in the state of Telangana under N H ( 0 ) on EPC mode फोर लैनिंग फ्रॉम कम ४ / ८ तो कम २४ / ६ ऑफ़ निज़ामाबाद - जगदलपुर सेक्शन ऑफ़ न ह - ६३ ( ओल्ड न ह - १६ ) इन थे स्टेट ऑफ़ तेलंगाना अंडर न ह ( ० ) ों एप्स मोड,https://bhoomirashi.gov.in/auth/revamp/prep_public.cshtml?nid=1&project_id=58846,63.581,56.18,7.401,0.0,0.8835973010805114
58853,2019-06-19,1992,1992,2020-06-18,1974(E),1974E,365,0,deduped_nearest_subsequent_3D,False,True,MO/2019/58853,Reconstruction to lane with paved Shoulders From chainage 442 +180 ( Existing KM . 448 . 000 ) to Design Chainage 485 + 240 ( Existing KM 494 . 000 ) of Huliyar to KB Cross Section of NH - 150 A in the State of Karnataka रिकंस्ट्रक्शन तो लेन विथ पवेद शोल्डर्स फ्रॉम चैनगे ४४२ + ( एक्सिस्टिंग कम . ४४८ . ००० ) तो डिज़ाइन चैनगे ४८५ + २४० ( एक्सिस्टिंग कम ४९४ . ००० ) ऑफ़ हुलियार तो कब क्रॉस सेक्शन ऑफ़ नह - १५० ा इन थे स्टेट ऑफ़ कर्नाटक,https://bhoomirashi.gov.in/auth/revamp/prep_public.cshtml?nid=1&project_id=58853,130.68,75.27,55.41,0.0,0.5759871441689622
58854,2021-02-25,897,897,2021-11-11,4643,4643,259,0,deduped_nearest_subsequent_3D,False,True,MO/2019/58854,"Prepration of DPR for newly declared NH in the State of Madhya Pradesh under Packages- I,II & IV. Details of bids proposed for approval are as below:- National Highway - No. 45-Ext. (Jabalpur-Kundam-shahpura-Dindori-Road) From Km. 0+000 to 160+000 k.m.) Package-IV प्रिपरेसन ऑफ DPR फॉर न्यूली डिक्लियर्ड NH इन द स्टेट ऑफ मध्य प्रदेश अंडर पैकेज - I,II & IV. डिटेल्स ऑफ बीड्स प्रपोस्ड फॉर अप्रूवल अर एस बिलो:- (एन.एच.-45 विस्तार (जबलपुर-कुण्डम-शाहपुरा-डिंडोरी-रोड) 0+000 से 160+000 कि.मी.) पैकेज -IV",https://bhoomirashi.gov.in/auth/revamp/prep_public.cshtml?nid=1&project_id=58854,3199.515,202.575,2996.94,1.473,0.06331428357110375
58854,2021-02-25,898,898,2021-12-01,4919,4919,279,0,deduped_nearest_subsequent_3D,False,True,MO/2019/58854,"Prepration of DPR for newly declared NH in the State of Madhya Pradesh under Packages- I,II & IV. Details of bids proposed for approval are as below:- National Highway - No. 45-Ext. (Jabalpur-Kundam-shahpura-Dindori-Road) From Km. 0+000 to 160+000 k.m.) Package-IV प्रिपरेसन ऑफ DPR फॉर न्यूली डिक्लियर्ड NH इन द स्टेट ऑफ मध्य प्रदेश अंडर पैकेज - I,II & IV. डिटेल्स ऑफ बीड्स प्रपोस्ड फॉर अप्रूवल अर एस बिलो:- (एन.एच.-45 विस्तार (जबलपुर-कुण्डम-शाहपुरा-डिंडोरी-रोड) 0+000 से 160+000 कि.मी.) पैकेज -IV",https://bhoomirashi.gov.in/auth/revamp/prep_public.cshtml?nid=1&project_id=58854,3199.515,202.575,2996.94,1.473,0.06331428357110375
58854,2021-02-25,899,899,2021-12-02,4920,4920,280,0,deduped_nearest_subsequent_3D,False,True,MO/2019/58854,"Prepration of DPR for newly declared NH in the State of Madhya Pradesh under Packages- I,II & IV. Details of bids proposed for approval are as below:- National Highway - No. 45-Ext. (Jabalpur-Kundam-shahpura-Dindori-Road) From Km. 0+000 to 160+000 k.m.) Package-IV प्रिपरेसन ऑफ DPR फॉर न्यूली डिक्लियर्ड NH इन द स्टेट ऑफ मध्य प्रदेश अंडर पैकेज - I,II & IV. डिटेल्स ऑफ बीड्स प्रपोस्ड फॉर अप्रूवल अर एस बिलो:- (एन.एच.-45 विस्तार (जबलपुर-कुण्डम-शाहपुरा-डिंडोरी-रोड) 0+000 से 160+000 कि.मी.) पैकेज -IV",https://bhoomirashi.gov.in/auth/revamp/prep_public.cshtml?nid=1&project_id=58854,3199.515,202.575,2996.94,1.473,0.06331428357110375
58854,2021-04-07,1485,1485,2021-12-13,5160,5160,250,0,deduped_nearest_subsequent_3D,False,True,MO/2019/58854,"Prepration of DPR for newly declared NH in the State of Madhya Pradesh under Packages- I,II & IV. Details of bids proposed for approval are as below:- National Highway - No. 45-Ext. (Jabalpur-Kundam-shahpura-Dindori-Road) From Km. 0+000 to 160+000 k.m.) Package-IV प्रिपरेसन ऑफ DPR फॉर न्यूली डिक्लियर्ड NH इन द स्टेट ऑफ मध्य प्रदेश अंडर पैकेज - I,II & IV. डिटेल्स ऑफ बीड्स प्रपोस्ड फॉर अप्रूवल अर एस बिलो:- (एन.एच.-45 विस्तार (जबलपुर-कुण्डम-शाहपुरा-डिंडोरी-रोड) 0+000 से 160+000 कि.मी.) पैकेज -IV",https://bhoomirashi.gov.in/auth/revamp/prep_public.cshtml?nid=1&project_id=58854,3199.515,202.575,2996.94,1.473,0.06331428357110375
58854,2021-04-07,1486,1486,2021-12-31,5161,5161,268,0,deduped_nearest_subsequent_3D,False,True,MO/2019/58854,"Prepration of DPR for newly declared NH in the State of Madhya Pradesh under Packages- I,II & IV. Details of bids proposed for approval are as below:- National Highway - No. 45-Ext. (Jabalpur-Kundam-shahpura-Dindori-Road) From Km. 0+000 to 160+000 k.m.) Package-IV प्रिपरेसन ऑफ DPR फॉर न्यूली डिक्लियर्ड NH इन द स्टेट ऑफ मध्य प्रदेश अंडर पैकेज - I,II & IV. डिटेल्स ऑफ बीड्स प्रपोस्ड फॉर अप्रूवल अर एस बिलो:- (एन.एच.-45 विस्तार (जबलपुर-कुण्डम-शाहपुरा-डिंडोरी-रोड) 0+000 से 160+000 कि.मी.) पैकेज -IV",https://bhoomirashi.gov.in/auth/revamp/prep_public.cshtml?nid=1&project_id=58854,3199.515,202.575,2996.94,1.473,0.06331428357110375
58854,2021-04-07,1487,1487,2022-05-02,2036,2036,390,1,deduped_nearest_subsequent_3D,False,True,MO/2019/58854,"Prepration of DPR for newly declared NH in the State of Madhya Pradesh under Packages- I,II & IV. Details of bids proposed for approval are as below:- National Highway - No. 45-Ext. (Jabalpur-Kundam-shahpura-Dindori-Road) From Km. 0+000 to 160+000 k.m.) Package-IV प्रिपरेसन ऑफ DPR फॉर न्यूली डिक्लियर्ड NH इन द स्टेट ऑफ मध्य प्रदेश अंडर पैकेज - I,II & IV. डिटेल्स ऑफ बीड्स प्रपोस्ड फॉर अप्रूवल अर एस बिलो:- (एन.एच.-45 विस्तार (जबलपुर-कुण्डम-शाहपुरा-डिंडोरी-रोड) 0+000 से 160+000 कि.मी.) पैकेज -IV",https://bhoomirashi.gov.in/auth/revamp/prep_public.cshtml?nid=1&project_id=58854,3199.515,202.575,2996.94,1.473,0.06331428357110375
58854,2021-10-14,4257,4257,2022-07-20,3286,3286,279,0,deduped_nearest_subsequent_3D,False,True,MO/2019/58854,"Prepration of DPR for newly declared NH in the State of Madhya Pradesh under Packages- I,II & IV. Details of bids proposed for approval are as below:- National Highway - No. 45-Ext. (Jabalpur-Kundam-shahpura-Dindori-Road) From Km. 0+000 to 160+000 k.m.) Package-IV प्रिपरेसन ऑफ DPR फॉर न्यूली डिक्लियर्ड NH इन द स्टेट ऑफ मध्य प्रदेश अंडर पैकेज - I,II & IV. डिटेल्स ऑफ बीड्स प्रपोस्ड फॉर अप्रूवल अर एस बिलो:- (एन.एच.-45 विस्तार (जबलपुर-कुण्डम-शाहपुरा-डिंडोरी-रोड) 0+000 से 160+000 कि.मी.) पैकेज -IV",https://bhoomirashi.gov.in/auth/revamp/prep_public.cshtml?nid=1&project_id=58854,3199.515,202.575,2996.94,1.473,0.06331428357110375
58854,2021-11-11,4664,4664,2022-08-02,3636,3636,264,0,deduped_nearest_subsequent_3D,False,True,MO/2019/58854,"Prepration of DPR for newly declared NH in the State of Madhya Pradesh under Packages- I,II & IV. Details of bids proposed for approval are as below:- National Highway - No. 45-Ext. (Jabalpur-Kundam-shahpura-Dindori-Road) From Km. 0+000 to 160+000 k.m.) Package-IV प्रिपरेसन ऑफ DPR फॉर न्यूली डिक्लियर्ड NH इन द स्टेट ऑफ मध्य प्रदेश अंडर पैकेज - I,II & IV. डिटेल्स ऑफ बीड्स प्रपोस्ड फॉर अप्रूवल अर एस बिलो:- (एन.एच.-45 विस्तार (जबलपुर-कुण्डम-शाहपुरा-डिंडोरी-रोड) 0+000 से 160+000 कि.मी.) पैकेज -IV",https://bhoomirashi.gov.in/auth/revamp/prep_public.cshtml?nid=1&project_id=58854,3199.515,202.575,2996.94,1.473,0.06331428357110375
58854,2021-12-31,5484,5484,2022-12-27,S.O.6086(E),SO6086E,361,0,deduped_nearest_subsequent_3D,False,True,MO/2019/58854,"Prepration of DPR for newly declared NH in the State of Madhya Pradesh under Packages- I,II & IV. Details of bids proposed for approval are as below:- National Highway - No. 45-Ext. (Jabalpur-Kundam-shahpura-Dindori-Road) From Km. 0+000 to 160+000 k.m.) Package-IV प्रिपरेसन ऑफ DPR फॉर न्यूली डिक्लियर्ड NH इन द स्टेट ऑफ मध्य प्रदेश अंडर पैकेज - I,II & IV. डिटेल्स ऑफ बीड्स प्रपोस्ड फॉर अप्रूवल अर एस बिलो:- (एन.एच.-45 विस्तार (जबलपुर-कुण्डम-शाहपुरा-डिंडोरी-रोड) 0+000 से 160+000 कि.मी.) पैकेज -IV",https://bhoomirashi.gov.in/auth/revamp/prep_public.cshtml?nid=1&project_id=58854,3199.515,202.575,2996.94,1.473,0.06331428357110375
58854,2021-12-31,5485,5485,2022-12-29,S.O.6113(E),SO6113E,363,0,deduped_nearest_subsequent_3D,False,True,MO/2019/58854,"Prepration of DPR for newly declared NH in the State of Madhya Pradesh under Packages- I,II & IV. Details of bids proposed for approval are as below:- National Highway - No. 45-Ext. (Jabalpur-Kundam-shahpura-Dindori-Road) From Km. 0+000 to 160+000 k.m.) Package-IV प्रिपरेसन ऑफ DPR फॉर न्यूली डिक्लियर्ड NH इन द स्टेट ऑफ मध्य प्रदेश अंडर पैकेज - I,II & IV. डिटेल्स ऑफ बीड्स प्रपोस्ड फॉर अप्रूवल अर एस बिलो:- (एन.एच.-45 विस्तार (जबलपुर-कुण्डम-शाहपुरा-डिंडोरी-रोड) 0+000 से 160+000 कि.मी.) पैकेज -IV",https://bhoomirashi.gov.in/auth/revamp/prep_public.cshtml?nid=1&project_id=58854,3199.515,202.575,2996.94,1.473,0.06331428357110375
58854,2022-06-10,2676,2676,2023-01-13,241(E),241E,217,0,deduped_nearest_subsequent_3D,False,True,MO/2019/58854,"Prepration of DPR for newly declared NH in the State of Madhya Pradesh under Packages- I,II & IV. Details of bids proposed for approval are as below:- National Highway - No. 45-Ext. (Jabalpur-Kundam-shahpura-Dindori-Road) From Km. 0+000 to 160+000 k.m.) Package-IV प्रिपरेसन ऑफ DPR फॉर न्यूली डिक्लियर्ड NH इन द स्टेट ऑफ मध्य प्रदेश अंडर पैकेज - I,II & IV. डिटेल्स ऑफ बीड्स प्रपोस्ड फॉर अप्रूवल अर एस बिलो:- (एन.एच.-45 विस्तार (जबलपुर-कुण्डम-शाहपुरा-डिंडोरी-रोड) 0+000 से 160+000 कि.मी.) पैकेज -IV",https://bhoomirashi.gov.in/auth/revamp/prep_public.cshtml?nid=1&project_id=58854,3199.515,202.575,2996.94,1.473,0.06331428357110375
58854,2022-07-29,3540,3540,2023-03-09,S.O.1087(E),SO1087E,223,0,deduped_nearest_subsequent_3D,False,True,MO/2019/58854,"Prepration of DPR for newly declared NH in the State of Madhya Pradesh under Packages- I,II & IV. Details of bids proposed for approval are as below:- National Highway - No. 45-Ext. (Jabalpur-Kundam-shahpura-Dindori-Road) From Km. 0+000 to 160+000 k.m.) Package-IV प्रिपरेसन ऑफ DPR फॉर न्यूली डिक्लियर्ड NH इन द स्टेट ऑफ मध्य प्रदेश अंडर पैकेज - I,II & IV. डिटेल्स ऑफ बीड्स प्रपोस्ड फॉर अप्रूवल अर एस बिलो:- (एन.एच.-45 विस्तार (जबलपुर-कुण्डम-शाहपुरा-डिंडोरी-रोड) 0+000 से 160+000 कि.मी.) पैकेज -IV",https://bhoomirashi.gov.in/auth/revamp/prep_public.cshtml?nid=1&project_id=58854,3199.515,202.575,2996.94,1.473,0.06331428357110375
58854,2022-07-29,3550,3550,2023-03-22,S.O.1368(E),SO1368E,236,0,deduped_nearest_subsequent_3D,False,True,MO/2019/58854,"Prepration of DPR for newly declared NH in the State of Madhya Pradesh under Packages- I,II & IV. Details of bids proposed for approval are as below:- National Highway - No. 45-Ext. (Jabalpur-Kundam-shahpura-Dindori-Road) From Km. 0+000 to 160+000 k.m.) Package-IV प्रिपरेसन ऑफ DPR फॉर न्यूली डिक्लियर्ड NH इन द स्टेट ऑफ मध्य प्रदेश अंडर पैकेज - I,II & IV. डिटेल्स ऑफ बीड्स प्रपोस्ड फॉर अप्रूवल अर एस बिलो:- (एन.एच.-45 विस्तार (जबलपुर-कुण्डम-शाहपुरा-डिंडोरी-रोड) 0+000 से 160+000 कि.मी.) पैकेज -IV",https://bhoomirashi.gov.in/auth/revamp/prep_public.cshtml?nid=1&project_id=58854,3199.515,202.575,2996.94,1.473,0.06331428357110375
58854,2022-12-29,S.O.6122(E),SO6122E,2023-07-26,3348(E),3348E,209,0,deduped_nearest_subsequent_3D,False,True,MO/2019/58854,"Prepration of DPR for newly declared NH in the State of Madhya Pradesh under Packages- I,II & IV. Details of bids proposed for approval are as below:- National Highway - No. 45-Ext. (Jabalpur-Kundam-shahpura-Dindori-Road) From Km. 0+000 to 160+000 k.m.) Package-IV प्रिपरेसन ऑफ DPR फॉर न्यूली डिक्लियर्ड NH इन द स्टेट ऑफ मध्य प्रदेश अंडर पैकेज - I,II & IV. डिटेल्स ऑफ बीड्स प्रपोस्ड फॉर अप्रूवल अर एस बिलो:- (एन.एच.-45 विस्तार (जबलपुर-कुण्डम-शाहपुरा-डिंडोरी-रोड) 0+000 से 160+000 कि.मी.) पैकेज -IV",https://bhoomirashi.gov.in/auth/revamp/prep_public.cshtml?nid=1&project_id=58854,3199.515,202.575,2996.94,1.473,0.06331428357110375
58854,2023-01-05,S.O.67(E),SO67E,2023-10-10,4397(E),4397E,278,0,deduped_nearest_subsequent_3D,False,True,MO/2019/58854,"Prepration of DPR for newly declared NH in the State of Madhya Pradesh under Packages- I,II & IV. Details of bids proposed for approval are as below:- National Highway - No. 45-Ext. (Jabalpur-Kundam-shahpura-Dindori-Road) From Km. 0+000 to 160+000 k.m.) Package-IV प्रिपरेसन ऑफ DPR फॉर न्यूली डिक्लियर्ड NH इन द स्टेट ऑफ मध्य प्रदेश अंडर पैकेज - I,II & IV. डिटेल्स ऑफ बीड्स प्रपोस्ड फॉर अप्रूवल अर एस बिलो:- (एन.एच.-45 विस्तार (जबलपुर-कुण्डम-शाहपुरा-डिंडोरी-रोड) 0+000 से 160+000 कि.मी.) पैकेज -IV",https://bhoomirashi.gov.in/auth/revamp/prep_public.cshtml?nid=1&project_id=58854,3199.515,202.575,2996.94,1.473,0.06331428357110375
58858,2020-10-15,S.O. 3622(E),SO3622E,2023-04-06,1667(E),1667E,903,1,deduped_nearest_subsequent_3D,False,True,MO/2019/58858,Widening and Up-gradation to 2- Lane with paved shoulders of Patto-Jawahar singh wala to Kangar road section of NH-254 from Km 38.000 to Km 51.200 in the state of PUNJAB on EPC Mode (Package-III). वाइडनिंग अंड यूपी-ग्रेडेशन टो 2- लेन विथ पावेद शोल्डर्स ओफ पट्टों-जवाहर सिंह वाला टो कांगर रोड सेक्शन ओफ ऍन्‌हॆच्‌-254 फ्रम केएम 38.000 टो केएम 51.200 इन ठे स्टेट ओफ पंजाब ओन ईपीसी मोड (पैकेज-ऐऐऐ).,https://bhoomirashi.gov.in/auth/revamp/prep_public.cshtml?nid=1&project_id=58858,100.0,24.6227,75.3773,0.0,0.24622699999999997
58858,2025-05-15,2179(E),2179E,2026-07-18,3295(E),3295E,429,1,deduped_nearest_subsequent_3D,False,True,MO/2019/58858,Widening and Up-gradation to 2- Lane with paved shoulders of Patto-Jawahar singh wala to Kangar road section of NH-254 from Km 38.000 to Km 51.200 in the state of PUNJAB on EPC Mode (Package-III). वाइडनिंग अंड यूपी-ग्रेडेशन टो 2- लेन विथ पावेद शोल्डर्स ओफ पट्टों-जवाहर सिंह वाला टो कांगर रोड सेक्शन ओफ ऍन्‌हॆच्‌-254 फ्रम केएम 38.000 टो केएम 51.200 इन ठे स्टेट ओफ पंजाब ओन ईपीसी मोड (पैकेज-ऐऐऐ).,https://bhoomirashi.gov.in/auth/revamp/prep_public.cshtml?nid=1&project_id=58858,100.0,24.6227,75.3773,0.0,0.24622699999999997
58859,2020-07-30,SO 2543 (E),SO2543E,2022-12-06,5677,5677,859,1,deduped_nearest_subsequent_3D,False,True,MO/2019/58859,Widening to two lane paved shoulder from Km . 194 . 900 to 243 . 200 of NH 234 Banavara Huliyar Section in Karnataka State (Job No.234-KNT-2017-18-870) विडेनिंग तो तवो लेन पवेद शोल्डर फ्रॉम कम . १९४ . ९०० तो २४३ . २०० ऑफ़ नह २३४ बनवारा हुलियार सेक्शन इन कर्नाटक स्टेट,https://bhoomirashi.gov.in/auth/revamp/prep_public.cshtml?nid=1&project_id=58859,25.0,0.0,25.0,0.2101,0.0
58859,2020-07-30,SO 2544(E),SO2544E,2022-12-06,5678,5678,859,1,deduped_nearest_subsequent_3D,False,True,MO/2019/58859,Widening to two lane paved shoulder from Km . 194 . 900 to 243 . 200 of NH 234 Banavara Huliyar Section in Karnataka State (Job No.234-KNT-2017-18-870) विडेनिंग तो तवो लेन पवेद शोल्डर फ्रॉम कम . १९४ . ९०० तो २४३ . २०० ऑफ़ नह २३४ बनवारा हुलियार सेक्शन इन कर्नाटक स्टेट,https://bhoomirashi.gov.in/auth/revamp/prep_public.cshtml?nid=1&project_id=58859,25.0,0.0,25.0,0.2101,0.0
58859,2020-07-30,SO 2545 (E),SO2545E,2022-12-06,5679,5679,859,1,deduped_nearest_subsequent_3D,False,True,MO/2019/58859,Widening to two lane paved shoulder from Km . 194 . 900 to 243 . 200 of NH 234 Banavara Huliyar Section in Karnataka State (Job No.234-KNT-2017-18-870) विडेनिंग तो तवो लेन पवेद शोल्डर फ्रॉम कम . १९४ . ९०० तो २४३ . २०० ऑफ़ नह २३४ बनवारा हुलियार सेक्शन इन कर्नाटक स्टेट,https://bhoomirashi.gov.in/auth/revamp/prep_public.cshtml?nid=1&project_id=58859,25.0,0.0,25.0,0.2101,0.0
58859,2021-12-09,5113,5113,2023-10-20,4598(E),4598E,680,1,deduped_nearest_subsequent_3D,False,True,MO/2019/58859,Widening to two lane paved shoulder from Km . 194 . 900 to 243 . 200 of NH 234 Banavara Huliyar Section in Karnataka State (Job No.234-KNT-2017-18-870) विडेनिंग तो तवो लेन पवेद शोल्डर फ्रॉम कम . १९४ . ९०० तो २४३ . २०० ऑफ़ नह २३४ बनवारा हुलियार सेक्शन इन कर्नाटक स्टेट,https://bhoomirashi.gov.in/auth/revamp/prep_public.cshtml?nid=1&project_id=58859,25.0,0.0,25.0,0.2101,0.0
58859,2021-12-09,5114,5114,2023-10-20,4600(E),4600E,680,1,deduped_nearest_subsequent_3D,False,True,MO/2019/58859,Widening to two lane paved shoulder from Km . 194 . 900 to 243 . 200 of NH 234 Banavara Huliyar Section in Karnataka State (Job No.234-KNT-2017-18-870) विडेनिंग तो तवो लेन पवेद शोल्डर फ्रॉम कम . १९४ . ९०० तो २४३ . २०० ऑफ़ नह २३४ बनवारा हुलियार सेक्शन इन कर्नाटक स्टेट,https://bhoomirashi.gov.in/auth/revamp/prep_public.cshtml?nid=1&project_id=58859,25.0,0.0,25.0,0.2101,0.0
58859,2021-12-14,5191,5191,2023-11-22,5008(E),5008E,708,1,deduped_nearest_subsequent_3D,False,True,MO/2019/58859,Widening to two lane paved shoulder from Km . 194 . 900 to 243 . 200 of NH 234 Banavara Huliyar Section in Karnataka State (Job No.234-KNT-2017-18-870) विडेनिंग तो तवो लेन पवेद शोल्डर फ्रॉम कम . १९४ . ९०० तो २४३ . २०० ऑफ़ नह २३४ बनवारा हुलियार सेक्शन इन कर्नाटक स्टेट,https://bhoomirashi.gov.in/auth/revamp/prep_public.cshtml?nid=1&project_id=58859,25.0,0.0,25.0,0.2101,0.0
58860,2019-06-21,2055 (E),2055E,2019-09-17,3346 (E),3346E,88,0,deduped_nearest_subsequent_3D,False,True,MO/2019/58860,Land Acquisition on NH 34 (erstwhile National Highway No.108 ) from km 101.060 to km 110.860 Dharasu - Gangotri road in the district of uttarkashi in the state of uttarkhand लैंड एक्वीजीशन ों नह ३४ (ेरस्टवहिले नेशनल हाईवे No.१०८ ) फ्रॉम कम तो कम 110.८६० धरासू - गंगोत्री रोड इन थे डिस्ट्रिक्ट ऑफ़ उत्तरकाशी इन थे स्टेट ऑफ़ उत्तरखंड,https://bhoomirashi.gov.in/auth/revamp/prep_public.cshtml?nid=1&project_id=58860,1.775,0.0,1.775,0.0,0.0
58865,2020-10-28,3862,3862,2020-12-22,4670(E),4670E,55,0,deduped_nearest_subsequent_3D,False,True,MO/2019/58865,Rehabilitation and upgradation of Chittoor â€“ Kurnool Road NH-18 (New NH-40) 2 lane to 4-Lane from Km 4.14 to 18.34 (excluding 2.94 Km ROB portion) from Murkambattu junction to Rangampet cross in the State of Andhra Pradesh under Corridor Approach through EPC mode under NH(O) रिहैबिलिटेशन एंड अपग्रेडेशन ऑफ़ चित्तूर – कुर्नूल रोड रारा -18 (नई रारा -40) 2 लेन टु 4-लेन फ्रॉम किमी. 4.14 टु 18.34 (एक्सक्लूडिंग 2.94 किमी. आरओबी पोरशन) फ्रॉम मुरकामबत्तू जंक्शन टु रंगमपेट क्रॉस इन द स्टेट ऑफ़ आंध्र प्रदेश अंडर कॉरिडोर एप्रोच थ्रू इपीसी मोड अंडर एनएच (ओ),https://bhoomirashi.gov.in/auth/revamp/prep_public.cshtml?nid=1&project_id=58865,37.22,32.98,4.24,0.0,0.8860827512090274
58868,2025-02-13,791(E),791E,2026-01-08,142(E),142E,329,0,deduped_nearest_subsequent_3D,False,True,MO/2019/58868,Construction of Proposed 4 lane ROB and its approaches in replacement of exiting level crossing no 21X at ch 106/875 to 107/905 on NH-64 near borsad in Anand district in the state of Gujarat कंस्ट्रक्शन ओएफ प्रपोज्ड 4 लेन आर्‌ओबी एंड आईटीएस एप्रोचेज आईएन रिप्लेसमेंट ओएफ एक्जिटिंग लेवल क्रॉसिंग नो 21ऍक्स्‌ एटी सीहॆच्‌ 106/875 टीओ 107/905 ओन ऍन्‌हॆच्‌-6 नेअर बोरसाड आईएन आनंद डिस्ट्रिक्ट आईएन थे स्टेट ओएफ गुजरात,https://bhoomirashi.gov.in/auth/revamp/prep_public.cshtml?nid=1&project_id=58868,5.0,3.0,2.0,0.047,0.6
58868,2025-11-17,5241(E),5241E,2026-03-24,1558(E),1558E,127,0,deduped_nearest_subsequent_3D,False,True,MO/2019/58868,Construction of Proposed 4 lane ROB and its approaches in replacement of exiting level crossing no 21X at ch 106/875 to 107/905 on NH-64 near borsad in Anand district in the state of Gujarat कंस्ट्रक्शन ओएफ प्रपोज्ड 4 लेन आर्‌ओबी एंड आईटीएस एप्रोचेज आईएन रिप्लेसमेंट ओएफ एक्जिटिंग लेवल क्रॉसिंग नो 21ऍक्स्‌ एटी सीहॆच्‌ 106/875 टीओ 107/905 ओन ऍन्‌हॆच्‌-6 नेअर बोरसाड आईएन आनंद डिस्ट्रिक्ट आईएन थे स्टेट ओएफ गुजरात,https://bhoomirashi.gov.in/auth/revamp/prep_public.cshtml?nid=1&project_id=58868,5.0,3.0,2.0,0.047,0.6
58873,2021-05-24,1985(E),1985E,2022-01-04,31(E),31E,225,0,deduped_nearest_subsequent_3D,False,True,MO/2019/58873,Acquisition of land for construction of Bypass near Bhawanipatna town on NH 26 एक्वीजीशन ऑफ़ लैंड फॉर कंस्ट्रक्शन ऑफ़ बाईपास नियर भवानीपटना टाउन ों नह २६,https://bhoomirashi.gov.in/auth/revamp/prep_public.cshtml?nid=1&project_id=58873,50.0,0.0,50.0,3.1554027,0.0
58874,2019-06-22,S.O.2048E,SO2048E,2020-06-12,S.O.1867E,SO1867E,356,0,deduped_nearest_subsequent_3D,False,True,MO/2019/58874,"Rehabilitation and up-gradation of NH-167 from Km 14/900 to Km 70/000 (Design Chainage 14/900 to 69/700)(Chintakunta to Adoni section) to two lane with paved shoulder in the state of Andhra Pradesh through Engineering, Procurement and Construction (EPC) Basis NH(O) Plan 2016-17 रिहैबिलिटेशन एंड अप-ग्रेडेशन ऑफ़ रारा-167 फ्रॉम किमी. 14/900 से किमी. 70/000 (डिज़ाइन चैनेज 14/900 से 69/700)(चिन्ताकुंटा से अडोनी सेक्शन) टु टू लेन विद पेव्ड शोल्डर इन द स्टेट ऑफ़ आंध्र प्रदेश थ्रू इंजीनियरिंग, प्रोक्योरमेंट एंड कंस्ट्रक्शन (इपीसी) बेसिस रारा(ओ) प्लान 2016-2017",https://bhoomirashi.gov.in/auth/revamp/prep_public.cshtml?nid=1&project_id=58874,6.98,3.3,3.68,0.0,0.4727793696275071
58874,2020-12-15,4552,4552,2021-08-31,3520(E),3520E,259,0,deduped_nearest_subsequent_3D,False,True,MO/2019/58874,"Rehabilitation and up-gradation of NH-167 from Km 14/900 to Km 70/000 (Design Chainage 14/900 to 69/700)(Chintakunta to Adoni section) to two lane with paved shoulder in the state of Andhra Pradesh through Engineering, Procurement and Construction (EPC) Basis NH(O) Plan 2016-17 रिहैबिलिटेशन एंड अप-ग्रेडेशन ऑफ़ रारा-167 फ्रॉम किमी. 14/900 से किमी. 70/000 (डिज़ाइन चैनेज 14/900 से 69/700)(चिन्ताकुंटा से अडोनी सेक्शन) टु टू लेन विद पेव्ड शोल्डर इन द स्टेट ऑफ़ आंध्र प्रदेश थ्रू इंजीनियरिंग, प्रोक्योरमेंट एंड कंस्ट्रक्शन (इपीसी) बेसिस रारा(ओ) प्लान 2016-2017",https://bhoomirashi.gov.in/auth/revamp/prep_public.cshtml?nid=1&project_id=58874,6.98,3.3,3.68,0.0,0.4727793696275071
58878,2019-08-07,2863,2863,2019-12-31,55,55,146,0,deduped_nearest_subsequent_3D,False,True,MO/2019/58878,Rehabilitation and up-gradation of Pilibhit-Gola-Bahraich-Siddharthnagar-Maharajganj-Padruan Section (Km 505.00 to Km. 538.00) of NH-730 in the state of Uttar Pradesh to 2 lane with paved shoulder on EPC .,https://bhoomirashi.gov.in/auth/revamp/prep_public.cshtml?nid=1&project_id=58878,0.3,0.0,0.3,0.0,0.0
