project_code,snapshot_month,sector_name,line_ministry,original_cost_crore,expenditure_crore,days_to_original_deadline,original_deadline_passed,expenditure_to_original_cost_pct,will_schedule_slip_next_3_months
400005,2025-07,Transmission & Distribution,Ministry of Power,4546,4148.46,-780.0,1,91.25516937967444,0
400010,2025-07,Aviation & Aviation Infrastructure,Ministry of Civil Aviation,480,427.04,-1416.0,1,88.96666666666667,0
400012,2025-07,Energy Storage,Ministry of Petroleum & Natural Gas,10088,7598.13,-1309.0,1,75.31849722442506,0
400013,2025-07,Telecommunication,Department of Telecommunications,26316,9291.8,-406.0,1,35.30855753153975,0
400018,2025-07,Coal,Ministry of Coal,859,450.47,1339.0,0,52.44121071012806,0
400019,2025-07,Railways,Ministry of Railways,493,234.48,518.0,0,47.56186612576065,0
400022,2025-07,Railways,Ministry of Railways,2798,1891.9,1826.0,0,67.61615439599714,0
400023,2025-07,Railways,Ministry of Railways,749,,1004.0,0,,0
400033,2025-07,Coal,Ministry of Coal,581,20.52,974.0,0,3.53184165232358,0
400035,2025-07,Energy Storage,Ministry of Petroleum & Natural Gas,656,465.73,61.0,0,70.9954268292683,1
400043,2025-07,Energy Storage,Ministry of Petroleum & Natural Gas,829,297.77,304.0,0,35.91917973462002,0
400045,2025-07,Railways,Ministry of Railways,168,69.85,-122.0,1,41.57738095238095,0
400062,2025-07,Electricity Generation,Ministry of Power,17673,1183.7,1430.0,0,6.697787585582528,0
400065,2025-07,Steel,Ministry of Steel,1105,736.47,-77.0,1,66.64886877828054,1
400073,2025-07,Coal,Ministry of Coal,799,426.16,2435.0,0,53.33667083854819,0
400074,2025-07,Coal,Ministry of Coal,908,251.79,1339.0,0,27.730176211453745,0
400077,2025-07,Energy Storage,Ministry of Petroleum & Natural Gas,827,619.5,-212.0,1,74.9093107617896,0
400078,2025-07,Energy Storage,Ministry of Petroleum & Natural Gas,9028,7071.08,-224.0,1,78.32388125830748,0
400087,2025-07,Oil & Gas,Ministry of Petroleum & Natural Gas,886,765.43,212.0,0,86.39164785553048,0
400093,2025-07,Water Resources,"Department of Water Resources, River Development & GR",1673,,-2039.0,1,,0
400095,2025-07,Water Resources,"Department of Water Resources, River Development & GR",744,252.0,-2039.0,1,33.87096774193548,0
400096,2025-07,Water Resources,"Department of Water Resources, River Development & GR",648,172.56,-2039.0,1,26.62962962962963,0
400097,2025-07,Water Resources,"Department of Water Resources, River Development & GR",5022,4954.99,-2039.0,1,98.66567104739147,1
400100,2025-07,Water Resources,"Department of Water Resources, River Development & GR",353,869.11,-2039.0,1,246.20679886685554,1
400101,2025-07,Water Resources,"Department of Water Resources, River Development & GR",397,610.89,-2039.0,1,153.8765743073048,0
400102,2025-07,Water Resources,"Department of Water Resources, River Development & GR",736,940.7,-2039.0,1,127.8125,1
400103,2025-07,Water Resources,"Department of Water Resources, River Development & GR",1331,4491.08,-2039.0,1,337.42148760330576,1
400104,2025-07,Water Resources,"Department of Water Resources, River Development & GR",571,469.66,-2039.0,1,82.2521891418564,0
400105,2025-07,Water Resources,"Department of Water Resources, River Development & GR",581,713.46,-1127.0,1,122.79862306368332,1
400107,2025-07,Water Resources,"Department of Water Resources, River Development & GR",2408,2436.43,-762.0,1,101.18064784053156,0
400109,2025-07,Water Resources,"Department of Water Resources, River Development & GR",848,690.49,-1857.0,1,81.42570754716981,1
400111,2025-07,Water Resources,"Department of Water Resources, River Development & GR",460,616.93,-2039.0,1,134.11521739130436,1
400112,2025-07,Water Resources,"Department of Water Resources, River Development & GR",7223,8501.45,1065.0,0,117.6997092620795,0
400115,2025-07,Water Resources,"Department of Water Resources, River Development & GR",751,777.99,-2039.0,1,103.59387483355526,1
400116,2025-07,Water Resources,"Department of Water Resources, River Development & GR",1229,1807.2,-2039.0,1,147.04637917005695,1
400117,2025-07,Water Resources,"Department of Water Resources, River Development & GR",741,3218.3,-2039.0,1,434.31848852901487,0
400119,2025-07,Oil & Gas,Ministry of Petroleum & Natural Gas,3191,3074.01,-2649.0,1,96.33375117518021,0
400120,2025-07,Oil & Gas,Ministry of Petroleum & Natural Gas,34012,35498.3,-1857.0,1,104.3699282606139,0
400121,2025-07,Steel,Ministry of Steel,1044,214.48,390.0,0,20.54406130268199,0
400136,2025-07,Coal,Ministry of Coal,2660,,2435.0,0,,0
400138,2025-07,Coal,Ministry of Coal,974,440.32,2435.0,0,45.20739219712526,0
400139,2025-07,Coal,Ministry of Coal,861,441.05,2435.0,0,51.225319396051106,0
400141,2025-07,Metals & Mining,Ministry of Mines,4103,3913.98,-943.0,1,95.39312698025834,0
400142,2025-07,Coal,Ministry of Coal,2243,1165.64,1157.0,0,51.967900133749446,0
400144,2025-07,Coal,Ministry of Coal,2310,83.66,1339.0,0,3.621645021645022,0
400145,2025-07,Coal,Ministry of Coal,611,577.46,-1218.0,1,94.51063829787235,1
400147,2025-07,Coal,Ministry of Coal,7612,4697.95,-853.0,1,61.71768260641093,0
400148,2025-07,Coal,Ministry of Coal,869,274.45,-1583.0,1,31.582278481012654,0
400149,2025-07,Coal,Ministry of Coal,2310,913.03,1339.0,0,39.52510822510823,0
400150,2025-07,Coal,Ministry of Coal,7254,1534.64,974.0,0,21.15577612351806,0
400151,2025-07,Coal,Ministry of Coal,779,695.11,1339.0,0,89.23106546854942,0
400152,2025-07,Coal,Ministry of Coal,1249,495.4,243.0,0,39.663730984787826,0
400153,2025-07,Coal,Ministry of Coal,1020,83.95,974.0,0,8.230392156862745,0
400154,2025-07,Coal,Ministry of Coal,713,236.57,608.0,0,33.179523141654975,0
400155,2025-07,Coal,Ministry of Coal,2898,176.6,974.0,0,6.0938578329882676,1
400156,2025-07,Coal,Ministry of Coal,5136,1125.18,974.0,0,21.90771028037383,0
400158,2025-07,Oil & Gas,Ministry of Petroleum & Natural Gas,1165,901.73,-518.0,1,77.40171673819742,0
400160,2025-07,Coal,Ministry of Coal,511,488.57,-3409.0,1,95.6105675146771,0
400161,2025-07,Oil & Gas,Ministry of Petroleum & Natural Gas,911,1004.0,-547.0,1,110.2085620197585,1
400162,2025-07,Coal,Ministry of Coal,999,458.01,-853.0,1,45.846846846846844,0
400165,2025-07,Coal,Ministry of Coal,1694,1278.66,1339.0,0,75.48170011806376,1
400166,2025-07,Coal,Ministry of Coal,5195,3455.65,1339.0,0,66.51876804619828,1
400167,2025-07,Oil & Gas,Ministry of Petroleum & Natural Gas,1163,1156.9,243.0,0,99.47549441100603,0
400168,2025-07,Oil & Gas,Ministry of Petroleum & Natural Gas,8797,6768.36,-114.0,1,76.93941116289645,1
400169,2025-07,Oil & Gas,Ministry of Petroleum & Natural Gas,631,505.07,-122.0,1,80.04278922345483,1
400171,2025-07,Oil & Gas,Ministry of Petroleum & Natural Gas,1421,1180.91,-894.0,1,83.10415200562984,0
400172,2025-07,Coal,Ministry of Coal,514,228.71,243.0,0,44.496108949416346,1
400173,2025-07,Coal,Ministry of Coal,889,85.51,243.0,0,9.618672665916762,1
400174,2025-07,Steel,Ministry of Steel,1034,883.23,-2830.0,1,85.41876208897486,0
400177,2025-07,Coal,Ministry of Coal,727,524.54,-122.0,1,72.15130674002751,0
400178,2025-07,Coal,Ministry of Coal,823,621.73,608.0,0,75.54434993924666,0
400180,2025-07,Coal,Ministry of Coal,570,81.29,243.0,0,14.26140350877193,1
400181,2025-07,Coal,Ministry of Coal,503,70.97,1339.0,0,14.10934393638171,0
400182,2025-07,Coal,Ministry of Coal,535,5.05,608.0,0,0.9439252336448598,1
400183,2025-07,Coal,Ministry of Coal,3504,1027.23,1339.0,0,29.315924657534246,0
400185,2025-07,Coal,Ministry of Coal,8416,1694.31,1704.0,0,20.132010456273765,0
400186,2025-07,Coal,Ministry of Coal,749,51.73,1339.0,0,6.906542056074766,0
400187,2025-07,Coal,Ministry of Coal,2435,1805.65,608.0,0,74.15400410677618,0
400188,2025-07,Real Estate,Ministry of Housing & Urban Affairs,32850,0.0,-943.0,1,0.0,0
400192,2025-07,Coal,Ministry of Power,1581,599.18,304.0,0,37.89879822896901,0
400203,2025-07,Railways,Ministry of Coal,1686,342.96,518.0,0,20.341637010676155,0
400204,2025-07,Railways,Ministry of Railways,4940,1217.13,1917.0,0,24.638259109311743,0
400205,2025-07,Railways,Ministry of Railways,1320,457.35,1339.0,0,34.64772727272727,0
400220,2025-07,Railways,Ministry of Railways,3055,2574.54,-2496.0,1,84.27299509001637,0
400223,2025-07,Railways,Ministry of Railways,713,598.38,243.0,0,83.92426367461431,0
400231,2025-07,Electricity Generation,Ministry of Coal,27213,1938.68,1704.0,0,7.12409510160585,0
400232,2025-07,Railways,Ministry of Railways,297,193.22,518.0,0,65.05723905723906,0
400234,2025-07,Railways,Ministry of Railways,8975,4950.0,243.0,0,55.15320334261838,0
400235,2025-07,Energy Storage,Ministry of Petroleum & Natural Gas,677,518.22,-122.0,1,76.54652880354506,1
400247,2025-07,Railways,Ministry of Railways,1000,1029.97,577.0,0,102.997,0
400253,2025-07,Railways,Ministry of Railways,4803,5722.01,518.0,0,119.13408286487612,0
400254,2025-07,Railways,Ministry of Railways,735,585.09,-212.0,1,79.60408163265306,0
400259,2025-07,Electricity Generation,Ministry of Coal,17238,20135.5,-1708.0,1,116.80879452372666,1
400261,2025-07,Electricity Generation,Ministry of Power,17112,17365.0,-853.0,1,101.47849462365592,0
400271,2025-07,Railways,Ministry of Railways,3445,3002.93,974.0,0,87.16777939042089,0
400273,2025-07,Railways,Ministry of Railways,1189,1287.05,-2314.0,1,108.24642556770394,0
400275,2025-07,Railways,Ministry of Railways,3631,1113.53,-3226.0,1,30.667309281189752,0
400277,2025-07,Railways,Ministry of Railways,8964,8097.47,153.0,0,90.33322177599287,0
400280,2025-07,Railways,Ministry of Railways,734,475.73,-365.0,1,64.8133514986376,0
400291,2025-07,Railways,Ministry of Railways,1589,1541.7,-1948.0,1,97.0232850849591,0
400298,2025-07,Railways,Ministry of Railways,2312,2179.0,669.0,0,94.24740484429066,0
400299,2025-07,Metals & Mining,Ministry of Mines,1381,650.04,-122.0,1,47.07023895727733,0
400301,2025-07,Energy Storage,Ministry of Petroleum & Natural Gas,678,675.25,-3078.0,1,99.59439528023599,1
400312,2025-07,Coal,Ministry of Coal,1210,514.93,1339.0,0,42.55619834710743,0
400313,2025-07,Coal,Ministry of Coal,2662,787.75,-2181.0,1,29.592411720510892,0
400315,2025-07,Coal,Ministry of Coal,5366,571.02,1339.0,0,10.641446142377935,0
400321,2025-07,Coal,Ministry of Coal,1730,772.91,-122.0,1,44.67687861271676,0
400352,2025-07,Coal,Ministry of Coal,765,145.81,2069.0,0,19.060130718954248,0
400353,2025-07,Coal,Ministry of Coal,711,80.33,974.0,0,11.29817158931083,0
400354,2025-07,Coal,Ministry of Coal,5241,2675.0,1339.0,0,51.03987788589964,0
400369,2025-07,Coal,Ministry of Coal,836,778.77,-487.0,1,93.15430622009569,0
400392,2025-07,Coal,Ministry of Coal,2839,1748.9,1339.0,0,61.602676998943295,0
400416,2025-07,Railways,Ministry of Coal,1800,1293.71,-31.0,1,71.87277777777777,1
400424,2025-07,Coal,Ministry of Coal,11816,5328.96,-853.0,1,45.09952606635071,0
400425,2025-07,Coal,Ministry of Coal,1230,624.17,-2314.0,1,50.74552845528455,0
400426,2025-07,Metals & Mining,Ministry of Mines,1856,924.98,-1918.0,1,49.83728448275862,0
602096,2025-07,Electricity Generation,Ministry of Power,6285,24685.1,-5440.0,1,392.7621320604614,0
602098,2025-07,Education,Department of Higher Education,425,484.52,-762.0,1,114.00470588235294,1
602099,2025-07,Education,Department of Higher Education,393,320.75,-639.0,1,81.61577608142494,0
602181,2025-07,Electricity Generation,Ministry of Power,5748,4495.28,-511.0,1,78.20598469032707,0
602182,2025-07,Electricity Generation,Ministry of Power,31876,3436.38,2401.0,0,10.780461789434058,0
602184,2025-07,Electricity Generation,Ministry of Power,1382,1266.0,-2131.0,1,91.60636758321273,0
602185,2025-07,Electricity Generation,Ministry of Power,2978,7123.58,-4505.0,1,239.2068502350571,0
602193,2025-07,Electricity Generation,Ministry of Power,4826,7939.82,-1141.0,1,164.52175714877745,1
602194,2025-07,Electricity Generation,Ministry of Power,11089,12429.0,-545.0,1,112.08404725403554,1
602195,2025-07,Electricity Generation,Ministry of Power,3860,4828.89,-959.0,1,125.10077720207255,0
602223,2025-07,Transmission & Distribution,Ministry of Power,4754,7321.07,-2416.0,1,153.99810685738325,0
602525,2025-07,Electricity Generation,Ministry of Power,8112,6916.1,-1921.0,1,85.25764299802762,1
602532,2025-07,Electricity Generation,Ministry of Power,4288,3055.87,-693.0,1,71.265625,1
602535,2025-07,Electricity Generation,Ministry of Power,5282,1009.79,194.0,0,19.11756910261265,0
602538,2025-07,Electricity Generation,Ministry of Power,1037,1085.39,-556.0,1,104.66634522661525,0
602579,2025-07,Electricity Generation,Ministry of Power,10439,11971.0,-570.0,1,114.67573522368042,1
602582,2025-07,Electricity Generation,Ministry of Power,688,908.65,97.0,0,132.07122093023256,0
602593,2025-07,Electricity Generation,Ministry of Power,1811,1742.92,172.0,0,96.24075096631695,1
602633,2025-07,Electricity Generation,Ministry of Power,2615,495.57,608.0,0,18.951051625239003,0
602792,2025-07,Railways,Ministry of Railways,1171,848.0,-153.0,1,72.41673783091375,1
602797,2025-07,Railways,Ministry of Railways,462,178.45,608.0,0,38.625541125541126,0
602961,2025-07,Electricity Generation,Ministry of Power,11844,3975.0,669.0,0,33.5612968591692,0
603293,2025-07,Coal,Ministry of Power,502,302.2,11476.0,0,60.199203187250994,0
603945,2025-07,Water Resources,"Department of Water Resources, River Development & GR",567,2629.74,-2039.0,1,463.79894179894177,1
604791,2025-07,Oil & Gas,Ministry of Petroleum & Natural Gas,12366,16502.4,-369.0,1,133.44978165938866,0
604792,2025-07,Oil & Gas,Ministry of Petroleum & Natural Gas,1750,4650.0,-1400.0,1,265.7142857142857,1
604795,2025-07,Oil & Gas,Ministry of Petroleum & Natural Gas,31580,1342.27,-59.0,1,4.250379987333756,0
604833,2025-07,Energy Storage,Ministry of Petroleum & Natural Gas,281,227.54,-61.0,1,80.97508896797153,0
604852,2025-07,Energy Storage,Ministry of Petroleum & Natural Gas,980,236.22,487.0,0,24.10408163265306,0
604853,2025-07,Oil & Gas,Ministry of Petroleum & Natural Gas,2282,1800.61,-943.0,1,78.90490797546012,1
604859,2025-07,Oil & Gas,Ministry of Petroleum & Natural Gas,13805,8250.46,-547.0,1,59.76428830134009,0
604863,2025-07,Oil & Gas,Ministry of Petroleum & Natural Gas,683,488.37,-1979.0,1,71.50366032210835,0
605155,2025-07,Electricity Generation,Ministry of Power,4526,1078.61,467.0,0,23.831418471056118,1
605156,2025-07,Electricity Generation,Ministry of Power,938,1554.15,-428.0,1,165.68763326226014,0
605292,2025-07,Education,Department of Higher Education,348,290.39,-762.0,1,83.44540229885057,0
606013,2025-07,Education,Department of Higher Education,499,425.47,-365.0,1,85.26452905811624,0
606112,2025-07,Education,Department of Higher Education,154,288.87,-631.0,1,187.57792207792207,1
606431,2025-07,Education,Department of Higher Education,1006,615.95,-1150.0,1,61.22763419483101,0
606479,2025-07,Education,Department of Higher Education,246,185.83,-1035.0,1,75.54065040650407,0
606781,2025-07,Transmission & Distribution,Ministry of Power,289,202.1,-212.0,1,69.93079584775086,1
607701,2025-07,Oil & Gas,Ministry of Petroleum & Natural Gas,412,430.83,-639.0,1,104.57038834951456,0
607709,2025-07,Transmission & Distribution,Ministry of Power,5111,5253.47,-2404.0,1,102.78751711993739,1
608301,2025-07,Transmission & Distribution,Ministry of Power,359,330.71,-670.0,1,92.11977715877437,1
608302,2025-07,Transmission & Distribution,Ministry of Power,318,286.31,-92.0,1,90.03459119496856,1
608922,2025-07,Transmission & Distribution,Ministry of Power,1666,2139.28,-609.0,1,128.40816326530614,0
609019,2025-07,Education,Department of Higher Education,500,382.6,-853.0,1,76.52,0
609041,2025-07,Education,Department of Higher Education,287,310.0,-853.0,1,108.01393728222996,0
609424,2025-07,Inland Waterways,"Ministry of Ports, Shipping and Waterways",4244,346.2,513.0,0,8.157398680490104,1
609736,2025-07,Education,Department of Higher Education,314,238.22,-208.0,1,75.86624203821655,1
609996,2025-07,Education,Department of Higher Education,262,164.4,-281.0,1,62.74809160305344,0
610315,2025-07,Education,Department of Higher Education,1229,835.55,-1583.0,1,67.98616761594792,1
610940,2025-07,Education,Department of Higher Education,420,360.72,-487.0,1,85.88571428571429,1
610984,2025-07,Oil & Gas,Ministry of Petroleum & Natural Gas,431,211.34,-557.0,1,49.034802784222734,1
610985,2025-07,Oil & Gas,Ministry of Petroleum & Natural Gas,423,287.49,-578.0,1,67.96453900709221,0
611016,2025-07,Coal,Ministry of Coal,385,353.21,-1765.0,1,91.74285714285713,1
611017,2025-07,Coal,Ministry of Coal,334,138.69,-2649.0,1,41.52395209580838,0
611047,2025-07,Aviation & Aviation Infrastructure,Ministry of Civil Aviation,861,154.3,325.0,0,17.92102206736353,0
611452,2025-07,Railways,Ministry of Railways,311,208.0,153.0,0,66.88102893890675,0
611495,2025-07,Aviation & Aviation Infrastructure,Ministry of Civil Aviation,1549,262.41,521.0,0,16.9406068431246,0
611509,2025-07,Electricity Generation,Ministry of Power,14358,1116.7,1322.0,0,7.777545619167016,0
611570,2025-07,Aviation & Aviation Infrastructure,Ministry of Civil Aviation,500,306.21,42.0,0,61.242,1
611586,2025-07,Electricity Generation,Ministry of Power,2615,956.76,977.0,0,36.58738049713193,1
611602,2025-07,Aviation & Aviation Infrastructure,Ministry of Civil Aviation,1207,376.47,0.0,0,31.19055509527755,1
611614,2025-07,Railways,Ministry of Railways,819,471.0,487.0,0,57.509157509157504,0
611615,2025-07,Railways,Ministry of Railways,342,,852.0,0,,0
611656,2025-07,Transmission & Distribution,Ministry of Power,1168,1013.39,-122.0,1,86.76284246575342,1
611657,2025-07,Transmission & Distribution,Ministry of Power,2821,2454.26,-122.0,1,86.99964551577456,1
611659,2025-07,Transmission & Distribution,Ministry of Power,1433,1341.7,-304.0,1,93.62875087229588,1
611660,2025-07,Transmission & Distribution,Ministry of Power,967,894.76,-212.0,1,92.52947259565667,1
611669,2025-07,Railways,Ministry of Railways,380,24.53,608.0,0,6.455263157894738,0
611698,2025-07,Electricity Generation,Ministry of Power,1939,49.31,1459.0,0,2.5430634347601857,0
611699,2025-07,Electricity Generation,Ministry of Power,1750,102.79,1459.0,0,5.8737142857142866,0
611735,2025-07,Transmission & Distribution,Ministry of Power,331,75.92,-122.0,1,22.936555891238672,1
611737,2025-07,Transmission & Distribution,Ministry of Power,386,378.16,-609.0,1,97.96891191709845,1
611751,2025-07,Railways,Ministry of Railways,961,0.0,608.0,0,0.0,0
611752,2025-07,Railways,Ministry of Railways,352,18.0,608.0,0,5.113636363636364,0
611754,2025-07,Railways,Ministry of Railways,293,0.0,365.0,0,0.0,0
611798,2025-07,Metals & Mining,Ministry of Mines,2705,,2800.0,0,,0
611800,2025-07,Metals & Mining,Ministry of Mines,665,13.33,974.0,0,2.004511278195489,0
611849,2025-07,Railways,Ministry of Railways,969,411.0,1065.0,0,42.414860681114554,0
611861,2025-07,Railways,Ministry of Railways,352,239.01,699.0,0,67.90056818181817,0
611864,2025-07,Coal,Ministry of Coal,4012,398.5,1704.0,0,9.932701894317049,0
611884,2025-07,Railways,Ministry of Railways,471,187.33,943.0,0,39.7728237791932,0
611917,2025-07,Oil & Gas,Ministry of Petroleum & Natural Gas,1459,1043.9,-122.0,1,71.54900616860864,0
611918,2025-07,Railways,Ministry of Railways,468,20.0,607.0,0,4.273504273504273,0
611927,2025-07,Railways,Ministry of Railways,561,276.66,-578.0,1,49.31550802139038,0
611929,2025-07,Railways,Ministry of Railways,167,0.0,-214.0,1,0.0,0
611930,2025-07,Electricity Generation,Ministry of Power,15530,2288.0,1065.0,0,14.732775273663876,0
611937,2025-07,Railways,Ministry of Railways,418,223.0,304.0,0,53.34928229665071,0
611938,2025-07,Railways,Ministry of Railways,415,364.0,304.0,0,87.71084337349397,0
611939,2025-07,Railways,Ministry of Railways,482,461.0,-8797.0,1,95.64315352697096,0
611943,2025-07,Railways,Ministry of Railways,410,6.0,914.0,0,1.4634146341463417,0
611944,2025-07,Railways,Ministry of Railways,152,20.0,243.0,0,13.157894736842104,0
611945,2025-07,Railways,Ministry of Railways,307,82.0,1765.0,0,26.710097719869708,0
611947,2025-07,Transmission & Distribution,Ministry of Power,428,107.07,-46.0,1,25.016355140186914,1
611948,2025-07,Transmission & Distribution,Ministry of Power,2211,1780.53,-92.0,1,80.53052917232021,1
611949,2025-07,Transmission & Distribution,Ministry of Power,1796,1201.17,-92.0,1,66.88028953229399,1
611950,2025-07,Transmission & Distribution,Ministry of Power,2191,1740.6,-92.0,1,79.44317663167503,0
611951,2025-07,Transmission & Distribution,Ministry of Power,689,585.42,-153.0,1,84.966618287373,1
611957,2025-07,Education,Department of Higher Education,496,138.6,518.0,0,27.943548387096772,1
611963,2025-07,Education,Department of Higher Education,651,130.0,791.0,0,19.969278033794165,0
611966,2025-07,Transmission & Distribution,Ministry of Power,224,22.44,-22.0,1,10.017857142857144,1
611967,2025-07,Transmission & Distribution,Ministry of Power,1249,820.26,61.0,0,65.67333867093676,0
611969,2025-07,Railways,Ministry of Railways,246,0.0,456.0,0,0.0,0
611970,2025-07,Railways,Ministry of Railways,670,102.0,1704.0,0,15.223880597014924,0
611971,2025-07,Railways,Ministry of Railways,350,87.0,1704.0,0,24.857142857142858,0
611972,2025-07,Railways,Ministry of Railways,318,0.0,517.0,0,0.0,0
611973,2025-07,Railways,Ministry of Railways,450,0.0,512.0,0,0.0,0
611974,2025-07,Railways,Ministry of Railways,1430,0.0,517.0,0,0.0,1
611975,2025-07,Railways,Ministry of Railways,176,0.0,242.0,0,0.0,0
611976,2025-07,Railways,Ministry of Railways,221,0.0,91.0,0,0.0,0
611977,2025-07,Railways,Ministry of Railways,487,108.69,-153.0,1,22.318275154004105,0
611978,2025-07,Railways,Ministry of Railways,158,47.31,-122.0,1,29.943037974683545,0
611979,2025-07,Railways,Ministry of Railways,250,0.0,-31.0,1,0.0,0
611980,2025-07,Railways,Ministry of Railways,493,3.0,1157.0,0,0.6085192697768762,0
612063,2025-07,Aviation & Aviation Infrastructure,Ministry of Civil Aviation,219,206.33,-254.0,1,94.21461187214612,0
612072,2025-07,Railways,Ministry of Railways,962,132.63,608.0,0,13.786902286902286,1
612096,2025-07,Railways,Ministry of Railways,1209,405.31,608.0,0,33.52440033085195,0
612128,2025-07,Education,Department of Higher Education,167,72.09,238.0,0,43.16766467065868,0
612132,2025-07,Transmission & Distribution,Ministry of Power,2000,1314.8,8.0,0,65.74,1
612133,2025-07,Transmission & Distribution,Ministry of Power,2056,1336.4,148.0,0,65.0,0
612134,2025-07,Transmission & Distribution,Ministry of Power,2998,1592.11,148.0,0,53.105737158105406,1
612135,2025-07,Education,Department of Higher Education,182,132.44,61.0,0,72.76923076923076,1
612138,2025-07,Transmission & Distribution,Ministry of Power,2148,1068.65,192.0,0,49.75093109869647,1
612139,2025-07,Transmission & Distribution,Ministry of Power,3752,1500.72,147.0,0,39.997867803837956,1
612140,2025-07,Transmission & Distribution,Ministry of Power,2889,1154.31,147.0,0,39.955347871235716,1
612142,2025-07,Electricity Generation,Ministry of Power,17195,1626.0,1673.0,0,9.45623727827857,0
612151,2025-07,Transmission & Distribution,Ministry of Power,334,70.44,0.0,0,21.089820359281436,1
612183,2025-07,Aviation & Aviation Infrastructure,Ministry of Civil Aviation,1413,0.0,791.0,0,0.0,0
612194,2025-07,Aviation & Aviation Infrastructure,Ministry of Civil Aviation,912,133.01,160.0,0,14.5844298245614,0
612203,2025-07,Education,Department of Higher Education,68,22.15,365.0,0,32.5735294117647,0
612781,2025-07,Steel,Ministry of Steel,917,118.63,495.0,0,12.936750272628133,0
612786,2025-07,Aviation & Aviation Infrastructure,Ministry of Civil Aviation,266,45.54,180.0,0,17.1203007518797,0
612787,2025-07,Aviation & Aviation Infrastructure,Ministry of Civil Aviation,320,56.54,174.0,0,17.66875,0
612788,2025-07,Aviation & Aviation Infrastructure,Ministry of Civil Aviation,322,115.82,155.0,0,35.96894409937888,0
612789,2025-07,Aviation & Aviation Infrastructure,Ministry of Civil Aviation,485,74.67,59.0,0,15.395876288659792,0
612790,2025-07,Oil & Gas,Ministry of Petroleum & Natural Gas,385,132.73,109.0,0,34.47532467532467,1
612791,2025-07,Aviation & Aviation Infrastructure,Ministry of Civil Aviation,328,98.15,-171.0,1,29.92378048780488,0
612793,2025-07,Aviation & Aviation Infrastructure,Ministry of Civil Aviation,323,29.69,190.0,0,9.191950464396285,0
612815,2025-07,Railways,Ministry of Railways,170,,608.0,0,,0
612816,2025-07,Coal,Ministry of Coal,929,65.61,1704.0,0,7.06243272335845,0
612819,2025-07,Electricity Generation,Ministry of Coal,1813,769.57,-307.0,1,42.44732487589631,1
612827,2025-07,Railways,Ministry of Railways,184,4.16,638.0,0,2.2608695652173916,0
612834,2025-07,Railways,Ministry of Railways,252,79.55,150.0,0,31.567460317460316,0
612838,2025-07,Coal,Ministry of Coal,7580,3091.0,-122.0,1,40.77836411609499,0
612851,2025-07,Education,Department of Higher Education,333,272.95,61.0,0,81.96696696696696,0
612853,2025-07,Oil & Gas,Ministry of Petroleum & Natural Gas,522,190.1,345.0,0,36.417624521072796,0
612855,2025-07,Transmission & Distribution,Ministry of Power,679,81.48,303.0,0,12.000000000000002,1
612856,2025-07,Transmission & Distribution,Ministry of Power,164,50.72,57.0,0,30.926829268292682,1
612876,2025-07,Education,Department of Higher Education,474,167.55,1614.0,0,35.348101265822784,0
612877,2025-07,Education,Department of Higher Education,618,509.24,-212.0,1,82.40129449838189,0
612883,2025-07,Education,Department of Higher Education,686,121.56,926.0,0,17.720116618075803,0
612885,2025-07,Education,Department of Higher Education,495,413.57,-1218.0,1,83.54949494949496,0
612894,2025-07,Education,Department of Higher Education,252,183.36,-255.0,1,72.76190476190477,0
612898,2025-07,Education,Department of Higher Education,593,549.96,396.0,0,92.74198988195617,0
612916,2025-07,Education,Department of Higher Education,491,301.44,-122.0,1,61.39307535641548,0
612998,2025-07,Oil & Gas,Ministry of Petroleum & Natural Gas,367,339.19,-456.0,1,92.42234332425068,1
613002,2025-07,Railways,Ministry of Railways,842,340.0,243.0,0,40.38004750593824,0
613003,2025-07,Railways,Ministry of Railways,1686,288.83,396.0,0,17.131079478054566,0
613008,2025-07,Education,Department of Higher Education,305,83.33,695.0,0,27.321311475409836,0
613013,2025-07,Education,Department of Higher Education,276,257.82,153.0,0,93.41304347826087,0
613015,2025-07,Railways,Ministry of Railways,1813,525.2,608.0,0,28.968560397131824,0
613785,2025-07,Railways,Ministry of Railways,4744,31.77,1249.0,0,0.6696880269814502,0
613786,2025-07,Railways,Ministry of Railways,2379,607.69,974.0,0,25.543926019335856,0
613787,2025-07,Water Resources,"Department of Water Resources, River Development & GR",2584,486.52,1428.0,0,18.828173374613,0
613793,2025-07,Coal,Ministry of Coal,484,55.89,243.0,0,11.547520661157025,1
613794,2025-07,Coal,Ministry of Coal,389,131.42,974.0,0,33.7840616966581,0
613795,2025-07,Coal,Ministry of Coal,279,210.07,-122.0,1,75.29390681003584,0
613798,2025-07,Coal,Ministry of Coal,336,87.47,243.0,0,26.032738095238095,0
613799,2025-07,Coal,Ministry of Coal,316,188.53,243.0,0,59.661392405063296,0
613800,2025-07,Coal,Ministry of Coal,459,274.35,-122.0,1,59.77124183006537,0
613801,2025-07,Coal,Ministry of Coal,410,169.3,243.0,0,41.29268292682927,0
613802,2025-07,Coal,Ministry of Coal,371,144.61,243.0,0,38.97843665768194,0
613803,2025-07,Coal,Ministry of Coal,367,25.07,243.0,0,6.831062670299727,1
613804,2025-07,Coal,Ministry of Coal,314,5.7,608.0,0,1.8152866242038217,0
613808,2025-07,Coal,Ministry of Coal,340,190.65,-4110.0,1,56.07352941176471,0
615183,2025-07,Coal,Ministry of Coal,492,202.18,-122.0,1,41.09349593495935,0
615184,2025-07,Coal,Ministry of Coal,229,139.81,974.0,0,61.0524017467249,0
615185,2025-07,Coal,Ministry of Coal,399,72.21,608.0,0,18.097744360902254,0
615186,2025-07,Coal,Ministry of Coal,319,90.96,243.0,0,28.514106583072095,0
615187,2025-07,Coal,Ministry of Coal,221,,1339.0,0,,0
615188,2025-07,Coal,Ministry of Coal,402,41.08,608.0,0,10.218905472636816,0
615189,2025-07,Coal,Ministry of Coal,362,67.64,243.0,0,18.685082872928177,0
615190,2025-07,Coal,Ministry of Coal,336,26.64,1339.0,0,7.928571428571429,0
615191,2025-07,Coal,Ministry of Coal,329,60.3,1339.0,0,18.328267477203646,0
615192,2025-07,Coal,Ministry of Coal,310,29.85,243.0,0,9.629032258064516,0
615193,2025-07,Coal,Ministry of Coal,479,259.2,608.0,0,54.11273486430063,1
615194,2025-07,Coal,Ministry of Coal,207,23.22,2069.0,0,11.217391304347824,0
615195,2025-07,Coal,Ministry of Coal,166,2.78,974.0,0,1.6746987951807228,0
615199,2025-07,Coal,Ministry of Coal,199,0.71,608.0,0,0.35678391959798994,0
615202,2025-07,Metals & Mining,Ministry of Steel,1700,65.44,1249.0,0,3.8494117647058825,0
615206,2025-07,Coal,Ministry of Coal,414,13.27,243.0,0,3.2053140096618353,0
615327,2025-07,Electricity Generation,Ministry of Coal,218,160.93,-122.0,1,73.8211009174312,1
615330,2025-07,Coal,Ministry of Coal,361,,1339.0,0,,0
615331,2025-07,Coal,Ministry of Coal,497,,1704.0,0,,0
615332,2025-07,Transmission & Distribution,Ministry of Power,3279,547.59,387.0,0,16.699908508691674,1
615333,2025-07,Transmission & Distribution,Ministry of Power,2227,534.48,386.0,0,24.000000000000004,0
615334,2025-07,Transmission & Distribution,Ministry of Power,3251,685.96,383.0,0,21.099969240233776,1
615335,2025-07,Transmission & Distribution,Ministry of Power,1382,41.46,394.0,0,3.0,1
615337,2025-07,Transmission & Distribution,Ministry of Power,369,17.82,211.0,0,4.829268292682927,1
615338,2025-07,Transmission & Distribution,Ministry of Power,2735,81.42,463.0,0,2.976965265082267,1
615339,2025-07,Transmission & Distribution,Ministry of Power,5969,167.13,468.0,0,2.7999664935500084,1
615340,2025-07,Transmission & Distribution,Ministry of Power,5357,267.85,468.0,0,5.0,1
615342,2025-07,Transmission & Distribution,Ministry of Power,329,9.97,348.0,0,3.0303951367781155,0
615343,2025-07,Transmission & Distribution,Ministry of Power,501,5.01,463.0,0,1.0,0
615344,2025-07,Transmission & Distribution,Ministry of Power,3674,408.18,440.0,0,11.109961894393033,1
615345,2025-07,Transmission & Distribution,Ministry of Power,4766,513.29,440.0,0,10.76982794796475,1
615346,2025-07,Transmission & Distribution,Ministry of Power,2708,649.92,383.0,0,24.0,1
615347,2025-07,Transmission & Distribution,Ministry of Power,24819,1489.14,1387.0,0,6.000000000000001,0
615349,2025-07,Coal,Ministry of Coal,230,21.0,974.0,0,9.130434782608695,0
615818,2025-07,Coal,Ministry of Coal,298,46.39,-122.0,1,15.567114093959733,0
615820,2025-07,Coal,Ministry of Coal,160,80.84,2164.0,0,50.525,0
615821,2025-07,Coal,Ministry of Coal,289,105.47,1945.0,0,36.49480968858131,0
615822,2025-07,Coal,Ministry of Coal,223,139.31,974.0,0,62.47085201793722,0
615843,2025-07,Coal,Ministry of Coal,244,44.64,-122.0,1,18.295081967213115,0
615857,2025-07,Coal,Ministry of Coal,494,491.33,243.0,0,99.45951417004049,0
615858,2025-07,Coal,Ministry of Coal,384,281.83,243.0,0,73.39322916666666,0
615859,2025-07,Coal,Ministry of Coal,414,397.55,243.0,0,96.02657004830918,0
615860,2025-07,Coal,Ministry of Coal,607,178.82,-122.0,1,29.45963756177924,0
615861,2025-07,Coal,Ministry of Coal,425,402.64,-122.0,1,94.73882352941176,0
615862,2025-07,Coal,Ministry of Coal,346,73.25,243.0,0,21.170520231213874,0
615863,2025-07,Coal,Ministry of Coal,484,434.44,243.0,0,89.7603305785124,0
615864,2025-07,Coal,Ministry of Coal,490,405.54,243.0,0,82.76326530612246,0
615865,2025-07,Coal,Ministry of Coal,442,203.15,-122.0,1,45.96153846153847,0
615914,2025-07,Coal,Ministry of Coal,185,10.48,1339.0,0,5.664864864864865,0
615916,2025-07,Coal,Ministry of Coal,1225,78.41,1704.0,0,6.400816326530611,0
615917,2025-07,Coal,Ministry of Coal,973,0.11,1704.0,0,0.011305241521068859,0
615918,2025-07,Coal,Ministry of Coal,405,11.71,974.0,0,2.891358024691358,0
615919,2025-07,Coal,Ministry of Coal,1025,165.54,1704.0,0,16.150243902439023,0
615982,2025-07,Coal,Ministry of Coal,320,367.6,-1218.0,1,114.87500000000001,0
616044,2025-07,Coal,Ministry of Coal,237,159.21,-1583.0,1,67.17721518987342,0
616050,2025-07,Coal,Ministry of Coal,236,237.12,-487.0,1,100.47457627118644,0
616223,2025-07,Coal,Ministry of Coal,316,308.84,-487.0,1,97.73417721518986,0
616225,2025-07,Coal,Ministry of Coal,979,,4261.0,0,,0
616226,2025-07,Coal,Ministry of Coal,3564,150.7,2800.0,0,4.228395061728395,0
616227,2025-07,Railways,Ministry of Railways,1932,0.03,1522.0,0,0.0015527950310559007,0
616229,2025-07,Coal,Ministry of Coal,669,0.53,1704.0,0,0.07922272047832586,0
616230,2025-07,Coal,Ministry of Coal,1194,6.79,4261.0,0,0.568676716917923,0
616231,2025-07,Coal,Ministry of Coal,5366,0.0,2800.0,0,0.0,0
616232,2025-07,Coal,Ministry of Coal,1562,50.15,1339.0,0,3.210627400768246,0
616233,2025-07,Coal,Ministry of Coal,978,211.36,1704.0,0,21.61145194274029,0
616234,2025-07,Coal,Ministry of Coal,1725,15.63,2800.0,0,0.9060869565217391,0
616235,2025-07,Energy Storage,Ministry of Petroleum & Natural Gas,240,31.23,243.0,0,13.0125,0
616236,2025-07,Coal,Ministry of Coal,414,85.6,1339.0,0,20.67632850241546,0
616253,2025-07,Coal,Ministry of Coal,5851,0.0,1339.0,0,0.0,0
616254,2025-07,Oil & Gas,Ministry of Petroleum & Natural Gas,2212,11.52,771.0,0,0.5207956600361664,0
616586,2025-07,Railways,Ministry of Railways,2269,,1614.0,0,,0
616587,2025-07,Railways,Ministry of Railways,1876,,1614.0,0,,0
616588,2025-07,Railways,Ministry of Railways,1459,1.04,1614.0,0,0.07128169979437972,0
616594,2025-07,Waste & Water,"Department of Water Resources, River Development & GR",842,208.64,-92.0,1,24.779097387173397,0
616600,2025-07,Waste & Water,"Department of Water Resources, River Development & GR",413,126.67,-175.0,1,30.670702179176757,0
616604,2025-07,Waste & Water,"Department of Water Resources, River Development & GR",155,96.17,-123.0,1,62.04516129032258,0
616605,2025-07,Waste & Water,"Department of Water Resources, River Development & GR",691,,-212.0,1,,0
616611,2025-07,Waste & Water,"Department of Water Resources, River Development & GR",824,385.32,152.0,0,46.762135922330096,0
616612,2025-07,Waste & Water,"Department of Water Resources, River Development & GR",579,165.84,152.0,0,28.642487046632127,0
616615,2025-07,Waste & Water,"Department of Water Resources, River Development & GR",230,261.48,-92.0,1,113.68695652173915,0
616616,2025-07,Waste & Water,"Department of Water Resources, River Development & GR",305,346.44,-31.0,1,113.58688524590164,0
616670,2025-07,Transmission & Distribution,Ministry of Power,5846,236.18,517.0,0,4.040027369141294,1
616671,2025-07,Transmission & Distribution,Ministry of Power,548,10.96,518.0,0,2.0,0
616672,2025-07,Transmission & Distribution,Ministry of Power,1354,16.65,670.0,0,1.229689807976366,0
616694,2025-07,Railways,Ministry of Railways,201,,1096.0,0,,0
616695,2025-07,Railways,Ministry of Railways,300,0.01,1218.0,0,0.0033333333333333335,0
616696,2025-07,Railways,Ministry of Railways,254,1.65,974.0,0,0.6496062992125984,0
616697,2025-07,Railways,Ministry of Railways,154,10.79,334.0,0,7.0064935064935066,0
616699,2025-07,Railways,Ministry of Railways,12334,444.74,974.0,0,3.605805091616669,0
616701,2025-07,Railways,Ministry of Railways,2124,13.74,943.0,0,0.6468926553672316,0
616702,2025-07,Railways,Ministry of Railways,3592,,2309.0,0,,0
616840,2025-07,Railways,Ministry of Railways,947,1.36,974.0,0,0.1436114044350581,0
616841,2025-07,Railways,Ministry of Railways,800,13.91,518.0,0,1.73875,0
616842,2025-07,Railways,Ministry of Railways,3086,154.46,730.0,0,5.0051847051198965,0
616843,2025-07,Railways,Ministry of Railways,1635,59.51,699.0,0,3.6397553516819574,0
616856,2025-07,Railways,Ministry of Railways,770,0.0,1352.0,0,0.0,0
616857,2025-07,Railways,Ministry of Railways,1596,7.69,1339.0,0,0.4818295739348371,0
616858,2025-07,Oil & Gas,Ministry of Petroleum & Natural Gas,431,326.12,-487.0,1,75.66589327146171,0
616879,2025-07,Oil & Gas,Ministry of Petroleum & Natural Gas,364,22.82,534.0,0,6.26923076923077,0
616886,2025-07,Education,Department of Higher Education,373,18.03,457.0,0,4.833780160857909,0
616933,2025-07,Oil & Gas,Ministry of Petroleum & Natural Gas,4679,188.88,959.0,0,4.036759991451165,0
616950,2025-07,Oil & Gas,Ministry of Petroleum & Natural Gas,1486,184.56,212.0,0,12.419919246298788,0
617068,2025-07,Transmission & Distribution,Ministry of Power,288,5.76,699.0,0,2.0,0
617069,2025-07,Transmission & Distribution,Ministry of Power,466,6.99,566.0,0,1.5000000000000002,0
617179,2025-07,Transmission & Distribution,Ministry of Power,219,,348.0,0,,1
617181,2025-07,Transmission & Distribution,Ministry of Power,404,4.04,507.0,0,1.0,1
617182,2025-07,Transmission & Distribution,Ministry of Power,172,1.72,600.0,0,1.0,0
617183,2025-07,Transmission & Distribution,Ministry of Power,2886,28.86,883.0,0,1.0,0
617184,2025-07,Transmission & Distribution,Ministry of Power,3453,20.7,781.0,0,0.5994787141615986,0
617185,2025-07,Transmission & Distribution,Ministry of Power,5550,111.0,600.0,0,2.0,0
617186,2025-07,Transmission & Distribution,Ministry of Power,5028,139.2,600.0,0,2.7684964200477324,0
617188,2025-07,Electricity Generation,Ministry of Power,9791,,1522.0,0,,0
617200,2025-07,Railways,Ministry of Railways,7854,,2069.0,0,,0
617201,2025-07,Railways,Ministry of Railways,4373,,1713.0,0,,1
617206,2025-07,Urban Public Transport,Ministry of Housing & Urban Affairs,6231,0.14,1251.0,0,0.002246830364307495,0
617207,2025-07,Urban Public Transport,Ministry of Housing & Urban Affairs,8400,5.57,1335.0,0,0.06630952380952382,0
617210,2025-07,Railways,Ministry of Railways,1216,0.0,1339.0,0,0.0,0
617211,2025-07,Railways,Ministry of Railways,2853,43.88,1339.0,0,1.5380301437083772,0
617212,2025-07,Railways,Ministry of Railways,4686,0.0,1339.0,0,0.0,0
617214,2025-07,Railways,Ministry of Railways,2047,0.0,608.0,0,0.0,0
617215,2025-07,Railways,Ministry of Railways,770,0.0,974.0,0,0.0,0
617216,2025-07,Railways,Ministry of Railways,877,2.97,608.0,0,0.33865450399087804,0
617221,2025-07,Education,Department of Higher Education,211,0.0,794.0,0,0.0,0
617224,2025-07,Railways,Ministry of Railways,1120,181.86,882.0,0,16.2375,0
617225,2025-07,Urban Public Transport,Ministry of Housing & Urban Affairs,910,110.33,549.0,0,12.124175824175824,0
617226,2025-07,Urban Public Transport,Ministry of Housing & Urban Affairs,2955,18.66,1312.0,0,0.6314720812182741,0
617231,2025-07,Railways,Ministry of Railways,612,,1065.0,0,,0
617233,2025-07,Coal,Ministry of Coal,379,,1704.0,0,,0
617242,2025-07,Steel,Ministry of Steel,2115,206.67,699.0,0,9.771631205673758,0
617243,2025-07,Steel,Ministry of Steel,199,10.53,363.0,0,5.291457286432161,0
617246,2025-07,Steel,Ministry of Steel,758,53.31,311.0,0,7.032981530343008,0
617248,2025-07,Steel,Ministry of Steel,228,16.24,351.0,0,7.122807017543859,0
617249,2025-07,Steel,Ministry of Steel,212,7.52,545.0,0,3.5471698113207544,0
617250,2025-07,Steel,Ministry of Steel,207,7.91,451.0,0,3.821256038647343,0
617251,2025-07,Steel,Ministry of Steel,196,0.19,300.0,0,0.09693877551020408,0
617252,2025-07,Railways,Ministry of Railways,958,432.01,964.0,0,45.094989561586644,0
617253,2025-07,Steel,Ministry of Steel,514,220.42,-28.0,1,42.88326848249027,0
617254,2025-07,Steel,Ministry of Steel,260,44.22,333.0,0,17.007692307692306,0
617255,2025-07,Steel,Ministry of Steel,472,111.75,318.0,0,23.67584745762712,0
617256,2025-07,Steel,Ministry of Steel,884,453.2,92.0,0,51.26696832579185,0
617257,2025-07,Steel,Ministry of Steel,627,88.21,472.0,0,14.068580542264753,0
617269,2025-07,Transmission & Distribution,Ministry of Power,213,0.2,313.0,0,0.09389671361502348,1
617270,2025-07,Transmission & Distribution,Ministry of Power,409,0.2,297.0,0,0.0488997555012225,1
617271,2025-07,Transmission & Distribution,Ministry of Power,343,0.2,213.0,0,0.05830903790087463,1
617272,2025-07,Transmission & Distribution,Ministry of Power,370,1.0,493.0,0,0.2702702702702703,0
617278,2025-07,Coal,Ministry of Coal,630,,1704.0,0,,0
617279,2025-07,Transmission & Distribution,Ministry of Power,558,5.58,856.0,0,1.0,0
617280,2025-07,Construction,Ministry of Mines,255,78.34,396.0,0,30.721568627450978,0
617282,2025-07,Construction,Ministry of Housing & Urban Affairs,647,518.46,-72.0,1,80.13292117465225,1
617284,2025-07,Railways,Ministry of Railways,1424,26.0,974.0,0,1.8258426966292134,0
617287,2025-07,Coal,Ministry of Coal,4517,16.97,1704.0,0,0.37569183086119107,0
617288,2025-07,Coal,Ministry of Coal,383,0.86,1339.0,0,0.22454308093994776,0
617299,2025-07,Electricity Generation,Ministry of Coal,384,303.5,-31.0,1,79.03645833333334,0
617302,2025-07,Oil & Gas,Ministry of Petroleum & Natural Gas,1740,2237.5,-1673.0,1,128.59195402298852,0
617303,2025-07,Oil & Gas,Ministry of Petroleum & Natural Gas,163,95.54,1704.0,0,58.61349693251534,0
617304,2025-07,Oil & Gas,Ministry of Petroleum & Natural Gas,340,88.08,578.0,0,25.905882352941177,0
617322,2025-07,Railways,Ministry of Railways,350,,699.0,0,,0
701091,2025-07,Aviation & Aviation Infrastructure,Ministry of Civil Aviation,3100,0.0,243.0,0,0.0,0
701101,2025-07,Aviation & Aviation Infrastructure,Ministry of Civil Aviation,1217,1046.48,-731.0,1,85.98849630238291,0
701105,2025-07,Aviation & Aviation Infrastructure,Ministry of Civil Aviation,256,130.0,-1330.0,1,50.78125,0
701107,2025-07,Aviation & Aviation Infrastructure,Ministry of Civil Aviation,612,464.55,-1060.0,1,75.90686274509804,0
701113,2025-07,Aviation & Aviation Infrastructure,Ministry of Civil Aviation,2870,302.3,719.0,0,10.533101045296167,0
701121,2025-07,Aviation & Aviation Infrastructure,Ministry of Civil Aviation,347,81.23,14.0,0,23.40922190201729,0
701122,2025-07,Aviation & Aviation Infrastructure,Ministry of Civil Aviation,579,74.3,338.0,0,12.832469775474955,0
701126,2025-07,Aviation & Aviation Infrastructure,Ministry of Civil Aviation,1305,666.42,334.0,0,51.06666666666666,0
701127,2025-07,Aviation & Aviation Infrastructure,Ministry of Civil Aviation,480,254.71,-255.0,1,53.06458333333334,1
701128,2025-07,Aviation & Aviation Infrastructure,Ministry of Civil Aviation,887,312.4,222.0,0,35.219842164599775,0
701167,2025-07,Healthcare,Ministry of Health & Family Welfare,1828,1504.91,-181.0,1,82.32549234135668,0
701171,2025-07,Healthcare,Ministry of Health & Family Welfare,1028,792.24,-1035.0,1,77.06614785992218,0
701173,2025-07,Healthcare,Ministry of Health & Family Welfare,1299,349.41,-885.0,1,26.89838337182448,0
701228,2025-07,Oil & Gas,Ministry of Petroleum & Natural Gas,2915,4431.9,-4595.0,1,152.0377358490566,0
701263,2025-07,Energy Storage,Ministry of Petroleum & Natural Gas,43129,59524.4,-1004.0,1,138.0147928308099,0
701289,2025-07,Oil & Gas,Ministry of Petroleum & Natural Gas,34627,23977.5,-304.0,1,69.2450977560863,1
701324,2025-07,Oil & Gas,Ministry of Petroleum & Natural Gas,14810,11728.0,-823.0,1,79.18973666441593,0
701329,2025-07,Oil & Gas,Ministry of Petroleum & Natural Gas,18936,12190.1,-334.0,1,64.37526404731729,1
701330,2025-07,Oil & Gas,Ministry of Petroleum & Natural Gas,7392,6304.0,-396.0,1,85.28138528138528,0
701338,2025-07,Oil & Gas,Ministry of Petroleum & Natural Gas,5535,3836.09,2138.0,0,69.30605239385727,0
701343,2025-07,Energy Storage,Ministry of Petroleum & Natural Gas,2658,2192.68,-1105.0,1,82.49360421369451,0
701344,2025-07,Oil & Gas,Ministry of Petroleum & Natural Gas,1031,853.7,-997.0,1,82.8031037827352,0
701346,2025-07,Oil & Gas,Ministry of Petroleum & Natural Gas,9265,6375.02,-487.0,1,68.80755531570428,0
701349,2025-07,Energy Storage,Ministry of Petroleum & Natural Gas,10228,9701.95,-369.0,1,94.85676574110286,1
701350,2025-07,Oil & Gas,Ministry of Petroleum & Natural Gas,860,566.18,-223.0,1,65.83488372093022,1
701354,2025-07,Oil & Gas,Ministry of Petroleum & Natural Gas,7844,6495.6,-809.0,1,82.80979092299847,1
701370,2025-07,Water Resources,"Department of Water Resources, River Development & GR",256,0.0,-943.0,1,0.0,1
701371,2025-07,Water Resources,"Department of Water Resources, River Development & GR",691,978.51,-2039.0,1,141.60781476121562,0
701372,2025-07,Water Resources,"Department of Water Resources, River Development & GR",20718,31767.6,-2039.0,1,153.33333333333331,1
701376,2025-07,Water Resources,"Department of Water Resources, River Development & GR",3808,5550.74,-2039.0,1,145.76523109243698,1
701377,2025-07,Water Resources,"Department of Water Resources, River Development & GR",770,1511.22,-2039.0,1,196.26233766233767,1
701383,2025-07,Water Resources,"Department of Water Resources, River Development & GR",1059,1530.36,-2039.0,1,144.5099150141643,0
701386,2025-07,Water Resources,"Department of Water Resources, River Development & GR",7196,13533.3,-2039.0,1,188.06698165647583,1
701391,2025-07,Water Resources,"Department of Water Resources, River Development & GR",210,1697.94,-2039.0,1,808.5428571428572,1
701395,2025-07,Water Resources,"Department of Water Resources, River Development & GR",220,,-762.0,1,,1
701396,2025-07,Water Resources,"Department of Water Resources, River Development & GR",256,1324.78,-2039.0,1,517.4921875,0
701398,2025-07,Water Resources,"Department of Water Resources, River Development & GR",211,623.5,-2039.0,1,295.49763033175356,1
701399,2025-07,Water Resources,"Department of Water Resources, River Development & GR",382,,-943.0,1,,1
701400,2025-07,Water Resources,"Department of Water Resources, River Development & GR",1449,1837.91,-2039.0,1,126.83988957902001,0
701404,2025-07,Water Resources,"Department of Water Resources, River Development & GR",989,2563.56,-2039.0,1,259.2072800808898,1
701405,2025-07,Water Resources,"Department of Water Resources, River Development & GR",8201,4558.89,-2039.0,1,55.58944031215706,0
701406,2025-07,Water Resources,"Department of Water Resources, River Development & GR",1402,1839.76,-2039.0,1,131.22396576319545,0
701408,2025-07,Water Resources,"Department of Water Resources, River Development & GR",1061,4415.24,-2039.0,1,416.1394910461828,1
701410,2025-07,Water Resources,"Department of Water Resources, River Development & GR",1441,2962.99,-1492.0,1,205.62040249826507,1
701411,2025-07,Water Resources,"Department of Water Resources, River Development & GR",2286,2072.33,-1127.0,1,90.65310586176729,0
701412,2025-07,Water Resources,"Department of Water Resources, River Development & GR",1622,142.1,-1583.0,1,8.76078914919852,0
701415,2025-07,Water Resources,"Department of Water Resources, River Development & GR",10151,24347.8,-1188.0,1,239.8561718057334,0
701565,2025-07,Inland Waterways,"Ministry of Ports, Shipping and Waterways",5369,3432.34,-578.0,1,63.92885081020675,0
701574,2025-07,Shipping,"Ministry of Ports, Shipping and Waterways",3005,1149.79,883.0,0,38.26256239600666,0
701576,2025-07,Shipping,"Ministry of Ports, Shipping and Waterways",298,399.52,61.0,0,134.06711409395973,0
701577,2025-07,Shipping,"Ministry of Ports, Shipping and Waterways",254,9.28,31.0,0,3.653543307086614,0
701586,2025-07,Shipping,"Ministry of Ports, Shipping and Waterways",900,65.0,468.0,0,7.222222222222221,0
701593,2025-07,Telecommunication,Department of Telecommunications,28466,8332.52,-487.0,1,29.271833064006188,0
701597,2025-07,Telecommunication,Department of Telecommunications,1255,284.04,-823.0,1,22.632669322709166,1
701598,2025-07,Telecommunication,Department of Telecommunications,972,208.25,-1246.0,1,21.424897119341562,1
701599,2025-07,Telecommunication,Department of Telecommunications,1578,596.17,-853.0,1,37.78010139416983,0
701600,2025-07,Telecommunication,Department of Telecommunications,337,225.71,-1373.0,1,66.97626112759643,0
701602,2025-07,Telecommunication,Department of Telecommunications,3685,1101.39,-620.0,1,29.888466757123478,0
701657,2025-07,Real Estate,Department for Promotion of Industry & Internal Trade,1702,95.0,417.0,0,5.581668625146886,0
701658,2025-07,Real Estate,Department for Promotion of Industry & Internal Trade,2139,327.99,929.0,0,15.333800841514728,0
701719,2025-07,Real Estate,Ministry of Housing & Urban Affairs,539,39.63,-1120.0,1,7.3525046382189245,0
701745,2025-07,Urban Public Transport,Ministry of Housing & Urban Affairs,263,17.62,-1096.0,1,6.699619771863118,0
701766,2025-07,Real Estate,Ministry of Housing & Urban Affairs,151,18.95,-616.0,1,12.549668874172184,0
701991,2025-07,Urban Public Transport,Ministry of Housing & Urban Affairs,600,49.42,-731.0,1,8.236666666666666,0
702355,2025-07,Waste & Water,Ministry of Housing & Urban Affairs,210,0.0,-498.0,1,0.0,0
702625,2025-07,Urban Public Transport,Ministry of Housing & Urban Affairs,6941,3116.75,-975.0,1,44.9034721221726,0
702626,2025-07,Urban Public Transport,Ministry of Housing & Urban Affairs,7501,3839.27,-975.0,1,51.183442207705646,0
702627,2025-07,Urban Public Transport,Ministry of Housing & Urban Affairs,13366,4039.77,-521.0,1,30.22422564716445,0
702628,2025-07,Urban Public Transport,Ministry of Housing & Urban Affairs,11076,9079.81,-431.0,1,81.97733838931022,0
702629,2025-07,Urban Public Transport,Ministry of Housing & Urban Affairs,8380,6055.19,-431.0,1,72.25763723150358,0
702630,2025-07,Urban Public Transport,Ministry of Housing & Urban Affairs,12020,7386.41,-487.0,1,61.45099833610649,0
702631,2025-07,Urban Public Transport,Ministry of Housing & Urban Affairs,5384,4151.57,-487.0,1,77.10939821693907,0
702632,2025-07,Urban Public Transport,Ministry of Housing & Urban Affairs,24949,15423.1,-122.0,1,61.81850975991022,0
702633,2025-07,Urban Public Transport,Ministry of Housing & Urban Affairs,30274,25812.3,-31.0,1,85.26227125586311,1
702635,2025-07,Urban Public Transport,Ministry of Housing & Urban Affairs,26405,29478.0,-1592.0,1,111.63794735845485,0
702637,2025-07,Urban Public Transport,Ministry of Housing & Urban Affairs,23136,27519.1,-853.0,1,118.94493430152141,1
702639,2025-07,Urban Public Transport,Ministry of Housing & Urban Affairs,10773,11857.9,-2679.0,1,110.07054673721339,1
702658,2025-07,Urban Public Transport,Ministry of Housing & Urban Affairs,6708,977.38,883.0,0,14.57036374478235,0
702664,2025-07,Urban Public Transport,Ministry of Housing & Urban Affairs,1957,306.45,477.0,0,15.659172202350536,0
702665,2025-07,Urban Public Transport,Ministry of Housing & Urban Affairs,14788,8424.54,334.0,0,56.96875845279957,0
702668,2025-07,Inland Waterways,Ministry of Housing & Urban Affairs,63246,47162.7,1492.0,0,74.57024950194479,0
703585,2025-07,Railways,Ministry of Railways,314,144.0,-212.0,1,45.85987261146497,0
703586,2025-07,Railways,Ministry of Railways,499,595.0,-212.0,1,119.2384769539078,1
704495,2025-07,Telecommunication,Department of Telecommunications,422,126.45,-1233.0,1,29.96445497630332,0
705237,2025-07,Railways,Ministry of Railways,51101,124623.0,-1218.0,1,243.87585370149313,0
705244,2025-07,Railways,Ministry of Railways,520,192.25,-1308.0,1,36.97115384615385,0
705298,2025-07,Railways,Ministry of Railways,274,0.0,-487.0,1,0.0,0
705300,2025-07,Railways,Ministry of Railways,228,0.0,-578.0,1,0.0,0
705356,2025-07,Railways,Ministry of Railways,2539,4725.34,243.0,0,186.11027963765264,0
705357,2025-07,Railways,Ministry of Railways,736,712.0,608.0,0,96.73913043478261,0
705358,2025-07,Railways,Ministry of Railways,3792,4983.45,518.0,0,131.42009493670886,0
705359,2025-07,Railways,Ministry of Railways,1928,1902.91,-122.0,1,98.69865145228216,0
705362,2025-07,Railways,Ministry of Railways,819,588.32,-1218.0,1,71.83394383394383,0
705364,2025-07,Railways,Ministry of Railways,614,479.22,-212.0,1,78.04885993485343,0
705366,2025-07,Railways,Ministry of Railways,2067,1908.49,-1948.0,1,92.33139816158685,0
705368,2025-07,Railways,Ministry of Railways,1605,1311.39,-487.0,1,81.70654205607477,0
705373,2025-07,Railways,Ministry of Railways,1473,2824.8,-853.0,1,191.77189409368637,0
705375,2025-07,Railways,Ministry of Railways,1626,2060.97,-153.0,1,126.75092250922508,0
705385,2025-07,Railways,Ministry of Railways,2555,763.08,974.0,0,29.866144814090024,0
705392,2025-07,Railways,Ministry of Railways,6663,5202.29,-127.0,1,78.07729251088098,0
705401,2025-07,Railways,Ministry of Railways,435,901.0,-122.0,1,207.12643678160921,1
705410,2025-07,Railways,Ministry of Railways,2018,1848.0,153.0,0,91.57581764122894,0
705419,2025-07,Railways,Ministry of Railways,2913,2751.0,-122.0,1,94.43872296601442,0
705424,2025-07,Railways,Ministry of Railways,1540,506.73,518.0,0,32.904545454545456,0
705428,2025-07,Railways,Ministry of Railways,13447,6391.15,518.0,0,47.52844500632111,0
705429,2025-07,Railways,Ministry of Railways,38953,24645.2,153.0,0,63.269067850999924,0
705432,2025-07,Railways,Ministry of Railways,7877,8883.6,-3714.0,1,112.77897676780502,0
705433,2025-07,Railways,Ministry of Railways,1628,1440.85,61.0,0,88.50429975429975,0
705434,2025-07,Railways,Ministry of Railways,2565,2063.57,-2314.0,1,80.45107212475634,0
705436,2025-07,Railways,Ministry of Railways,2501,1264.18,974.0,0,50.54698120751699,0
705437,2025-07,Railways,Ministry of Railways,1160,1713.38,608.0,0,147.7051724137931,0
705444,2025-07,Railways,Ministry of Railways,4970,4271.55,-1218.0,1,85.94668008048289,0
705450,2025-07,Railways,Ministry of Railways,402,361.0,-1218.0,1,89.80099502487562,0
705453,2025-07,Railways,Ministry of Railways,1942,3412.98,577.0,0,175.74562306900103,0
705454,2025-07,Railways,Ministry of Railways,1794,1800.85,149.0,0,100.3818283166109,0
705457,2025-07,Railways,Ministry of Railways,5678,4314.0,608.0,0,75.97745685100388,0
705458,2025-07,Railways,Ministry of Railways,844,693.0,-1583.0,1,82.10900473933648,0
705479,2025-07,Railways,Ministry of Railways,1886,706.28,608.0,0,37.44856839872747,0
705480,2025-07,Railways,Ministry of Railways,8914,4971.65,608.0,0,55.77350235584474,0
705481,2025-07,Railways,Ministry of Railways,3032,3592.92,147.0,0,118.5,0
705482,2025-07,Railways,Ministry of Railways,747,392.0,-2345.0,1,52.47657295850067,0
705490,2025-07,Railways,Ministry of Railways,2842,1721.14,608.0,0,60.56087262491203,0
705491,2025-07,Railways,Ministry of Railways,297,123.17,334.0,0,41.47138047138047,0
705492,2025-07,Railways,Ministry of Railways,825,770.18,-31.0,1,93.35515151515152,0
705494,2025-07,Railways,Ministry of Railways,2496,1691.88,-3592.0,1,67.78365384615384,0
705495,2025-07,Railways,Ministry of Railways,1378,670.74,608.0,0,48.67489114658926,0
705496,2025-07,Railways,Ministry of Railways,1876,516.17,-2314.0,1,27.514392324093816,0
705498,2025-07,Railways,Ministry of Railways,793,894.16,518.0,0,112.75662042875156,0
705500,2025-07,Railways,Ministry of Railways,540,724.75,153.0,0,134.21296296296296,0
705502,2025-07,Railways,Ministry of Railways,1385,1102.48,153.0,0,79.6014440433213,0
705503,2025-07,Railways,Ministry of Railways,3627,6548.0,-153.0,1,180.53487730907085,0
705504,2025-07,Railways,Ministry of Railways,2081,2769.0,153.0,0,133.06102835175398,1
705505,2025-07,Railways,Ministry of Railways,638,969.0,153.0,0,151.88087774294672,0
705506,2025-07,Railways,Ministry of Railways,1035,1692.0,-212.0,1,163.47826086956522,0
705507,2025-07,Railways,Ministry of Railways,2450,1815.49,608.0,0,74.10163265306122,0
705510,2025-07,Railways,Ministry of Railways,1284,1298.0,-243.0,1,101.09034267912773,0
705511,2025-07,Railways,Ministry of Railways,1547,1308.2,-487.0,1,84.56367162249515,0
705512,2025-07,Railways,Ministry of Railways,2500,2033.31,-1218.0,1,81.33239999999999,0
705513,2025-07,Railways,Ministry of Railways,2362,1787.49,853.0,0,75.67696867061812,0
705514,2025-07,Railways,Ministry of Railways,1000,401.61,-2452.0,1,40.161,0
705515,2025-07,Inland Waterways,Ministry of Railways,1173,1971.0,243.0,0,168.03069053708438,0
705526,2025-07,Railways,Ministry of Railways,519,337.03,-122.0,1,64.9383429672447,0
705527,2025-07,Railways,Ministry of Railways,1216,2039.0,146.0,0,167.68092105263156,0
705528,2025-07,Railways,Ministry of Railways,1586,1586.82,-396.0,1,100.05170239596468,1
705562,2025-07,Railways,Ministry of Railways,963,906.0,-153.0,1,94.0809968847352,0
705566,2025-07,Railways,Ministry of Railways,351,494.0,-180.0,1,140.74074074074073,0
705567,2025-07,Railways,Ministry of Railways,1016,1113.75,-122.0,1,109.621062992126,1
705572,2025-07,Railways,Ministry of Railways,4060,3683.75,243.0,0,90.73275862068965,0
705588,2025-07,Railways,Ministry of Railways,722,1100.0,-122.0,1,152.35457063711914,0
705598,2025-07,Railways,Ministry of Railways,2002,1884.84,-1218.0,1,94.14785214785213,0
705608,2025-07,Railways,Ministry of Railways,4330,1989.0,243.0,0,45.93533487297922,0
705610,2025-07,Railways,Ministry of Railways,302,381.0,153.0,0,126.15894039735099,0
705612,2025-07,Railways,Ministry of Railways,1953,2915.49,-153.0,1,149.28264208909368,0
705613,2025-07,Railways,Ministry of Railways,2595,3142.35,-181.0,1,121.09248554913295,0
705616,2025-07,Railways,Ministry of Railways,2140,2124.15,-273.0,1,99.25934579439253,0
705617,2025-07,Railways,Ministry of Railways,3545,3163.08,-212.0,1,89.2265162200282,0
705628,2025-07,Railways,Ministry of Railways,3029,2458.15,-31.0,1,81.15384615384616,0
705629,2025-07,Railways,Ministry of Railways,2400,2188.0,153.0,0,91.16666666666666,0
705632,2025-07,Railways,Ministry of Railways,647,870.0,-200.0,1,134.46676970633692,0
705633,2025-07,Railways,Ministry of Railways,3733,4112.59,153.0,0,110.16849718724886,0
705635,2025-07,Railways,Ministry of Railways,1432,2451.0,-487.0,1,171.159217877095,0
705638,2025-07,Railways,Ministry of Railways,813,292.15,608.0,0,35.93480934809348,0
705639,2025-07,Railways,Ministry of Railways,601,283.0,974.0,0,47.088186356073216,0
705648,2025-07,Railways,Ministry of Railways,6654,5922.0,-243.0,1,88.99909828674481,0
705650,2025-07,Railways,Ministry of Railways,5060,5007.82,608.0,0,98.9687747035573,0
705651,2025-07,Railways,Ministry of Railways,2478,3295.49,-1218.0,1,132.98991121872476,0
705659,2025-07,Railways,Ministry of Railways,500,561.26,243.0,0,112.252,0
705660,2025-07,Railways,Ministry of Railways,2445,3122.0,518.0,0,127.68916155419222,0
705661,2025-07,Railways,Ministry of Railways,1248,1537.77,-304.0,1,123.21875,0
705662,2025-07,Railways,Ministry of Railways,1878,2628.8,-212.0,1,139.97870074547393,0
705663,2025-07,Real Estate,Ministry of Railways,493,252.45,212.0,0,51.206896551724135,0
705667,2025-07,Railways,Ministry of Railways,5961,4928.62,-212.0,1,82.68109377621204,0
705668,2025-07,Railways,Ministry of Railways,3250,3176.46,-122.0,1,97.73723076923076,0
705694,2025-07,Railways,Ministry of Railways,188,141.91,-578.0,1,75.48404255319149,0
705708,2025-07,Railways,Ministry of Railways,176,0.0,-487.0,1,0.0,0
705710,2025-07,Railways,Ministry of Railways,336,74.32,-486.0,1,22.119047619047617,0
705712,2025-07,Railways,Ministry of Railways,480,0.33,-396.0,1,0.06875,0
705717,2025-07,Railways,Ministry of Railways,440,390.03,-578.0,1,88.64318181818182,0
705720,2025-07,Railways,Ministry of Railways,384,0.0,-486.0,1,0.0,0
705721,2025-07,Railways,Ministry of Railways,448,0.0,-212.0,1,0.0,0
705722,2025-07,Railways,Ministry of Railways,210,0.02,-396.0,1,0.009523809523809525,0
705726,2025-07,Railways,Ministry of Railways,6339,4166.47,-152.0,1,65.72755955197981,0
705728,2025-07,Railways,Ministry of Railways,108000,78690.9,761.0,0,72.86194444444443,0
705730,2025-07,Railways,Ministry of Railways,4835,4361.23,518.0,0,90.20124095139607,1
705735,2025-07,Railways,Ministry of Railways,905,1150.0,974.0,0,127.0718232044199,0
705741,2025-07,Inland Waterways,Ministry of Railways,748,10.43,1096.0,0,1.3943850267379678,0
705742,2025-07,Inland Waterways,Ministry of Railways,2344,196.75,2922.0,0,8.393771331058021,0
705743,2025-07,Railways,Ministry of Railways,495,29.5,669.0,0,5.95959595959596,0
705752,2025-07,Railways,Ministry of Railways,819,471.0,487.0,0,57.509157509157504,0
705755,2025-07,Railways,Ministry of Railways,359,40.0,974.0,0,11.142061281337048,0
705756,2025-07,Railways,Ministry of Railways,241,71.0,1795.0,0,29.460580912863072,0
705761,2025-07,Railways,Ministry of Railways,1454,69.58,853.0,0,4.785419532324622,0
705763,2025-07,Railways,Ministry of Railways,7474,1658.03,1887.0,0,22.183971099812684,0
705764,2025-07,Railways,Ministry of Railways,495,306.0,243.0,0,61.81818181818181,1
705765,2025-07,Railways,Ministry of Railways,686,536.04,238.0,0,78.13994169096209,0
705766,2025-07,Railways,Ministry of Railways,304,214.0,-212.0,1,70.39473684210526,1
705767,2025-07,Railways,Ministry of Railways,258,0.83,974.0,0,0.3217054263565891,0
705772,2025-07,Railways,Ministry of Railways,2649,1399.0,518.0,0,52.81238203095507,0
705774,2025-07,Railways,Ministry of Railways,758,315.37,-181.0,1,41.605540897097626,0
705777,2025-07,Railways,Ministry of Railways,250,118.0,212.0,0,47.199999999999996,0
705779,2025-07,Railways,Ministry of Railways,1178,1489.5,-212.0,1,126.44312393887947,0
705780,2025-07,Railways,Ministry of Railways,2529,2051.69,-212.0,1,81.12653222617635,0
705782,2025-07,Railways,Ministry of Railways,407,317.0,-122.0,1,77.88697788697789,0
705783,2025-07,Railways,Ministry of Railways,238,118.0,-122.0,1,49.57983193277311,0
705784,2025-07,Railways,Ministry of Railways,357,579.0,-122.0,1,162.18487394957984,0
705785,2025-07,Railways,Ministry of Railways,473,284.26,334.0,0,60.09725158562368,0
705789,2025-07,Railways,Ministry of Railways,308,267.83,243.0,0,86.95779220779221,0
705793,2025-07,Railways,Ministry of Railways,6806,135.65,-487.0,1,1.9930943285336469,0
705794,2025-07,Railways,Ministry of Railways,6685,127.03,-487.0,1,1.900224382946896,0
705799,2025-07,Railways,Ministry of Railways,1400,1472.0,153.0,0,105.14285714285714,0
705863,2025-07,Railways,Ministry of Railways,950,507.02,0.0,0,53.37052631578947,1
705912,2025-07,Railways,Ministry of Railways,1204,35.05,608.0,0,2.911129568106312,0
705918,2025-07,Railways,Ministry of Railways,1457,50.0,334.0,0,3.431708991077557,0
705919,2025-07,Railways,Ministry of Railways,1390,123.0,699.0,0,8.848920863309353,0
705933,2025-07,Railways,Ministry of Railways,1096,1056.18,822.0,0,96.36678832116789,0
706718,2025-07,Aviation & Aviation Infrastructure,Ministry of Civil Aviation,499,160.48,-383.0,1,32.16032064128257,0
706724,2025-07,Aviation & Aviation Infrastructure,Ministry of Civil Aviation,1712,0.0,-122.0,1,0.0,1
706757,2025-07,Railways,Ministry of Railways,262,203.0,-122.0,1,77.48091603053436,0
706759,2025-07,Railways,Ministry of Railways,2374,1777.0,-212.0,1,74.85256950294861,0
706763,2025-07,Railways,Ministry of Railways,1081,731.0,457.0,0,67.62257169287696,0
706775,2025-07,Telecommunication,Department of Telecommunications,61109,41486.1,-700.0,1,67.88869070022419,0
706776,2025-07,Railways,Ministry of Railways,4830,2764.13,396.0,0,57.22836438923395,0
706777,2025-07,Urban Public Transport,Ministry of Railways,2298,393.0,518.0,0,17.10182767624021,0
706779,2025-07,Railways,Ministry of Railways,8087,7364.0,-4140.0,1,91.05972548534686,0
706780,2025-07,Railways,Ministry of Railways,33690,2246.15,883.0,0,6.667111902641734,0
706781,2025-07,Railways,Ministry of Railways,10947,5057.67,-1218.0,1,46.201425047958345,0
706811,2025-07,Steel,Ministry of Steel,2907,3012.02,-762.0,1,103.6126590987272,0
706835,2025-07,Railways,Ministry of Railways,1591,0.75,883.0,0,0.04714016341923319,0
706854,2025-07,Railways,Ministry of Railways,1376,218.0,1795.0,0,15.843023255813954,0
706866,2025-07,Railways,Ministry of Railways,304,134.0,243.0,0,44.07894736842105,0
706898,2025-07,Railways,Ministry of Railways,268,0.0,-1583.0,1,0.0,0
706922,2025-07,Railways,Ministry of Railways,890,391.73,-1792.0,1,44.01460674157304,0
706950,2025-07,Railways,Ministry of Railways,744,969.05,-853.0,1,130.2486559139785,0
707215,2025-07,"Tourism, Hospitality & Wellness","Ministry of Ports, Shipping and Waterways",573,487.35,-487.0,1,85.05235602094241,0
707229,2025-07,Real Estate,Ministry of Housing & Urban Affairs,210,0.0,-792.0,1,0.0,0
707267,2025-07,Waste & Water,Ministry of Housing & Urban Affairs,200,100.0,-762.0,1,50.0,0
708655,2025-07,Shipping,"Ministry of Ports, Shipping and Waterways",367,188.46,184.0,0,51.35149863760218,0
708662,2025-07,Healthcare,"Ministry of Ports, Shipping and Waterways",693,58.0,334.0,0,8.369408369408369,0
709747,2025-07,Electricity Generation,Ministry of Power,339,317.59,153.0,0,93.68436578171091,0
709748,2025-07,Electricity Generation,Ministry of Power,5492,4606.84,-483.0,1,83.88273852876912,0
709749,2025-07,Telecommunication,Department of Telecommunications,461,166.02,-1504.0,1,36.01301518438178,0
709750,2025-07,Oil & Gas,Ministry of Petroleum & Natural Gas,205,19.86,52.0,0,9.68780487804878,0
709752,2025-07,Oil & Gas,Ministry of Petroleum & Natural Gas,160,77.06,-396.0,1,48.1625,0
709753,2025-07,Oil & Gas,Ministry of Petroleum & Natural Gas,1010,627.12,100.0,0,62.09108910891089,1
709754,2025-07,Energy Storage,Ministry of Petroleum & Natural Gas,156,49.78,703.0,0,31.91025641025641,0
709755,2025-07,Energy Storage,Ministry of Petroleum & Natural Gas,384,110.44,703.0,0,28.760416666666664,0
709757,2025-07,Oil & Gas,Ministry of Petroleum & Natural Gas,1377,329.43,1795.0,0,23.923747276688452,0
709758,2025-07,Oil & Gas,Ministry of Petroleum & Natural Gas,2628,332.52,1795.0,0,12.65296803652968,0
709759,2025-07,Energy Storage,Ministry of Petroleum & Natural Gas,461,111.57,493.0,0,24.20173535791757,0
709760,2025-07,Oil & Gas,Ministry of Petroleum & Natural Gas,240,34.4,262.0,0,14.333333333333334,0
709761,2025-07,Oil & Gas,Ministry of Petroleum & Natural Gas,193,0.43,727.0,0,0.22279792746113988,0
709766,2025-07,Oil & Gas,Ministry of Petroleum & Natural Gas,1420,162.47,1704.0,0,11.441549295774648,0
709770,2025-07,Oil & Gas,Ministry of Petroleum & Natural Gas,151,8.77,2983.0,0,5.80794701986755,0
709771,2025-07,Oil & Gas,Ministry of Petroleum & Natural Gas,865,68.01,2252.0,0,7.862427745664741,0
709772,2025-07,Oil & Gas,Ministry of Petroleum & Natural Gas,609,58.15,2160.0,0,9.548440065681445,0
709773,2025-07,Oil & Gas,Ministry of Petroleum & Natural Gas,538,4.09,2435.0,0,0.7602230483271375,0
709774,2025-07,Oil & Gas,Ministry of Petroleum & Natural Gas,463,264.44,153.0,0,57.11447084233261,0
709776,2025-07,Oil & Gas,Ministry of Petroleum & Natural Gas,277,185.18,426.0,0,66.85198555956678,0
709777,2025-07,Oil & Gas,Ministry of Petroleum & Natural Gas,389,46.94,-92.0,1,12.066838046272494,0
709778,2025-07,Oil & Gas,Ministry of Petroleum & Natural Gas,328,144.16,8.0,0,43.951219512195124,0
709779,2025-07,Oil & Gas,Ministry of Petroleum & Natural Gas,768,99.02,220.0,0,12.893229166666668,1
709780,2025-07,Oil & Gas,Ministry of Petroleum & Natural Gas,341,279.19,396.0,0,81.87390029325513,0
709781,2025-07,Oil & Gas,Ministry of Petroleum & Natural Gas,260,1.11,699.0,0,0.426923076923077,0
709782,2025-07,Oil & Gas,Ministry of Petroleum & Natural Gas,165,89.94,21.0,0,54.50909090909091,0
709783,2025-07,Oil & Gas,Ministry of Petroleum & Natural Gas,165,129.27,-762.0,1,78.34545454545456,0
709785,2025-07,Oil & Gas,Ministry of Petroleum & Natural Gas,202,55.46,192.0,0,27.455445544554458,0
709786,2025-07,Oil & Gas,Ministry of Petroleum & Natural Gas,228,9.01,852.0,0,3.9517543859649127,0
709789,2025-07,Oil & Gas,Ministry of Petroleum & Natural Gas,405,201.28,0.0,0,49.69876543209877,0
709790,2025-07,Oil & Gas,Ministry of Petroleum & Natural Gas,622,192.66,243.0,0,30.97427652733119,0
709791,2025-07,Oil & Gas,Ministry of Petroleum & Natural Gas,1017,176.15,1704.0,0,17.32055063913471,0
709792,2025-07,Oil & Gas,Ministry of Petroleum & Natural Gas,3638,396.42,1704.0,0,10.89664650907092,0
709793,2025-07,Oil & Gas,Ministry of Petroleum & Natural Gas,3919,392.59,1795.0,0,10.017606532278641,0
709794,2025-07,Oil & Gas,Ministry of Petroleum & Natural Gas,3207,334.82,1795.0,0,10.44028687246648,0
709795,2025-07,Oil & Gas,Ministry of Petroleum & Natural Gas,16654,603.21,1795.0,0,3.622012729674553,0
709796,2025-07,Oil & Gas,Ministry of Petroleum & Natural Gas,3685,234.12,1704.0,0,6.353324287652646,0
709797,2025-07,Oil & Gas,Ministry of Petroleum & Natural Gas,2585,564.58,304.0,0,21.840618955512575,0
709798,2025-07,Oil & Gas,Ministry of Petroleum & Natural Gas,43367,1788.6,1035.0,0,4.124334171143957,0
709799,2025-07,Oil & Gas,Ministry of Petroleum & Natural Gas,4460,255.64,822.0,0,5.7318385650224215,0
709800,2025-07,Oil & Gas,Ministry of Petroleum & Natural Gas,394,100.39,243.0,0,25.47969543147208,0
709808,2025-07,Railways,Ministry of Railways,955,118.0,761.0,0,12.356020942408378,0
709809,2025-07,Railways,Ministry of Railways,836,9.29,608.0,0,1.1112440191387558,0
709810,2025-07,Railways,Ministry of Railways,191,,761.0,0,,0
709811,2025-07,Railways,Ministry of Railways,190,,791.0,0,,0
709812,2025-07,Railways,Ministry of Railways,462,75.0,1795.0,0,16.233766233766232,0
709813,2025-07,Railways,Ministry of Railways,437,43.0,822.0,0,9.839816933638444,0
709814,2025-07,Railways,Ministry of Railways,170,,518.0,0,,0
709815,2025-07,Railways,Ministry of Railways,177,,549.0,0,,0
709816,2025-07,Railways,Ministry of Railways,177,0.76,577.0,0,0.4293785310734463,0
709817,2025-07,Railways,Ministry of Railways,169,10.13,487.0,0,5.994082840236687,0
709818,2025-07,Railways,Ministry of Railways,328,48.02,549.0,0,14.640243902439027,0
709819,2025-07,Railways,Ministry of Railways,177,,518.0,0,,0
709826,2025-07,Steel,Ministry of Steel,2719,1327.11,184.0,0,48.808753218094886,0
709827,2025-07,Steel,Ministry of Steel,350,247.42,153.0,0,70.69142857142857,0
709829,2025-07,Metals & Mining,Ministry of Mines,1022,0.0,-122.0,1,0.0,0
709830,2025-07,Metals & Mining,Ministry of Mines,355,0.0,487.0,0,0.0,0
709831,2025-07,Metals & Mining,Ministry of Mines,483,403.44,-61.0,1,83.527950310559,0
709832,2025-07,Metals & Mining,Ministry of Mines,166,135.0,-122.0,1,81.32530120481928,0
709837,2025-07,Oil & Gas,Ministry of Petroleum & Natural Gas,209,65.97,-426.0,1,31.564593301435405,0
709838,2025-07,Oil & Gas,Ministry of Petroleum & Natural Gas,621,137.71,-243.0,1,22.175523349436393,1
709839,2025-07,Oil & Gas,Ministry of Petroleum & Natural Gas,4144,3770.15,92.0,0,90.97852316602317,0
709840,2025-07,Oil & Gas,Ministry of Petroleum & Natural Gas,249,209.42,-171.0,1,84.10441767068274,0
709841,2025-07,Oil & Gas,Ministry of Petroleum & Natural Gas,173,148.0,-13.0,1,85.54913294797689,0
709842,2025-07,Oil & Gas,Ministry of Petroleum & Natural Gas,1487,776.61,608.0,0,52.226630800269,0
709845,2025-07,Oil & Gas,Ministry of Petroleum & Natural Gas,837,205.78,396.0,0,24.58542413381123,0
709846,2025-07,Oil & Gas,Ministry of Petroleum & Natural Gas,1219,745.24,-442.0,1,61.135356849876956,1
709847,2025-07,Oil & Gas,Ministry of Petroleum & Natural Gas,345,210.89,270.0,0,61.12753623188405,0
709848,2025-07,Oil & Gas,Ministry of Petroleum & Natural Gas,2329,820.24,292.0,0,35.218548733361956,0
709849,2025-07,Oil & Gas,Ministry of Petroleum & Natural Gas,2380,1652.62,212.0,0,69.43781512605042,0
709850,2025-07,Oil & Gas,Ministry of Petroleum & Natural Gas,199,36.78,289.0,0,18.48241206030151,0
709851,2025-07,Oil & Gas,Ministry of Petroleum & Natural Gas,6184,360.0,638.0,0,5.821474773609314,0
709856,2025-07,Telecommunication,Department of Telecommunications,645,522.88,-334.0,1,81.06666666666666,1
709857,2025-07,Telecommunication,Department of Telecommunications,24545,8333.37,-40.0,1,33.95139539621104,0
709858,2025-07,Telecommunication,Department of Telecommunications,811,741.9,15.0,0,91.47965474722565,1
709859,2025-07,Telecommunication,Department of Telecommunications,248,236.91,-1991.0,1,95.52822580645162,0
709864,2025-07,Oil & Gas,Ministry of Petroleum & Natural Gas,370,249.41,-379.0,1,67.40810810810811,1
709865,2025-07,Oil & Gas,Ministry of Petroleum & Natural Gas,294,97.22,-212.0,1,33.06802721088435,1
900808,2025-07,Transmission & Distribution,Ministry of Power,3547,3121.3,-243.0,1,87.99830842965886,1
400005,2025-08,Transmission & Distribution,Ministry of Power,4546,4172.96,-811.0,1,91.79410470743511,0
400010,2025-08,Aviation & Aviation Infrastructure,Ministry of Civil Aviation,480,434.79,-1447.0,1,90.58125,1
400012,2025-08,Energy Storage,Ministry of Petroleum & Natural Gas,10088,7672.23,-1340.0,1,76.05303330689928,0
400013,2025-08,Telecommunication,Department of Telecommunications,26316,9791.8,-437.0,1,37.20854233166134,0
400018,2025-08,Coal,Ministry of Coal,859,450.76,1308.0,0,52.47497089639115,0
400019,2025-08,Railways,Ministry of Railways,493,245.11,487.0,0,49.718052738336716,0
400022,2025-08,Railways,Ministry of Railways,2798,1915.38,1795.0,0,68.4553252323088,0
400023,2025-08,Railways,Ministry of Railways,749,,973.0,0,,0
400033,2025-08,Coal,Ministry of Coal,581,69.73,943.0,0,12.00172117039587,0
400035,2025-08,Energy Storage,Ministry of Petroleum & Natural Gas,656,478.11,30.0,0,72.88262195121952,0
400043,2025-08,Energy Storage,Ministry of Petroleum & Natural Gas,829,301.71,273.0,0,36.39445114595898,0
400045,2025-08,Railways,Ministry of Railways,168,69.85,-153.0,1,41.57738095238095,0
400062,2025-08,Electricity Generation,Ministry of Power,17673,1192.71,1399.0,0,6.7487693091156,0
400065,2025-08,Steel,Ministry of Steel,1105,769.08,-108.0,1,69.60000000000001,0
400073,2025-08,Coal,Ministry of Coal,799,424.01,2404.0,0,53.06758448060075,0
400074,2025-08,Coal,Ministry of Coal,908,269.18,1308.0,0,29.645374449339208,0
400077,2025-08,Energy Storage,Ministry of Petroleum & Natural Gas,827,626.01,-243.0,1,75.69649334945586,0
400078,2025-08,Energy Storage,Ministry of Petroleum & Natural Gas,9028,7136.41,-255.0,1,79.04751883030572,1
400087,2025-08,Oil & Gas,Ministry of Petroleum & Natural Gas,886,789.49,181.0,0,89.10722347629797,0
400093,2025-08,Water Resources,"Department of Water Resources, River Development & GR",1673,,-2070.0,1,,0
400095,2025-08,Water Resources,"Department of Water Resources, River Development & GR",744,252.0,-2070.0,1,33.87096774193548,0
400096,2025-08,Water Resources,"Department of Water Resources, River Development & GR",648,172.56,-2070.0,1,26.62962962962963,0
400097,2025-08,Water Resources,"Department of Water Resources, River Development & GR",5022,4954.99,-2070.0,1,98.66567104739147,1
400100,2025-08,Water Resources,"Department of Water Resources, River Development & GR",353,869.11,-2070.0,1,246.20679886685554,0
400101,2025-08,Water Resources,"Department of Water Resources, River Development & GR",397,610.89,-2070.0,1,153.8765743073048,0
400102,2025-08,Water Resources,"Department of Water Resources, River Development & GR",736,940.7,-2070.0,1,127.8125,0
400103,2025-08,Water Resources,"Department of Water Resources, River Development & GR",1331,4491.08,-2070.0,1,337.42148760330576,0
400104,2025-08,Water Resources,"Department of Water Resources, River Development & GR",571,469.66,-2070.0,1,82.2521891418564,0
400105,2025-08,Water Resources,"Department of Water Resources, River Development & GR",581,713.46,-1158.0,1,122.79862306368332,0
400107,2025-08,Water Resources,"Department of Water Resources, River Development & GR",2408,2436.43,-793.0,1,101.18064784053156,0
400109,2025-08,Water Resources,"Department of Water Resources, River Development & GR",848,690.49,-1888.0,1,81.42570754716981,0
400111,2025-08,Water Resources,"Department of Water Resources, River Development & GR",460,616.93,-2070.0,1,134.11521739130436,0
400112,2025-08,Water Resources,"Department of Water Resources, River Development & GR",7223,8501.45,1034.0,0,117.6997092620795,0
400115,2025-08,Water Resources,"Department of Water Resources, River Development & GR",751,746.19,-2070.0,1,99.35952063914782,1
400116,2025-08,Water Resources,"Department of Water Resources, River Development & GR",1229,1807.2,-2070.0,1,147.04637917005695,1
400119,2025-08,Oil & Gas,Ministry of Petroleum & Natural Gas,3191,3074.25,-2680.0,1,96.34127232842368,1
400120,2025-08,Oil & Gas,Ministry of Petroleum & Natural Gas,34012,33238.5,-1888.0,1,97.72580265788545,0
400121,2025-08,Steel,Ministry of Steel,1044,229.77,359.0,0,22.008620689655174,0
400136,2025-08,Coal,Ministry of Coal,2660,,2404.0,0,,0
400138,2025-08,Coal,Ministry of Coal,974,440.56,2404.0,0,45.23203285420945,0
400139,2025-08,Coal,Ministry of Coal,861,455.95,2404.0,0,52.95586527293844,0
400141,2025-08,Metals & Mining,Ministry of Mines,4103,3984.99,-974.0,1,97.12381184499147,0
400142,2025-08,Coal,Ministry of Coal,2243,1170.75,1126.0,0,52.19572001783326,0
400144,2025-08,Coal,Ministry of Coal,2310,83.66,1308.0,0,3.621645021645022,0
400145,2025-08,Coal,Ministry of Coal,611,577.46,-1249.0,1,94.51063829787235,1
400147,2025-08,Coal,Ministry of Coal,7612,4697.95,-884.0,1,61.71768260641093,0
400148,2025-08,Coal,Ministry of Coal,869,273.45,-1614.0,1,31.467203682393553,0
400149,2025-08,Coal,Ministry of Coal,2310,926.11,1308.0,0,40.09134199134199,0
400150,2025-08,Coal,Ministry of Coal,7254,1535.31,943.0,0,21.165012406947888,0
400151,2025-08,Coal,Ministry of Coal,779,695.99,1308.0,0,89.34403080872913,0
400152,2025-08,Coal,Ministry of Coal,1249,495.4,212.0,0,39.663730984787826,0
400153,2025-08,Coal,Ministry of Coal,1020,83.95,943.0,0,8.230392156862745,0
400154,2025-08,Coal,Ministry of Coal,713,236.58,577.0,0,33.180925666199165,0
400155,2025-08,Coal,Ministry of Coal,2898,178.51,943.0,0,6.159765355417529,1
400156,2025-08,Coal,Ministry of Coal,5136,1154.6,943.0,0,22.480529595015575,0
400158,2025-08,Oil & Gas,Ministry of Petroleum & Natural Gas,1165,932.25,-549.0,1,80.0214592274678,0
400160,2025-08,Coal,Ministry of Coal,511,488.67,-3440.0,1,95.63013698630137,0
400161,2025-08,Oil & Gas,Ministry of Petroleum & Natural Gas,911,1019.0,-578.0,1,111.85510428100989,1
400162,2025-08,Coal,Ministry of Coal,999,457.2,-884.0,1,45.765765765765764,0
400165,2025-08,Coal,Ministry of Coal,1694,1321.15,2427.0,0,77.98996458087368,0
400166,2025-08,Coal,Ministry of Coal,5195,3456.05,1308.0,0,66.5264677574591,0
400167,2025-08,Oil & Gas,Ministry of Petroleum & Natural Gas,1163,1157.0,212.0,0,99.48409286328462,0
400168,2025-08,Oil & Gas,Ministry of Petroleum & Natural Gas,8797,6877.59,-145.0,1,78.18108446061157,1
400169,2025-08,Oil & Gas,Ministry of Petroleum & Natural Gas,631,505.15,-153.0,1,80.0554675118859,1
400171,2025-08,Oil & Gas,Ministry of Petroleum & Natural Gas,1421,1182.4,-925.0,1,83.20900774102745,0
400172,2025-08,Coal,Ministry of Coal,514,229.01,212.0,0,44.554474708171206,1
400173,2025-08,Coal,Ministry of Coal,889,93.0,212.0,0,10.46119235095613,1
400174,2025-08,Steel,Ministry of Steel,1034,883.44,-2861.0,1,85.43907156673114,0
400177,2025-08,Coal,Ministry of Coal,727,535.96,-153.0,1,73.72214580467677,0
400178,2025-08,Coal,Ministry of Coal,823,621.73,577.0,0,75.54434993924666,0
400180,2025-08,Coal,Ministry of Coal,570,81.95,212.0,0,14.37719298245614,1
400181,2025-08,Coal,Ministry of Coal,503,67.61,1308.0,0,13.44135188866799,0
400182,2025-08,Coal,Ministry of Coal,535,5.05,577.0,0,0.9439252336448598,1
400183,2025-08,Coal,Ministry of Coal,3504,1028.92,1308.0,0,29.364155251141554,0
400185,2025-08,Coal,Ministry of Coal,8416,1708.88,1673.0,0,20.30513307984791,0
400186,2025-08,Coal,Ministry of Coal,749,52.18,1308.0,0,6.966622162883845,0
400187,2025-08,Coal,Ministry of Coal,2435,1813.26,577.0,0,74.46652977412731,0
400188,2025-08,Real Estate,Ministry of Housing & Urban Affairs,32850,0.0,122.0,0,0.0,0
400192,2025-08,Coal,Ministry of Power,1581,596.94,273.0,0,37.757115749525624,0
400203,2025-08,Railways,Ministry of Coal,1686,347.96,487.0,0,20.638196915776984,0
400204,2025-08,Railways,Ministry of Railways,4940,1232.64,1886.0,0,24.952226720647776,0
400205,2025-08,Railways,Ministry of Railways,1320,460.2,1308.0,0,34.86363636363636,0
400220,2025-08,Railways,Ministry of Railways,3055,2574.54,-2527.0,1,84.27299509001637,0
400223,2025-08,Railways,Ministry of Railways,713,598.38,212.0,0,83.92426367461431,1
400231,2025-08,Electricity Generation,Ministry of Coal,27213,1953.52,1673.0,0,7.178627861683753,0
400232,2025-08,Railways,Ministry of Railways,297,193.22,487.0,0,65.05723905723906,0
400234,2025-08,Railways,Ministry of Railways,8975,4950.0,212.0,0,55.15320334261838,0
400235,2025-08,Energy Storage,Ministry of Petroleum & Natural Gas,677,526.1,-153.0,1,77.71048744460856,0
400247,2025-08,Railways,Ministry of Railways,1000,1031.21,546.0,0,103.121,0
400253,2025-08,Railways,Ministry of Railways,4803,5722.01,487.0,0,119.13408286487612,0
400254,2025-08,Railways,Ministry of Railways,735,585.84,-243.0,1,79.7061224489796,0
400259,2025-08,Electricity Generation,Ministry of Coal,17238,20269.5,-1739.0,1,117.58614688478941,1
400261,2025-08,Electricity Generation,Ministry of Power,17112,17475.0,-884.0,1,102.12131837307152,0
400271,2025-08,Railways,Ministry of Railways,3445,3002.93,943.0,0,87.16777939042089,0
400273,2025-08,Railways,Ministry of Railways,1189,1307.52,-2345.0,1,109.96804037005887,0
400275,2025-08,Railways,Ministry of Railways,3631,1113.53,-3257.0,1,30.667309281189752,0
400277,2025-08,Railways,Ministry of Railways,8964,8097.47,122.0,0,90.33322177599287,0
400280,2025-08,Railways,Ministry of Railways,734,475.73,-396.0,1,64.8133514986376,1
400291,2025-08,Railways,Ministry of Railways,1589,1542.79,-1979.0,1,97.09188168659534,0
400298,2025-08,Railways,Ministry of Railways,2312,2179.0,638.0,0,94.24740484429066,0
400299,2025-08,Metals & Mining,Ministry of Mines,1381,650.04,-153.0,1,47.07023895727733,0
400301,2025-08,Energy Storage,Ministry of Petroleum & Natural Gas,678,713.86,-3109.0,1,105.28908554572271,1
400312,2025-08,Coal,Ministry of Coal,1210,527.67,1308.0,0,43.60909090909091,0
400313,2025-08,Coal,Ministry of Coal,2662,788.85,-2212.0,1,29.633734034560483,0
400315,2025-08,Coal,Ministry of Coal,5366,565.26,1308.0,0,10.534103615355944,0
400321,2025-08,Coal,Ministry of Coal,1730,804.11,-153.0,1,46.480346820809245,0
400352,2025-08,Coal,Ministry of Coal,765,145.81,2038.0,0,19.060130718954248,0
400353,2025-08,Coal,Ministry of Coal,711,80.61,943.0,0,11.337552742616033,0
400354,2025-08,Coal,Ministry of Coal,5241,2830.01,1308.0,0,53.997519557336396,0
400369,2025-08,Coal,Ministry of Coal,836,786.99,-518.0,1,94.13755980861244,0
400392,2025-08,Coal,Ministry of Coal,2839,1748.41,1308.0,0,61.585417400493135,0
400416,2025-08,Railways,Ministry of Coal,1800,1293.71,-62.0,1,71.87277777777777,1
400424,2025-08,Coal,Ministry of Coal,11816,5328.96,-884.0,1,45.09952606635071,1
400425,2025-08,Coal,Ministry of Coal,1230,626.63,-2345.0,1,50.94552845528455,0
400426,2025-08,Metals & Mining,Ministry of Mines,1856,935.32,-1949.0,1,50.39439655172414,0
602096,2025-08,Electricity Generation,Ministry of Power,6285,24881.0,-5471.0,1,395.87907716786,0
602098,2025-08,Education,Department of Higher Education,425,484.52,-793.0,1,114.00470588235294,1
602099,2025-08,Education,Department of Higher Education,393,323.64,-670.0,1,82.35114503816794,0
602181,2025-08,Electricity Generation,Ministry of Power,5748,4576.93,-542.0,1,79.62647877522618,0
602182,2025-08,Electricity Generation,Ministry of Power,31876,3553.9,2370.0,0,11.149140419124107,0
602184,2025-08,Electricity Generation,Ministry of Power,1382,1281.85,-2162.0,1,92.7532561505065,0
602185,2025-08,Electricity Generation,Ministry of Power,2978,7195.58,-4536.0,1,241.62458025520485,0
602193,2025-08,Electricity Generation,Ministry of Power,4826,8064.9,-1172.0,1,167.11355159552423,1
602194,2025-08,Electricity Generation,Ministry of Power,11089,12772.2,-576.0,1,115.17900622238255,0
602195,2025-08,Electricity Generation,Ministry of Power,3860,5101.06,-990.0,1,132.1518134715026,0
602223,2025-08,Transmission & Distribution,Ministry of Power,4754,7462.2,-2447.0,1,156.96676482961715,0
602525,2025-08,Electricity Generation,Ministry of Power,8112,7238.73,-1952.0,1,89.23483727810651,0
602532,2025-08,Electricity Generation,Ministry of Power,4288,3157.49,-724.0,1,73.63549440298507,0
602535,2025-08,Electricity Generation,Ministry of Power,5282,1009.79,163.0,0,19.11756910261265,0
602538,2025-08,Electricity Generation,Ministry of Power,1037,1092.27,-587.0,1,105.32979749276761,0
602579,2025-08,Electricity Generation,Ministry of Power,10439,12148.5,-601.0,1,116.3760896637609,0
602582,2025-08,Electricity Generation,Ministry of Power,688,927.3,66.0,0,134.78197674418604,0
602593,2025-08,Electricity Generation,Ministry of Power,1811,1751.6,141.0,0,96.72004417448923,1
602633,2025-08,Electricity Generation,Ministry of Power,2615,495.57,577.0,0,18.951051625239003,0
602792,2025-08,Railways,Ministry of Railways,1171,848.0,-184.0,1,72.41673783091375,1
602797,2025-08,Railways,Ministry of Railways,462,186.03,577.0,0,40.26623376623377,0
602961,2025-08,Electricity Generation,Ministry of Power,11844,4161.68,638.0,0,35.137453562985485,0
603293,2025-08,Coal,Ministry of Power,502,313.88,11445.0,0,62.52589641434263,0
603945,2025-08,Water Resources,"Department of Water Resources, River Development & GR",567,2629.74,-2070.0,1,463.79894179894177,0
604791,2025-08,Oil & Gas,Ministry of Petroleum & Natural Gas,12366,16764.1,-400.0,1,135.56606825165775,0
604795,2025-08,Oil & Gas,Ministry of Petroleum & Natural Gas,31580,1342.27,-90.0,1,4.250379987333756,0
604833,2025-08,Energy Storage,Ministry of Petroleum & Natural Gas,281,230.76,-92.0,1,82.12099644128114,0
604852,2025-08,Energy Storage,Ministry of Petroleum & Natural Gas,980,216.66,456.0,0,22.10816326530612,0
604853,2025-08,Oil & Gas,Ministry of Petroleum & Natural Gas,2282,1800.61,-974.0,1,78.90490797546012,1
604859,2025-08,Oil & Gas,Ministry of Petroleum & Natural Gas,13805,8310.16,-578.0,1,60.19674031148134,0
604863,2025-08,Oil & Gas,Ministry of Petroleum & Natural Gas,683,489.3,-2010.0,1,71.6398243045388,0
605155,2025-08,Electricity Generation,Ministry of Power,4526,1119.59,436.0,0,24.73685373398144,0
605156,2025-08,Electricity Generation,Ministry of Power,938,1584.13,-459.0,1,168.88379530916845,0
605292,2025-08,Education,Department of Higher Education,348,290.39,-793.0,1,83.44540229885057,0
606013,2025-08,Education,Department of Higher Education,499,425.47,-396.0,1,85.26452905811624,0
606112,2025-08,Education,Department of Higher Education,154,54.05,-662.0,1,35.09740259740259,1
606431,2025-08,Education,Department of Higher Education,1006,623.6,-1181.0,1,61.988071570576544,0
606479,2025-08,Education,Department of Higher Education,246,193.38,-1066.0,1,78.60975609756098,0
606781,2025-08,Transmission & Distribution,Ministry of Power,289,207.8,-243.0,1,71.90311418685121,1
607701,2025-08,Oil & Gas,Ministry of Petroleum & Natural Gas,412,430.83,-670.0,1,104.57038834951456,0
607709,2025-08,Transmission & Distribution,Ministry of Power,5111,5277.24,-2435.0,1,103.2525924476619,1
608301,2025-08,Transmission & Distribution,Ministry of Power,359,330.91,-701.0,1,92.17548746518106,1
608302,2025-08,Transmission & Distribution,Ministry of Power,318,287.31,-123.0,1,90.34905660377358,1
608922,2025-08,Transmission & Distribution,Ministry of Power,1666,2129.28,-640.0,1,127.80792316926772,0
609019,2025-08,Education,Department of Higher Education,500,383.6,-884.0,1,76.72,0
609424,2025-08,Inland Waterways,"Ministry of Ports, Shipping and Waterways",4244,366.2,482.0,0,8.628652214891613,1
609736,2025-08,Education,Department of Higher Education,314,238.22,-239.0,1,75.86624203821655,1
609996,2025-08,Education,Department of Higher Education,262,177.09,-312.0,1,67.59160305343511,0
610315,2025-08,Education,Department of Higher Education,1229,837.04,-1614.0,1,68.10740439381611,1
610940,2025-08,Education,Department of Higher Education,420,360.72,-518.0,1,85.88571428571429,1
610984,2025-08,Oil & Gas,Ministry of Petroleum & Natural Gas,431,211.4,-588.0,1,49.048723897911835,1
610985,2025-08,Oil & Gas,Ministry of Petroleum & Natural Gas,423,301.01,-609.0,1,71.16075650118204,0
611016,2025-08,Coal,Ministry of Coal,385,353.21,-1796.0,1,91.74285714285713,1
611017,2025-08,Coal,Ministry of Coal,334,140.51,-2680.0,1,42.0688622754491,0
611047,2025-08,Aviation & Aviation Infrastructure,Ministry of Civil Aviation,861,177.69,294.0,0,20.637630662020907,0
611452,2025-08,Railways,Ministry of Railways,311,208.0,122.0,0,66.88102893890675,1
611495,2025-08,Aviation & Aviation Infrastructure,Ministry of Civil Aviation,1549,274.14,490.0,0,17.69786959328599,0
611509,2025-08,Electricity Generation,Ministry of Power,14358,1131.57,1291.0,0,7.881111575428331,0
611570,2025-08,Aviation & Aviation Infrastructure,Ministry of Civil Aviation,500,332.26,11.0,0,66.452,0
611586,2025-08,Electricity Generation,Ministry of Power,2615,962.66,946.0,0,36.81300191204589,0
611602,2025-08,Aviation & Aviation Infrastructure,Ministry of Civil Aviation,1207,149.21,-31.0,1,12.362054681027342,1
611614,2025-08,Railways,Ministry of Railways,819,471.0,456.0,0,57.509157509157504,0
611615,2025-08,Railways,Ministry of Railways,342,,821.0,0,,0
611656,2025-08,Transmission & Distribution,Ministry of Power,1168,1050.41,-153.0,1,89.93236301369863,1
611657,2025-08,Transmission & Distribution,Ministry of Power,2821,2570.25,-153.0,1,91.11130804679192,1
611659,2025-08,Transmission & Distribution,Ministry of Power,1433,1359.63,-335.0,1,94.87997208653177,1
611660,2025-08,Transmission & Distribution,Ministry of Power,967,904.52,-243.0,1,93.53877973112719,1
611669,2025-08,Railways,Ministry of Railways,380,24.53,577.0,0,6.455263157894738,0
611698,2025-08,Electricity Generation,Ministry of Power,1939,49.31,1428.0,0,2.5430634347601857,0
611699,2025-08,Electricity Generation,Ministry of Power,1750,102.79,1428.0,0,5.8737142857142866,0
611735,2025-08,Transmission & Distribution,Ministry of Power,331,82.72,-153.0,1,24.99093655589124,1
611737,2025-08,Transmission & Distribution,Ministry of Power,386,378.17,-640.0,1,97.97150259067358,0
611751,2025-08,Railways,Ministry of Railways,961,0.0,577.0,0,0.0,0
611752,2025-08,Railways,Ministry of Railways,352,18.0,577.0,0,5.113636363636364,0
611754,2025-08,Railways,Ministry of Railways,293,0.0,334.0,0,0.0,0
611798,2025-08,Metals & Mining,Ministry of Mines,2705,,2769.0,0,,0
611800,2025-08,Metals & Mining,Ministry of Mines,665,16.57,943.0,0,2.4917293233082707,0
611849,2025-08,Railways,Ministry of Railways,969,98.62,1005.0,0,10.177502579979361,0
611861,2025-08,Railways,Ministry of Railways,352,246.11,668.0,0,69.91761363636364,0
611864,2025-08,Coal,Ministry of Coal,4012,398.5,1673.0,0,9.932701894317049,0
611884,2025-08,Railways,Ministry of Railways,471,191.39,912.0,0,40.6348195329087,0
611917,2025-08,Oil & Gas,Ministry of Petroleum & Natural Gas,1459,1072.59,-153.0,1,73.51542152159013,0
611918,2025-08,Railways,Ministry of Railways,468,20.0,576.0,0,4.273504273504273,0
611927,2025-08,Railways,Ministry of Railways,561,276.66,-609.0,1,49.31550802139038,0
611929,2025-08,Railways,Ministry of Railways,167,0.0,-245.0,1,0.0,0
611930,2025-08,Electricity Generation,Ministry of Power,15530,2480.0,1034.0,0,15.96909207984546,0
611937,2025-08,Railways,Ministry of Railways,418,223.0,273.0,0,53.34928229665071,0
611938,2025-08,Railways,Ministry of Railways,415,364.0,273.0,0,87.71084337349397,0
611939,2025-08,Railways,Ministry of Railways,482,461.0,-8828.0,1,95.64315352697096,0
611943,2025-08,Railways,Ministry of Railways,410,6.0,883.0,0,1.4634146341463417,0
611944,2025-08,Railways,Ministry of Railways,152,20.0,212.0,0,13.157894736842104,0
611945,2025-08,Railways,Ministry of Railways,307,82.0,1734.0,0,26.710097719869708,0
611947,2025-08,Transmission & Distribution,Ministry of Power,428,179.89,-77.0,1,42.0303738317757,1
611948,2025-08,Transmission & Distribution,Ministry of Power,2211,1817.46,-123.0,1,82.20081411126188,1
611949,2025-08,Transmission & Distribution,Ministry of Power,1796,1247.87,-123.0,1,69.48051224944321,1
611950,2025-08,Transmission & Distribution,Ministry of Power,2191,1870.72,-123.0,1,85.38201734367868,0
611951,2025-08,Transmission & Distribution,Ministry of Power,689,587.42,-184.0,1,85.25689404934688,1
611957,2025-08,Education,Department of Higher Education,496,143.95,487.0,0,29.02217741935484,1
611963,2025-08,Education,Department of Higher Education,651,195.52,760.0,0,30.03379416282642,0
611966,2025-08,Transmission & Distribution,Ministry of Power,224,24.64,-53.0,1,11.0,1
611967,2025-08,Transmission & Distribution,Ministry of Power,1249,860.97,30.0,0,68.93274619695757,0
611970,2025-08,Railways,Ministry of Railways,670,102.0,1673.0,0,15.223880597014924,0
611971,2025-08,Railways,Ministry of Railways,350,87.0,1673.0,0,24.857142857142858,0
611974,2025-08,Railways,Ministry of Railways,1430,0.0,486.0,0,0.0,1
611977,2025-08,Railways,Ministry of Railways,487,108.69,-184.0,1,22.318275154004105,0
611978,2025-08,Railways,Ministry of Railways,158,47.31,-153.0,1,29.943037974683545,0
611979,2025-08,Railways,Ministry of Railways,250,0.0,-62.0,1,0.0,1
612063,2025-08,Aviation & Aviation Infrastructure,Ministry of Civil Aviation,219,215.19,-285.0,1,98.26027397260275,1
612072,2025-08,Railways,Ministry of Railways,962,327.53,577.0,0,34.04677754677755,1
612096,2025-08,Railways,Ministry of Railways,1209,405.31,577.0,0,33.52440033085195,1
612128,2025-08,Education,Department of Higher Education,167,72.09,207.0,0,43.16766467065868,0
612132,2025-08,Transmission & Distribution,Ministry of Power,2000,1380.2,-23.0,1,69.01,1
612133,2025-08,Transmission & Distribution,Ministry of Power,2056,1356.96,117.0,0,66.0,0
612134,2025-08,Transmission & Distribution,Ministry of Power,2998,1703.11,117.0,0,56.808205470313546,1
612135,2025-08,Education,Department of Higher Education,182,132.44,30.0,0,72.76923076923076,1
612138,2025-08,Transmission & Distribution,Ministry of Power,2148,1144.89,161.0,0,53.30027932960895,1
612139,2025-08,Transmission & Distribution,Ministry of Power,3752,1575.72,116.0,0,41.99680170575693,1
612140,2025-08,Transmission & Distribution,Ministry of Power,2889,1332.21,116.0,0,46.11318795430945,1
612142,2025-08,Electricity Generation,Ministry of Power,17195,1739.0,1642.0,0,10.113405059610352,0
612151,2025-08,Transmission & Distribution,Ministry of Power,334,73.48,-31.0,1,22.0,1
612183,2025-08,Aviation & Aviation Infrastructure,Ministry of Civil Aviation,1413,,760.0,0,,0
612194,2025-08,Aviation & Aviation Infrastructure,Ministry of Civil Aviation,912,160.2,129.0,0,17.56578947368421,1
612203,2025-08,Education,Department of Higher Education,68,22.26,334.0,0,32.735294117647065,0
612781,2025-08,Steel,Ministry of Steel,917,126.25,464.0,0,13.767720828789532,0
612786,2025-08,Aviation & Aviation Infrastructure,Ministry of Civil Aviation,266,50.06,149.0,0,18.81954887218045,0
612787,2025-08,Aviation & Aviation Infrastructure,Ministry of Civil Aviation,320,61.79,143.0,0,19.309375,0
612788,2025-08,Aviation & Aviation Infrastructure,Ministry of Civil Aviation,322,121.72,124.0,0,37.80124223602485,1
612789,2025-08,Aviation & Aviation Infrastructure,Ministry of Civil Aviation,485,83.95,28.0,0,17.309278350515463,0
612790,2025-08,Oil & Gas,Ministry of Petroleum & Natural Gas,385,137.0,78.0,0,35.58441558441559,0
612791,2025-08,Aviation & Aviation Infrastructure,Ministry of Civil Aviation,328,101.26,-202.0,1,30.871951219512194,0
612793,2025-08,Aviation & Aviation Infrastructure,Ministry of Civil Aviation,323,29.7,159.0,0,9.195046439628483,0
612815,2025-08,Railways,Ministry of Railways,170,,577.0,0,,0
612816,2025-08,Coal,Ministry of Coal,929,67.6,1673.0,0,7.276641550053821,0
612819,2025-08,Electricity Generation,Ministry of Coal,1813,874.14,-338.0,1,48.215113072255924,1
612827,2025-08,Railways,Ministry of Railways,184,4.2,607.0,0,2.282608695652174,0
612834,2025-08,Railways,Ministry of Railways,252,79.55,119.0,0,31.567460317460316,0
612838,2025-08,Coal,Ministry of Coal,7580,3091.0,-153.0,1,40.77836411609499,0
612851,2025-08,Education,Department of Higher Education,333,277.75,30.0,0,83.4084084084084,1
612853,2025-08,Oil & Gas,Ministry of Petroleum & Natural Gas,522,190.1,314.0,0,36.417624521072796,0
612855,2025-08,Transmission & Distribution,Ministry of Power,679,97.23,272.0,0,14.319587628865978,1
612856,2025-08,Transmission & Distribution,Ministry of Power,164,60.53,26.0,0,36.90853658536585,1
612876,2025-08,Education,Department of Higher Education,474,167.55,1583.0,0,35.348101265822784,0
612877,2025-08,Education,Department of Higher Education,618,509.55,-243.0,1,82.45145631067962,0
612883,2025-08,Education,Department of Higher Education,686,121.56,895.0,0,17.720116618075803,0
612885,2025-08,Education,Department of Higher Education,495,413.57,-1249.0,1,83.54949494949496,0
612894,2025-08,Education,Department of Higher Education,252,183.36,-286.0,1,72.76190476190477,0
612898,2025-08,Education,Department of Higher Education,593,549.96,365.0,0,92.74198988195617,0
612916,2025-08,Education,Department of Higher Education,491,301.44,-153.0,1,61.39307535641548,0
612998,2025-08,Oil & Gas,Ministry of Petroleum & Natural Gas,367,346.18,-487.0,1,94.32697547683924,1
613002,2025-08,Railways,Ministry of Railways,842,340.0,212.0,0,40.38004750593824,0
613003,2025-08,Railways,Ministry of Railways,1686,288.83,365.0,0,17.131079478054566,0
613008,2025-08,Education,Department of Higher Education,305,83.33,664.0,0,27.321311475409836,0
613013,2025-08,Education,Department of Higher Education,276,260.1,122.0,0,94.23913043478261,0
613015,2025-08,Railways,Ministry of Railways,1813,569.08,577.0,0,31.388858246001107,0
613785,2025-08,Railways,Ministry of Railways,4744,35.09,1218.0,0,0.7396711635750423,0
613786,2025-08,Railways,Ministry of Railways,2379,656.84,943.0,0,27.6099201345103,0
613787,2025-08,Water Resources,"Department of Water Resources, River Development & GR",2584,968.52,1397.0,0,37.48142414860681,0
613793,2025-08,Coal,Ministry of Coal,484,59.04,212.0,0,12.198347107438016,1
613794,2025-08,Coal,Ministry of Coal,389,131.42,943.0,0,33.7840616966581,0
613795,2025-08,Coal,Ministry of Coal,279,210.07,-153.0,1,75.29390681003584,0
613798,2025-08,Coal,Ministry of Coal,336,88.21,212.0,0,26.25297619047619,0
613799,2025-08,Coal,Ministry of Coal,316,188.6,212.0,0,59.68354430379746,0
613800,2025-08,Coal,Ministry of Coal,459,274.35,-153.0,1,59.77124183006537,0
613801,2025-08,Coal,Ministry of Coal,410,181.23,212.0,0,44.20243902439024,1
613802,2025-08,Coal,Ministry of Coal,371,144.61,212.0,0,38.97843665768194,0
613803,2025-08,Coal,Ministry of Coal,367,34.05,212.0,0,9.277929155313352,1
613804,2025-08,Coal,Ministry of Coal,314,5.79,577.0,0,1.8439490445859872,0
613808,2025-08,Coal,Ministry of Coal,340,191.0,-4141.0,1,56.1764705882353,0
615183,2025-08,Coal,Ministry of Coal,492,230.32,-153.0,1,46.8130081300813,0
615184,2025-08,Coal,Ministry of Coal,229,141.21,943.0,0,61.66375545851529,0
615185,2025-08,Coal,Ministry of Coal,399,91.67,577.0,0,22.974937343358395,0
615186,2025-08,Coal,Ministry of Coal,319,90.31,212.0,0,28.31034482758621,0
615187,2025-08,Coal,Ministry of Coal,221,,1308.0,0,,0
615188,2025-08,Coal,Ministry of Coal,402,55.44,577.0,0,13.791044776119401,0
615189,2025-08,Coal,Ministry of Coal,362,70.22,212.0,0,19.397790055248617,0
615190,2025-08,Coal,Ministry of Coal,336,26.79,1308.0,0,7.973214285714285,0
615191,2025-08,Coal,Ministry of Coal,329,60.3,1308.0,0,18.328267477203646,0
615192,2025-08,Coal,Ministry of Coal,310,40.06,212.0,0,12.922580645161291,0
615193,2025-08,Coal,Ministry of Coal,479,281.01,-2345.0,1,58.66597077244259,0
615194,2025-08,Coal,Ministry of Coal,207,27.19,2038.0,0,13.135265700483092,0
615195,2025-08,Coal,Ministry of Coal,166,3.96,943.0,0,2.3855421686746987,0
615199,2025-08,Coal,Ministry of Coal,199,0.71,577.0,0,0.35678391959798994,0
615202,2025-08,Metals & Mining,Ministry of Steel,1700,65.44,1218.0,0,3.8494117647058825,0
615206,2025-08,Coal,Ministry of Coal,414,13.38,212.0,0,3.231884057971015,0
615327,2025-08,Electricity Generation,Ministry of Coal,218,161.73,-153.0,1,74.18807339449542,1
615330,2025-08,Coal,Ministry of Coal,361,0.02,1308.0,0,0.0055401662049861505,0
615331,2025-08,Coal,Ministry of Coal,497,0.08,1673.0,0,0.01609657947686117,0
615332,2025-08,Transmission & Distribution,Ministry of Power,3279,688.59,356.0,0,21.000000000000004,1
615333,2025-08,Transmission & Distribution,Ministry of Power,2227,622.89,355.0,0,27.969914683430623,0
615334,2025-08,Transmission & Distribution,Ministry of Power,3251,780.24,352.0,0,24.0,1
615335,2025-08,Transmission & Distribution,Ministry of Power,1382,41.46,363.0,0,3.0,1
615337,2025-08,Transmission & Distribution,Ministry of Power,369,58.26,180.0,0,15.78861788617886,1
615338,2025-08,Transmission & Distribution,Ministry of Power,2735,82.05,432.0,0,3.0,1
615339,2025-08,Transmission & Distribution,Ministry of Power,5969,218.47,437.0,0,3.6600770648349807,1
615340,2025-08,Transmission & Distribution,Ministry of Power,5357,267.85,437.0,0,5.0,1
615342,2025-08,Transmission & Distribution,Ministry of Power,329,10.07,317.0,0,3.0607902735562313,0
615343,2025-08,Transmission & Distribution,Ministry of Power,501,6.01,432.0,0,1.1996007984031936,0
615344,2025-08,Transmission & Distribution,Ministry of Power,3674,495.18,409.0,0,13.477953184540011,1
615345,2025-08,Transmission & Distribution,Ministry of Power,4766,564.77,409.0,0,11.849979018044483,1
615346,2025-08,Transmission & Distribution,Ministry of Power,2708,812.4,352.0,0,30.0,1
615347,2025-08,Transmission & Distribution,Ministry of Power,24819,1796.14,1356.0,0,7.23695555824167,0
615349,2025-08,Coal,Ministry of Coal,230,22.02,943.0,0,9.57391304347826,0
615818,2025-08,Coal,Ministry of Coal,298,46.39,-153.0,1,15.567114093959733,0
615820,2025-08,Coal,Ministry of Coal,160,80.84,2133.0,0,50.525,0
615821,2025-08,Coal,Ministry of Coal,289,105.47,1914.0,0,36.49480968858131,0
615822,2025-08,Coal,Ministry of Coal,223,139.31,943.0,0,62.47085201793722,0
615843,2025-08,Coal,Ministry of Coal,244,44.64,-153.0,1,18.295081967213115,0
615857,2025-08,Coal,Ministry of Coal,494,491.33,212.0,0,99.45951417004049,0
615858,2025-08,Coal,Ministry of Coal,384,281.83,212.0,0,73.39322916666666,0
615859,2025-08,Coal,Ministry of Coal,414,397.55,212.0,0,96.02657004830918,0
615860,2025-08,Coal,Ministry of Coal,607,188.15,-153.0,1,30.996705107084022,0
615861,2025-08,Coal,Ministry of Coal,425,402.64,-153.0,1,94.73882352941176,0
615862,2025-08,Coal,Ministry of Coal,346,74.59,212.0,0,21.557803468208093,0
615863,2025-08,Coal,Ministry of Coal,484,460.67,212.0,0,95.17975206611571,0
615864,2025-08,Coal,Ministry of Coal,490,405.54,212.0,0,82.76326530612246,0
615865,2025-08,Coal,Ministry of Coal,442,205.0,-153.0,1,46.380090497737555,0
615914,2025-08,Coal,Ministry of Coal,185,11.48,1308.0,0,6.205405405405406,0
615916,2025-08,Coal,Ministry of Coal,1225,78.87,1673.0,0,6.438367346938775,0
615917,2025-08,Coal,Ministry of Coal,973,0.24,1673.0,0,0.024665981500513873,0
615918,2025-08,Coal,Ministry of Coal,405,12.36,943.0,0,3.051851851851852,0
615919,2025-08,Coal,Ministry of Coal,1025,168.59,1673.0,0,16.44780487804878,0
615982,2025-08,Coal,Ministry of Coal,320,367.6,-1249.0,1,114.87500000000001,0
616044,2025-08,Coal,Ministry of Coal,237,165.57,-1614.0,1,69.86075949367088,0
616050,2025-08,Coal,Ministry of Coal,236,237.12,-518.0,1,100.47457627118644,0
616223,2025-08,Coal,Ministry of Coal,316,308.84,-518.0,1,97.73417721518986,0
616225,2025-08,Coal,Ministry of Coal,979,,4230.0,0,,0
616226,2025-08,Coal,Ministry of Coal,3564,540.62,2769.0,0,15.168911335578002,0
616227,2025-08,Railways,Ministry of Railways,1932,0.03,1491.0,0,0.0015527950310559007,0
616229,2025-08,Coal,Ministry of Coal,669,1.18,1673.0,0,0.1763826606875934,0
616230,2025-08,Coal,Ministry of Coal,1194,9.46,4230.0,0,0.7922948073701844,0
616231,2025-08,Coal,Ministry of Coal,5366,465.31,2769.0,0,8.671449869549013,0
616232,2025-08,Coal,Ministry of Coal,1562,269.61,1308.0,0,17.260563380281692,0
616233,2025-08,Coal,Ministry of Coal,978,211.37,1673.0,0,21.612474437627814,0
616234,2025-08,Coal,Ministry of Coal,1725,15.66,2769.0,0,0.9078260869565218,0
616235,2025-08,Energy Storage,Ministry of Petroleum & Natural Gas,240,38.82,212.0,0,16.175,0
616236,2025-08,Coal,Ministry of Coal,414,85.6,1308.0,0,20.67632850241546,0
616253,2025-08,Coal,Ministry of Coal,5851,20.32,1308.0,0,0.347291061357033,0
616254,2025-08,Oil & Gas,Ministry of Petroleum & Natural Gas,2212,13.45,740.0,0,0.6080470162748643,0
616586,2025-08,Railways,Ministry of Railways,2269,2.31,1583.0,0,0.10180696342000882,0
616587,2025-08,Railways,Ministry of Railways,1876,0.53,1583.0,0,0.028251599147121536,0
616588,2025-08,Railways,Ministry of Railways,1459,2.11,1583.0,0,0.14461960246744343,0
616594,2025-08,Waste & Water,"Department of Water Resources, River Development & GR",842,208.64,-123.0,1,24.779097387173397,0
616600,2025-08,Waste & Water,"Department of Water Resources, River Development & GR",413,126.67,-206.0,1,30.670702179176757,0
616604,2025-08,Waste & Water,"Department of Water Resources, River Development & GR",155,96.17,-154.0,1,62.04516129032258,0
616605,2025-08,Waste & Water,"Department of Water Resources, River Development & GR",691,34.79,-243.0,1,5.034732272069464,0
616611,2025-08,Waste & Water,"Department of Water Resources, River Development & GR",824,396.71,121.0,0,48.144417475728154,0
616612,2025-08,Waste & Water,"Department of Water Resources, River Development & GR",579,171.79,121.0,0,29.670120898100173,0
616615,2025-08,Waste & Water,"Department of Water Resources, River Development & GR",230,261.82,-123.0,1,113.83478260869563,0
616616,2025-08,Waste & Water,"Department of Water Resources, River Development & GR",305,346.46,-62.0,1,113.59344262295082,0
616670,2025-08,Transmission & Distribution,Ministry of Power,5846,293.47,486.0,0,5.020013684570647,1
616671,2025-08,Transmission & Distribution,Ministry of Power,548,14.68,487.0,0,2.678832116788321,0
616672,2025-08,Transmission & Distribution,Ministry of Power,1354,17.73,639.0,0,1.309453471196455,0
616695,2025-08,Railways,Ministry of Railways,300,0.01,1187.0,0,0.0033333333333333335,0
616697,2025-08,Railways,Ministry of Railways,154,10.98,303.0,0,7.129870129870131,0
616699,2025-08,Railways,Ministry of Railways,12334,467.55,943.0,0,3.7907410410248095,0
616701,2025-08,Railways,Ministry of Railways,2124,13.74,912.0,0,0.6468926553672316,0
616841,2025-08,Railways,Ministry of Railways,800,14.5,487.0,0,1.8124999999999998,0
616842,2025-08,Railways,Ministry of Railways,3086,171.32,699.0,0,5.55152300712897,0
616843,2025-08,Railways,Ministry of Railways,1635,74.43,668.0,0,4.552293577981652,0
616856,2025-08,Railways,Ministry of Railways,770,0.0,1321.0,0,0.0,0
616857,2025-08,Railways,Ministry of Railways,1596,7.69,1308.0,0,0.4818295739348371,0
616858,2025-08,Oil & Gas,Ministry of Petroleum & Natural Gas,431,327.27,-518.0,1,75.93271461716937,0
616879,2025-08,Oil & Gas,Ministry of Petroleum & Natural Gas,364,27.02,503.0,0,7.4230769230769225,0
616886,2025-08,Education,Department of Higher Education,373,23.23,426.0,0,6.227882037533512,0
616933,2025-08,Oil & Gas,Ministry of Petroleum & Natural Gas,4679,194.44,928.0,0,4.15558880102586,0
616950,2025-08,Oil & Gas,Ministry of Petroleum & Natural Gas,1486,272.3,181.0,0,18.324360699865412,1
617068,2025-08,Transmission & Distribution,Ministry of Power,288,6.79,668.0,0,2.357638888888889,0
617069,2025-08,Transmission & Distribution,Ministry of Power,466,13.99,535.0,0,3.0021459227467813,0
617179,2025-08,Transmission & Distribution,Ministry of Power,219,1.01,317.0,0,0.4611872146118722,1
617181,2025-08,Transmission & Distribution,Ministry of Power,404,8.04,476.0,0,1.9900990099009899,1
617182,2025-08,Transmission & Distribution,Ministry of Power,172,7.27,569.0,0,4.226744186046512,0
617183,2025-08,Transmission & Distribution,Ministry of Power,2886,117.86,852.0,0,4.083853083853084,0
617184,2025-08,Transmission & Distribution,Ministry of Power,3453,33.14,750.0,0,0.9597451491456706,0
617185,2025-08,Transmission & Distribution,Ministry of Power,5550,281.0,569.0,0,5.063063063063064,0
617186,2025-08,Transmission & Distribution,Ministry of Power,5028,203.2,569.0,0,4.041368337311058,0
617188,2025-08,Electricity Generation,Ministry of Power,9791,,1491.0,0,,0
617200,2025-08,Railways,Ministry of Railways,7854,,2038.0,0,,0
617201,2025-08,Railways,Ministry of Railways,4373,,1682.0,0,,1
617206,2025-08,Urban Public Transport,Ministry of Housing & Urban Affairs,6231,0.29,1220.0,0,0.00465414861177981,0
617207,2025-08,Urban Public Transport,Ministry of Housing & Urban Affairs,8400,5.58,1304.0,0,0.06642857142857142,0
617210,2025-08,Railways,Ministry of Railways,1216,0.0,1308.0,0,0.0,0
617211,2025-08,Railways,Ministry of Railways,2853,43.88,1308.0,0,1.5380301437083772,0
617212,2025-08,Railways,Ministry of Railways,4686,0.0,1308.0,0,0.0,0
617214,2025-08,Railways,Ministry of Railways,2047,0.0,577.0,0,0.0,0
617215,2025-08,Railways,Ministry of Railways,770,0.0,943.0,0,0.0,0
617216,2025-08,Railways,Ministry of Railways,877,2.97,577.0,0,0.33865450399087804,0
617221,2025-08,Education,Department of Higher Education,211,,763.0,0,,0
617224,2025-08,Railways,Ministry of Railways,1120,204.59,851.0,0,18.266964285714284,0
617225,2025-08,Urban Public Transport,Ministry of Housing & Urban Affairs,910,119.88,518.0,0,13.173626373626373,0
617226,2025-08,Urban Public Transport,Ministry of Housing & Urban Affairs,2955,19.61,1281.0,0,0.6636209813874788,0
617233,2025-08,Coal,Ministry of Coal,379,,1673.0,0,,0
617242,2025-08,Steel,Ministry of Steel,2115,209.11,668.0,0,9.886997635933808,0
617243,2025-08,Steel,Ministry of Steel,199,10.9,332.0,0,5.477386934673367,0
617246,2025-08,Steel,Ministry of Steel,758,63.81,280.0,0,8.41820580474934,0
617248,2025-08,Steel,Ministry of Steel,228,16.24,320.0,0,7.122807017543859,0
617249,2025-08,Steel,Ministry of Steel,212,15.04,514.0,0,7.094339622641509,0
617250,2025-08,Steel,Ministry of Steel,207,15.76,420.0,0,7.613526570048309,0
617251,2025-08,Steel,Ministry of Steel,196,0.19,269.0,0,0.09693877551020408,0
617252,2025-08,Railways,Ministry of Railways,958,436.95,933.0,0,45.61064718162839,0
617253,2025-08,Steel,Ministry of Steel,514,234.54,-59.0,1,45.63035019455253,0
617254,2025-08,Steel,Ministry of Steel,260,44.25,302.0,0,17.01923076923077,0
617255,2025-08,Steel,Ministry of Steel,472,130.66,287.0,0,27.682203389830505,0
617256,2025-08,Steel,Ministry of Steel,884,466.31,61.0,0,52.75,1
617257,2025-08,Steel,Ministry of Steel,627,91.96,441.0,0,14.666666666666666,0
617269,2025-08,Transmission & Distribution,Ministry of Power,213,0.2,282.0,0,0.09389671361502348,1
617270,2025-08,Transmission & Distribution,Ministry of Power,409,0.3,266.0,0,0.07334963325183373,1
617271,2025-08,Transmission & Distribution,Ministry of Power,343,0.6,182.0,0,0.1749271137026239,1
617272,2025-08,Transmission & Distribution,Ministry of Power,370,3.7,462.0,0,1.0,0
617278,2025-08,Coal,Ministry of Coal,630,,1673.0,0,,0
617279,2025-08,Transmission & Distribution,Ministry of Power,558,16.74,825.0,0,3.0,0
617280,2025-08,Construction,Ministry of Mines,255,79.34,365.0,0,31.11372549019608,0
617282,2025-08,Construction,Ministry of Housing & Urban Affairs,647,533.12,-103.0,1,82.39876352395672,1
617284,2025-08,Railways,Ministry of Railways,1424,49.57,943.0,0,3.481039325842697,0
617287,2025-08,Coal,Ministry of Coal,4517,16.97,1673.0,0,0.37569183086119107,0
617288,2025-08,Coal,Ministry of Coal,383,0.86,1308.0,0,0.22454308093994776,0
617299,2025-08,Electricity Generation,Ministry of Coal,384,303.5,-62.0,1,79.03645833333334,0
617302,2025-08,Oil & Gas,Ministry of Petroleum & Natural Gas,1740,2239.7,-1704.0,1,128.71839080459768,0
617304,2025-08,Oil & Gas,Ministry of Petroleum & Natural Gas,340,91.32,547.0,0,26.85882352941176,0
701091,2025-08,Aviation & Aviation Infrastructure,Ministry of Civil Aviation,3100,16024.4,212.0,0,516.916129032258,0
701101,2025-08,Aviation & Aviation Infrastructure,Ministry of Civil Aviation,1217,1096.51,-762.0,1,90.09942481511915,0
701105,2025-08,Aviation & Aviation Infrastructure,Ministry of Civil Aviation,256,130.0,-1361.0,1,50.78125,1
701107,2025-08,Aviation & Aviation Infrastructure,Ministry of Civil Aviation,612,473.27,-1091.0,1,77.33169934640523,1
701113,2025-08,Aviation & Aviation Infrastructure,Ministry of Civil Aviation,2870,322.98,688.0,0,11.253658536585366,0
701121,2025-08,Aviation & Aviation Infrastructure,Ministry of Civil Aviation,347,90.56,-17.0,1,26.09798270893372,1
701122,2025-08,Aviation & Aviation Infrastructure,Ministry of Civil Aviation,579,76.88,307.0,0,13.278065630397236,0
701126,2025-08,Aviation & Aviation Infrastructure,Ministry of Civil Aviation,1305,1348.78,303.0,0,103.35478927203066,0
701127,2025-08,Aviation & Aviation Infrastructure,Ministry of Civil Aviation,480,281.72,-286.0,1,58.69166666666668,1
701128,2025-08,Aviation & Aviation Infrastructure,Ministry of Civil Aviation,887,352.82,191.0,0,39.77677564825254,0
701167,2025-08,Healthcare,Ministry of Health & Family Welfare,1828,1531.86,-212.0,1,83.79978118161925,1
701171,2025-08,Healthcare,Ministry of Health & Family Welfare,1028,812.95,-1066.0,1,79.0807392996109,1
701173,2025-08,Healthcare,Ministry of Health & Family Welfare,1299,349.41,-916.0,1,26.89838337182448,0
701228,2025-08,Oil & Gas,Ministry of Petroleum & Natural Gas,2915,4453.29,-4626.0,1,152.77152658662092,0
701263,2025-08,Energy Storage,Ministry of Petroleum & Natural Gas,43129,60295.1,-1035.0,1,139.80175751814323,0
701289,2025-08,Oil & Gas,Ministry of Petroleum & Natural Gas,34627,24355.1,-335.0,1,70.33557628440235,1
701324,2025-08,Oil & Gas,Ministry of Petroleum & Natural Gas,14810,11880.7,-854.0,1,80.22079675894666,0
701329,2025-08,Oil & Gas,Ministry of Petroleum & Natural Gas,18936,12327.9,-365.0,1,65.10297845373891,1
701330,2025-08,Oil & Gas,Ministry of Petroleum & Natural Gas,7392,6308.0,-427.0,1,85.33549783549783,0
701338,2025-08,Oil & Gas,Ministry of Petroleum & Natural Gas,5535,3861.49,2107.0,0,69.76495031616983,0
701343,2025-08,Energy Storage,Ministry of Petroleum & Natural Gas,2658,2203.98,-1136.0,1,82.91873589164786,0
701344,2025-08,Oil & Gas,Ministry of Petroleum & Natural Gas,1031,854.6,-1028.0,1,82.89039767216295,0
701346,2025-08,Oil & Gas,Ministry of Petroleum & Natural Gas,9265,6393.85,-518.0,1,69.01079330814895,0
701349,2025-08,Energy Storage,Ministry of Petroleum & Natural Gas,10228,9766.72,-400.0,1,95.49002737583105,1
701350,2025-08,Oil & Gas,Ministry of Petroleum & Natural Gas,860,584.76,-254.0,1,67.9953488372093,1
701354,2025-08,Oil & Gas,Ministry of Petroleum & Natural Gas,7844,6495.6,-840.0,1,82.80979092299847,1
701370,2025-08,Water Resources,"Department of Water Resources, River Development & GR",256,0.0,-974.0,1,0.0,0
701372,2025-08,Water Resources,"Department of Water Resources, River Development & GR",20718,31767.6,-2070.0,1,153.33333333333331,1
701376,2025-08,Water Resources,"Department of Water Resources, River Development & GR",3808,5561.97,-2070.0,1,146.06013655462183,0
701377,2025-08,Water Resources,"Department of Water Resources, River Development & GR",770,1511.22,-2070.0,1,196.26233766233767,1
701383,2025-08,Water Resources,"Department of Water Resources, River Development & GR",1059,1530.45,-2070.0,1,144.5184135977337,0
701386,2025-08,Water Resources,"Department of Water Resources, River Development & GR",7196,13533.3,-2070.0,1,188.06698165647583,1
701391,2025-08,Water Resources,"Department of Water Resources, River Development & GR",210,1697.94,-2070.0,1,808.5428571428572,0
701395,2025-08,Water Resources,"Department of Water Resources, River Development & GR",220,,122.0,0,,0
701396,2025-08,Water Resources,"Department of Water Resources, River Development & GR",256,1324.78,-2070.0,1,517.4921875,0
701398,2025-08,Water Resources,"Department of Water Resources, River Development & GR",211,623.5,-2070.0,1,295.49763033175356,0
701399,2025-08,Water Resources,"Department of Water Resources, River Development & GR",382,,122.0,0,,0
701400,2025-08,Water Resources,"Department of Water Resources, River Development & GR",1449,1837.91,-2070.0,1,126.83988957902001,0
701404,2025-08,Water Resources,"Department of Water Resources, River Development & GR",989,2563.56,-2070.0,1,259.2072800808898,1
701405,2025-08,Water Resources,"Department of Water Resources, River Development & GR",8201,4558.89,-2070.0,1,55.58944031215706,0
701406,2025-08,Water Resources,"Department of Water Resources, River Development & GR",1402,1839.76,-2070.0,1,131.22396576319545,0
701408,2025-08,Water Resources,"Department of Water Resources, River Development & GR",1061,4415.24,-2070.0,1,416.1394910461828,0
701410,2025-08,Water Resources,"Department of Water Resources, River Development & GR",1441,3000.36,-1523.0,1,208.21374045801528,0
701411,2025-08,Water Resources,"Department of Water Resources, River Development & GR",2286,2072.33,-1158.0,1,90.65310586176729,0
701412,2025-08,Water Resources,"Department of Water Resources, River Development & GR",1622,142.1,-1614.0,1,8.76078914919852,0
701415,2025-08,Water Resources,"Department of Water Resources, River Development & GR",10151,24347.8,-1219.0,1,239.8561718057334,0
701565,2025-08,Inland Waterways,"Ministry of Ports, Shipping and Waterways",5369,3510.72,-609.0,1,65.38871298193331,0
701574,2025-08,Shipping,"Ministry of Ports, Shipping and Waterways",3005,1149.79,852.0,0,38.26256239600666,0
701576,2025-08,Shipping,"Ministry of Ports, Shipping and Waterways",298,420.0,30.0,0,140.93959731543623,0
701577,2025-08,Shipping,"Ministry of Ports, Shipping and Waterways",254,9.28,0.0,0,3.653543307086614,0
701586,2025-08,Shipping,"Ministry of Ports, Shipping and Waterways",900,65.0,437.0,0,7.222222222222221,0
701593,2025-08,Telecommunication,Department of Telecommunications,28466,8390.32,-518.0,1,29.4748823157451,0
701597,2025-08,Telecommunication,Department of Telecommunications,1255,284.04,-854.0,1,22.632669322709166,1
701598,2025-08,Telecommunication,Department of Telecommunications,972,208.25,-1277.0,1,21.424897119341562,1
701599,2025-08,Telecommunication,Department of Telecommunications,1578,598.31,-884.0,1,37.91571609632446,1
701600,2025-08,Telecommunication,Department of Telecommunications,337,227.82,-1404.0,1,67.60237388724035,0
701602,2025-08,Telecommunication,Department of Telecommunications,3685,1101.44,-651.0,1,29.889823609226596,1
701657,2025-08,Real Estate,Department for Promotion of Industry & Internal Trade,1702,88.25,386.0,0,5.185076380728555,0
701658,2025-08,Real Estate,Department for Promotion of Industry & Internal Trade,2139,406.05,898.0,0,18.983169705469845,0
701719,2025-08,Real Estate,Ministry of Housing & Urban Affairs,539,39.63,-1151.0,1,7.3525046382189245,0
701745,2025-08,Urban Public Transport,Ministry of Housing & Urban Affairs,263,17.62,-1127.0,1,6.699619771863118,0
701766,2025-08,Real Estate,Ministry of Housing & Urban Affairs,151,18.95,-647.0,1,12.549668874172184,0
701991,2025-08,Urban Public Transport,Ministry of Housing & Urban Affairs,600,272.42,-762.0,1,45.403333333333336,0
702355,2025-08,Waste & Water,Ministry of Housing & Urban Affairs,210,,-529.0,1,,0
702625,2025-08,Urban Public Transport,Ministry of Housing & Urban Affairs,6941,3164.15,-1006.0,1,45.586370839936606,0
702626,2025-08,Urban Public Transport,Ministry of Housing & Urban Affairs,7501,3931.4,-1006.0,1,52.41167844287429,0
702627,2025-08,Urban Public Transport,Ministry of Housing & Urban Affairs,13366,4039.77,-552.0,1,30.22422564716445,0
702628,2025-08,Urban Public Transport,Ministry of Housing & Urban Affairs,11076,9083.27,-462.0,1,82.00857710364753,0
702629,2025-08,Urban Public Transport,Ministry of Housing & Urban Affairs,8380,6057.62,-462.0,1,72.28663484486873,0
702630,2025-08,Urban Public Transport,Ministry of Housing & Urban Affairs,12020,7595.47,-518.0,1,63.19026622296173,0
702631,2025-08,Urban Public Transport,Ministry of Housing & Urban Affairs,5384,4180.43,-518.0,1,77.64543090638931,0
702632,2025-08,Urban Public Transport,Ministry of Housing & Urban Affairs,24949,15785.4,-153.0,1,63.2706721712293,0
702633,2025-08,Urban Public Transport,Ministry of Housing & Urban Affairs,30274,26325.7,-62.0,1,86.95811587500826,1
702635,2025-08,Urban Public Transport,Ministry of Housing & Urban Affairs,26405,29478.0,-1623.0,1,111.63794735845485,0
702637,2025-08,Urban Public Transport,Ministry of Housing & Urban Affairs,23136,27519.1,-884.0,1,118.94493430152141,0
702639,2025-08,Urban Public Transport,Ministry of Housing & Urban Affairs,10773,12174.4,-2710.0,1,113.00844704353477,1
702658,2025-08,Urban Public Transport,Ministry of Housing & Urban Affairs,6708,1045.32,852.0,0,15.583184257602861,0
702664,2025-08,Urban Public Transport,Ministry of Housing & Urban Affairs,1957,329.94,446.0,0,16.85947879407256,0
702665,2025-08,Urban Public Transport,Ministry of Housing & Urban Affairs,14788,8424.54,303.0,0,56.96875845279957,0
702668,2025-08,Inland Waterways,Ministry of Housing & Urban Affairs,63246,26410.2,1461.0,0,41.75789773266293,0
702674,2025-08,Waste & Water,Ministry of Housing & Urban Affairs,172,622.02,-884.0,1,361.6395348837209,1
702682,2025-08,Waste & Water,Ministry of Housing & Urban Affairs,187,1291.55,-884.0,1,690.6684491978609,0
702699,2025-08,Waste & Water,Ministry of Housing & Urban Affairs,159,48.61,-670.0,1,30.572327044025155,1
702734,2025-08,Waste & Water,Ministry of Housing & Urban Affairs,278,1548.15,-701.0,1,556.8884892086331,0
702735,2025-08,Waste & Water,Ministry of Housing & Urban Affairs,213,1069.74,-884.0,1,502.22535211267603,1
702741,2025-08,Waste & Water,Ministry of Housing & Urban Affairs,217,696.48,-884.0,1,320.95852534562215,0
702742,2025-08,Waste & Water,Ministry of Housing & Urban Affairs,159,612.5,-670.0,1,385.2201257861635,0
702746,2025-08,Waste & Water,Ministry of Housing & Urban Affairs,278,1223.5,-884.0,1,440.1079136690647,0
702760,2025-08,Waste & Water,Ministry of Housing & Urban Affairs,163,562.71,-762.0,1,345.22085889570553,0
702764,2025-08,Waste & Water,Ministry of Housing & Urban Affairs,175,715.56,-884.0,1,408.8914285714285,0
702793,2025-08,Waste & Water,Ministry of Housing & Urban Affairs,287,1766.0,-884.0,1,615.3310104529617,0
702798,2025-08,Waste & Water,Ministry of Housing & Urban Affairs,362,2264.18,-884.0,1,625.46408839779,0
702808,2025-08,Waste & Water,Ministry of Housing & Urban Affairs,192,501.71,-518.0,1,261.30729166666663,0
702810,2025-08,Waste & Water,Ministry of Housing & Urban Affairs,402,2424.71,-884.0,1,603.1616915422885,0
702833,2025-08,Waste & Water,Ministry of Housing & Urban Affairs,194,375.32,-670.0,1,193.46391752577318,0
702840,2025-08,Waste & Water,Ministry of Housing & Urban Affairs,205,581.09,-884.0,1,283.45853658536583,0
702842,2025-08,Waste & Water,Ministry of Housing & Urban Affairs,274,266.11,-884.0,1,97.12043795620438,1
702851,2025-08,Waste & Water,Ministry of Housing & Urban Affairs,236,614.06,-884.0,1,260.1949152542373,0
702854,2025-08,Waste & Water,Ministry of Housing & Urban Affairs,180,476.83,-884.0,1,264.90555555555557,0
702948,2025-08,Waste & Water,Ministry of Housing & Urban Affairs,236,166.0,-793.0,1,70.33898305084746,0
702949,2025-08,Waste & Water,Ministry of Housing & Urban Affairs,562,523.15,-762.0,1,93.08718861209964,1
703021,2025-08,Waste & Water,Ministry of Housing & Urban Affairs,259,161.02,-734.0,1,62.16988416988417,0
703057,2025-08,Waste & Water,Ministry of Housing & Urban Affairs,287,451.94,-670.0,1,157.47038327526133,0
703585,2025-08,Railways,Ministry of Railways,314,151.11,-518.0,1,48.12420382165605,1
703586,2025-08,Railways,Ministry of Railways,499,595.0,-243.0,1,119.2384769539078,1
704495,2025-08,Telecommunication,Department of Telecommunications,422,134.08,-1264.0,1,31.772511848341235,0
705237,2025-08,Railways,Ministry of Railways,51101,124623.0,-1249.0,1,243.87585370149313,0
705244,2025-08,Railways,Ministry of Railways,520,192.25,-1339.0,1,36.97115384615385,0
705252,2025-08,Railways,Ministry of Railways,385,0.0,-639.0,1,0.0,0
705253,2025-08,Railways,Ministry of Railways,563,120.0,-1734.0,1,21.314387211367674,0
705298,2025-08,Railways,Ministry of Railways,274,0.0,-518.0,1,0.0,0
705300,2025-08,Railways,Ministry of Railways,228,0.0,-609.0,1,0.0,0
705356,2025-08,Railways,Ministry of Railways,2539,4975.74,212.0,0,195.97243009058684,0
705357,2025-08,Railways,Ministry of Railways,138,735.33,577.0,0,532.8478260869565,0
705358,2025-08,Railways,Ministry of Railways,3792,5027.62,487.0,0,132.58491561181432,0
705359,2025-08,Railways,Ministry of Railways,1928,1934.28,-153.0,1,100.32572614107885,0
705362,2025-08,Railways,Ministry of Railways,819,580.6,-1249.0,1,70.8913308913309,0
705364,2025-08,Railways,Ministry of Railways,614,484.29,-243.0,1,78.87459283387622,0
705366,2025-08,Railways,Ministry of Railways,2067,1968.45,-1979.0,1,95.2322206095791,0
705368,2025-08,Railways,Ministry of Railways,1605,1490.2,-518.0,1,92.84735202492213,0
705373,2025-08,Railways,Ministry of Railways,1473,2522.41,-884.0,1,171.24304141208418,0
705375,2025-08,Railways,Ministry of Railways,1626,2000.4,-184.0,1,123.02583025830258,0
705385,2025-08,Railways,Ministry of Railways,2555,767.04,943.0,0,30.021135029354205,0
705391,2025-08,Railways,Ministry of Railways,14323,15598.1,487.0,0,108.90246456747887,0
705392,2025-08,Railways,Ministry of Railways,6663,5312.26,-158.0,1,79.72775026264446,0
705401,2025-08,Railways,Ministry of Railways,435,901.0,-153.0,1,207.12643678160921,1
705410,2025-08,Railways,Ministry of Railways,2018,2053.9,122.0,0,101.77898909811695,1
705419,2025-08,Railways,Ministry of Railways,2913,2097.51,-153.0,1,72.00514933058703,0
705424,2025-08,Railways,Ministry of Railways,1540,506.73,487.0,0,32.904545454545456,0
705428,2025-08,Railways,Ministry of Railways,13447,6805.81,487.0,0,50.61210678961851,0
705429,2025-08,Railways,Ministry of Railways,38953,24645.2,122.0,0,63.269067850999924,0
705432,2025-08,Railways,Ministry of Railways,7877,9039.91,-3745.0,1,114.76336168592103,0
705433,2025-08,Railways,Ministry of Railways,1628,1440.85,30.0,0,88.50429975429975,0
705434,2025-08,Railways,Ministry of Railways,2565,2073.98,-2345.0,1,80.8569200779727,0
705436,2025-08,Railways,Ministry of Railways,2501,1303.41,943.0,0,52.11555377848861,0
705437,2025-08,Railways,Ministry of Railways,1160,1771.32,577.0,0,152.7,0
705444,2025-08,Railways,Ministry of Railways,4970,4346.55,-1249.0,1,87.45573440643864,0
705450,2025-08,Railways,Ministry of Railways,402,367.54,-1249.0,1,91.42786069651741,0
705453,2025-08,Railways,Ministry of Railways,456,3412.33,546.0,0,748.3179824561403,0
705454,2025-08,Railways,Ministry of Railways,1794,1804.05,118.0,0,100.56020066889633,0
705457,2025-08,Railways,Ministry of Railways,1656,4428.77,577.0,0,267.43780193236717,0
705458,2025-08,Railways,Ministry of Railways,484,620.98,-1614.0,1,128.301652892562,0
705479,2025-08,Railways,Ministry of Railways,1886,925.28,577.0,0,49.060445387062565,0
705480,2025-08,Railways,Ministry of Railways,8914,5013.49,577.0,0,56.242876374242755,0
705481,2025-08,Railways,Ministry of Railways,3032,3621.79,116.0,0,119.45217678100263,0
705482,2025-08,Railways,Ministry of Railways,747,355.13,-2376.0,1,47.54082998661312,0
705490,2025-08,Railways,Ministry of Railways,2842,1735.22,577.0,0,61.056298381421534,0
705491,2025-08,Railways,Ministry of Railways,297,123.38,303.0,0,41.54208754208754,0
705492,2025-08,Railways,Ministry of Railways,825,788.13,-62.0,1,95.53090909090909,0
705494,2025-08,Railways,Ministry of Railways,2496,1706.31,-3623.0,1,68.36177884615384,0
705495,2025-08,Railways,Ministry of Railways,1378,683.48,577.0,0,49.59941944847605,0
705496,2025-08,Railways,Ministry of Railways,1876,523.07,-2345.0,1,27.882196162046913,0
705498,2025-08,Railways,Ministry of Railways,793,899.47,487.0,0,113.42622950819671,0
705500,2025-08,Railways,Ministry of Railways,540,754.27,122.0,0,139.67962962962963,0
705502,2025-08,Railways,Ministry of Railways,1385,1655.88,122.0,0,119.55812274368232,0
705503,2025-08,Railways,Ministry of Railways,4028,4833.04,-184.0,1,119.98609731876861,0
705504,2025-08,Railways,Ministry of Railways,2081,2816.46,92.0,0,135.34166266218165,0
705505,2025-08,Railways,Ministry of Railways,638,983.16,122.0,0,154.10031347962382,0
705506,2025-08,Railways,Ministry of Railways,1035,1726.94,-243.0,1,166.85410628019324,0
705507,2025-08,Railways,Ministry of Railways,2450,1843.76,577.0,0,75.25551020408163,1
705510,2025-08,Railways,Ministry of Railways,1284,1298.0,-274.0,1,101.09034267912773,0
705511,2025-08,Railways,Ministry of Railways,1547,1323.05,-518.0,1,85.52359405300581,0
705512,2025-08,Railways,Ministry of Railways,2500,1987.17,-1249.0,1,79.4868,0
705513,2025-08,Railways,Ministry of Railways,2362,1798.71,822.0,0,76.1519898391194,0
705514,2025-08,Railways,Ministry of Railways,1000,401.61,-2483.0,1,40.161,0
705515,2025-08,Railways,Ministry of Railways,1173,1971.0,212.0,0,168.03069053708438,0
705520,2025-08,Railways,Ministry of Railways,4803,2979.23,-153.0,1,62.02852383926712,0
705526,2025-08,Railways,Ministry of Railways,519,344.23,-153.0,1,66.32562620423893,0
705527,2025-08,Railways,Ministry of Railways,1216,2044.54,115.0,0,168.13651315789474,0
705528,2025-08,Railways,Ministry of Railways,1586,1463.45,-427.0,1,92.27301387137453,1
705562,2025-08,Railways,Ministry of Railways,963,911.66,-187.0,1,94.66874350986501,1
705566,2025-08,Railways,Ministry of Railways,351,495.86,-211.0,1,141.27065527065528,0
705567,2025-08,Railways,Ministry of Railways,1016,1373.8,-159.0,1,135.21653543307087,1
705572,2025-08,Railways,Ministry of Railways,4060,3683.75,212.0,0,90.73275862068965,0
705583,2025-08,Railways,Ministry of Railways,667,285.44,-884.0,1,42.79460269865068,0
705588,2025-08,Railways,Ministry of Railways,722,1550.0,-153.0,1,214.68144044321332,0
705598,2025-08,Railways,Ministry of Railways,2002,1795.86,-1249.0,1,89.7032967032967,0
705608,2025-08,Railways,Ministry of Railways,4330,2184.56,212.0,0,50.45173210161663,0
705610,2025-08,Railways,Ministry of Railways,302,381.0,122.0,0,126.15894039735099,0
705612,2025-08,Railways,Ministry of Railways,1953,3073.74,-184.0,1,157.38556067588326,0
705613,2025-08,Railways,Ministry of Railways,2595,3223.67,-212.0,1,124.22620423892101,0
705616,2025-08,Railways,Ministry of Railways,2140,2143.64,-304.0,1,100.17009345794392,1
705617,2025-08,Railways,Ministry of Railways,3545,3428.26,-243.0,1,96.70691114245416,0
705628,2025-08,Railways,Ministry of Railways,3029,2470.12,-62.0,1,81.54902608121492,0
705629,2025-08,Railways,Ministry of Railways,2400,2236.9,122.0,0,93.20416666666667,0
705632,2025-08,Railways,Ministry of Railways,647,888.91,-231.0,1,137.38948995363214,0
705633,2025-08,Railways,Ministry of Railways,3733,4213.01,122.0,0,112.85855879989286,0
705635,2025-08,Railways,Ministry of Railways,1432,2451.0,-518.0,1,171.159217877095,0
705638,2025-08,Railways,Ministry of Railways,813,292.15,577.0,0,35.93480934809348,0
705639,2025-08,Railways,Ministry of Railways,601,283.0,943.0,0,47.088186356073216,0
705648,2025-08,Railways,Ministry of Railways,6654,5922.0,-274.0,1,88.99909828674481,0
705650,2025-08,Railways,Ministry of Railways,5060,5007.82,577.0,0,98.9687747035573,0
705651,2025-08,Railways,Ministry of Railways,2478,3301.89,-1249.0,1,133.24818401937046,0
705659,2025-08,Railways,Ministry of Railways,500,561.38,212.0,0,112.276,0
705660,2025-08,Railways,Ministry of Railways,2445,3201.67,117.0,0,130.94764826175867,0
705661,2025-08,Railways,Ministry of Railways,1248,1587.21,-335.0,1,127.18028846153845,0
705662,2025-08,Railways,Ministry of Railways,1878,2642.04,-243.0,1,140.68370607028754,0
705663,2025-08,Railways,Ministry of Railways,493,252.45,181.0,0,51.206896551724135,0
705667,2025-08,Railways,Ministry of Railways,5961,4928.62,-243.0,1,82.68109377621204,0
705668,2025-08,Railways,Ministry of Railways,3250,3176.46,-153.0,1,97.73723076923076,0
705694,2025-08,Railways,Ministry of Railways,188,141.91,-609.0,1,75.48404255319149,0
705708,2025-08,Railways,Ministry of Railways,176,,-518.0,1,,0
705710,2025-08,Railways,Ministry of Railways,336,74.32,-517.0,1,22.119047619047617,0
705712,2025-08,Railways,Ministry of Railways,480,0.33,-427.0,1,0.06875,0
705717,2025-08,Railways,Ministry of Railways,440,390.03,-609.0,1,88.64318181818182,0
705720,2025-08,Railways,Ministry of Railways,384,,-517.0,1,,0
705721,2025-08,Railways,Ministry of Railways,448,,-243.0,1,,1
705722,2025-08,Railways,Ministry of Railways,210,0.02,-427.0,1,0.009523809523809525,0
705726,2025-08,Railways,Ministry of Railways,6339,4166.47,-183.0,1,65.72755955197981,0
705728,2025-08,Railways,Ministry of Railways,108000,79918.9,730.0,0,73.99898148148148,0
705730,2025-08,Railways,Ministry of Railways,4835,4373.24,487.0,0,90.44963805584281,1
705735,2025-08,Railways,Ministry of Railways,905,1127.14,577.0,0,124.54585635359116,0
705741,2025-08,Railways,Ministry of Railways,748,10.56,1065.0,0,1.411764705882353,0
705742,2025-08,Railways,Ministry of Railways,2344,225.84,2891.0,0,9.63481228668942,0
705752,2025-08,Railways,Ministry of Railways,819,471.0,456.0,0,57.509157509157504,0
705761,2025-08,Railways,Ministry of Railways,1454,69.82,822.0,0,4.801925722145804,0
705763,2025-08,Railways,Ministry of Railways,7474,1685.25,1856.0,0,22.54816697886005,0
705764,2025-08,Railways,Ministry of Railways,495,79.55,212.0,0,16.070707070707073,0
705765,2025-08,Railways,Ministry of Railways,686,538.66,207.0,0,78.52186588921283,0
705766,2025-08,Railways,Ministry of Railways,304,220.8,-243.0,1,72.63157894736842,1
705771,2025-08,Railways,Ministry of Railways,494,333.0,212.0,0,67.4089068825911,0
705772,2025-08,Railways,Ministry of Railways,2649,1561.89,487.0,0,58.96149490373727,0
705774,2025-08,Railways,Ministry of Railways,758,315.37,-212.0,1,41.605540897097626,0
705777,2025-08,Railways,Ministry of Railways,250,113.94,181.0,0,45.576,0
705779,2025-08,Railways,Ministry of Railways,1178,1489.5,-243.0,1,126.44312393887947,0
705780,2025-08,Railways,Ministry of Railways,2529,2051.69,-243.0,1,81.12653222617635,1
705782,2025-08,Railways,Ministry of Railways,407,317.0,-153.0,1,77.88697788697789,0
705783,2025-08,Railways,Ministry of Railways,238,118.0,-153.0,1,49.57983193277311,0
705784,2025-08,Railways,Ministry of Railways,357,579.0,-153.0,1,162.18487394957984,0
705785,2025-08,Railways,Ministry of Railways,473,284.34,303.0,0,60.11416490486258,0
705789,2025-08,Railways,Ministry of Railways,308,270.52,212.0,0,87.83116883116882,0
705793,2025-08,Railways,Ministry of Railways,6806,135.65,-518.0,1,1.9930943285336469,0
705794,2025-08,Railways,Ministry of Railways,6685,127.03,-518.0,1,1.900224382946896,0
705799,2025-08,Railways,Ministry of Railways,1400,1472.0,122.0,0,105.14285714285714,0
705863,2025-08,Railways,Ministry of Railways,950,511.18,-31.0,1,53.80842105263158,0
705912,2025-08,Railways,Ministry of Railways,1204,46.07,577.0,0,3.8264119601328903,0
705919,2025-08,Railways,Ministry of Railways,1390,123.0,668.0,0,8.848920863309353,0
705933,2025-08,Railways,Ministry of Railways,1096,1067.49,791.0,0,97.39872262773723,0
706718,2025-08,Aviation & Aviation Infrastructure,Ministry of Civil Aviation,499,154.43,-414.0,1,30.947895791583168,0
706724,2025-08,Aviation & Aviation Infrastructure,Ministry of Civil Aviation,1712,2335.44,-153.0,1,136.4158878504673,0
706757,2025-08,Railways,Ministry of Railways,262,203.0,-153.0,1,77.48091603053436,0
706759,2025-08,Railways,Ministry of Railways,2374,1402.95,-273.0,1,59.096461668070766,0
706763,2025-08,Railways,Ministry of Railways,1081,787.69,426.0,0,72.8667900092507,0
706775,2025-08,Telecommunication,Department of Telecommunications,61109,41486.1,-731.0,1,67.88869070022419,0
706776,2025-08,Railways,Ministry of Railways,4830,2764.13,365.0,0,57.22836438923395,0
706777,2025-08,Railways,Ministry of Railways,2298,393.0,487.0,0,17.10182767624021,0
706779,2025-08,Railways,Ministry of Railways,8087,7364.0,-4171.0,1,91.05972548534686,0
706780,2025-08,Railways,Ministry of Railways,33690,2303.4,852.0,0,6.837043633125557,0
706781,2025-08,Railways,Ministry of Railways,10947,5152.7,-1249.0,1,47.069516762583355,0
706811,2025-08,Steel,Ministry of Steel,2907,3038.85,-793.0,1,104.53560371517028,0
706835,2025-08,Railways,Ministry of Railways,1591,0.75,852.0,0,0.04714016341923319,0
706837,2025-08,Railways,Ministry of Railways,349,90.64,821.0,0,25.971346704871063,0
706844,2025-08,Railways,Ministry of Railways,942,356.0,730.0,0,37.79193205944799,0
706854,2025-08,Railways,Ministry of Railways,1376,218.0,1764.0,0,15.843023255813954,0
706860,2025-08,Railways,Ministry of Railways,645,0.77,-30.0,1,0.11937984496124031,0
706866,2025-08,Railways,Ministry of Railways,304,43.07,212.0,0,14.167763157894736,0
706898,2025-08,Railways,Ministry of Railways,268,0.0,-1614.0,1,0.0,0
706922,2025-08,Railways,Ministry of Railways,890,391.73,-1823.0,1,44.01460674157304,0
706940,2025-08,Railways,Ministry of Railways,184,0.0,-457.0,1,0.0,0
706942,2025-08,Railways,Ministry of Railways,238,0.0,-457.0,1,0.0,0
706950,2025-08,Railways,Ministry of Railways,744,969.05,-884.0,1,130.2486559139785,0
707215,2025-08,"Tourism, Hospitality & Wellness","Ministry of Ports, Shipping and Waterways",573,496.63,-518.0,1,86.6719022687609,0
707229,2025-08,Real Estate,Ministry of Housing & Urban Affairs,210,,-823.0,1,,0
707267,2025-08,Waste & Water,Ministry of Housing & Urban Affairs,200,100.0,-793.0,1,50.0,0
708662,2025-08,Healthcare,"Ministry of Ports, Shipping and Waterways",693,58.0,303.0,0,8.369408369408369,0
709747,2025-08,Electricity Generation,Ministry of Power,339,317.59,122.0,0,93.68436578171091,0
709748,2025-08,Electricity Generation,Ministry of Power,5492,4805.16,-514.0,1,87.49380917698471,0
709749,2025-08,Telecommunication,Department of Telecommunications,461,166.02,-1535.0,1,36.01301518438178,0
709750,2025-08,Oil & Gas,Ministry of Petroleum & Natural Gas,205,38.14,21.0,0,18.60487804878049,0
709752,2025-08,Oil & Gas,Ministry of Petroleum & Natural Gas,160,80.29,-427.0,1,50.18125,0
709753,2025-08,Oil & Gas,Ministry of Petroleum & Natural Gas,1010,645.07,69.0,0,63.86831683168317,1
709754,2025-08,Energy Storage,Ministry of Petroleum & Natural Gas,156,54.15,672.0,0,34.71153846153846,0
709755,2025-08,Energy Storage,Ministry of Petroleum & Natural Gas,384,120.4,672.0,0,31.354166666666668,0
709757,2025-08,Oil & Gas,Ministry of Petroleum & Natural Gas,1377,331.74,1764.0,0,24.091503267973856,0
709758,2025-08,Oil & Gas,Ministry of Petroleum & Natural Gas,2628,335.96,1764.0,0,12.783866057838662,0
709759,2025-08,Energy Storage,Ministry of Petroleum & Natural Gas,461,116.48,462.0,0,25.266811279826467,0
709760,2025-08,Oil & Gas,Ministry of Petroleum & Natural Gas,240,34.42,231.0,0,14.341666666666667,0
709761,2025-08,Oil & Gas,Ministry of Petroleum & Natural Gas,193,0.43,696.0,0,0.22279792746113988,0
709766,2025-08,Oil & Gas,Ministry of Petroleum & Natural Gas,1420,165.65,1673.0,0,11.665492957746478,0
709770,2025-08,Oil & Gas,Ministry of Petroleum & Natural Gas,151,8.73,2952.0,0,5.781456953642385,0
709771,2025-08,Oil & Gas,Ministry of Petroleum & Natural Gas,865,69.15,2221.0,0,7.994219653179191,0
709772,2025-08,Oil & Gas,Ministry of Petroleum & Natural Gas,609,56.35,2129.0,0,9.252873563218392,0
709773,2025-08,Oil & Gas,Ministry of Petroleum & Natural Gas,538,3.72,2404.0,0,0.6914498141263941,0
709774,2025-08,Oil & Gas,Ministry of Petroleum & Natural Gas,463,271.16,122.0,0,58.565874730021605,1
709776,2025-08,Oil & Gas,Ministry of Petroleum & Natural Gas,277,185.18,395.0,0,66.85198555956678,0
709777,2025-08,Oil & Gas,Ministry of Petroleum & Natural Gas,389,50.48,-123.0,1,12.976863753213367,0
709778,2025-08,Oil & Gas,Ministry of Petroleum & Natural Gas,328,151.53,-23.0,1,46.198170731707314,0
709779,2025-08,Oil & Gas,Ministry of Petroleum & Natural Gas,768,107.72,189.0,0,14.026041666666666,1
709780,2025-08,Oil & Gas,Ministry of Petroleum & Natural Gas,341,282.95,365.0,0,82.97653958944281,0
709781,2025-08,Oil & Gas,Ministry of Petroleum & Natural Gas,260,1.11,668.0,0,0.426923076923077,0
709782,2025-08,Oil & Gas,Ministry of Petroleum & Natural Gas,165,90.75,-10.0,1,55.00000000000001,0
709783,2025-08,Oil & Gas,Ministry of Petroleum & Natural Gas,165,130.6,-793.0,1,79.15151515151516,0
709785,2025-08,Oil & Gas,Ministry of Petroleum & Natural Gas,202,52.42,161.0,0,25.95049504950495,0
709786,2025-08,Oil & Gas,Ministry of Petroleum & Natural Gas,228,9.12,821.0,0,3.9999999999999996,0
709789,2025-08,Oil & Gas,Ministry of Petroleum & Natural Gas,405,205.63,-31.0,1,50.77283950617284,1
709790,2025-08,Oil & Gas,Ministry of Petroleum & Natural Gas,622,193.19,212.0,0,31.05948553054662,0
709791,2025-08,Oil & Gas,Ministry of Petroleum & Natural Gas,1017,184.13,1673.0,0,18.105211406096362,0
709792,2025-08,Oil & Gas,Ministry of Petroleum & Natural Gas,3638,407.18,1673.0,0,11.192413413963717,0
709793,2025-08,Oil & Gas,Ministry of Petroleum & Natural Gas,3919,400.92,1764.0,0,10.230160755294719,0
709794,2025-08,Oil & Gas,Ministry of Petroleum & Natural Gas,3207,339.57,1764.0,0,10.588400374181479,0
709795,2025-08,Oil & Gas,Ministry of Petroleum & Natural Gas,16654,558.33,1764.0,0,3.3525279212201275,0
709796,2025-08,Oil & Gas,Ministry of Petroleum & Natural Gas,3685,226.87,1673.0,0,6.156580732700136,0
709797,2025-08,Oil & Gas,Ministry of Petroleum & Natural Gas,2585,612.7,273.0,0,23.702127659574472,0
709798,2025-08,Oil & Gas,Ministry of Petroleum & Natural Gas,43367,1855.5,1004.0,0,4.2785989346738305,0
709799,2025-08,Oil & Gas,Ministry of Petroleum & Natural Gas,4460,265.89,791.0,0,5.9616591928251115,0
709800,2025-08,Oil & Gas,Ministry of Petroleum & Natural Gas,394,104.55,212.0,0,26.535532994923855,0
709808,2025-08,Railways,Ministry of Railways,955,130.42,730.0,0,13.656544502617798,0
709811,2025-08,Railways,Ministry of Railways,190,,760.0,0,,0
709812,2025-08,Railways,Ministry of Railways,462,75.0,1764.0,0,16.233766233766232,0
709813,2025-08,Railways,Ministry of Railways,437,43.0,791.0,0,9.839816933638444,0
709814,2025-08,Railways,Ministry of Railways,170,,487.0,0,,0
709815,2025-08,Railways,Ministry of Railways,177,,518.0,0,,0
709816,2025-08,Railways,Ministry of Railways,177,1.16,546.0,0,0.655367231638418,0
709817,2025-08,Railways,Ministry of Railways,169,14.42,456.0,0,8.532544378698224,0
709818,2025-08,Railways,Ministry of Railways,328,50.58,518.0,0,15.420731707317072,0
709819,2025-08,Railways,Ministry of Railways,168,,487.0,0,,0
709826,2025-08,Steel,Ministry of Steel,2719,1341.08,153.0,0,49.322545053328426,0
709827,2025-08,Steel,Ministry of Steel,350,282.52,122.0,0,80.72,0
709829,2025-08,Metals & Mining,Ministry of Mines,1022,0.0,-153.0,1,0.0,0
709830,2025-08,Metals & Mining,Ministry of Mines,355,0.0,456.0,0,0.0,0
709831,2025-08,Metals & Mining,Ministry of Mines,483,402.67,-92.0,1,83.36853002070393,0
709832,2025-08,Metals & Mining,Ministry of Mines,166,135.0,-153.0,1,81.32530120481928,0
709837,2025-08,Oil & Gas,Ministry of Petroleum & Natural Gas,209,68.88,-457.0,1,32.95693779904306,1
709838,2025-08,Oil & Gas,Ministry of Petroleum & Natural Gas,621,137.71,-274.0,1,22.175523349436393,1
709839,2025-08,Oil & Gas,Ministry of Petroleum & Natural Gas,4144,3894.53,61.0,0,93.97997104247105,0
709840,2025-08,Oil & Gas,Ministry of Petroleum & Natural Gas,249,209.45,-202.0,1,84.11646586345381,0
709841,2025-08,Oil & Gas,Ministry of Petroleum & Natural Gas,173,147.02,-44.0,1,84.98265895953759,0
709842,2025-08,Oil & Gas,Ministry of Petroleum & Natural Gas,1487,927.5,577.0,0,62.373907195696034,0
709845,2025-08,Oil & Gas,Ministry of Petroleum & Natural Gas,837,219.13,365.0,0,26.180406212664277,0
709846,2025-08,Oil & Gas,Ministry of Petroleum & Natural Gas,1219,744.81,-473.0,1,61.10008203445446,1
709847,2025-08,Oil & Gas,Ministry of Petroleum & Natural Gas,345,211.05,239.0,0,61.173913043478265,0
709848,2025-08,Oil & Gas,Ministry of Petroleum & Natural Gas,2329,820.24,261.0,0,35.218548733361956,0
709849,2025-08,Oil & Gas,Ministry of Petroleum & Natural Gas,2380,1675.65,181.0,0,70.40546218487395,1
709850,2025-08,Oil & Gas,Ministry of Petroleum & Natural Gas,199,36.8,258.0,0,18.492462311557787,0
709851,2025-08,Oil & Gas,Ministry of Petroleum & Natural Gas,6184,474.0,607.0,0,7.664941785252263,0
709856,2025-08,Telecommunication,Department of Telecommunications,645,364.34,-365.0,1,56.48682170542635,1
709857,2025-08,Telecommunication,Department of Telecommunications,24545,8391.17,-71.0,1,34.18688123854145,0
709858,2025-08,Telecommunication,Department of Telecommunications,811,741.9,-16.0,1,91.47965474722565,1
709859,2025-08,Telecommunication,Department of Telecommunications,248,236.91,-2022.0,1,95.52822580645162,0
709864,2025-08,Oil & Gas,Ministry of Petroleum & Natural Gas,370,253.17,-410.0,1,68.42432432432433,1
709865,2025-08,Oil & Gas,Ministry of Petroleum & Natural Gas,294,97.22,-243.0,1,33.06802721088435,1
900808,2025-08,Transmission & Distribution,Ministry of Power,3547,3192.25,-274.0,1,89.99859035804906,1
400005,2025-09,Transmission & Distribution,Ministry of Power,4546,4210.29,-841.0,1,92.61526616805983,1
400010,2025-09,Aviation & Aviation Infrastructure,Ministry of Civil Aviation,480,456.22,-1477.0,1,95.04583333333333,1
400012,2025-09,Energy Storage,Ministry of Petroleum & Natural Gas,10088,7979.86,-1370.0,1,79.10249801744646,1
400013,2025-09,Telecommunication,Department of Telecommunications,26316,9791.8,-467.0,1,37.20854233166134,0
400018,2025-09,Coal,Ministry of Coal,859,451.61,1278.0,0,52.573923166472646,0
400019,2025-09,Railways,Ministry of Railways,493,256.28,457.0,0,51.983772819472605,0
400022,2025-09,Railways,Ministry of Railways,2798,1931.66,1765.0,0,69.03716940671909,0
400033,2025-09,Coal,Ministry of Coal,581,69.77,913.0,0,12.008605851979345,0
400035,2025-09,Energy Storage,Ministry of Petroleum & Natural Gas,656,483.9,0.0,0,73.76524390243902,0
400043,2025-09,Energy Storage,Ministry of Petroleum & Natural Gas,829,320.63,243.0,0,38.6767189384801,0
400045,2025-09,Railways,Ministry of Railways,168,69.85,-183.0,1,41.57738095238095,0
400062,2025-09,Electricity Generation,Ministry of Power,17673,1372.17,1369.0,0,7.764216601595655,0
400065,2025-09,Steel,Ministry of Steel,1105,769.08,-138.0,1,69.60000000000001,0
400073,2025-09,Coal,Ministry of Coal,799,429.42,2374.0,0,53.74468085106383,0
400074,2025-09,Coal,Ministry of Coal,908,269.18,1278.0,0,29.645374449339208,0
400077,2025-09,Energy Storage,Ministry of Petroleum & Natural Gas,827,633.42,-273.0,1,76.5925030229746,0
400078,2025-09,Energy Storage,Ministry of Petroleum & Natural Gas,9028,7186.98,-285.0,1,79.60766504209127,1
400087,2025-09,Oil & Gas,Ministry of Petroleum & Natural Gas,886,830.89,151.0,0,93.77990970654628,0
400093,2025-09,Water Resources,"Department of Water Resources, River Development & GR",1673,22.24,-2100.0,1,1.3293484757919904,0
400095,2025-09,Water Resources,"Department of Water Resources, River Development & GR",744,252.43,-2100.0,1,33.928763440860216,0
400096,2025-09,Water Resources,"Department of Water Resources, River Development & GR",648,172.56,-2100.0,1,26.62962962962963,0
400097,2025-09,Water Resources,"Department of Water Resources, River Development & GR",5022,4954.99,-2100.0,1,98.66567104739147,0
400100,2025-09,Water Resources,"Department of Water Resources, River Development & GR",353,869.11,-2100.0,1,246.20679886685554,0
400101,2025-09,Water Resources,"Department of Water Resources, River Development & GR",397,619.09,-2100.0,1,155.94206549118388,0
400102,2025-09,Water Resources,"Department of Water Resources, River Development & GR",736,940.7,-2100.0,1,127.8125,0
400103,2025-09,Water Resources,"Department of Water Resources, River Development & GR",1331,4491.08,-2100.0,1,337.42148760330576,0
400104,2025-09,Water Resources,"Department of Water Resources, River Development & GR",571,447.68,-2100.0,1,78.40280210157619,0
400105,2025-09,Water Resources,"Department of Water Resources, River Development & GR",581,713.46,-1188.0,1,122.79862306368332,0
400107,2025-09,Water Resources,"Department of Water Resources, River Development & GR",2408,2559.71,-823.0,1,106.30024916943522,0
400109,2025-09,Water Resources,"Department of Water Resources, River Development & GR",848,690.49,-1918.0,1,81.42570754716981,0
400111,2025-09,Water Resources,"Department of Water Resources, River Development & GR",460,616.93,-2100.0,1,134.11521739130436,0
400112,2025-09,Water Resources,"Department of Water Resources, River Development & GR",7223,8722.81,1004.0,0,120.76436383774055,0
400115,2025-09,Water Resources,"Department of Water Resources, River Development & GR",751,746.19,-2100.0,1,99.35952063914782,0
400116,2025-09,Water Resources,"Department of Water Resources, River Development & GR",1229,1906.5,-2100.0,1,155.12611879576892,0
400119,2025-09,Oil & Gas,Ministry of Petroleum & Natural Gas,3191,3113.26,-2710.0,1,97.56377311187717,1
400120,2025-09,Oil & Gas,Ministry of Petroleum & Natural Gas,34012,33238.5,-1918.0,1,97.72580265788545,0
400121,2025-09,Steel,Ministry of Steel,1044,262.34,329.0,0,25.128352490421452,0
400136,2025-09,Coal,Ministry of Coal,2660,,2374.0,0,,0
400138,2025-09,Coal,Ministry of Coal,974,440.56,2374.0,0,45.23203285420945,0
400139,2025-09,Coal,Ministry of Coal,861,455.95,2374.0,0,52.95586527293844,0
400141,2025-09,Metals & Mining,Ministry of Mines,4103,4111.16,-1004.0,1,100.19887886912015,0
400142,2025-09,Coal,Ministry of Coal,2243,1186.18,1096.0,0,52.883637984841734,0
400144,2025-09,Coal,Ministry of Coal,2310,85.77,1278.0,0,3.7129870129870133,0
400145,2025-09,Coal,Ministry of Coal,611,579.82,-1279.0,1,94.89689034369886,1
400148,2025-09,Coal,Ministry of Coal,869,275.35,-1644.0,1,31.68584579976985,0
400149,2025-09,Coal,Ministry of Coal,2310,935.64,1278.0,0,40.5038961038961,0
400150,2025-09,Coal,Ministry of Coal,7254,1548.41,913.0,0,21.345602426247588,0
400151,2025-09,Coal,Ministry of Coal,779,696.05,1278.0,0,89.3517329910141,0
400152,2025-09,Coal,Ministry of Coal,1249,495.4,182.0,0,39.663730984787826,0
400153,2025-09,Coal,Ministry of Coal,1020,83.95,913.0,0,8.230392156862745,0
400154,2025-09,Coal,Ministry of Coal,713,236.58,547.0,0,33.180925666199165,0
400155,2025-09,Coal,Ministry of Coal,2898,179.7,2008.0,0,6.200828157349896,0
400156,2025-09,Coal,Ministry of Coal,5136,1159.17,913.0,0,22.569509345794394,0
400158,2025-09,Oil & Gas,Ministry of Petroleum & Natural Gas,1165,947.22,-579.0,1,81.30643776824034,0
400160,2025-09,Coal,Ministry of Coal,511,488.67,-3470.0,1,95.63013698630137,0
400161,2025-09,Oil & Gas,Ministry of Petroleum & Natural Gas,911,1029.0,-608.0,1,112.95279912184412,1
400162,2025-09,Coal,Ministry of Coal,999,468.13,-914.0,1,46.85985985985986,0
400165,2025-09,Coal,Ministry of Coal,1694,1323.54,2397.0,0,78.1310507674144,0
400166,2025-09,Coal,Ministry of Coal,5195,3456.71,1278.0,0,66.53917228103946,0
400167,2025-09,Oil & Gas,Ministry of Petroleum & Natural Gas,1163,1157.0,182.0,0,99.48409286328462,0
400168,2025-09,Oil & Gas,Ministry of Petroleum & Natural Gas,8797,6990.28,-175.0,1,79.46208934864158,1
400169,2025-09,Oil & Gas,Ministry of Petroleum & Natural Gas,631,539.03,-183.0,1,85.42472266244057,1
400171,2025-09,Oil & Gas,Ministry of Petroleum & Natural Gas,1421,1185.85,-955.0,1,83.4517945109078,0
400172,2025-09,Coal,Ministry of Coal,514,229.01,182.0,0,44.554474708171206,1
400173,2025-09,Coal,Ministry of Coal,889,108.25,182.0,0,12.176602924634421,1
400174,2025-09,Steel,Ministry of Steel,1034,885.08,-2891.0,1,85.59767891682786,0
400177,2025-09,Coal,Ministry of Coal,727,538.4,-183.0,1,74.05777166437414,0
400178,2025-09,Coal,Ministry of Coal,823,621.73,547.0,0,75.54434993924666,0
400180,2025-09,Coal,Ministry of Coal,570,81.9,182.0,0,14.36842105263158,1
400181,2025-09,Coal,Ministry of Coal,503,67.68,1278.0,0,13.455268389662029,0
400182,2025-09,Coal,Ministry of Coal,535,5.27,547.0,0,0.9850467289719624,1
400183,2025-09,Coal,Ministry of Coal,3504,774.52,1278.0,0,22.10388127853881,0
400185,2025-09,Coal,Ministry of Coal,8416,1730.11,1643.0,0,20.557390684410645,0
400186,2025-09,Coal,Ministry of Coal,749,52.18,1278.0,0,6.966622162883845,0
400187,2025-09,Coal,Ministry of Coal,2435,1814.65,547.0,0,74.52361396303901,0
400188,2025-09,Real Estate,Ministry of Housing & Urban Affairs,32850,0.0,92.0,0,0.0,0
400192,2025-09,Coal,Ministry of Power,1581,597.5,243.0,0,37.79253636938647,0
400203,2025-09,Railways,Ministry of Coal,1686,350.21,457.0,0,20.77164887307236,0
400204,2025-09,Railways,Ministry of Railways,4940,1239.61,1856.0,0,25.093319838056676,0
400205,2025-09,Railways,Ministry of Railways,1320,473.69,1278.0,0,35.885606060606065,0
400220,2025-09,Railways,Ministry of Railways,3055,2587.28,-2557.0,1,84.69001636661211,0
400223,2025-09,Railways,Ministry of Railways,713,598.38,182.0,0,83.92426367461431,1
400231,2025-09,Electricity Generation,Ministry of Coal,27213,2517.13,1643.0,0,9.249733583213905,0
400232,2025-09,Railways,Ministry of Railways,297,193.22,457.0,0,65.05723905723906,0
400234,2025-09,Railways,Ministry of Railways,8975,4950.0,182.0,0,55.15320334261838,1
400235,2025-09,Energy Storage,Ministry of Petroleum & Natural Gas,677,535.94,-183.0,1,79.16395864106353,0
400247,2025-09,Railways,Ministry of Railways,1000,1034.35,516.0,0,103.43499999999999,0
400253,2025-09,Railways,Ministry of Railways,4803,5722.01,457.0,0,119.13408286487612,0
400254,2025-09,Railways,Ministry of Railways,735,587.39,-273.0,1,79.91700680272109,0
400259,2025-09,Electricity Generation,Ministry of Coal,17238,20510.5,-1769.0,1,118.98422090729784,1
400261,2025-09,Electricity Generation,Ministry of Power,17112,17860.0,-914.0,1,104.37120149602619,1
400271,2025-09,Railways,Ministry of Railways,3445,3002.93,913.0,0,87.16777939042089,0
400273,2025-09,Railways,Ministry of Railways,1189,1320.81,-2375.0,1,111.08578637510513,0
400275,2025-09,Railways,Ministry of Railways,3631,1113.53,-3287.0,1,30.667309281189752,0
400277,2025-09,Railways,Ministry of Railways,8964,8097.47,92.0,0,90.33322177599287,0
400280,2025-09,Railways,Ministry of Railways,734,475.73,-426.0,1,64.8133514986376,1
400291,2025-09,Railways,Ministry of Railways,1589,1542.79,-2009.0,1,97.09188168659534,0
400298,2025-09,Railways,Ministry of Railways,2312,2179.0,608.0,0,94.24740484429066,0
400299,2025-09,Metals & Mining,Ministry of Mines,1381,650.04,-183.0,1,47.07023895727733,0
400301,2025-09,Energy Storage,Ministry of Petroleum & Natural Gas,678,767.09,-3139.0,1,113.14011799410031,0
400312,2025-09,Coal,Ministry of Coal,1210,534.84,1278.0,0,44.20165289256199,0
400313,2025-09,Coal,Ministry of Coal,2662,789.85,-2242.0,1,29.671299774605558,0
400315,2025-09,Coal,Ministry of Coal,5366,570.02,1278.0,0,10.622810286992172,0
400321,2025-09,Coal,Ministry of Coal,1730,827.47,-183.0,1,47.83063583815029,0
400352,2025-09,Coal,Ministry of Coal,765,145.81,2008.0,0,19.060130718954248,0
400353,2025-09,Coal,Ministry of Coal,711,80.61,913.0,0,11.337552742616033,0
400354,2025-09,Coal,Ministry of Coal,5241,2830.43,1278.0,0,54.00553329517267,0
400369,2025-09,Coal,Ministry of Coal,836,805.98,-548.0,1,96.4090909090909,0
400382,2025-09,Shipping,"Ministry of Ports, Shipping and Waterways",6000,5999.89,-914.0,1,99.99816666666668,0
400392,2025-09,Coal,Ministry of Coal,2839,1672.82,1278.0,0,58.922860162028876,0
400416,2025-09,Railways,Ministry of Coal,1800,1462.35,-92.0,1,81.24166666666666,0
400424,2025-09,Coal,Ministry of Coal,11816,6677.26,-914.0,1,56.5103249830738,1
400425,2025-09,Coal,Ministry of Coal,1230,629.58,-2375.0,1,51.18536585365854,0
400426,2025-09,Metals & Mining,Ministry of Mines,1856,935.32,-1979.0,1,50.39439655172414,0
602096,2025-09,Electricity Generation,Ministry of Power,6285,25058.8,-5501.0,1,398.7080350039777,0
602098,2025-09,Education,Department of Higher Education,425,484.52,-823.0,1,114.00470588235294,1
602099,2025-09,Education,Department of Higher Education,393,323.81,-700.0,1,82.39440203562341,0
602181,2025-09,Electricity Generation,Ministry of Power,5748,4656.92,-572.0,1,81.01809324982602,0
602182,2025-09,Electricity Generation,Ministry of Power,31876,3639.39,2340.0,0,11.417335926716024,0
602184,2025-09,Electricity Generation,Ministry of Power,1382,1303.42,-2192.0,1,94.31403762662808,0
602185,2025-09,Electricity Generation,Ministry of Power,2978,7260.25,-4566.0,1,243.79617192746812,0
602193,2025-09,Electricity Generation,Ministry of Power,4826,8121.61,-1202.0,1,168.28864484044757,1
602194,2025-09,Electricity Generation,Ministry of Power,11089,12888.2,-606.0,1,116.22508792497071,0
602195,2025-09,Electricity Generation,Ministry of Power,3860,5186.68,-1020.0,1,134.3699481865285,1
602223,2025-09,Transmission & Distribution,Ministry of Power,4754,7598.33,-2477.0,1,159.830248212032,0
602525,2025-09,Electricity Generation,Ministry of Power,8112,7457.57,-1982.0,1,91.93256903353057,0
602532,2025-09,Electricity Generation,Ministry of Power,4288,3035.03,-754.0,1,70.77961753731343,0
602535,2025-09,Electricity Generation,Ministry of Power,5282,1029.67,133.0,0,19.49394168875426,0
602538,2025-09,Electricity Generation,Ministry of Power,1037,1098.16,-617.0,1,105.89778206364512,0
602579,2025-09,Electricity Generation,Ministry of Power,10439,12426.3,-631.0,1,119.03726410575726,0
602582,2025-09,Electricity Generation,Ministry of Power,688,949.59,36.0,0,138.0218023255814,0
602593,2025-09,Electricity Generation,Ministry of Power,1811,1781.54,111.0,0,98.37327443401436,1
602633,2025-09,Electricity Generation,Ministry of Power,2615,495.57,547.0,0,18.951051625239003,0
602792,2025-09,Railways,Ministry of Railways,1171,848.0,-214.0,1,72.41673783091375,1
602797,2025-09,Railways,Ministry of Railways,462,192.67,547.0,0,41.7034632034632,0
602961,2025-09,Electricity Generation,Ministry of Power,11844,4574.68,608.0,0,38.62445119891929,0
603293,2025-09,Coal,Ministry of Power,502,313.88,11415.0,0,62.52589641434263,0
603945,2025-09,Water Resources,"Department of Water Resources, River Development & GR",567,2629.74,-2100.0,1,463.79894179894177,0
604791,2025-09,Oil & Gas,Ministry of Petroleum & Natural Gas,12366,17007.2,-430.0,1,137.53194242277212,1
604795,2025-09,Oil & Gas,Ministry of Petroleum & Natural Gas,31580,1342.27,-120.0,1,4.250379987333756,0
604833,2025-09,Energy Storage,Ministry of Petroleum & Natural Gas,281,234.6,-122.0,1,83.48754448398577,0
604852,2025-09,Energy Storage,Ministry of Petroleum & Natural Gas,980,220.97,426.0,0,22.54795918367347,0
604853,2025-09,Oil & Gas,Ministry of Petroleum & Natural Gas,2282,1810.8,-1004.0,1,79.35144609991237,0
604859,2025-09,Oil & Gas,Ministry of Petroleum & Natural Gas,13805,8373.41,-608.0,1,60.65490764215864,0
604863,2025-09,Oil & Gas,Ministry of Petroleum & Natural Gas,683,489.6,-2040.0,1,71.68374816983895,1
605155,2025-09,Electricity Generation,Ministry of Power,4526,1156.37,406.0,0,25.549491825011046,0
605156,2025-09,Electricity Generation,Ministry of Power,938,1445.5,-489.0,1,154.1044776119403,0
605292,2025-09,Education,Department of Higher Education,348,290.39,-823.0,1,83.44540229885057,0
606013,2025-09,Education,Department of Higher Education,499,434.67,-426.0,1,87.10821643286573,0
606112,2025-09,Education,Department of Higher Education,154,124.33,-692.0,1,80.73376623376623,1
606431,2025-09,Education,Department of Higher Education,1006,632.59,-1211.0,1,62.881709741550694,0
606479,2025-09,Education,Department of Higher Education,246,194.14,-1096.0,1,78.91869918699187,0
606781,2025-09,Transmission & Distribution,Ministry of Power,289,242.52,-273.0,1,83.91695501730105,1
607701,2025-09,Oil & Gas,Ministry of Petroleum & Natural Gas,412,435.92,-700.0,1,105.80582524271844,0
607709,2025-09,Transmission & Distribution,Ministry of Power,5111,5295.68,-2465.0,1,103.61338289962825,1
608301,2025-09,Transmission & Distribution,Ministry of Power,359,336.11,-731.0,1,93.62395543175488,1
608302,2025-09,Transmission & Distribution,Ministry of Power,318,308.58,-153.0,1,97.03773584905659,1
608922,2025-09,Transmission & Distribution,Ministry of Power,1666,2129.28,-670.0,1,127.80792316926772,0
609019,2025-09,Education,Department of Higher Education,500,383.6,-914.0,1,76.72,0
609424,2025-09,Shipping,"Ministry of Ports, Shipping and Waterways",4244,70.0,452.0,0,1.649387370405278,1
609736,2025-09,Education,Department of Higher Education,314,238.22,-269.0,1,75.86624203821655,1
609996,2025-09,Education,Department of Higher Education,262,178.17,-342.0,1,68.00381679389312,0
610315,2025-09,Education,Department of Higher Education,1229,837.04,-1644.0,1,68.10740439381611,1
610940,2025-09,Education,Department of Higher Education,420,364.44,-548.0,1,86.77142857142857,1
610984,2025-09,Oil & Gas,Ministry of Petroleum & Natural Gas,431,217.93,-618.0,1,50.56380510440835,1
610985,2025-09,Oil & Gas,Ministry of Petroleum & Natural Gas,423,305.71,-639.0,1,72.27186761229314,0
611016,2025-09,Coal,Ministry of Coal,385,354.75,-1826.0,1,92.14285714285714,1
611017,2025-09,Coal,Ministry of Coal,334,142.64,-2710.0,1,42.706586826347305,0
611047,2025-09,Aviation & Aviation Infrastructure,Ministry of Civil Aviation,861,192.59,264.0,0,22.368176538908248,0
611142,2025-09,Inland Waterways,"Ministry of Ports, Shipping and Waterways",177,183.32,-792.0,1,103.57062146892655,0
611452,2025-09,Railways,Ministry of Railways,311,208.0,92.0,0,66.88102893890675,1
611495,2025-09,Aviation & Aviation Infrastructure,Ministry of Civil Aviation,1549,292.71,460.0,0,18.896707553260168,0
611509,2025-09,Electricity Generation,Ministry of Power,14358,1255.79,1261.0,0,8.746273854297256,0
611570,2025-09,Aviation & Aviation Infrastructure,Ministry of Civil Aviation,500,332.26,-19.0,1,66.452,0
611586,2025-09,Electricity Generation,Ministry of Power,2615,970.01,916.0,0,37.09407265774379,0
611602,2025-09,Aviation & Aviation Infrastructure,Ministry of Civil Aviation,1207,164.13,-61.0,1,13.598177299088649,0
611614,2025-09,Railways,Ministry of Railways,819,471.0,426.0,0,57.509157509157504,0
611656,2025-09,Transmission & Distribution,Ministry of Power,1168,1105.5,-183.0,1,94.64897260273972,1
611657,2025-09,Transmission & Distribution,Ministry of Power,2821,2639.03,-183.0,1,93.54945054945055,1
611659,2025-09,Transmission & Distribution,Ministry of Power,1433,1390.01,-365.0,1,97.0,1
611660,2025-09,Transmission & Distribution,Ministry of Power,967,911.97,-273.0,1,94.30920372285419,1
611669,2025-09,Railways,Ministry of Railways,380,24.53,547.0,0,6.455263157894738,1
611698,2025-09,Electricity Generation,Ministry of Power,1939,49.69,1398.0,0,2.5626611655492524,0
611699,2025-09,Electricity Generation,Ministry of Power,1750,116.08,1398.0,0,6.633142857142857,0
611735,2025-09,Transmission & Distribution,Ministry of Power,331,129.09,-183.0,1,39.0,1
611737,2025-09,Transmission & Distribution,Ministry of Power,386,378.74,-670.0,1,98.11917098445596,0
611751,2025-09,Railways,Ministry of Railways,961,0.0,547.0,0,0.0,0
611752,2025-09,Railways,Ministry of Railways,352,18.0,547.0,0,5.113636363636364,0
611754,2025-09,Railways,Ministry of Railways,293,0.0,304.0,0,0.0,0
611798,2025-09,Metals & Mining,Ministry of Mines,2705,,2739.0,0,,0
611800,2025-09,Metals & Mining,Ministry of Mines,665,19.8,913.0,0,2.9774436090225564,0
611849,2025-09,Railways,Ministry of Railways,969,137.16,975.0,0,14.154798761609907,0
611861,2025-09,Railways,Ministry of Railways,352,258.15,638.0,0,73.33806818181817,0
611864,2025-09,Coal,Ministry of Coal,4012,404.49,1643.0,0,10.082003988035893,0
611884,2025-09,Railways,Ministry of Railways,471,208.84,882.0,0,44.339702760084926,0
611917,2025-09,Oil & Gas,Ministry of Petroleum & Natural Gas,1459,1119.16,-183.0,1,76.70733379026731,0
611918,2025-09,Railways,Ministry of Railways,468,20.0,546.0,0,4.273504273504273,0
611927,2025-09,Railways,Ministry of Railways,561,276.66,-639.0,1,49.31550802139038,0
611929,2025-09,Railways,Ministry of Railways,167,0.0,-275.0,1,0.0,0
611930,2025-09,Electricity Generation,Ministry of Power,15530,2812.0,1004.0,0,18.10688989053445,1
611937,2025-09,Railways,Ministry of Railways,418,223.0,243.0,0,53.34928229665071,0
611943,2025-09,Railways,Ministry of Railways,410,6.0,853.0,0,1.4634146341463417,0
611944,2025-09,Railways,Ministry of Railways,152,20.0,182.0,0,13.157894736842104,0
611945,2025-09,Railways,Ministry of Railways,307,82.0,1704.0,0,26.710097719869708,0
611947,2025-09,Transmission & Distribution,Ministry of Power,428,205.58,-107.0,1,48.032710280373834,1
611948,2025-09,Transmission & Distribution,Ministry of Power,2211,1879.59,-153.0,1,85.01085481682496,1
611949,2025-09,Transmission & Distribution,Ministry of Power,1796,1347.01,-153.0,1,75.00055679287306,0
611950,2025-09,Transmission & Distribution,Ministry of Power,2191,1905.77,-153.0,1,86.98174349612049,1
611951,2025-09,Transmission & Distribution,Ministry of Power,689,633.42,-214.0,1,91.933236574746,1
611957,2025-09,Education,Department of Higher Education,496,38.62,507.0,0,7.786290322580644,0
611963,2025-09,Education,Department of Higher Education,651,195.52,730.0,0,30.03379416282642,0
611966,2025-09,Transmission & Distribution,Ministry of Power,224,25.8,-83.0,1,11.517857142857144,1
611967,2025-09,Transmission & Distribution,Ministry of Power,1249,924.03,0.0,0,73.98158526821457,0
611970,2025-09,Railways,Ministry of Railways,670,102.0,1643.0,0,15.223880597014924,0
611971,2025-09,Railways,Ministry of Railways,350,87.0,1643.0,0,24.857142857142858,0
611974,2025-09,Railways,Ministry of Railways,1430,0.0,456.0,0,0.0,1
611977,2025-09,Railways,Ministry of Railways,487,108.69,-214.0,1,22.318275154004105,0
611978,2025-09,Railways,Ministry of Railways,158,47.31,-183.0,1,29.943037974683545,0
611979,2025-09,Railways,Ministry of Railways,250,0.0,-92.0,1,0.0,1
612063,2025-09,Aviation & Aviation Infrastructure,Ministry of Civil Aviation,219,215.2,-315.0,1,98.2648401826484,1
612072,2025-09,Railways,Ministry of Railways,962,333.21,547.0,0,34.63721413721414,1
612096,2025-09,Railways,Ministry of Railways,1209,405.31,547.0,0,33.52440033085195,1
612128,2025-09,Education,Department of Higher Education,167,84.25,177.0,0,50.44910179640718,0
612132,2025-09,Transmission & Distribution,Ministry of Power,2000,1420.0,-53.0,1,71.0,1
612133,2025-09,Transmission & Distribution,Ministry of Power,2056,1583.12,87.0,0,76.99999999999999,0
612134,2025-09,Transmission & Distribution,Ministry of Power,2998,1978.9,87.0,0,66.00733822548366,0
612135,2025-09,Education,Department of Higher Education,182,144.21,0.0,0,79.23626373626375,1
612138,2025-09,Transmission & Distribution,Ministry of Power,2148,1310.04,131.0,0,60.98882681564246,0
612139,2025-09,Transmission & Distribution,Ministry of Power,3752,1688.32,86.0,0,44.99786780383795,0
612140,2025-09,Transmission & Distribution,Ministry of Power,2889,1462.89,86.0,0,50.636552440290764,1
612142,2025-09,Electricity Generation,Ministry of Power,17195,1916.0,1612.0,0,11.14277406222739,0
612151,2025-09,Transmission & Distribution,Ministry of Power,334,93.52,-61.0,1,27.999999999999996,1
612183,2025-09,Aviation & Aviation Infrastructure,Ministry of Civil Aviation,1413,,730.0,0,,0
612194,2025-09,Aviation & Aviation Infrastructure,Ministry of Civil Aviation,912,191.27,99.0,0,20.972587719298247,1
612203,2025-09,Education,Department of Higher Education,68,24.18,304.0,0,35.55882352941177,0
612781,2025-09,Steel,Ministry of Steel,917,137.01,434.0,0,14.94111232279171,0
612786,2025-09,Aviation & Aviation Infrastructure,Ministry of Civil Aviation,266,59.43,119.0,0,22.342105263157894,0
612787,2025-09,Aviation & Aviation Infrastructure,Ministry of Civil Aviation,320,71.37,113.0,0,22.303125,0
612788,2025-09,Aviation & Aviation Infrastructure,Ministry of Civil Aviation,322,132.01,94.0,0,40.99689440993789,1
612789,2025-09,Aviation & Aviation Infrastructure,Ministry of Civil Aviation,485,85.16,-2.0,1,17.558762886597936,1
612790,2025-09,Oil & Gas,Ministry of Petroleum & Natural Gas,385,151.3,48.0,0,39.2987012987013,0
612791,2025-09,Aviation & Aviation Infrastructure,Ministry of Civil Aviation,328,105.41,-232.0,1,32.137195121951216,0
612793,2025-09,Aviation & Aviation Infrastructure,Ministry of Civil Aviation,323,34.3,129.0,0,10.619195046439629,0
612815,2025-09,Railways,Ministry of Railways,170,,547.0,0,,0
612816,2025-09,Coal,Ministry of Coal,929,68.14,1643.0,0,7.334768568353067,0
612819,2025-09,Electricity Generation,Ministry of Coal,1813,1038.13,-368.0,1,57.26034197462769,0
612827,2025-09,Railways,Ministry of Railways,184,5.11,577.0,0,2.7771739130434785,0
612834,2025-09,Railways,Ministry of Railways,252,79.55,89.0,0,31.567460317460316,0
612851,2025-09,Education,Department of Higher Education,333,283.21,0.0,0,85.04804804804805,1
612853,2025-09,Oil & Gas,Ministry of Petroleum & Natural Gas,522,206.0,284.0,0,39.46360153256705,0
612855,2025-09,Transmission & Distribution,Ministry of Power,679,101.85,242.0,0,15.0,0
612856,2025-09,Transmission & Distribution,Ministry of Power,164,71.98,-4.0,1,43.890243902439025,1
612876,2025-09,Education,Department of Higher Education,474,167.55,1553.0,0,35.348101265822784,0
612877,2025-09,Education,Department of Higher Education,618,509.55,-273.0,1,82.45145631067962,0
612883,2025-09,Education,Department of Higher Education,686,121.56,865.0,0,17.720116618075803,0
612885,2025-09,Education,Department of Higher Education,495,413.57,-1279.0,1,83.54949494949496,1
612894,2025-09,Education,Department of Higher Education,252,183.44,-316.0,1,72.79365079365078,1
612898,2025-09,Education,Department of Higher Education,593,550.22,335.0,0,92.7858347386172,0
612916,2025-09,Education,Department of Higher Education,491,312.06,-183.0,1,63.556008146639506,0
613002,2025-09,Railways,Ministry of Railways,842,340.0,182.0,0,40.38004750593824,0
613003,2025-09,Railways,Ministry of Railways,1686,288.83,335.0,0,17.131079478054566,0
613008,2025-09,Education,Department of Higher Education,305,84.96,634.0,0,27.85573770491803,0
613013,2025-09,Education,Department of Higher Education,276,261.24,92.0,0,94.65217391304348,0
613015,2025-09,Railways,Ministry of Railways,1813,584.61,547.0,0,32.245449531163814,0
613785,2025-09,Railways,Ministry of Railways,4744,119.71,1188.0,0,2.5233979763912306,0
613786,2025-09,Railways,Ministry of Railways,2379,682.86,913.0,0,28.703656998738968,0
613787,2025-09,Water Resources,"Department of Water Resources, River Development & GR",2584,968.52,1367.0,0,37.48142414860681,0
613793,2025-09,Coal,Ministry of Coal,484,59.03,182.0,0,12.196280991735538,1
613794,2025-09,Coal,Ministry of Coal,389,131.42,913.0,0,33.7840616966581,0
613795,2025-09,Coal,Ministry of Coal,279,210.07,-183.0,1,75.29390681003584,0
613798,2025-09,Coal,Ministry of Coal,336,88.24,182.0,0,26.26190476190476,0
613799,2025-09,Coal,Ministry of Coal,316,188.6,182.0,0,59.68354430379746,0
613800,2025-09,Coal,Ministry of Coal,459,274.35,-183.0,1,59.77124183006537,0
613801,2025-09,Coal,Ministry of Coal,410,181.59,182.0,0,44.29024390243902,1
613802,2025-09,Coal,Ministry of Coal,371,144.61,182.0,0,38.97843665768194,1
613803,2025-09,Coal,Ministry of Coal,367,34.06,1278.0,0,9.28065395095368,0
613804,2025-09,Coal,Ministry of Coal,314,5.87,547.0,0,1.8694267515923568,0
613808,2025-09,Coal,Ministry of Coal,340,191.0,-4171.0,1,56.1764705882353,0
615183,2025-09,Coal,Ministry of Coal,492,236.02,-183.0,1,47.97154471544716,0
615184,2025-09,Coal,Ministry of Coal,229,142.4,913.0,0,62.18340611353712,0
615185,2025-09,Coal,Ministry of Coal,399,92.44,547.0,0,23.167919799498744,0
615186,2025-09,Coal,Ministry of Coal,319,90.31,182.0,0,28.31034482758621,0
615187,2025-09,Coal,Ministry of Coal,221,,1278.0,0,,0
615188,2025-09,Coal,Ministry of Coal,402,55.44,547.0,0,13.791044776119401,0
615189,2025-09,Coal,Ministry of Coal,362,70.22,182.0,0,19.397790055248617,0
615190,2025-09,Coal,Ministry of Coal,336,26.98,1278.0,0,8.029761904761905,0
615191,2025-09,Coal,Ministry of Coal,329,60.81,1278.0,0,18.483282674772035,0
615192,2025-09,Coal,Ministry of Coal,310,42.75,182.0,0,13.790322580645162,0
615193,2025-09,Coal,Ministry of Coal,479,273.75,-2375.0,1,57.150313152400834,0
615194,2025-09,Coal,Ministry of Coal,207,27.19,2008.0,0,13.135265700483092,0
615195,2025-09,Coal,Ministry of Coal,166,4.35,913.0,0,2.620481927710843,0
615199,2025-09,Coal,Ministry of Coal,199,0.71,547.0,0,0.35678391959798994,0
615202,2025-09,Metals & Mining,Ministry of Steel,1700,124.9,1188.0,0,7.347058823529412,0
615206,2025-09,Coal,Ministry of Coal,414,13.38,182.0,0,3.231884057971015,0
615327,2025-09,Electricity Generation,Ministry of Coal,218,161.73,-183.0,1,74.18807339449542,0
615330,2025-09,Coal,Ministry of Coal,361,0.02,1278.0,0,0.0055401662049861505,0
615331,2025-09,Coal,Ministry of Coal,497,0.08,1643.0,0,0.01609657947686117,0
615332,2025-09,Transmission & Distribution,Ministry of Power,3279,819.75,326.0,0,25.0,0
615333,2025-09,Transmission & Distribution,Ministry of Power,2227,779.45,325.0,0,35.0,0
615334,2025-09,Transmission & Distribution,Ministry of Power,3251,910.28,322.0,0,27.999999999999996,0
615335,2025-09,Transmission & Distribution,Ministry of Power,1382,113.46,333.0,0,8.209840810419681,0
615337,2025-09,Transmission & Distribution,Ministry of Power,369,92.26,150.0,0,25.00271002710027,0
615338,2025-09,Transmission & Distribution,Ministry of Power,2735,156.44,402.0,0,5.719926873857404,0
615339,2025-09,Transmission & Distribution,Ministry of Power,5969,344.41,407.0,0,5.769978220807506,0
615340,2025-09,Transmission & Distribution,Ministry of Power,5357,348.2,407.0,0,6.499906664177711,0
615342,2025-09,Transmission & Distribution,Ministry of Power,329,10.17,287.0,0,3.0911854103343464,0
615343,2025-09,Transmission & Distribution,Ministry of Power,501,6.11,402.0,0,1.219560878243513,0
615344,2025-09,Transmission & Distribution,Ministry of Power,3674,551.1,379.0,0,15.0,0
615345,2025-09,Transmission & Distribution,Ministry of Power,4766,667.24,379.0,0,14.000000000000002,0
615346,2025-09,Transmission & Distribution,Ministry of Power,2708,920.72,322.0,0,34.0,0
615347,2025-09,Transmission & Distribution,Ministry of Power,24819,1856.46,1326.0,0,7.47999516499456,0
615349,2025-09,Coal,Ministry of Coal,230,22.02,913.0,0,9.57391304347826,0
615818,2025-09,Coal,Ministry of Coal,298,46.82,-183.0,1,15.711409395973156,0
615820,2025-09,Coal,Ministry of Coal,160,81.47,2103.0,0,50.91875,0
615821,2025-09,Coal,Ministry of Coal,289,105.6,1884.0,0,36.53979238754325,0
615822,2025-09,Coal,Ministry of Coal,223,140.58,913.0,0,63.040358744394624,0
615843,2025-09,Coal,Ministry of Coal,244,44.64,-183.0,1,18.295081967213115,0
615857,2025-09,Coal,Ministry of Coal,494,491.33,182.0,0,99.45951417004049,0
615858,2025-09,Coal,Ministry of Coal,384,281.83,182.0,0,73.39322916666666,0
615859,2025-09,Coal,Ministry of Coal,414,397.55,182.0,0,96.02657004830918,0
615860,2025-09,Coal,Ministry of Coal,607,191.08,-183.0,1,31.479406919275128,0
615861,2025-09,Coal,Ministry of Coal,425,402.64,-183.0,1,94.73882352941176,0
615862,2025-09,Coal,Ministry of Coal,346,75.87,182.0,0,21.927745664739888,0
615863,2025-09,Coal,Ministry of Coal,484,466.62,182.0,0,96.4090909090909,0
615864,2025-09,Coal,Ministry of Coal,490,405.54,182.0,0,82.76326530612246,0
615865,2025-09,Coal,Ministry of Coal,442,205.79,-183.0,1,46.55882352941176,0
615914,2025-09,Coal,Ministry of Coal,185,11.48,1278.0,0,6.205405405405406,0
615916,2025-09,Coal,Ministry of Coal,1225,78.68,1643.0,0,6.422857142857144,0
615917,2025-09,Coal,Ministry of Coal,973,0.24,1643.0,0,0.024665981500513873,0
615918,2025-09,Coal,Ministry of Coal,405,12.36,913.0,0,3.051851851851852,0
615919,2025-09,Coal,Ministry of Coal,1025,169.91,1278.0,0,16.576585365853656,0
615982,2025-09,Coal,Ministry of Coal,320,367.6,-548.0,1,114.87500000000001,0
616044,2025-09,Coal,Ministry of Coal,237,165.57,-1644.0,1,69.86075949367088,0
616050,2025-09,Coal,Ministry of Coal,236,237.12,-548.0,1,100.47457627118644,0
616223,2025-09,Coal,Ministry of Coal,316,308.84,-548.0,1,97.73417721518986,0
616225,2025-09,Coal,Ministry of Coal,979,,4200.0,0,,0
616226,2025-09,Coal,Ministry of Coal,3564,568.54,2739.0,0,15.952300785634119,0
616229,2025-09,Coal,Ministry of Coal,669,1.21,1278.0,0,0.18086696562032883,0
616230,2025-09,Coal,Ministry of Coal,1194,9.52,4200.0,0,0.7973199329983249,0
616231,2025-09,Coal,Ministry of Coal,5366,466.03,2739.0,0,8.68486768542676,0
616232,2025-09,Coal,Ministry of Coal,1562,271.74,1278.0,0,17.39692701664533,0
616233,2025-09,Coal,Ministry of Coal,978,211.37,1643.0,0,21.612474437627814,0
616234,2025-09,Coal,Ministry of Coal,1725,15.66,2739.0,0,0.9078260869565218,0
616235,2025-09,Energy Storage,Ministry of Petroleum & Natural Gas,240,49.57,182.0,0,20.65416666666667,0
616236,2025-09,Coal,Ministry of Coal,414,85.6,1278.0,0,20.67632850241546,0
616253,2025-09,Coal,Ministry of Coal,5851,20.32,1278.0,0,0.347291061357033,0
616254,2025-09,Oil & Gas,Ministry of Petroleum & Natural Gas,2212,16.53,710.0,0,0.7472875226039783,0
616594,2025-09,Waste & Water,"Department of Water Resources, River Development & GR",842,208.64,-153.0,1,24.779097387173397,0
616600,2025-09,Waste & Water,"Department of Water Resources, River Development & GR",413,126.67,-236.0,1,30.670702179176757,0
616604,2025-09,Waste & Water,"Department of Water Resources, River Development & GR",155,96.17,-184.0,1,62.04516129032258,0
616605,2025-09,Waste & Water,"Department of Water Resources, River Development & GR",691,34.79,-273.0,1,5.034732272069464,0
616611,2025-09,Waste & Water,"Department of Water Resources, River Development & GR",824,396.71,91.0,0,48.144417475728154,0
616612,2025-09,Waste & Water,"Department of Water Resources, River Development & GR",579,171.79,91.0,0,29.670120898100173,0
616615,2025-09,Waste & Water,"Department of Water Resources, River Development & GR",230,261.82,-153.0,1,113.83478260869563,0
616616,2025-09,Waste & Water,"Department of Water Resources, River Development & GR",305,346.46,-92.0,1,113.59344262295082,0
616670,2025-09,Transmission & Distribution,Ministry of Power,5846,391.68,456.0,0,6.699965788573384,0
616671,2025-09,Transmission & Distribution,Ministry of Power,548,23.72,457.0,0,4.328467153284672,0
616672,2025-09,Transmission & Distribution,Ministry of Power,1354,18.14,609.0,0,1.3397341211225997,0
616695,2025-09,Railways,Ministry of Railways,300,0.01,1157.0,0,0.0033333333333333335,0
616697,2025-09,Railways,Ministry of Railways,154,15.92,273.0,0,10.337662337662337,0
616699,2025-09,Railways,Ministry of Railways,12334,508.44,913.0,0,4.122263661423707,0
616701,2025-09,Railways,Ministry of Railways,2124,13.74,882.0,0,0.6468926553672316,0
616841,2025-09,Railways,Ministry of Railways,800,14.64,457.0,0,1.83,0
616842,2025-09,Railways,Ministry of Railways,3086,277.6,669.0,0,8.995463383020091,0
616843,2025-09,Railways,Ministry of Railways,1635,84.29,638.0,0,5.155351681957187,0
616857,2025-09,Railways,Ministry of Railways,1596,9.59,1278.0,0,0.6008771929824561,0
616858,2025-09,Oil & Gas,Ministry of Petroleum & Natural Gas,431,327.47,-548.0,1,75.97911832946636,1
616879,2025-09,Oil & Gas,Ministry of Petroleum & Natural Gas,364,29.47,473.0,0,8.096153846153847,0
616886,2025-09,Education,Department of Higher Education,373,21.13,396.0,0,5.664879356568364,0
616933,2025-09,Oil & Gas,Ministry of Petroleum & Natural Gas,4679,200.79,898.0,0,4.291301560162427,0
616950,2025-09,Oil & Gas,Ministry of Petroleum & Natural Gas,1486,272.3,151.0,0,18.324360699865412,1
617068,2025-09,Transmission & Distribution,Ministry of Power,288,6.89,638.0,0,2.392361111111111,0
617069,2025-09,Transmission & Distribution,Ministry of Power,466,23.3,505.0,0,5.0,0
617179,2025-09,Transmission & Distribution,Ministry of Power,219,1.01,287.0,0,0.4611872146118722,0
617181,2025-09,Transmission & Distribution,Ministry of Power,404,16.04,446.0,0,3.9702970297029703,0
617182,2025-09,Transmission & Distribution,Ministry of Power,172,7.37,539.0,0,4.284883720930233,0
617183,2025-09,Transmission & Distribution,Ministry of Power,2886,129.86,822.0,0,4.499653499653499,0
617184,2025-09,Transmission & Distribution,Ministry of Power,3453,47.99,720.0,0,1.3898059658268174,0
617185,2025-09,Transmission & Distribution,Ministry of Power,5550,319.68,539.0,0,5.76,0
617186,2025-09,Transmission & Distribution,Ministry of Power,5028,256.93,539.0,0,5.109984089101034,0
617188,2025-09,Electricity Generation,Ministry of Power,9791,865.06,1461.0,0,8.83525686855275,0
617206,2025-09,Urban Public Transport,Ministry of Housing & Urban Affairs,6231,0.78,1190.0,0,0.012518054886856042,0
617207,2025-09,Urban Public Transport,Ministry of Housing & Urban Affairs,8400,30.27,1274.0,0,0.3603571428571429,0
617211,2025-09,Railways,Ministry of Railways,2853,46.87,1278.0,0,1.6428321065545042,0
617212,2025-09,Railways,Ministry of Railways,4686,0.0,1278.0,0,0.0,0
617215,2025-09,Railways,Ministry of Railways,770,0.0,913.0,0,0.0,0
617221,2025-09,Education,Department of Higher Education,211,10.0,733.0,0,4.739336492890995,0
617224,2025-09,Railways,Ministry of Railways,1120,220.18,821.0,0,19.65892857142857,0
617225,2025-09,Urban Public Transport,Ministry of Housing & Urban Affairs,910,127.55,488.0,0,14.016483516483516,0
617226,2025-09,Urban Public Transport,Ministry of Housing & Urban Affairs,2955,20.89,1251.0,0,0.7069373942470389,0
617233,2025-09,Coal,Ministry of Coal,379,,1643.0,0,,0
617242,2025-09,Steel,Ministry of Steel,2115,228.35,638.0,0,10.796690307328605,0
617243,2025-09,Steel,Ministry of Steel,199,11.98,302.0,0,6.020100502512563,0
617246,2025-09,Steel,Ministry of Steel,758,67.14,250.0,0,8.857519788918205,0
617248,2025-09,Steel,Ministry of Steel,228,19.61,290.0,0,8.600877192982455,0
617249,2025-09,Steel,Ministry of Steel,212,15.04,484.0,0,7.094339622641509,0
617250,2025-09,Steel,Ministry of Steel,207,15.76,390.0,0,7.613526570048309,0
617251,2025-09,Steel,Ministry of Steel,196,0.19,239.0,0,0.09693877551020408,0
617252,2025-09,Railways,Ministry of Railways,958,445.85,903.0,0,46.53966597077244,0
617253,2025-09,Steel,Ministry of Steel,514,237.34,-89.0,1,46.175097276264594,0
617254,2025-09,Steel,Ministry of Steel,260,51.12,272.0,0,19.66153846153846,0
617255,2025-09,Steel,Ministry of Steel,472,136.99,257.0,0,29.023305084745765,0
617256,2025-09,Steel,Ministry of Steel,884,493.34,31.0,0,55.8076923076923,1
617257,2025-09,Steel,Ministry of Steel,627,126.45,411.0,0,20.167464114832537,0
617269,2025-09,Transmission & Distribution,Ministry of Power,213,0.3,252.0,0,0.1408450704225352,0
617270,2025-09,Transmission & Distribution,Ministry of Power,409,0.31,236.0,0,0.07579462102689487,0
617271,2025-09,Transmission & Distribution,Ministry of Power,343,0.7,152.0,0,0.2040816326530612,0
617272,2025-09,Transmission & Distribution,Ministry of Power,370,5.55,432.0,0,1.5,0
617278,2025-09,Coal,Ministry of Coal,630,,1643.0,0,,0
617279,2025-09,Transmission & Distribution,Ministry of Power,558,27.9,795.0,0,5.0,0
617280,2025-09,Construction,Ministry of Mines,255,83.03,335.0,0,32.56078431372549,0
617282,2025-09,Construction,Ministry of Housing & Urban Affairs,647,540.04,-133.0,1,83.46831530139103,0
617284,2025-09,Railways,Ministry of Railways,1424,49.57,913.0,0,3.481039325842697,0
617287,2025-09,Coal,Ministry of Coal,4517,774.91,1643.0,0,17.15541288465796,0
617288,2025-09,Coal,Ministry of Coal,383,112.87,1278.0,0,29.46997389033943,0
617290,2025-09,Railways,Ministry of Railways,2344,437.48,1918.0,0,18.663822525597272,0
617299,2025-09,Electricity Generation,Ministry of Coal,384,303.5,-92.0,1,79.03645833333334,0
617302,2025-09,Oil & Gas,Ministry of Petroleum & Natural Gas,1740,2261.0,-1734.0,1,129.94252873563218,1
617304,2025-09,Oil & Gas,Ministry of Petroleum & Natural Gas,340,94.41,517.0,0,27.76764705882353,0
617320,2025-09,Railways,Ministry of Railways,748,5.71,-10.0,1,0.7633689839572192,0
617321,2025-09,Railways,Ministry of Railways,150000,1940.0,1035.0,0,1.2933333333333332,0
617326,2025-09,Transmission & Distribution,Ministry of Power,1842,1643.0,182.0,0,89.19652551574376,1
617327,2025-09,Urban Public Transport,Ministry of Housing & Urban Affairs,12200,7.11,1461.0,0,0.05827868852459017,0
617333,2025-09,Railways,Ministry of Railways,200,,516.0,0,,0
617338,2025-09,Steel,Ministry of Steel,2518,62.72,1024.0,0,2.4908657664813343,0
617345,2025-09,Railways,Ministry of Railways,227,0.21,387.0,0,0.09251101321585903,0
617361,2025-09,Railways,Ministry of Railways,363,,913.0,0,,0
617364,2025-09,Railways,Ministry of Railways,338,3.42,1030.0,0,1.0118343195266273,0
617370,2025-09,Railways,Ministry of Railways,181,4.0,487.0,0,2.209944751381215,0
617372,2025-09,Railways,Ministry of Railways,349,86.48,92.0,0,24.779369627507165,0
617373,2025-09,Railways,Ministry of Railways,588,2.74,547.0,0,0.46598639455782315,0
617374,2025-09,Railways,Ministry of Railways,1516,873.79,-183.0,1,57.63786279683377,1
617375,2025-09,Transmission & Distribution,Ministry of Power,209,0.02,856.0,0,0.009569377990430622,0
617379,2025-09,Railways,Ministry of Railways,446,511.94,-2009.0,1,114.7847533632287,1
617390,2025-09,Railways,Ministry of Railways,1282,128.0,913.0,0,9.98439937597504,0
617391,2025-09,Transmission & Distribution,Ministry of Power,488,0.11,419.0,0,0.022540983606557378,0
617403,2025-09,Railways,Ministry of Railways,469,99.51,273.0,0,21.217484008528785,0
617404,2025-09,Railways,Ministry of Railways,189,,913.0,0,,0
617405,2025-09,Transmission & Distribution,Ministry of Power,4000,,379.0,0,,0
617406,2025-09,Railways,Ministry of Railways,2417,5.66,913.0,0,0.23417459660736453,0
617408,2025-09,Railways,Ministry of Railways,166,71.48,547.0,0,43.06024096385542,0
617409,2025-09,Railways,Ministry of Railways,521,420.0,457.0,0,80.61420345489442,0
617412,2025-09,Construction,Ministry of Housing & Urban Affairs,644,87.6,727.0,0,13.602484472049689,0
617413,2025-09,Telecommunication,Department of Telecommunications,1885,100.0,-145.0,1,5.305039787798409,1
617416,2025-09,Coal,Ministry of Coal,5940,,1188.0,0,,0
617422,2025-09,Water Resources,"Department of Water Resources, River Development & GR",1924,1770.13,669.0,0,92.00259875259876,0
701091,2025-09,Aviation & Aviation Infrastructure,Ministry of Civil Aviation,3100,16024.4,182.0,0,516.916129032258,0
701101,2025-09,Aviation & Aviation Infrastructure,Ministry of Civil Aviation,1217,1119.69,-792.0,1,92.00410846343468,1
701105,2025-09,Aviation & Aviation Infrastructure,Ministry of Civil Aviation,256,154.3,-1391.0,1,60.27343750000001,1
701107,2025-09,Aviation & Aviation Infrastructure,Ministry of Civil Aviation,612,494.08,-1121.0,1,80.73202614379085,1
701113,2025-09,Aviation & Aviation Infrastructure,Ministry of Civil Aviation,2870,346.36,658.0,0,12.068292682926831,0
701121,2025-09,Aviation & Aviation Infrastructure,Ministry of Civil Aviation,347,95.46,-47.0,1,27.51008645533141,1
701122,2025-09,Aviation & Aviation Infrastructure,Ministry of Civil Aviation,579,88.11,277.0,0,15.21761658031088,0
701126,2025-09,Aviation & Aviation Infrastructure,Ministry of Civil Aviation,1305,696.39,273.0,0,53.363218390804604,0
701127,2025-09,Aviation & Aviation Infrastructure,Ministry of Civil Aviation,480,301.83,-316.0,1,62.88125,1
701128,2025-09,Aviation & Aviation Infrastructure,Ministry of Civil Aviation,887,378.81,161.0,0,42.70687711386697,0
701167,2025-09,Healthcare,Ministry of Health & Family Welfare,1828,1565.25,-242.0,1,85.62636761487965,1
701171,2025-09,Healthcare,Ministry of Health & Family Welfare,1028,821.99,-1096.0,1,79.9601167315175,1
701173,2025-09,Healthcare,Ministry of Health & Family Welfare,1299,349.41,-946.0,1,26.89838337182448,0
701228,2025-09,Oil & Gas,Ministry of Petroleum & Natural Gas,2915,4453.29,-4656.0,1,152.77152658662092,1
701263,2025-09,Energy Storage,Ministry of Petroleum & Natural Gas,43129,60545.2,-1065.0,1,140.3816457603932,0
701289,2025-09,Oil & Gas,Ministry of Petroleum & Natural Gas,34627,25028.8,-365.0,1,72.2811678747798,0
701324,2025-09,Oil & Gas,Ministry of Petroleum & Natural Gas,14810,11997.3,-884.0,1,81.00810263335583,0
701329,2025-09,Oil & Gas,Ministry of Petroleum & Natural Gas,18936,12645.2,-395.0,1,66.77862272919307,0
701330,2025-09,Oil & Gas,Ministry of Petroleum & Natural Gas,7392,6308.0,-457.0,1,85.33549783549783,1
701338,2025-09,Oil & Gas,Ministry of Petroleum & Natural Gas,5535,3883.25,2077.0,0,70.15808491418247,0
701343,2025-09,Energy Storage,Ministry of Petroleum & Natural Gas,2658,2272.98,-1166.0,1,85.51467268623026,1
701344,2025-09,Oil & Gas,Ministry of Petroleum & Natural Gas,1031,865.2,-1058.0,1,83.91852570320079,1
701346,2025-09,Oil & Gas,Ministry of Petroleum & Natural Gas,9265,6426.54,-548.0,1,69.36362655153805,0
701349,2025-09,Energy Storage,Ministry of Petroleum & Natural Gas,10228,9811.29,-430.0,1,95.92579194368402,1
701350,2025-09,Oil & Gas,Ministry of Petroleum & Natural Gas,860,615.47,-284.0,1,71.56627906976745,1
701354,2025-09,Oil & Gas,Ministry of Petroleum & Natural Gas,7844,6609.4,-870.0,1,84.26058133605304,1
701370,2025-09,Water Resources,"Department of Water Resources, River Development & GR",256,44.7,-1004.0,1,17.4609375,0
701372,2025-09,Water Resources,"Department of Water Resources, River Development & GR",20718,31860.9,-2100.0,1,153.7836663770634,0
701376,2025-09,Water Resources,"Department of Water Resources, River Development & GR",3808,5561.97,-2100.0,1,146.06013655462183,0
701377,2025-09,Water Resources,"Department of Water Resources, River Development & GR",770,1515.32,-2100.0,1,196.79480519480518,0
701383,2025-09,Water Resources,"Department of Water Resources, River Development & GR",1059,1557.14,-2100.0,1,147.03871576959398,0
701386,2025-09,Water Resources,"Department of Water Resources, River Development & GR",7196,13691.1,-2100.0,1,190.25986659255142,0
701391,2025-09,Water Resources,"Department of Water Resources, River Development & GR",210,1697.94,-2100.0,1,808.5428571428572,0
701395,2025-09,Water Resources,"Department of Water Resources, River Development & GR",220,,92.0,0,,0
701396,2025-09,Water Resources,"Department of Water Resources, River Development & GR",256,1324.78,-2100.0,1,517.4921875,0
701398,2025-09,Water Resources,"Department of Water Resources, River Development & GR",211,623.5,-2100.0,1,295.49763033175356,0
701399,2025-09,Water Resources,"Department of Water Resources, River Development & GR",382,,92.0,0,,0
701400,2025-09,Water Resources,"Department of Water Resources, River Development & GR",1449,1837.91,-2100.0,1,126.83988957902001,0
701404,2025-09,Water Resources,"Department of Water Resources, River Development & GR",989,2712.75,-2100.0,1,274.29221435793727,0
701405,2025-09,Water Resources,"Department of Water Resources, River Development & GR",8201,4558.89,-2100.0,1,55.58944031215706,0
701406,2025-09,Water Resources,"Department of Water Resources, River Development & GR",1402,1839.76,-2100.0,1,131.22396576319545,0
701408,2025-09,Water Resources,"Department of Water Resources, River Development & GR",1061,4415.24,-2100.0,1,416.1394910461828,0
701410,2025-09,Water Resources,"Department of Water Resources, River Development & GR",1441,3000.36,-1553.0,1,208.21374045801528,0
701411,2025-09,Water Resources,"Department of Water Resources, River Development & GR",2286,2072.33,-1188.0,1,90.65310586176729,0
701412,2025-09,Water Resources,"Department of Water Resources, River Development & GR",1622,151.04,-1644.0,1,9.311960542540074,0
701415,2025-09,Water Resources,"Department of Water Resources, River Development & GR",10151,24745.9,-1249.0,1,243.77795291104326,0
701564,2025-09,Shipping,"Ministry of Ports, Shipping and Waterways",1799,1558.39,-1004.0,1,86.62534741523069,0
701565,2025-09,Inland Waterways,"Ministry of Ports, Shipping and Waterways",5369,3488.6,-639.0,1,64.97671819705718,0
701568,2025-09,Oil & Gas,"Ministry of Ports, Shipping and Waterways",100,166.48,-970.0,1,166.48,0
701570,2025-09,Logistics Infrastructure,"Ministry of Ports, Shipping and Waterways",171,137.51,-731.0,1,80.41520467836257,0
701574,2025-09,Shipping,"Ministry of Ports, Shipping and Waterways",3005,1149.79,822.0,0,38.26256239600666,0
701576,2025-09,Shipping,"Ministry of Ports, Shipping and Waterways",298,420.0,0.0,0,140.93959731543623,0
701577,2025-09,Shipping,"Ministry of Ports, Shipping and Waterways",254,9.28,-30.0,1,3.653543307086614,0
701586,2025-09,Shipping,"Ministry of Ports, Shipping and Waterways",900,65.0,407.0,0,7.222222222222221,0
701593,2025-09,Telecommunication,Department of Telecommunications,28466,8419.04,-548.0,1,29.575774608304645,0
701597,2025-09,Telecommunication,Department of Telecommunications,1255,284.04,-884.0,1,22.632669322709166,1
701598,2025-09,Telecommunication,Department of Telecommunications,972,208.25,-1307.0,1,21.424897119341562,1
701599,2025-09,Telecommunication,Department of Telecommunications,1578,600.04,-914.0,1,38.02534854245881,1
701600,2025-09,Telecommunication,Department of Telecommunications,337,227.82,-1434.0,1,67.60237388724035,0
701602,2025-09,Telecommunication,Department of Telecommunications,3685,1135.28,-681.0,1,30.808141112618724,1
701657,2025-09,Real Estate,Department for Promotion of Industry & Internal Trade,1702,117.01,356.0,0,6.87485311398355,0
701658,2025-09,Real Estate,Department for Promotion of Industry & Internal Trade,2139,470.66,868.0,0,22.003740065451147,0
701719,2025-09,Real Estate,Ministry of Housing & Urban Affairs,539,39.63,-1181.0,1,7.3525046382189245,0
701745,2025-09,Urban Public Transport,Ministry of Housing & Urban Affairs,263,17.62,-1157.0,1,6.699619771863118,0
701766,2025-09,Real Estate,Ministry of Housing & Urban Affairs,151,18.95,-677.0,1,12.549668874172184,0
701991,2025-09,Urban Public Transport,Ministry of Housing & Urban Affairs,600,272.42,-792.0,1,45.403333333333336,0
702355,2025-09,Waste & Water,Ministry of Housing & Urban Affairs,210,,-559.0,1,,0
702625,2025-09,Urban Public Transport,Ministry of Housing & Urban Affairs,6941,3598.51,-1036.0,1,51.84425875234117,0
702626,2025-09,Urban Public Transport,Ministry of Housing & Urban Affairs,7501,4115.42,-1036.0,1,54.86495133982135,0
702627,2025-09,Urban Public Transport,Ministry of Housing & Urban Affairs,13366,4039.77,-582.0,1,30.22422564716445,0
702628,2025-09,Urban Public Transport,Ministry of Housing & Urban Affairs,11076,9085.11,-492.0,1,82.02518959913327,0
702629,2025-09,Urban Public Transport,Ministry of Housing & Urban Affairs,8380,6060.21,-492.0,1,72.31754176610978,0
702630,2025-09,Urban Public Transport,Ministry of Housing & Urban Affairs,12020,7791.18,-548.0,1,64.81846921797005,0
702631,2025-09,Urban Public Transport,Ministry of Housing & Urban Affairs,5384,4220.88,-548.0,1,78.3967310549777,0
702632,2025-09,Urban Public Transport,Ministry of Housing & Urban Affairs,24949,17380.2,-183.0,1,69.662912341176,0
702633,2025-09,Urban Public Transport,Ministry of Housing & Urban Affairs,30274,26612.5,-92.0,1,87.90546343396974,1
702635,2025-09,Urban Public Transport,Ministry of Housing & Urban Affairs,26405,29568.0,-1653.0,1,111.97879189547434,0
702637,2025-09,Urban Public Transport,Ministry of Housing & Urban Affairs,23136,31783.9,-914.0,1,137.37854426002767,0
702639,2025-09,Urban Public Transport,Ministry of Housing & Urban Affairs,10773,12201.1,-2740.0,1,113.25628887032396,1
702658,2025-09,Urban Public Transport,Ministry of Housing & Urban Affairs,6708,1147.88,822.0,0,17.11210494931425,0
702664,2025-09,Urban Public Transport,Ministry of Housing & Urban Affairs,1957,363.54,416.0,0,18.57639243740419,0
702665,2025-09,Urban Public Transport,Ministry of Housing & Urban Affairs,14788,8817.87,273.0,0,59.62855017581824,0
702668,2025-09,Inland Waterways,Ministry of Housing & Urban Affairs,63246,27456.4,1431.0,0,43.412073490813654,0
702674,2025-09,Waste & Water,Ministry of Housing & Urban Affairs,172,710.62,-914.0,1,413.1511627906977,1
702682,2025-09,Waste & Water,Ministry of Housing & Urban Affairs,187,1477.98,-914.0,1,790.3636363636364,0
702699,2025-09,Waste & Water,Ministry of Housing & Urban Affairs,159,509.5,-700.0,1,320.44025157232704,1
702734,2025-09,Waste & Water,Ministry of Housing & Urban Affairs,278,1776.64,-731.0,1,639.0791366906475,1
702735,2025-09,Waste & Water,Ministry of Housing & Urban Affairs,213,1250.06,-914.0,1,586.8826291079812,1
702741,2025-09,Waste & Water,Ministry of Housing & Urban Affairs,217,825.64,-914.0,1,380.47926267281105,1
702742,2025-09,Waste & Water,Ministry of Housing & Urban Affairs,159,700.0,-700.0,1,440.251572327044,0
702746,2025-09,Waste & Water,Ministry of Housing & Urban Affairs,278,1410.0,-914.0,1,507.19424460431657,1
702760,2025-09,Waste & Water,Ministry of Housing & Urban Affairs,163,642.21,-792.0,1,393.99386503067484,1
702764,2025-09,Waste & Water,Ministry of Housing & Urban Affairs,175,819.29,-914.0,1,468.1657142857143,1
702793,2025-09,Waste & Water,Ministry of Housing & Urban Affairs,287,2018.5,-914.0,1,703.3101045296168,1
702798,2025-09,Waste & Water,Ministry of Housing & Urban Affairs,362,2597.57,-914.0,1,717.560773480663,1
702808,2025-09,Waste & Water,Ministry of Housing & Urban Affairs,192,1305.45,-548.0,1,679.921875,1
702810,2025-09,Waste & Water,Ministry of Housing & Urban Affairs,402,2800.32,-914.0,1,696.5970149253732,1
702833,2025-09,Waste & Water,Ministry of Housing & Urban Affairs,194,919.08,-700.0,1,473.75257731958766,1
702840,2025-09,Waste & Water,Ministry of Housing & Urban Affairs,205,1568.49,-914.0,1,765.1170731707317,1
702842,2025-09,Waste & Water,Ministry of Housing & Urban Affairs,274,2138.69,-914.0,1,780.543795620438,0
702851,2025-09,Waste & Water,Ministry of Housing & Urban Affairs,236,1686.76,-914.0,1,714.728813559322,1
702854,2025-09,Waste & Water,Ministry of Housing & Urban Affairs,180,1281.38,-914.0,1,711.8777777777779,1
702948,2025-09,Waste & Water,Ministry of Housing & Urban Affairs,236,1695.47,-823.0,1,718.4194915254237,1
702949,2025-09,Waste & Water,Ministry of Housing & Urban Affairs,562,3123.27,-792.0,1,555.7419928825623,1
703021,2025-09,Waste & Water,Ministry of Housing & Urban Affairs,259,1229.71,-764.0,1,474.79150579150587,0
703057,2025-09,Waste & Water,Ministry of Housing & Urban Affairs,287,612.68,-700.0,1,213.47735191637628,1
703585,2025-09,Railways,Ministry of Railways,314,152.31,-548.0,1,48.5063694267516,0
703586,2025-09,Railways,Ministry of Railways,499,630.41,-548.0,1,126.33466933867734,0
704495,2025-09,Telecommunication,Department of Telecommunications,422,134.51,-1294.0,1,31.874407582938385,0
705237,2025-09,Railways,Ministry of Railways,51101,124623.0,-1279.0,1,243.87585370149313,0
705244,2025-09,Railways,Ministry of Railways,520,192.25,-1369.0,1,36.97115384615385,0
705252,2025-09,Railways,Ministry of Railways,385,0.0,-669.0,1,0.0,0
705253,2025-09,Railways,Ministry of Railways,563,120.0,-1764.0,1,21.314387211367674,0
705298,2025-09,Railways,Ministry of Railways,274,0.0,-548.0,1,0.0,0
705300,2025-09,Railways,Ministry of Railways,228,0.0,-639.0,1,0.0,0
705356,2025-09,Railways,Ministry of Railways,2539,5015.05,182.0,0,197.52067743205987,0
705357,2025-09,Railways,Ministry of Railways,138,748.88,547.0,0,542.6666666666666,0
705358,2025-09,Railways,Ministry of Railways,3792,5027.62,457.0,0,132.58491561181432,0
705359,2025-09,Railways,Ministry of Railways,1928,1952.83,-183.0,1,101.2878630705394,0
705362,2025-09,Railways,Ministry of Railways,819,580.51,-1279.0,1,70.88034188034187,0
705364,2025-09,Railways,Ministry of Railways,614,485.71,-273.0,1,79.1058631921824,0
705366,2025-09,Railways,Ministry of Railways,2067,1997.26,-2009.0,1,96.62602805999032,0
705368,2025-09,Railways,Ministry of Railways,1605,1528.41,-548.0,1,95.22803738317758,0
705373,2025-09,Railways,Ministry of Railways,1473,2522.41,-914.0,1,171.24304141208418,0
705375,2025-09,Railways,Ministry of Railways,1626,2000.4,-214.0,1,123.02583025830258,0
705385,2025-09,Railways,Ministry of Railways,2555,773.15,913.0,0,30.260273972602743,0
705391,2025-09,Railways,Ministry of Railways,14323,15598.1,457.0,0,108.90246456747887,0
705392,2025-09,Railways,Ministry of Railways,6663,5518.32,-188.0,1,82.82035119315623,0
705401,2025-09,Railways,Ministry of Railways,435,540.27,-183.0,1,124.2,0
705410,2025-09,Railways,Ministry of Railways,2018,2053.9,92.0,0,101.77898909811695,1
705419,2025-09,Railways,Ministry of Railways,2913,2097.51,-183.0,1,72.00514933058703,0
705424,2025-09,Railways,Ministry of Railways,1540,522.31,457.0,0,33.91623376623376,0
705428,2025-09,Railways,Ministry of Railways,13447,6902.81,457.0,0,51.333457276716,0
705429,2025-09,Railways,Ministry of Railways,38953,24645.2,92.0,0,63.269067850999924,1
705432,2025-09,Railways,Ministry of Railways,7877,9039.91,-3775.0,1,114.76336168592103,0
705433,2025-09,Railways,Ministry of Railways,1628,1440.85,0.0,0,88.50429975429975,0
705434,2025-09,Railways,Ministry of Railways,2565,2096.35,-2375.0,1,81.72904483430798,0
705436,2025-09,Railways,Ministry of Railways,2501,1303.41,913.0,0,52.11555377848861,0
705437,2025-09,Railways,Ministry of Railways,1160,1902.91,547.0,0,164.0439655172414,0
705444,2025-09,Railways,Ministry of Railways,4970,4449.99,-1279.0,1,89.53702213279678,0
705450,2025-09,Railways,Ministry of Railways,402,367.54,-1279.0,1,91.42786069651741,0
705453,2025-09,Railways,Ministry of Railways,456,3531.0,516.0,0,774.3421052631579,0
705454,2025-09,Railways,Ministry of Railways,1794,1812.56,88.0,0,101.03455964325529,0
705457,2025-09,Railways,Ministry of Railways,1656,4433.45,547.0,0,267.7204106280193,0
705458,2025-09,Railways,Ministry of Railways,484,621.37,-1644.0,1,128.38223140495867,0
705479,2025-09,Railways,Ministry of Railways,1886,727.28,547.0,0,38.56203605514315,0
705480,2025-09,Railways,Ministry of Railways,8914,5013.49,547.0,0,56.242876374242755,0
705481,2025-09,Railways,Ministry of Railways,3032,3669.29,86.0,0,121.01879947229553,0
705482,2025-09,Railways,Ministry of Railways,747,355.13,-2406.0,1,47.54082998661312,0
705490,2025-09,Railways,Ministry of Railways,2842,1383.77,547.0,0,48.690007037297676,0
705491,2025-09,Railways,Ministry of Railways,297,131.13,273.0,0,44.151515151515156,0
705492,2025-09,Railways,Ministry of Railways,825,799.76,-92.0,1,96.94060606060606,0
705494,2025-09,Railways,Ministry of Railways,2496,1730.22,-3653.0,1,69.31971153846153,0
705495,2025-09,Railways,Ministry of Railways,1378,700.24,547.0,0,50.81567489114659,0
705496,2025-09,Railways,Ministry of Railways,1876,530.62,-2375.0,1,28.28464818763326,0
705498,2025-09,Railways,Ministry of Railways,793,912.1,457.0,0,115.01891551071878,0
705500,2025-09,Railways,Ministry of Railways,540,764.69,92.0,0,141.60925925925926,1
705502,2025-09,Railways,Ministry of Railways,1385,1655.88,92.0,0,119.55812274368232,0
705503,2025-09,Railways,Ministry of Railways,4028,4833.04,-214.0,1,119.98609731876861,0
705504,2025-09,Railways,Ministry of Railways,2081,2829.9,62.0,0,135.98750600672753,0
705505,2025-09,Railways,Ministry of Railways,638,988.87,92.0,0,154.99529780564262,1
705506,2025-09,Railways,Ministry of Railways,1035,1726.94,-273.0,1,166.85410628019324,0
705507,2025-09,Railways,Ministry of Railways,2450,1850.73,547.0,0,75.53999999999999,1
705510,2025-09,Railways,Ministry of Railways,1284,1298.0,-304.0,1,101.09034267912773,0
705511,2025-09,Railways,Ministry of Railways,1547,1323.05,-548.0,1,85.52359405300581,0
705512,2025-09,Railways,Ministry of Railways,2500,1999.9,-1279.0,1,79.996,0
705513,2025-09,Railways,Ministry of Railways,2362,1798.71,792.0,0,76.1519898391194,0
705514,2025-09,Railways,Ministry of Railways,1000,406.76,-2513.0,1,40.676,0
705515,2025-09,Railways,Ministry of Railways,1173,1971.0,182.0,0,168.03069053708438,0
705520,2025-09,Railways,Ministry of Railways,4803,2979.23,-183.0,1,62.02852383926712,0
705526,2025-09,Railways,Ministry of Railways,519,354.98,-183.0,1,68.39691714836223,0
705527,2025-09,Railways,Ministry of Railways,1216,2062.27,85.0,0,169.59457236842107,0
705528,2025-09,Railways,Ministry of Railways,1586,1465.64,-457.0,1,92.4110970996217,0
705562,2025-09,Railways,Ministry of Railways,963,911.66,-217.0,1,94.66874350986501,0
705567,2025-09,Railways,Ministry of Railways,1016,1373.8,-189.0,1,135.21653543307087,1
705572,2025-09,Railways,Ministry of Railways,4060,3707.75,182.0,0,91.32389162561576,0
705583,2025-09,Railways,Ministry of Railways,667,285.44,-914.0,1,42.79460269865068,0
705588,2025-09,Railways,Ministry of Railways,722,1567.0,-183.0,1,217.0360110803324,0
705598,2025-09,Railways,Ministry of Railways,2002,1806.86,-1279.0,1,90.25274725274724,0
705608,2025-09,Railways,Ministry of Railways,4330,2362.91,182.0,0,54.57066974595842,0
705610,2025-09,Railways,Ministry of Railways,302,381.0,92.0,0,126.15894039735099,0
705612,2025-09,Railways,Ministry of Railways,1953,3246.08,-214.0,1,166.20993343573988,0
705613,2025-09,Railways,Ministry of Railways,2595,3293.04,-242.0,1,126.89942196531791,0
705616,2025-09,Railways,Ministry of Railways,2140,2160.07,-334.0,1,100.93785046728973,1
705617,2025-09,Railways,Ministry of Railways,3545,3466.53,-273.0,1,97.7864598025388,0
705628,2025-09,Railways,Ministry of Railways,3029,2487.31,-92.0,1,82.11654011224826,0
705629,2025-09,Railways,Ministry of Railways,2400,2278.8,92.0,0,94.95000000000002,0
705632,2025-09,Railways,Ministry of Railways,647,901.1,-261.0,1,139.27357032457496,0
705633,2025-09,Railways,Ministry of Railways,3733,4357.74,92.0,0,116.73560139298151,0
705635,2025-09,Railways,Ministry of Railways,1432,2451.0,-548.0,1,171.159217877095,0
705638,2025-09,Railways,Ministry of Railways,813,66.69,547.0,0,8.202952029520295,0
705639,2025-09,Railways,Ministry of Railways,601,289.52,913.0,0,48.17304492512479,0
705648,2025-09,Railways,Ministry of Railways,6654,5922.0,-304.0,1,88.99909828674481,1
705650,2025-09,Railways,Ministry of Railways,5060,5007.82,547.0,0,98.9687747035573,0
705651,2025-09,Railways,Ministry of Railways,2478,3301.89,-1279.0,1,133.24818401937046,0
705659,2025-09,Railways,Ministry of Railways,500,561.38,182.0,0,112.276,0
705660,2025-09,Railways,Ministry of Railways,2445,3218.87,87.0,0,131.6511247443763,0
705661,2025-09,Railways,Ministry of Railways,1248,1615.7,-365.0,1,129.46314102564102,0
705662,2025-09,Railways,Ministry of Railways,1878,2668.28,-273.0,1,142.08093716719915,0
705663,2025-09,Railways,Ministry of Railways,493,252.45,151.0,0,51.206896551724135,0
705667,2025-09,Railways,Ministry of Railways,5961,4928.62,-273.0,1,82.68109377621204,0
705668,2025-09,Railways,Ministry of Railways,3250,3176.46,-183.0,1,97.73723076923076,1
705694,2025-09,Railways,Ministry of Railways,188,141.91,-639.0,1,75.48404255319149,0
705708,2025-09,Railways,Ministry of Railways,176,,-548.0,1,,0
705710,2025-09,Railways,Ministry of Railways,336,74.32,-547.0,1,22.119047619047617,0
705712,2025-09,Railways,Ministry of Railways,480,0.33,-457.0,1,0.06875,0
705717,2025-09,Railways,Ministry of Railways,440,390.03,-639.0,1,88.64318181818182,0
705720,2025-09,Railways,Ministry of Railways,384,,-547.0,1,,0
705721,2025-09,Railways,Ministry of Railways,448,,-273.0,1,,1
705722,2025-09,Railways,Ministry of Railways,210,0.02,-457.0,1,0.009523809523809525,0
705726,2025-09,Railways,Ministry of Railways,6339,4166.47,-213.0,1,65.72755955197981,0
705728,2025-09,Railways,Ministry of Railways,108000,81242.9,700.0,0,75.2249074074074,0
705730,2025-09,Railways,Ministry of Railways,4835,4485.2,457.0,0,92.76525336091002,1
705735,2025-09,Railways,Ministry of Railways,905,1134.58,547.0,0,125.36795580110496,0
705741,2025-09,Railways,Ministry of Railways,748,10.56,1035.0,0,1.411764705882353,0
705752,2025-09,Railways,Ministry of Railways,819,377.59,426.0,0,46.1037851037851,0
705761,2025-09,Railways,Ministry of Railways,1454,69.95,792.0,0,4.810866574965613,0
705763,2025-09,Railways,Ministry of Railways,7474,1698.94,1826.0,0,22.731335295691732,0
705764,2025-09,Railways,Ministry of Railways,495,107.83,182.0,0,21.783838383838383,0
705765,2025-09,Railways,Ministry of Railways,686,546.05,177.0,0,79.59912536443147,0
705766,2025-09,Railways,Ministry of Railways,304,224.8,-273.0,1,73.94736842105264,0
705771,2025-09,Railways,Ministry of Railways,494,333.0,182.0,0,67.4089068825911,0
705772,2025-09,Railways,Ministry of Railways,2649,1561.89,457.0,0,58.96149490373727,0
705774,2025-09,Railways,Ministry of Railways,758,319.14,-242.0,1,42.10290237467018,0
705777,2025-09,Railways,Ministry of Railways,250,113.94,151.0,0,45.576,0
705779,2025-09,Railways,Ministry of Railways,1178,1489.5,-273.0,1,126.44312393887947,0
705780,2025-09,Railways,Ministry of Railways,2529,2051.69,-273.0,1,81.12653222617635,1
705782,2025-09,Railways,Ministry of Railways,407,317.0,-183.0,1,77.88697788697789,0
705783,2025-09,Railways,Ministry of Railways,238,134.48,-183.0,1,56.50420168067226,0
705784,2025-09,Railways,Ministry of Railways,357,579.0,-183.0,1,162.18487394957984,0
705785,2025-09,Railways,Ministry of Railways,473,287.38,273.0,0,60.756871035940804,0
705789,2025-09,Railways,Ministry of Railways,308,292.98,182.0,0,95.12337662337663,0
705793,2025-09,Railways,Ministry of Railways,6806,135.65,-548.0,1,1.9930943285336469,0
705794,2025-09,Railways,Ministry of Railways,6685,127.03,-548.0,1,1.900224382946896,0
705799,2025-09,Railways,Ministry of Railways,1400,1472.0,92.0,0,105.14285714285714,0
705912,2025-09,Railways,Ministry of Railways,1204,73.03,547.0,0,6.0656146179401995,0
705919,2025-09,Railways,Ministry of Railways,1390,123.0,638.0,0,8.848920863309353,0
705933,2025-09,Railways,Ministry of Railways,1096,1067.49,761.0,0,97.39872262773723,0
706718,2025-09,Aviation & Aviation Infrastructure,Ministry of Civil Aviation,499,154.43,-444.0,1,30.947895791583168,0
706724,2025-09,Aviation & Aviation Infrastructure,Ministry of Civil Aviation,1712,2397.37,-183.0,1,140.03329439252337,1
706757,2025-09,Railways,Ministry of Railways,262,203.0,-183.0,1,77.48091603053436,0
706759,2025-09,Railways,Ministry of Railways,2374,1414.12,-303.0,1,59.56697556866048,0
706763,2025-09,Railways,Ministry of Railways,1081,787.69,396.0,0,72.8667900092507,0
706775,2025-09,Telecommunication,Department of Telecommunications,61109,41486.1,-761.0,1,67.88869070022419,0
706776,2025-09,Railways,Ministry of Railways,4830,2764.13,335.0,0,57.22836438923395,0
706777,2025-09,Railways,Ministry of Railways,2298,393.0,457.0,0,17.10182767624021,1
706779,2025-09,Railways,Ministry of Railways,8087,7364.0,-4201.0,1,91.05972548534686,0
706780,2025-09,Railways,Ministry of Railways,33690,2361.45,822.0,0,7.009349955476401,0
706781,2025-09,Railways,Ministry of Railways,10947,5303.76,-1279.0,1,48.449438202247194,0
706811,2025-09,Steel,Ministry of Steel,2907,3107.45,-823.0,1,106.89542483660131,1
706837,2025-09,Railways,Ministry of Railways,349,100.96,791.0,0,28.92836676217765,0
706844,2025-09,Railways,Ministry of Railways,942,356.0,700.0,0,37.79193205944799,0
706854,2025-09,Railways,Ministry of Railways,1376,218.0,1734.0,0,15.843023255813954,0
706860,2025-09,Railways,Ministry of Railways,645,7.61,-60.0,1,1.1798449612403101,0
706866,2025-09,Railways,Ministry of Railways,304,45.64,182.0,0,15.013157894736842,0
706898,2025-09,Railways,Ministry of Railways,268,0.0,-1644.0,1,0.0,0
706922,2025-09,Railways,Ministry of Railways,890,391.73,-1853.0,1,44.01460674157304,0
706940,2025-09,Railways,Ministry of Railways,184,0.0,-487.0,1,0.0,0
706942,2025-09,Railways,Ministry of Railways,238,0.0,-487.0,1,0.0,0
706950,2025-09,Railways,Ministry of Railways,744,969.05,-914.0,1,130.2486559139785,1
707215,2025-09,"Tourism, Hospitality & Wellness","Ministry of Ports, Shipping and Waterways",573,496.63,-548.0,1,86.6719022687609,1
707229,2025-09,Real Estate,Ministry of Housing & Urban Affairs,210,,-853.0,1,,0
707267,2025-09,Waste & Water,Ministry of Housing & Urban Affairs,200,100.0,-823.0,1,50.0,0
708662,2025-09,Healthcare,"Ministry of Ports, Shipping and Waterways",693,58.0,273.0,0,8.369408369408369,0
709747,2025-09,Electricity Generation,Ministry of Power,339,317.59,92.0,0,93.68436578171091,0
709748,2025-09,Electricity Generation,Ministry of Power,5492,5009.15,-544.0,1,91.20812090313181,0
709749,2025-09,Telecommunication,Department of Telecommunications,461,166.02,-1565.0,1,36.01301518438178,0
709750,2025-09,Oil & Gas,Ministry of Petroleum & Natural Gas,205,51.31,-9.0,1,25.02926829268293,1
709752,2025-09,Oil & Gas,Ministry of Petroleum & Natural Gas,160,89.34,-457.0,1,55.837500000000006,0
709753,2025-09,Oil & Gas,Ministry of Petroleum & Natural Gas,1010,669.15,39.0,0,66.25247524752474,1
709754,2025-09,Energy Storage,Ministry of Petroleum & Natural Gas,156,58.27,642.0,0,37.35256410256411,0
709755,2025-09,Energy Storage,Ministry of Petroleum & Natural Gas,384,129.97,642.0,0,33.846354166666664,0
709757,2025-09,Oil & Gas,Ministry of Petroleum & Natural Gas,1377,335.79,1734.0,0,24.385620915032682,0
709758,2025-09,Oil & Gas,Ministry of Petroleum & Natural Gas,2628,340.69,1734.0,0,12.963850837138507,0
709759,2025-09,Energy Storage,Ministry of Petroleum & Natural Gas,461,127.84,432.0,0,27.731019522776574,0
709760,2025-09,Oil & Gas,Ministry of Petroleum & Natural Gas,240,43.29,201.0,0,18.0375,0
709766,2025-09,Oil & Gas,Ministry of Petroleum & Natural Gas,1420,163.46,1643.0,0,11.511267605633803,0
709770,2025-09,Oil & Gas,Ministry of Petroleum & Natural Gas,151,8.74,2922.0,0,5.788079470198676,0
709771,2025-09,Oil & Gas,Ministry of Petroleum & Natural Gas,865,69.15,2191.0,0,7.994219653179191,0
709772,2025-09,Oil & Gas,Ministry of Petroleum & Natural Gas,609,56.58,2099.0,0,9.29064039408867,0
709773,2025-09,Oil & Gas,Ministry of Petroleum & Natural Gas,538,3.72,2374.0,0,0.6914498141263941,0
709774,2025-09,Oil & Gas,Ministry of Petroleum & Natural Gas,463,277.72,92.0,0,59.98272138228943,1
709776,2025-09,Oil & Gas,Ministry of Petroleum & Natural Gas,277,186.17,365.0,0,67.20938628158845,0
709777,2025-09,Oil & Gas,Ministry of Petroleum & Natural Gas,389,56.85,-153.0,1,14.614395886889461,0
709778,2025-09,Oil & Gas,Ministry of Petroleum & Natural Gas,328,160.45,-53.0,1,48.917682926829265,0
709779,2025-09,Oil & Gas,Ministry of Petroleum & Natural Gas,768,115.21,159.0,0,15.001302083333332,0
709780,2025-09,Oil & Gas,Ministry of Petroleum & Natural Gas,341,284.39,335.0,0,83.39882697947215,0
709781,2025-09,Oil & Gas,Ministry of Petroleum & Natural Gas,260,1.11,638.0,0,0.426923076923077,0
709782,2025-09,Oil & Gas,Ministry of Petroleum & Natural Gas,165,94.21,-40.0,1,57.096969696969694,0
709783,2025-09,Oil & Gas,Ministry of Petroleum & Natural Gas,165,138.35,-823.0,1,83.84848484848484,0
709785,2025-09,Oil & Gas,Ministry of Petroleum & Natural Gas,202,60.23,131.0,0,29.816831683168317,1
709786,2025-09,Oil & Gas,Ministry of Petroleum & Natural Gas,228,9.34,791.0,0,4.0964912280701755,0
709789,2025-09,Oil & Gas,Ministry of Petroleum & Natural Gas,405,214.5,-61.0,1,52.96296296296297,1
709790,2025-09,Oil & Gas,Ministry of Petroleum & Natural Gas,622,198.6,182.0,0,31.929260450160772,0
709791,2025-09,Oil & Gas,Ministry of Petroleum & Natural Gas,1017,194.33,1643.0,0,19.108161258603737,0
709792,2025-09,Oil & Gas,Ministry of Petroleum & Natural Gas,3638,414.14,1643.0,0,11.383727322704782,0
709793,2025-09,Oil & Gas,Ministry of Petroleum & Natural Gas,3919,412.83,1734.0,0,10.534064812452156,0
709794,2025-09,Oil & Gas,Ministry of Petroleum & Natural Gas,3207,345.1,1734.0,0,10.760835671967572,0
709795,2025-09,Oil & Gas,Ministry of Petroleum & Natural Gas,16654,590.67,1734.0,0,3.546715503782875,0
709796,2025-09,Oil & Gas,Ministry of Petroleum & Natural Gas,3685,238.05,1643.0,0,6.4599728629579385,0
709797,2025-09,Oil & Gas,Ministry of Petroleum & Natural Gas,2585,678.79,243.0,0,26.25880077369439,0
709798,2025-09,Oil & Gas,Ministry of Petroleum & Natural Gas,43367,1913.6,974.0,0,4.412571771162405,0
709799,2025-09,Oil & Gas,Ministry of Petroleum & Natural Gas,4460,287.8,761.0,0,6.452914798206279,0
709800,2025-09,Oil & Gas,Ministry of Petroleum & Natural Gas,394,107.85,182.0,0,27.373096446700508,0
709808,2025-09,Railways,Ministry of Railways,955,130.42,700.0,0,13.656544502617798,0
709812,2025-09,Railways,Ministry of Railways,462,75.0,1734.0,0,16.233766233766232,0
709813,2025-09,Railways,Ministry of Railways,437,43.0,761.0,0,9.839816933638444,0
709815,2025-09,Railways,Ministry of Railways,177,,488.0,0,,0
709816,2025-09,Railways,Ministry of Railways,177,1.64,516.0,0,0.9265536723163841,0
709817,2025-09,Railways,Ministry of Railways,169,15.58,426.0,0,9.218934911242602,0
709818,2025-09,Railways,Ministry of Railways,328,53.88,488.0,0,16.426829268292682,0
709819,2025-09,Railways,Ministry of Railways,168,0.04,457.0,0,0.023809523809523808,0
709826,2025-09,Steel,Ministry of Steel,2719,1362.18,123.0,0,50.098565649135715,0
709827,2025-09,Steel,Ministry of Steel,350,288.8,92.0,0,82.51428571428572,0
709829,2025-09,Metals & Mining,Ministry of Mines,1022,0.0,-183.0,1,0.0,0
709830,2025-09,Metals & Mining,Ministry of Mines,355,0.0,426.0,0,0.0,0
709831,2025-09,Metals & Mining,Ministry of Mines,483,406.64,-122.0,1,84.19047619047618,0
709832,2025-09,Metals & Mining,Ministry of Mines,166,135.0,-183.0,1,81.32530120481928,0
709837,2025-09,Oil & Gas,Ministry of Petroleum & Natural Gas,209,68.9,-487.0,1,32.96650717703349,1
709838,2025-09,Oil & Gas,Ministry of Petroleum & Natural Gas,621,137.72,-304.0,1,22.177133655394524,1
709839,2025-09,Oil & Gas,Ministry of Petroleum & Natural Gas,4144,4401.66,31.0,0,106.2176640926641,0
709840,2025-09,Oil & Gas,Ministry of Petroleum & Natural Gas,249,209.89,-232.0,1,84.29317269076306,1
709841,2025-09,Oil & Gas,Ministry of Petroleum & Natural Gas,173,147.77,-74.0,1,85.41618497109828,0
709842,2025-09,Oil & Gas,Ministry of Petroleum & Natural Gas,1487,927.55,547.0,0,62.37726967047747,0
709845,2025-09,Oil & Gas,Ministry of Petroleum & Natural Gas,837,257.06,335.0,0,30.71206690561529,0
709846,2025-09,Oil & Gas,Ministry of Petroleum & Natural Gas,1219,745.0,-503.0,1,61.11566858080394,1
709847,2025-09,Oil & Gas,Ministry of Petroleum & Natural Gas,345,211.1,209.0,0,61.18840579710145,0
709848,2025-09,Oil & Gas,Ministry of Petroleum & Natural Gas,2329,1148.9,231.0,0,49.330184628595966,0
709849,2025-09,Oil & Gas,Ministry of Petroleum & Natural Gas,2380,1806.82,151.0,0,75.91680672268907,1
709850,2025-09,Oil & Gas,Ministry of Petroleum & Natural Gas,199,39.45,228.0,0,19.82412060301508,0
709851,2025-09,Oil & Gas,Ministry of Petroleum & Natural Gas,6184,594.28,577.0,0,9.609961190168177,0
709856,2025-09,Telecommunication,Department of Telecommunications,645,376.72,-395.0,1,58.40620155038761,1
709857,2025-09,Telecommunication,Department of Telecommunications,24545,8419.89,-101.0,1,34.30389081279282,0
709858,2025-09,Telecommunication,Department of Telecommunications,811,786.3,-46.0,1,96.95437731196054,1
709859,2025-09,Telecommunication,Department of Telecommunications,248,236.91,-2052.0,1,95.52822580645162,1
709864,2025-09,Oil & Gas,Ministry of Petroleum & Natural Gas,370,265.35,-440.0,1,71.71621621621622,1
709865,2025-09,Oil & Gas,Ministry of Petroleum & Natural Gas,294,97.22,-273.0,1,33.06802721088435,1
900808,2025-09,Transmission & Distribution,Ministry of Power,3547,3263.18,-304.0,1,91.99830842965886,1
900874,2025-09,Railways,Ministry of Railways,588,0.49,913.0,0,0.08333333333333333,0
400005,2025-10,Transmission & Distribution,Ministry of Power,4546,4210.3,-872.0,1,92.61548614166301,1
400010,2025-10,Aviation & Aviation Infrastructure,Ministry of Civil Aviation,480,471.59,-1508.0,1,98.24791666666665,1
400012,2025-10,Energy Storage,Ministry of Petroleum & Natural Gas,10088,8059.53,-1401.0,1,79.89224821570183,1
400013,2025-10,Telecommunication,Department of Telecommunications,26316,9791.8,-498.0,1,37.20854233166134,0
400018,2025-10,Coal,Ministry of Coal,859,451.62,1247.0,0,52.57508731082654,0
400019,2025-10,Railways,Ministry of Railways,493,276.86,426.0,0,56.15821501014199,0
400022,2025-10,Railways,Ministry of Railways,2798,2014.6,1734.0,0,72.00142959256611,0
400023,2025-10,Railways,Ministry of Railways,749,,912.0,0,,0
400033,2025-10,Coal,Ministry of Coal,581,73.77,882.0,0,12.697074010327022,0
400035,2025-10,Energy Storage,Ministry of Petroleum & Natural Gas,656,509.92,-31.0,1,77.73170731707317,0
400043,2025-10,Energy Storage,Ministry of Petroleum & Natural Gas,829,327.86,212.0,0,39.54885404101327,0
400045,2025-10,Railways,Ministry of Railways,168,69.85,-214.0,1,41.57738095238095,0
400062,2025-10,Electricity Generation,Ministry of Power,17673,1408.8,1338.0,0,7.9714819215752835,0
400065,2025-10,Steel,Ministry of Steel,1105,790.11,-169.0,1,71.50316742081448,0
400073,2025-10,Coal,Ministry of Coal,799,429.65,2343.0,0,53.773466833541924,0
400074,2025-10,Coal,Ministry of Coal,908,269.26,1247.0,0,29.65418502202643,0
400077,2025-10,Energy Storage,Ministry of Petroleum & Natural Gas,827,638.71,-304.0,1,77.23216444981863,0
400078,2025-10,Energy Storage,Ministry of Petroleum & Natural Gas,9028,7292.34,-316.0,1,80.77470093043864,1
400081,2025-10,Education,Department of Sports,906,553.38,-431.0,1,61.0794701986755,1
400087,2025-10,Oil & Gas,Ministry of Petroleum & Natural Gas,886,876.53,120.0,0,98.93115124153499,1
400093,2025-10,Water Resources,"Department of Water Resources, River Development & GR",1673,22.24,-2131.0,1,1.3293484757919904,0
400095,2025-10,Water Resources,"Department of Water Resources, River Development & GR",744,295.12,-2131.0,1,39.666666666666664,0
400096,2025-10,Water Resources,"Department of Water Resources, River Development & GR",648,172.56,-2131.0,1,26.62962962962963,0
400097,2025-10,Water Resources,"Department of Water Resources, River Development & GR",5022,4954.99,-2131.0,1,98.66567104739147,0
400100,2025-10,Water Resources,"Department of Water Resources, River Development & GR",353,869.11,-2131.0,1,246.20679886685554,0
400101,2025-10,Water Resources,"Department of Water Resources, River Development & GR",397,619.09,-2131.0,1,155.94206549118388,0
400102,2025-10,Water Resources,"Department of Water Resources, River Development & GR",736,940.7,-2131.0,1,127.8125,0
400103,2025-10,Water Resources,"Department of Water Resources, River Development & GR",1331,4491.08,-2131.0,1,337.42148760330576,0
400104,2025-10,Water Resources,"Department of Water Resources, River Development & GR",571,447.68,-2131.0,1,78.40280210157619,0
400105,2025-10,Water Resources,"Department of Water Resources, River Development & GR",581,713.46,-1219.0,1,122.79862306368332,0
400107,2025-10,Water Resources,"Department of Water Resources, River Development & GR",2408,2570.94,-854.0,1,106.76661129568106,0
400109,2025-10,Water Resources,"Department of Water Resources, River Development & GR",848,690.49,-1949.0,1,81.42570754716981,0
400111,2025-10,Water Resources,"Department of Water Resources, River Development & GR",460,616.93,-2131.0,1,134.11521739130436,0
400112,2025-10,Water Resources,"Department of Water Resources, River Development & GR",7223,8722.81,973.0,0,120.76436383774055,0
400115,2025-10,Water Resources,"Department of Water Resources, River Development & GR",751,783.1,-2131.0,1,104.27430093209055,0
400116,2025-10,Water Resources,"Department of Water Resources, River Development & GR",1229,1937.25,-2131.0,1,157.62815296989424,0
400119,2025-10,Oil & Gas,Ministry of Petroleum & Natural Gas,3191,3119.29,-2741.0,1,97.75274208712003,1
400120,2025-10,Oil & Gas,Ministry of Petroleum & Natural Gas,34012,32184.0,-1949.0,1,94.6254263201223,0
400121,2025-10,Steel,Ministry of Steel,1044,288.87,298.0,0,27.669540229885058,0
400136,2025-10,Coal,Ministry of Coal,2660,,2343.0,0,,0
400138,2025-10,Coal,Ministry of Coal,974,440.56,2343.0,0,45.23203285420945,0
400139,2025-10,Coal,Ministry of Coal,861,455.95,2343.0,0,52.95586527293844,0
400141,2025-10,Metals & Mining,Ministry of Mines,4103,4196.32,-1035.0,1,102.27443334145747,1
400142,2025-10,Coal,Ministry of Coal,2243,1220.76,1065.0,0,54.42532322781989,0
400144,2025-10,Coal,Ministry of Coal,2310,87.97,1247.0,0,3.8082251082251077,0
400145,2025-10,Coal,Ministry of Coal,611,579.82,-1310.0,1,94.89689034369886,1
400148,2025-10,Coal,Ministry of Coal,869,275.35,-1675.0,1,31.68584579976985,0
400149,2025-10,Coal,Ministry of Coal,2310,937.38,1247.0,0,40.57922077922078,0
400150,2025-10,Coal,Ministry of Coal,7254,1600.77,882.0,0,22.067411083540115,0
400151,2025-10,Coal,Ministry of Coal,779,696.05,1247.0,0,89.3517329910141,0
400152,2025-10,Coal,Ministry of Coal,1249,498.04,151.0,0,39.87510008006405,0
400153,2025-10,Coal,Ministry of Coal,1020,84.74,882.0,0,8.3078431372549,0
400154,2025-10,Coal,Ministry of Coal,713,236.58,516.0,0,33.180925666199165,0
400155,2025-10,Coal,Ministry of Coal,2898,179.7,1977.0,0,6.200828157349896,0
400156,2025-10,Coal,Ministry of Coal,5136,1168.11,882.0,0,22.743574766355138,0
400158,2025-10,Oil & Gas,Ministry of Petroleum & Natural Gas,1165,958.12,-610.0,1,82.24206008583691,0
400160,2025-10,Coal,Ministry of Coal,511,488.69,-3501.0,1,95.63405088062622,0
400161,2025-10,Oil & Gas,Ministry of Petroleum & Natural Gas,911,1041.0,-639.0,1,114.27003293084523,1
400162,2025-10,Coal,Ministry of Coal,999,470.87,-945.0,1,47.134134134134136,0
400165,2025-10,Coal,Ministry of Coal,1694,1323.62,2366.0,0,78.1357733175915,0
400166,2025-10,Coal,Ministry of Coal,5195,3456.93,1247.0,0,66.5434071222329,0
400167,2025-10,Oil & Gas,Ministry of Petroleum & Natural Gas,1163,1139.5,151.0,0,97.97936371453139,0
400168,2025-10,Oil & Gas,Ministry of Petroleum & Natural Gas,8797,7122.88,-206.0,1,80.96942139365693,1
400169,2025-10,Oil & Gas,Ministry of Petroleum & Natural Gas,631,572.74,-214.0,1,90.76703645007925,0
400171,2025-10,Oil & Gas,Ministry of Petroleum & Natural Gas,1421,1201.66,-986.0,1,84.56439127375089,0
400172,2025-10,Coal,Ministry of Coal,514,229.86,151.0,0,44.719844357976655,0
400173,2025-10,Coal,Ministry of Coal,889,115.8,151.0,0,13.025871766029246,0
400174,2025-10,Steel,Ministry of Steel,1034,885.26,-2922.0,1,85.61508704061896,0
400177,2025-10,Coal,Ministry of Coal,727,539.93,-214.0,1,74.26822558459422,0
400178,2025-10,Coal,Ministry of Coal,823,621.94,516.0,0,75.56986634264885,0
400180,2025-10,Coal,Ministry of Coal,570,82.25,151.0,0,14.429824561403509,0
400181,2025-10,Coal,Ministry of Coal,503,71.11,1247.0,0,14.13717693836978,0
400182,2025-10,Coal,Ministry of Coal,535,5.28,516.0,0,0.9869158878504672,0
400183,2025-10,Coal,Ministry of Coal,3504,922.92,1247.0,0,26.33904109589041,0
400185,2025-10,Coal,Ministry of Coal,8416,1734.86,1612.0,0,20.613830798479086,0
400186,2025-10,Coal,Ministry of Coal,749,52.55,1247.0,0,7.016021361815754,0
400187,2025-10,Coal,Ministry of Coal,2435,1834.91,516.0,0,75.35564681724847,0
400188,2025-10,Real Estate,Ministry of Housing & Urban Affairs,32850,0.0,61.0,0,0.0,0
400192,2025-10,Coal,Ministry of Power,1581,598.06,212.0,0,37.827956989247305,0
400203,2025-10,Railways,Ministry of Coal,1686,353.12,426.0,0,20.944246737841045,0
400204,2025-10,Railways,Ministry of Railways,4940,1251.81,1825.0,0,25.340283400809717,0
400205,2025-10,Railways,Ministry of Railways,1320,475.67,1247.0,0,36.035606060606064,0
400220,2025-10,Railways,Ministry of Railways,3055,2594.89,-2588.0,1,84.93911620294598,0
400223,2025-10,Railways,Ministry of Railways,713,598.38,151.0,0,83.92426367461431,1
400231,2025-10,Electricity Generation,Ministry of Coal,27213,2549.31,1612.0,0,9.367985889097122,0
400232,2025-10,Railways,Ministry of Railways,297,193.22,426.0,0,65.05723905723906,0
400234,2025-10,Railways,Ministry of Railways,8975,4950.0,151.0,0,55.15320334261838,1
400235,2025-10,Energy Storage,Ministry of Petroleum & Natural Gas,677,550.45,-214.0,1,81.3072378138848,0
400247,2025-10,Railways,Ministry of Railways,1000,1053.4,485.0,0,105.34000000000002,0
400253,2025-10,Railways,Ministry of Railways,4803,5722.01,426.0,0,119.13408286487612,0
400254,2025-10,Railways,Ministry of Railways,735,588.66,-304.0,1,80.08979591836734,0
400259,2025-10,Electricity Generation,Ministry of Coal,17238,20522.3,-1800.0,1,119.05267432416753,1
400261,2025-10,Electricity Generation,Ministry of Power,17112,17861.4,-945.0,1,104.37938288920057,1
400271,2025-10,Railways,Ministry of Railways,3445,3002.93,882.0,0,87.16777939042089,0
400273,2025-10,Railways,Ministry of Railways,1189,1323.68,-2406.0,1,111.32716568544996,0
400275,2025-10,Railways,Ministry of Railways,3631,1113.53,-3318.0,1,30.667309281189752,0
400277,2025-10,Railways,Ministry of Railways,8964,8316.32,61.0,0,92.77465417224452,0
400280,2025-10,Railways,Ministry of Railways,734,475.73,-457.0,1,64.8133514986376,1
400291,2025-10,Railways,Ministry of Railways,1589,1566.97,-2040.0,1,98.61359345500314,1
400298,2025-10,Railways,Ministry of Railways,2312,2179.0,577.0,0,94.24740484429066,0
400299,2025-10,Metals & Mining,Ministry of Mines,1381,650.04,-214.0,1,47.07023895727733,0
400301,2025-10,Energy Storage,Ministry of Petroleum & Natural Gas,678,800.88,-3170.0,1,118.12389380530975,0
400312,2025-10,Coal,Ministry of Coal,1210,537.77,1247.0,0,44.44380165289256,0
400313,2025-10,Coal,Ministry of Coal,2662,791.42,-2273.0,1,29.730277986476334,0
400315,2025-10,Coal,Ministry of Coal,5366,583.82,1247.0,0,10.879985091315692,0
400321,2025-10,Coal,Ministry of Coal,1730,833.62,-214.0,1,48.18612716763006,0
400352,2025-10,Coal,Ministry of Coal,765,145.81,1977.0,0,19.060130718954248,0
400353,2025-10,Coal,Ministry of Coal,711,169.11,882.0,0,23.784810126582283,0
400354,2025-10,Coal,Ministry of Coal,5241,2841.08,1247.0,0,54.20873879030719,0
400369,2025-10,Coal,Ministry of Coal,836,809.2,-579.0,1,96.79425837320575,0
400382,2025-10,Shipping,"Ministry of Ports, Shipping and Waterways",6000,5999.89,-945.0,1,99.99816666666668,0
400392,2025-10,Coal,Ministry of Coal,2839,1673.49,1247.0,0,58.94646002113421,0
400416,2025-10,Railways,Ministry of Coal,1800,1462.35,-123.0,1,81.24166666666666,0
400424,2025-10,Coal,Ministry of Coal,11816,6687.44,-945.0,1,56.596479350033846,1
400425,2025-10,Coal,Ministry of Coal,1230,631.73,-2406.0,1,51.360162601626016,0
400426,2025-10,Metals & Mining,Ministry of Mines,1856,940.27,-2010.0,1,50.66109913793103,0
602096,2025-10,Electricity Generation,Ministry of Power,6285,25244.6,-5532.0,1,401.6642800318218,0
602098,2025-10,Education,Department of Higher Education,425,484.52,-854.0,1,114.00470588235294,0
602099,2025-10,Education,Department of Higher Education,393,326.24,-731.0,1,83.01272264631044,0
602181,2025-10,Electricity Generation,Ministry of Power,5748,3817.49,-603.0,1,66.41423103688238,0
602182,2025-10,Electricity Generation,Ministry of Power,31876,3708.61,2309.0,0,11.634489898356131,0
602184,2025-10,Electricity Generation,Ministry of Power,1382,1382.42,-2223.0,1,100.03039073806079,0
602185,2025-10,Electricity Generation,Ministry of Power,2978,6769.58,-4597.0,1,227.31967763599732,0
602193,2025-10,Electricity Generation,Ministry of Power,4826,8149.63,-1233.0,1,168.86924989639454,1
602194,2025-10,Electricity Generation,Ministry of Power,11089,12888.2,-637.0,1,116.22508792497071,0
602195,2025-10,Electricity Generation,Ministry of Power,3860,5245.01,-1051.0,1,135.88108808290156,1
602223,2025-10,Transmission & Distribution,Ministry of Power,4754,7705.14,-2508.0,1,162.0769877997476,0
602525,2025-10,Electricity Generation,Ministry of Power,8112,7581.19,-2013.0,1,93.45648422090729,0
602532,2025-10,Electricity Generation,Ministry of Power,4288,3116.72,-785.0,1,72.6847014925373,0
602535,2025-10,Electricity Generation,Ministry of Power,5282,1112.08,102.0,0,21.0541461567588,0
602538,2025-10,Electricity Generation,Ministry of Power,1037,929.99,-648.0,1,89.6808100289296,1
602579,2025-10,Electricity Generation,Ministry of Power,10439,12571.2,-662.0,1,120.42532809656099,0
602582,2025-10,Electricity Generation,Ministry of Power,688,986.12,5.0,0,143.33139534883722,0
602593,2025-10,Electricity Generation,Ministry of Power,1811,1793.11,80.0,0,99.01214798453893,1
602633,2025-10,Electricity Generation,Ministry of Power,2615,495.57,516.0,0,18.951051625239003,0
602792,2025-10,Railways,Ministry of Railways,1171,376.0,-245.0,1,32.10930828351836,0
602797,2025-10,Railways,Ministry of Railways,462,192.72,516.0,0,41.714285714285715,0
602961,2025-10,Electricity Generation,Ministry of Power,11844,4839.68,577.0,0,40.861870989530566,0
603293,2025-10,Coal,Ministry of Power,502,313.88,11384.0,0,62.52589641434263,0
603945,2025-10,Water Resources,"Department of Water Resources, River Development & GR",567,2629.74,-2131.0,1,463.79894179894177,0
604791,2025-10,Oil & Gas,Ministry of Petroleum & Natural Gas,12366,17659.1,-461.0,1,142.80365518356783,1
604795,2025-10,Oil & Gas,Ministry of Petroleum & Natural Gas,31580,1342.27,-151.0,1,4.250379987333756,0
604833,2025-10,Energy Storage,Ministry of Petroleum & Natural Gas,281,238.39,-153.0,1,84.83629893238434,0
604852,2025-10,Energy Storage,Ministry of Petroleum & Natural Gas,980,227.04,395.0,0,23.16734693877551,0
604853,2025-10,Oil & Gas,Ministry of Petroleum & Natural Gas,2282,1841.09,-1035.0,1,80.67879053461876,0
604859,2025-10,Oil & Gas,Ministry of Petroleum & Natural Gas,13805,8422.69,-639.0,1,61.01187975371243,0
604863,2025-10,Oil & Gas,Ministry of Petroleum & Natural Gas,683,491.64,-2071.0,1,71.98243045387994,1
605155,2025-10,Electricity Generation,Ministry of Power,4526,1094.54,375.0,0,24.183384887317718,0
605156,2025-10,Electricity Generation,Ministry of Power,938,1455.57,-520.0,1,155.1780383795309,0
605292,2025-10,Education,Department of Higher Education,348,290.39,-854.0,1,83.44540229885057,1
606013,2025-10,Education,Department of Higher Education,499,441.47,-457.0,1,88.47094188376754,0
606112,2025-10,Education,Department of Higher Education,154,124.33,-723.0,1,80.73376623376623,1
606431,2025-10,Education,Department of Higher Education,1006,641.73,-1242.0,1,63.79025844930417,0
606479,2025-10,Education,Department of Higher Education,246,198.02,-1127.0,1,80.4959349593496,0
607701,2025-10,Oil & Gas,Ministry of Petroleum & Natural Gas,412,445.73,-731.0,1,108.1868932038835,0
607709,2025-10,Transmission & Distribution,Ministry of Power,5111,5317.79,-2496.0,1,104.0459792604187,0
609019,2025-10,Education,Department of Higher Education,500,390.6,-945.0,1,78.12,0
609424,2025-10,Shipping,"Ministry of Ports, Shipping and Waterways",4244,800.04,498.0,0,18.85108388312912,0
609736,2025-10,Education,Department of Higher Education,314,238.22,-300.0,1,75.86624203821655,0
609996,2025-10,Education,Department of Higher Education,262,186.49,-373.0,1,71.17938931297711,0
610315,2025-10,Education,Department of Higher Education,1229,838.21,-1675.0,1,68.2026037428804,1
610940,2025-10,Education,Department of Higher Education,420,364.44,-579.0,1,86.77142857142857,0
610984,2025-10,Oil & Gas,Ministry of Petroleum & Natural Gas,431,223.39,-649.0,1,51.830626450116,1
610985,2025-10,Oil & Gas,Ministry of Petroleum & Natural Gas,423,313.0,-670.0,1,73.99527186761229,0
611016,2025-10,Coal,Ministry of Coal,385,354.75,-1857.0,1,92.14285714285714,1
611017,2025-10,Coal,Ministry of Coal,334,142.64,-2741.0,1,42.706586826347305,1
611047,2025-10,Aviation & Aviation Infrastructure,Ministry of Civil Aviation,861,212.12,233.0,0,24.636469221835075,0
611142,2025-10,Inland Waterways,"Ministry of Ports, Shipping and Waterways",177,183.32,-823.0,1,103.57062146892655,0
611452,2025-10,Railways,Ministry of Railways,311,208.0,61.0,0,66.88102893890675,1
611495,2025-10,Aviation & Aviation Infrastructure,Ministry of Civil Aviation,1549,310.58,429.0,0,20.050355067785667,0
611509,2025-10,Electricity Generation,Ministry of Power,14358,1381.54,1230.0,0,9.622092213400196,0
611570,2025-10,Aviation & Aviation Infrastructure,Ministry of Civil Aviation,500,332.26,-50.0,1,66.452,0
611586,2025-10,Electricity Generation,Ministry of Power,2615,1011.42,885.0,0,38.67762906309751,0
611602,2025-10,Aviation & Aviation Infrastructure,Ministry of Civil Aviation,1207,183.02,-92.0,1,15.163214581607292,0
611614,2025-10,Railways,Ministry of Railways,819,471.0,395.0,0,57.509157509157504,0
611615,2025-10,Railways,Ministry of Railways,342,,760.0,0,,0
611657,2025-10,Transmission & Distribution,Ministry of Power,2821,2736.36,-214.0,1,96.99964551577456,1
611659,2025-10,Transmission & Distribution,Ministry of Power,1433,1418.67,-396.0,1,99.00000000000001,1
611669,2025-10,Railways,Ministry of Railways,380,24.53,516.0,0,6.455263157894738,1
611698,2025-10,Electricity Generation,Ministry of Power,1939,64.36,1367.0,0,3.3192367199587416,0
611699,2025-10,Electricity Generation,Ministry of Power,1750,116.08,1367.0,0,6.633142857142857,0
611735,2025-10,Transmission & Distribution,Ministry of Power,331,135.71,-214.0,1,41.0,0
611751,2025-10,Railways,Ministry of Railways,961,511.61,516.0,0,53.2372528616025,0
611752,2025-10,Railways,Ministry of Railways,352,18.0,516.0,0,5.113636363636364,0
611754,2025-10,Railways,Ministry of Railways,293,0.0,273.0,0,0.0,0
611849,2025-10,Railways,Ministry of Railways,969,137.16,944.0,0,14.154798761609907,0
611861,2025-10,Railways,Ministry of Railways,352,271.93,607.0,0,77.25284090909092,0
611864,2025-10,Coal,Ministry of Coal,4012,404.49,1612.0,0,10.082003988035893,0
611884,2025-10,Railways,Ministry of Railways,471,215.11,851.0,0,45.67091295116773,0
611917,2025-10,Oil & Gas,Ministry of Petroleum & Natural Gas,1459,1381.16,-214.0,1,94.66483893077451,0
611918,2025-10,Railways,Ministry of Railways,468,20.28,515.0,0,4.333333333333334,0
611927,2025-10,Railways,Ministry of Railways,561,276.66,-670.0,1,49.31550802139038,0
611929,2025-10,Railways,Ministry of Railways,167,0.0,-306.0,1,0.0,0
611930,2025-10,Electricity Generation,Ministry of Power,15530,2874.0,973.0,0,18.506117192530585,1
611937,2025-10,Railways,Ministry of Railways,418,494.13,212.0,0,118.21291866028707,0
611943,2025-10,Railways,Ministry of Railways,410,6.6,822.0,0,1.6097560975609757,0
611944,2025-10,Railways,Ministry of Railways,152,101.74,151.0,0,66.93421052631578,0
611945,2025-10,Railways,Ministry of Railways,307,13.58,1673.0,0,4.423452768729642,0
611947,2025-10,Transmission & Distribution,Ministry of Power,428,291.24,-138.0,1,68.04672897196262,0
611948,2025-10,Transmission & Distribution,Ministry of Power,2211,1945.93,-184.0,1,88.01130710085934,1
611949,2025-10,Transmission & Distribution,Ministry of Power,1796,1436.81,-184.0,1,80.00055679287304,1
611950,2025-10,Transmission & Distribution,Ministry of Power,2191,1949.58,-184.0,1,88.9812870835235,1
611951,2025-10,Transmission & Distribution,Ministry of Power,689,654.3,-245.0,1,94.96371552975326,1
611957,2025-10,Education,Department of Higher Education,496,38.62,476.0,0,7.786290322580644,0
611963,2025-10,Education,Department of Higher Education,651,195.52,699.0,0,30.03379416282642,0
611966,2025-10,Transmission & Distribution,Ministry of Power,224,33.66,-114.0,1,15.026785714285712,0
611967,2025-10,Transmission & Distribution,Ministry of Power,1249,998.95,-31.0,1,79.97998398718975,0
611970,2025-10,Railways,Ministry of Railways,670,44.8,1612.0,0,6.686567164179104,0
611971,2025-10,Railways,Ministry of Railways,350,67.73,1612.0,0,19.35142857142857,0
611974,2025-10,Railways,Ministry of Railways,1430,220.11,425.0,0,15.392307692307694,0
611977,2025-10,Railways,Ministry of Railways,487,108.69,-245.0,1,22.318275154004105,0
611978,2025-10,Railways,Ministry of Railways,158,47.31,-214.0,1,29.943037974683545,0
611979,2025-10,Railways,Ministry of Railways,250,0.0,-123.0,1,0.0,1
612063,2025-10,Aviation & Aviation Infrastructure,Ministry of Civil Aviation,219,215.2,-346.0,1,98.2648401826484,1
612072,2025-10,Railways,Ministry of Railways,962,335.93,516.0,0,34.91995841995842,0
612096,2025-10,Railways,Ministry of Railways,1209,405.31,516.0,0,33.52440033085195,1
612128,2025-10,Education,Department of Higher Education,167,85.92,146.0,0,51.449101796407184,0
612132,2025-10,Transmission & Distribution,Ministry of Power,2000,1460.0,-84.0,1,73.0,0
612133,2025-10,Transmission & Distribution,Ministry of Power,2056,1603.68,56.0,0,78.0,0
612134,2025-10,Transmission & Distribution,Ministry of Power,2998,2008.88,56.0,0,67.00733822548366,0
612135,2025-10,Education,Department of Higher Education,182,156.51,-31.0,1,85.99450549450549,0
612138,2025-10,Transmission & Distribution,Ministry of Power,2148,1438.9,100.0,0,66.987895716946,0
612139,2025-10,Transmission & Distribution,Ministry of Power,3752,1688.32,55.0,0,44.99786780383795,0
612140,2025-10,Transmission & Distribution,Ministry of Power,2889,1533.89,55.0,0,53.09415022499135,0
612142,2025-10,Electricity Generation,Ministry of Power,17195,1979.0,1581.0,0,11.509159639430067,0
612151,2025-10,Transmission & Distribution,Ministry of Power,334,118.1,-92.0,1,35.359281437125745,0
612167,2025-10,Healthcare,Ministry of Labour and Employment,384,105.0,-22.0,1,27.34375,1
612178,2025-10,Healthcare,Ministry of Labour and Employment,153,107.83,-141.0,1,70.47712418300654,1
612183,2025-10,Aviation & Aviation Infrastructure,Ministry of Civil Aviation,1413,,699.0,0,,0
612185,2025-10,Healthcare,Ministry of Labour and Employment,209,180.54,-150.0,1,86.38277511961722,1
612186,2025-10,Healthcare,Ministry of Labour and Employment,558,58.36,124.0,0,10.45878136200717,1
612188,2025-10,Healthcare,Ministry of Labour and Employment,429,252.06,-42.0,1,58.75524475524475,0
612194,2025-10,Aviation & Aviation Infrastructure,Ministry of Civil Aviation,912,213.22,68.0,0,23.37938596491228,1
612201,2025-10,Healthcare,Ministry of Labour and Employment,143,101.83,-202.0,1,71.20979020979021,1
612211,2025-10,Healthcare,Ministry of Labour and Employment,206,31.49,-26.0,1,15.28640776699029,0
612213,2025-10,Healthcare,Ministry of Labour and Employment,195,86.6,-61.0,1,44.4102564102564,1
612239,2025-10,Healthcare,Ministry of Labour and Employment,131,1747.76,-396.0,1,1334.1679389312978,1
612259,2025-10,Healthcare,Ministry of Labour and Employment,102,297.63,-366.0,1,291.79411764705884,1
612513,2025-10,Healthcare,Ministry of Labour and Employment,165,16.4,586.0,0,9.939393939393938,0
612745,2025-10,Healthcare,Ministry of Labour and Employment,278,27.8,438.0,0,10.0,1
612748,2025-10,Healthcare,Ministry of Labour and Employment,151,0.0,485.0,0,0.0,0
612781,2025-10,Steel,Ministry of Steel,917,146.64,403.0,0,15.991275899672845,0
612786,2025-10,Aviation & Aviation Infrastructure,Ministry of Civil Aviation,266,67.22,88.0,0,25.27067669172932,1
612787,2025-10,Aviation & Aviation Infrastructure,Ministry of Civil Aviation,320,81.22,82.0,0,25.38125,1
612788,2025-10,Aviation & Aviation Infrastructure,Ministry of Civil Aviation,322,140.4,63.0,0,43.60248447204969,1
612789,2025-10,Aviation & Aviation Infrastructure,Ministry of Civil Aviation,485,91.67,-33.0,1,18.901030927835052,1
612790,2025-10,Oil & Gas,Ministry of Petroleum & Natural Gas,385,155.14,17.0,0,40.296103896103894,0
612791,2025-10,Aviation & Aviation Infrastructure,Ministry of Civil Aviation,328,107.6,-263.0,1,32.80487804878048,0
612793,2025-10,Aviation & Aviation Infrastructure,Ministry of Civil Aviation,323,38.69,98.0,0,11.978328173374612,1
612815,2025-10,Railways,Ministry of Railways,170,1.34,516.0,0,0.788235294117647,0
612816,2025-10,Coal,Ministry of Coal,929,68.9,1612.0,0,7.416576964477933,0
612819,2025-10,Electricity Generation,Ministry of Coal,1813,1167.4,-399.0,1,64.39051296194154,0
612827,2025-10,Railways,Ministry of Railways,184,5.11,546.0,0,2.7771739130434785,0
612834,2025-10,Railways,Ministry of Railways,252,88.95,58.0,0,35.29761904761905,0
612851,2025-10,Education,Department of Higher Education,333,291.33,-31.0,1,87.48648648648648,1
612853,2025-10,Oil & Gas,Ministry of Petroleum & Natural Gas,522,230.2,253.0,0,44.099616858237546,0
612855,2025-10,Transmission & Distribution,Ministry of Power,679,135.8,211.0,0,20.0,0
612856,2025-10,Transmission & Distribution,Ministry of Power,164,85.07,-35.0,1,51.87195121951219,1
612876,2025-10,Education,Department of Higher Education,474,167.55,1522.0,0,35.348101265822784,0
612877,2025-10,Education,Department of Higher Education,618,529.9,-304.0,1,85.74433656957929,1
612883,2025-10,Education,Department of Higher Education,686,121.56,834.0,0,17.720116618075803,0
612885,2025-10,Education,Department of Higher Education,495,419.57,-1310.0,1,84.76161616161616,1
612894,2025-10,Education,Department of Higher Education,252,183.47,-347.0,1,72.80555555555556,1
612898,2025-10,Education,Department of Higher Education,593,550.27,304.0,0,92.79426644182125,0
612916,2025-10,Education,Department of Higher Education,491,313.84,-214.0,1,63.91853360488798,0
613002,2025-10,Railways,Ministry of Railways,842,340.0,151.0,0,40.38004750593824,0
613003,2025-10,Railways,Ministry of Railways,1686,288.83,304.0,0,17.131079478054566,0
613008,2025-10,Education,Department of Higher Education,305,19.96,603.0,0,6.5442622950819676,0
613013,2025-10,Education,Department of Higher Education,276,261.24,61.0,0,94.65217391304348,0
613015,2025-10,Railways,Ministry of Railways,1813,600.75,516.0,0,33.13568670711528,0
613785,2025-10,Railways,Ministry of Railways,4744,119.95,1157.0,0,2.528456998313659,0
613786,2025-10,Railways,Ministry of Railways,2379,726.91,882.0,0,30.555275325767127,0
613787,2025-10,Water Resources,"Department of Water Resources, River Development & GR",2584,968.52,1336.0,0,37.48142414860681,0
613793,2025-10,Coal,Ministry of Coal,484,60.46,151.0,0,12.491735537190083,0
613794,2025-10,Coal,Ministry of Coal,389,132.48,882.0,0,34.056555269922875,0
613798,2025-10,Coal,Ministry of Coal,336,88.24,151.0,0,26.26190476190476,0
613799,2025-10,Coal,Ministry of Coal,316,188.62,151.0,0,59.689873417721515,0
613800,2025-10,Coal,Ministry of Coal,459,274.35,-214.0,1,59.77124183006537,0
613801,2025-10,Coal,Ministry of Coal,410,182.83,151.0,0,44.59268292682927,1
613802,2025-10,Coal,Ministry of Coal,371,144.61,151.0,0,38.97843665768194,1
613803,2025-10,Coal,Ministry of Coal,367,34.07,1247.0,0,9.283378746594005,0
613804,2025-10,Coal,Ministry of Coal,314,6.84,516.0,0,2.178343949044586,0
613808,2025-10,Coal,Ministry of Coal,340,191.0,-4202.0,1,56.1764705882353,0
615183,2025-10,Coal,Ministry of Coal,492,243.56,-214.0,1,49.50406504065041,0
615184,2025-10,Coal,Ministry of Coal,229,143.37,882.0,0,62.606986899563324,0
615185,2025-10,Coal,Ministry of Coal,399,93.52,516.0,0,23.43859649122807,0
615186,2025-10,Coal,Ministry of Coal,319,91.48,151.0,0,28.677115987460816,0
615187,2025-10,Coal,Ministry of Coal,221,,1247.0,0,,0
615188,2025-10,Coal,Ministry of Coal,402,60.03,516.0,0,14.932835820895523,0
615189,2025-10,Coal,Ministry of Coal,362,76.32,151.0,0,21.082872928176794,0
615190,2025-10,Coal,Ministry of Coal,336,26.98,1247.0,0,8.029761904761905,0
615191,2025-10,Coal,Ministry of Coal,329,61.34,1247.0,0,18.64437689969605,0
615192,2025-10,Coal,Ministry of Coal,310,43.88,151.0,0,14.15483870967742,0
615193,2025-10,Coal,Ministry of Coal,479,274.52,-2406.0,1,57.31106471816284,0
615194,2025-10,Coal,Ministry of Coal,207,27.19,1977.0,0,13.135265700483092,0
615195,2025-10,Coal,Ministry of Coal,166,5.08,882.0,0,3.0602409638554215,0
615199,2025-10,Coal,Ministry of Coal,199,0.76,516.0,0,0.3819095477386935,0
615202,2025-10,Metals & Mining,Ministry of Steel,1700,133.22,1157.0,0,7.8364705882352945,0
615206,2025-10,Coal,Ministry of Coal,414,15.52,151.0,0,3.7487922705314007,0
615327,2025-10,Electricity Generation,Ministry of Coal,218,164.7,-214.0,1,75.55045871559632,0
615330,2025-10,Coal,Ministry of Coal,361,0.02,1247.0,0,0.0055401662049861505,0
615331,2025-10,Coal,Ministry of Coal,497,0.08,1612.0,0,0.01609657947686117,0
615332,2025-10,Transmission & Distribution,Ministry of Power,3279,918.12,295.0,0,28.000000000000004,0
615333,2025-10,Transmission & Distribution,Ministry of Power,2227,779.45,294.0,0,35.0,0
615334,2025-10,Transmission & Distribution,Ministry of Power,3251,942.79,291.0,0,28.999999999999996,0
615335,2025-10,Transmission & Distribution,Ministry of Power,1382,138.2,302.0,0,10.0,0
615337,2025-10,Transmission & Distribution,Ministry of Power,369,103.32,119.0,0,27.999999999999996,0
615338,2025-10,Transmission & Distribution,Ministry of Power,2735,324.64,371.0,0,11.86983546617916,0
615339,2025-10,Transmission & Distribution,Ministry of Power,5969,485.87,376.0,0,8.139889428715028,0
615340,2025-10,Transmission & Distribution,Ministry of Power,5357,428.56,376.0,0,8.0,0
615342,2025-10,Transmission & Distribution,Ministry of Power,329,13.17,256.0,0,4.003039513677812,0
615343,2025-10,Transmission & Distribution,Ministry of Power,501,8.11,371.0,0,1.6187624750499001,0
615344,2025-10,Transmission & Distribution,Ministry of Power,3674,624.58,348.0,0,17.0,0
615345,2025-10,Transmission & Distribution,Ministry of Power,4766,714.9,348.0,0,15.0,0
615346,2025-10,Transmission & Distribution,Ministry of Power,2708,1029.04,291.0,0,38.0,0
615347,2025-10,Transmission & Distribution,Ministry of Power,24819,1985.46,1295.0,0,7.999758249728031,0
615349,2025-10,Coal,Ministry of Coal,230,22.02,882.0,0,9.57391304347826,0
615818,2025-10,Coal,Ministry of Coal,298,46.83,-214.0,1,15.71476510067114,0
615820,2025-10,Coal,Ministry of Coal,160,81.47,2072.0,0,50.91875,0
615821,2025-10,Coal,Ministry of Coal,289,105.6,1853.0,0,36.53979238754325,0
615822,2025-10,Coal,Ministry of Coal,223,140.58,882.0,0,63.040358744394624,0
615843,2025-10,Coal,Ministry of Coal,244,44.64,-214.0,1,18.295081967213115,0
615857,2025-10,Coal,Ministry of Coal,494,491.33,151.0,0,99.45951417004049,0
615858,2025-10,Coal,Ministry of Coal,384,283.94,151.0,0,73.94270833333333,0
615859,2025-10,Coal,Ministry of Coal,414,397.55,151.0,0,96.02657004830918,0
615860,2025-10,Coal,Ministry of Coal,607,191.37,-214.0,1,31.527182866556835,0
615861,2025-10,Coal,Ministry of Coal,425,404.96,-214.0,1,95.28470588235294,0
615862,2025-10,Coal,Ministry of Coal,346,76.19,151.0,0,22.020231213872833,0
615863,2025-10,Coal,Ministry of Coal,484,477.14,151.0,0,98.58264462809917,0
615864,2025-10,Coal,Ministry of Coal,490,405.54,151.0,0,82.76326530612246,0
615865,2025-10,Coal,Ministry of Coal,442,230.28,-214.0,1,52.09954751131222,0
615914,2025-10,Coal,Ministry of Coal,185,14.48,1247.0,0,7.827027027027027,0
615916,2025-10,Coal,Ministry of Coal,1225,79.73,1612.0,0,6.508571428571429,0
615917,2025-10,Coal,Ministry of Coal,973,0.24,1612.0,0,0.024665981500513873,0
615918,2025-10,Coal,Ministry of Coal,405,12.39,882.0,0,3.0592592592592593,0
615919,2025-10,Coal,Ministry of Coal,1025,170.94,1247.0,0,16.677073170731706,0
615982,2025-10,Coal,Ministry of Coal,320,367.6,-579.0,1,114.87500000000001,0
616044,2025-10,Coal,Ministry of Coal,237,165.57,-1675.0,1,69.86075949367088,0
616050,2025-10,Coal,Ministry of Coal,236,237.12,-579.0,1,100.47457627118644,0
616223,2025-10,Coal,Ministry of Coal,316,308.84,-579.0,1,97.73417721518986,0
616225,2025-10,Coal,Ministry of Coal,979,,4169.0,0,,0
616226,2025-10,Coal,Ministry of Coal,3564,568.97,2708.0,0,15.964365881032549,0
616229,2025-10,Coal,Ministry of Coal,669,1.18,1247.0,0,0.1763826606875934,0
616230,2025-10,Coal,Ministry of Coal,1194,9.53,4169.0,0,0.7981574539363484,0
616231,2025-10,Coal,Ministry of Coal,5366,466.28,2708.0,0,8.689526649273201,0
616232,2025-10,Coal,Ministry of Coal,1562,273.03,1247.0,0,17.479513444302174,0
616233,2025-10,Coal,Ministry of Coal,978,212.94,1612.0,0,21.773006134969325,0
616234,2025-10,Coal,Ministry of Coal,1725,15.66,2708.0,0,0.9078260869565218,0
616235,2025-10,Energy Storage,Ministry of Petroleum & Natural Gas,240,61.94,151.0,0,25.808333333333334,0
616236,2025-10,Coal,Ministry of Coal,414,85.6,1247.0,0,20.67632850241546,0
616253,2025-10,Coal,Ministry of Coal,5851,20.32,1247.0,0,0.347291061357033,0
616254,2025-10,Oil & Gas,Ministry of Petroleum & Natural Gas,2212,21.1,679.0,0,0.9538878842676312,0
616586,2025-10,Railways,Ministry of Railways,2269,3.06,1522.0,0,0.13486117232260908,0
616587,2025-10,Railways,Ministry of Railways,1876,0.91,1522.0,0,0.048507462686567165,0
616588,2025-10,Railways,Ministry of Railways,1459,3.32,1522.0,0,0.227553118574366,0
616594,2025-10,Waste & Water,"Department of Water Resources, River Development & GR",842,208.64,-184.0,1,24.779097387173397,1
616600,2025-10,Waste & Water,"Department of Water Resources, River Development & GR",413,126.67,-267.0,1,30.670702179176757,1
616604,2025-10,Waste & Water,"Department of Water Resources, River Development & GR",155,96.17,-215.0,1,62.04516129032258,1
616605,2025-10,Waste & Water,"Department of Water Resources, River Development & GR",691,34.79,-304.0,1,5.034732272069464,0
616611,2025-10,Waste & Water,"Department of Water Resources, River Development & GR",824,396.71,60.0,0,48.144417475728154,0
616612,2025-10,Waste & Water,"Department of Water Resources, River Development & GR",579,171.79,60.0,0,29.670120898100173,0
616615,2025-10,Waste & Water,"Department of Water Resources, River Development & GR",230,261.82,-184.0,1,113.83478260869563,0
616616,2025-10,Waste & Water,"Department of Water Resources, River Development & GR",305,346.46,-123.0,1,113.59344262295082,0
616670,2025-10,Transmission & Distribution,Ministry of Power,5846,467.68,425.0,0,8.0,0
616671,2025-10,Transmission & Distribution,Ministry of Power,548,37.86,426.0,0,6.908759124087591,0
616672,2025-10,Transmission & Distribution,Ministry of Power,1354,40.62,578.0,0,3.0,0
616691,2025-10,Healthcare,Ministry of Labour and Employment,260,210.12,-77.0,1,80.81538461538462,1
616695,2025-10,Railways,Ministry of Railways,300,,1126.0,0,,0
616697,2025-10,Railways,Ministry of Railways,154,20.15,242.0,0,13.084415584415584,0
616699,2025-10,Railways,Ministry of Railways,12334,520.39,882.0,0,4.219150316199125,0
616701,2025-10,Railways,Ministry of Railways,2124,13.74,851.0,0,0.6468926553672316,0
616841,2025-10,Railways,Ministry of Railways,800,14.64,426.0,0,1.83,0
616842,2025-10,Railways,Ministry of Railways,3086,329.31,638.0,0,10.671095268956577,0
616843,2025-10,Railways,Ministry of Railways,1635,123.05,607.0,0,7.525993883792048,0
616856,2025-10,Railways,Ministry of Railways,770,16.34,1260.0,0,2.122077922077922,0
616857,2025-10,Railways,Ministry of Railways,1596,14.27,1247.0,0,0.8941102756892231,0
616858,2025-10,Oil & Gas,Ministry of Petroleum & Natural Gas,431,330.99,-579.0,1,76.79582366589327,1
616879,2025-10,Oil & Gas,Ministry of Petroleum & Natural Gas,364,32.59,442.0,0,8.953296703296704,0
616886,2025-10,Education,Department of Higher Education,373,21.63,365.0,0,5.798927613941018,0
616933,2025-10,Oil & Gas,Ministry of Petroleum & Natural Gas,4679,211.77,867.0,0,4.525967086984398,0
616950,2025-10,Oil & Gas,Ministry of Petroleum & Natural Gas,1486,272.3,120.0,0,18.324360699865412,1
617068,2025-10,Transmission & Distribution,Ministry of Power,288,6.91,607.0,0,2.3993055555555554,0
617069,2025-10,Transmission & Distribution,Ministry of Power,466,24.3,474.0,0,5.214592274678112,0
617179,2025-10,Transmission & Distribution,Ministry of Power,219,2.11,256.0,0,0.9634703196347032,0
617181,2025-10,Transmission & Distribution,Ministry of Power,404,16.16,415.0,0,4.0,0
617182,2025-10,Transmission & Distribution,Ministry of Power,172,17.27,508.0,0,10.040697674418604,0
617183,2025-10,Transmission & Distribution,Ministry of Power,2886,131.31,791.0,0,4.54989604989605,0
617184,2025-10,Transmission & Distribution,Ministry of Power,3453,52.48,689.0,0,1.5198378221836084,0
617185,2025-10,Transmission & Distribution,Ministry of Power,5550,332.68,508.0,0,5.994234234234234,0
617186,2025-10,Transmission & Distribution,Ministry of Power,5028,256.93,508.0,0,5.109984089101034,0
617188,2025-10,Electricity Generation,Ministry of Power,9791,856.56,1430.0,0,8.748442447145337,0
617200,2025-10,Railways,Ministry of Railways,7854,,1977.0,0,,0
617201,2025-10,Railways,Ministry of Railways,4373,,1977.0,0,,0
617206,2025-10,Urban Public Transport,Ministry of Housing & Urban Affairs,6231,72.38,1159.0,0,1.1616112983469749,0
617207,2025-10,Urban Public Transport,Ministry of Housing & Urban Affairs,8400,55.92,1243.0,0,0.6657142857142857,0
617210,2025-10,Railways,Ministry of Railways,1216,0.1,1247.0,0,0.008223684210526315,0
617211,2025-10,Railways,Ministry of Railways,2853,62.29,1247.0,0,2.183315807921486,0
617212,2025-10,Railways,Ministry of Railways,4686,668.81,1247.0,0,14.272513871105419,0
617214,2025-10,Railways,Ministry of Railways,2047,14.49,516.0,0,0.7078651685393259,0
617215,2025-10,Railways,Ministry of Railways,770,20.91,882.0,0,2.7155844155844155,0
617216,2025-10,Railways,Ministry of Railways,877,23.35,516.0,0,2.66248574686431,0
617221,2025-10,Education,Department of Higher Education,211,,702.0,0,,0
617224,2025-10,Railways,Ministry of Railways,1120,247.46,790.0,0,22.09464285714286,0
617225,2025-10,Urban Public Transport,Ministry of Housing & Urban Affairs,910,147.84,457.0,0,16.246153846153845,0
617226,2025-10,Urban Public Transport,Ministry of Housing & Urban Affairs,2955,22.17,1220.0,0,0.7502538071065991,0
617231,2025-10,Railways,Ministry of Railways,612,,973.0,0,,0
617233,2025-10,Coal,Ministry of Coal,379,,1612.0,0,,0
617242,2025-10,Steel,Ministry of Steel,2115,236.73,607.0,0,11.192907801418439,0
617243,2025-10,Steel,Ministry of Steel,199,12.21,271.0,0,6.135678391959799,0
617246,2025-10,Steel,Ministry of Steel,758,85.89,219.0,0,11.331134564643799,0
617248,2025-10,Steel,Ministry of Steel,228,27.2,259.0,0,11.929824561403509,0
617249,2025-10,Steel,Ministry of Steel,212,16.04,453.0,0,7.566037735849056,0
617250,2025-10,Steel,Ministry of Steel,207,15.76,359.0,0,7.613526570048309,0
617251,2025-10,Steel,Ministry of Steel,196,5.96,208.0,0,3.0408163265306123,0
617252,2025-10,Railways,Ministry of Railways,958,449.37,872.0,0,46.907098121085596,0
617253,2025-10,Steel,Ministry of Steel,514,257.89,-120.0,1,50.17315175097276,1
617254,2025-10,Steel,Ministry of Steel,260,54.89,241.0,0,21.111538461538462,0
617255,2025-10,Steel,Ministry of Steel,472,158.07,226.0,0,33.48940677966101,0
617256,2025-10,Steel,Ministry of Steel,884,506.96,0.0,0,57.34841628959276,1
617257,2025-10,Steel,Ministry of Steel,627,153.32,380.0,0,24.452950558213715,0
617269,2025-10,Transmission & Distribution,Ministry of Power,213,2.1,221.0,0,0.9859154929577465,0
617270,2025-10,Transmission & Distribution,Ministry of Power,409,0.32,205.0,0,0.07823960880195599,0
617271,2025-10,Transmission & Distribution,Ministry of Power,343,0.71,121.0,0,0.20699708454810492,0
617272,2025-10,Transmission & Distribution,Ministry of Power,370,18.55,401.0,0,5.013513513513514,0
617278,2025-10,Coal,Ministry of Coal,630,,1612.0,0,,0
617279,2025-10,Transmission & Distribution,Ministry of Power,558,33.48,764.0,0,6.0,0
617280,2025-10,Construction,Ministry of Mines,255,85.9,304.0,0,33.68627450980392,0
617284,2025-10,Railways,Ministry of Railways,1424,53.81,882.0,0,3.778792134831461,0
617287,2025-10,Coal,Ministry of Coal,4517,775.13,1612.0,0,17.16028337392074,0
617288,2025-10,Coal,Ministry of Coal,383,113.03,1247.0,0,29.511749347258487,0
617299,2025-10,Electricity Generation,Ministry of Coal,384,314.83,-123.0,1,81.98697916666666,0
617302,2025-10,Oil & Gas,Ministry of Petroleum & Natural Gas,1740,2285.0,-1765.0,1,131.32183908045977,1
617304,2025-10,Oil & Gas,Ministry of Petroleum & Natural Gas,340,107.35,486.0,0,31.573529411764707,0
617326,2025-10,Transmission & Distribution,Ministry of Power,1842,1648.05,151.0,0,89.47068403908794,1
617327,2025-10,Urban Public Transport,Ministry of Housing & Urban Affairs,12200,7.77,1430.0,0,0.06368852459016393,0
617333,2025-10,Railways,Ministry of Railways,200,,485.0,0,,0
617338,2025-10,Steel,Ministry of Steel,2518,152.23,993.0,0,6.045671167593328,0
617345,2025-10,Railways,Ministry of Railways,227,0.21,356.0,0,0.09251101321585903,0
617361,2025-10,Railways,Ministry of Railways,363,,882.0,0,,0
617364,2025-10,Railways,Ministry of Railways,338,3.42,999.0,0,1.0118343195266273,0
617370,2025-10,Railways,Ministry of Railways,181,4.0,456.0,0,2.209944751381215,0
617372,2025-10,Railways,Ministry of Railways,349,106.11,61.0,0,30.404011461318053,1
617373,2025-10,Railways,Ministry of Railways,588,3.05,516.0,0,0.5187074829931972,0
617374,2025-10,Railways,Ministry of Railways,1516,873.79,-214.0,1,57.63786279683377,1
617375,2025-10,Transmission & Distribution,Ministry of Power,209,0.03,825.0,0,0.014354066985645933,0
617379,2025-10,Railways,Ministry of Railways,446,511.94,-2040.0,1,114.7847533632287,1
617390,2025-10,Railways,Ministry of Railways,1282,128.0,882.0,0,9.98439937597504,0
617391,2025-10,Transmission & Distribution,Ministry of Power,488,0.12,388.0,0,0.02459016393442623,0
617403,2025-10,Railways,Ministry of Railways,469,125.08,242.0,0,26.66950959488273,0
617404,2025-10,Railways,Ministry of Railways,189,,882.0,0,,0
617405,2025-10,Transmission & Distribution,Ministry of Power,4000,,348.0,0,,0
617406,2025-10,Railways,Ministry of Railways,2417,5.66,882.0,0,0.23417459660736453,0
617408,2025-10,Railways,Ministry of Railways,166,81.41,516.0,0,49.04216867469879,0
617409,2025-10,Railways,Ministry of Railways,521,420.0,426.0,0,80.61420345489442,0
617412,2025-10,Construction,Ministry of Housing & Urban Affairs,644,87.6,696.0,0,13.602484472049689,0
617413,2025-10,Telecommunication,Department of Telecommunications,1885,100.0,-176.0,1,5.305039787798409,1
617416,2025-10,Coal,Ministry of Coal,5940,,1157.0,0,,0
617422,2025-10,Water Resources,"Department of Water Resources, River Development & GR",1924,1770.13,638.0,0,92.00259875259876,0
617730,2025-10,Electricity Generation,Ministry of Coal,3336,666.65,242.0,0,19.98351318944844,0
617801,2025-10,Transmission & Distribution,Ministry of Power,582,0.2,413.0,0,0.03436426116838488,0
617802,2025-10,Transmission & Distribution,Ministry of Power,319,0.1,881.0,0,0.031347962382445145,0
617803,2025-10,Transmission & Distribution,Ministry of Power,379,6.6,693.0,0,1.7414248021108178,0
617804,2025-10,Shipping,"Ministry of Ports, Shipping and Waterways",153,50.1,516.0,0,32.745098039215684,0
701101,2025-10,Aviation & Aviation Infrastructure,Ministry of Civil Aviation,1217,1125.73,-823.0,1,92.50041084634347,1
701105,2025-10,Aviation & Aviation Infrastructure,Ministry of Civil Aviation,256,154.3,-1422.0,1,60.27343750000001,1
701107,2025-10,Aviation & Aviation Infrastructure,Ministry of Civil Aviation,612,507.14,-1152.0,1,82.86601307189542,1
701113,2025-10,Aviation & Aviation Infrastructure,Ministry of Civil Aviation,2870,361.71,627.0,0,12.60313588850174,0
701121,2025-10,Aviation & Aviation Infrastructure,Ministry of Civil Aviation,347,102.43,-78.0,1,29.518731988472624,1
701122,2025-10,Aviation & Aviation Infrastructure,Ministry of Civil Aviation,579,88.64,246.0,0,15.30915371329879,0
701126,2025-10,Aviation & Aviation Infrastructure,Ministry of Civil Aviation,1305,718.2,242.0,0,55.0344827586207,0
701127,2025-10,Aviation & Aviation Infrastructure,Ministry of Civil Aviation,480,317.88,-347.0,1,66.225,1
701128,2025-10,Aviation & Aviation Infrastructure,Ministry of Civil Aviation,887,378.81,130.0,0,42.70687711386697,0
701167,2025-10,Healthcare,Ministry of Health & Family Welfare,1828,1321.7,-273.0,1,72.30306345733042,1
701171,2025-10,Healthcare,Ministry of Health & Family Welfare,1028,806.8,-1127.0,1,78.48249027237354,1
701173,2025-10,Healthcare,Ministry of Health & Family Welfare,1299,349.41,-977.0,1,26.89838337182448,0
701228,2025-10,Oil & Gas,Ministry of Petroleum & Natural Gas,2915,4506.79,-4687.0,1,154.60686106346483,1
701263,2025-10,Energy Storage,Ministry of Petroleum & Natural Gas,43129,61926.6,-1096.0,1,143.58459505205315,0
701289,2025-10,Oil & Gas,Ministry of Petroleum & Natural Gas,34627,26555.1,-396.0,1,76.6889999133624,0
701324,2025-10,Oil & Gas,Ministry of Petroleum & Natural Gas,14810,12139.0,-915.0,1,81.96488858879137,0
701329,2025-10,Oil & Gas,Ministry of Petroleum & Natural Gas,18936,12779.6,-426.0,1,67.48838191803972,0
701330,2025-10,Oil & Gas,Ministry of Petroleum & Natural Gas,7392,6308.0,-488.0,1,85.33549783549783,1
701338,2025-10,Oil & Gas,Ministry of Petroleum & Natural Gas,5535,3986.49,2046.0,0,72.02330623306233,0
701343,2025-10,Energy Storage,Ministry of Petroleum & Natural Gas,2658,2282.98,-1197.0,1,85.89089541008276,1
701344,2025-10,Oil & Gas,Ministry of Petroleum & Natural Gas,1031,879.8,-1089.0,1,85.33462657613966,1
701346,2025-10,Oil & Gas,Ministry of Petroleum & Natural Gas,9265,6603.95,-579.0,1,71.27846735024285,0
701349,2025-10,Energy Storage,Ministry of Petroleum & Natural Gas,10228,9921.29,-461.0,1,97.00127102072742,1
701350,2025-10,Oil & Gas,Ministry of Petroleum & Natural Gas,860,615.47,-315.0,1,71.56627906976745,1
701354,2025-10,Oil & Gas,Ministry of Petroleum & Natural Gas,7844,6661.2,-901.0,1,84.9209586945436,1
701370,2025-10,Water Resources,"Department of Water Resources, River Development & GR",256,44.7,-1035.0,1,17.4609375,0
701372,2025-10,Water Resources,"Department of Water Resources, River Development & GR",20718,31860.9,-2131.0,1,153.7836663770634,0
701376,2025-10,Water Resources,"Department of Water Resources, River Development & GR",3808,5790.29,-2131.0,1,152.05593487394958,0
701377,2025-10,Water Resources,"Department of Water Resources, River Development & GR",770,1515.32,-2131.0,1,196.79480519480518,0
701383,2025-10,Water Resources,"Department of Water Resources, River Development & GR",1059,1557.45,-2131.0,1,147.06798866855524,0
701386,2025-10,Water Resources,"Department of Water Resources, River Development & GR",7196,13765.2,-2131.0,1,191.28960533629794,0
701391,2025-10,Water Resources,"Department of Water Resources, River Development & GR",210,1697.94,-2131.0,1,808.5428571428572,0
701395,2025-10,Water Resources,"Department of Water Resources, River Development & GR",220,115.2,61.0,0,52.36363636363637,0
701396,2025-10,Water Resources,"Department of Water Resources, River Development & GR",256,1324.98,-2131.0,1,517.5703125,0
701398,2025-10,Water Resources,"Department of Water Resources, River Development & GR",211,623.5,-2131.0,1,295.49763033175356,0
701399,2025-10,Water Resources,"Department of Water Resources, River Development & GR",382,239.03,61.0,0,62.573298429319365,1
701400,2025-10,Water Resources,"Department of Water Resources, River Development & GR",1449,1837.91,-2131.0,1,126.83988957902001,0
701404,2025-10,Water Resources,"Department of Water Resources, River Development & GR",989,2712.75,-2131.0,1,274.29221435793727,0
701405,2025-10,Water Resources,"Department of Water Resources, River Development & GR",8201,4664.8,-2131.0,1,56.88086818680649,0
701406,2025-10,Water Resources,"Department of Water Resources, River Development & GR",1402,1839.76,-2131.0,1,131.22396576319545,0
701408,2025-10,Water Resources,"Department of Water Resources, River Development & GR",1061,4552.44,-2131.0,1,429.07068803016017,0
701410,2025-10,Water Resources,"Department of Water Resources, River Development & GR",1441,3012.69,-1584.0,1,209.06939625260236,0
701411,2025-10,Water Resources,"Department of Water Resources, River Development & GR",2286,2169.72,-1219.0,1,94.91338582677164,0
701412,2025-10,Water Resources,"Department of Water Resources, River Development & GR",1622,151.04,-1675.0,1,9.311960542540074,0
701415,2025-10,Water Resources,"Department of Water Resources, River Development & GR",10151,24838.0,-1280.0,1,244.6852526844646,0
701565,2025-10,Inland Waterways,"Ministry of Ports, Shipping and Waterways",5369,3526.99,-670.0,1,65.69174892903706,0
701568,2025-10,Shipping,"Ministry of Ports, Shipping and Waterways",100,166.48,-1001.0,1,166.48,0
701570,2025-10,Shipping,"Ministry of Ports, Shipping and Waterways",171,137.51,-762.0,1,80.41520467836257,0
701574,2025-10,Shipping,"Ministry of Ports, Shipping and Waterways",3005,1149.79,791.0,0,38.26256239600666,0
701576,2025-10,Shipping,"Ministry of Ports, Shipping and Waterways",298,438.5,-31.0,1,147.1476510067114,0
701577,2025-10,Shipping,"Ministry of Ports, Shipping and Waterways",254,9.28,-61.0,1,3.653543307086614,0
701586,2025-10,Shipping,"Ministry of Ports, Shipping and Waterways",900,65.0,376.0,0,7.222222222222221,0
701593,2025-10,Telecommunication,Department of Telecommunications,28466,8419.04,-579.0,1,29.575774608304645,0
701597,2025-10,Telecommunication,Department of Telecommunications,1255,284.04,-915.0,1,22.632669322709166,0
701598,2025-10,Telecommunication,Department of Telecommunications,972,208.25,-1338.0,1,21.424897119341562,0
701599,2025-10,Telecommunication,Department of Telecommunications,1578,600.6,-945.0,1,38.06083650190114,1
701600,2025-10,Telecommunication,Department of Telecommunications,337,227.82,-1465.0,1,67.60237388724035,0
701602,2025-10,Telecommunication,Department of Telecommunications,3685,1135.28,-712.0,1,30.808141112618724,1
701657,2025-10,Real Estate,Department for Promotion of Industry & Internal Trade,1702,117.35,325.0,0,6.894829612220916,0
701658,2025-10,Real Estate,Department for Promotion of Industry & Internal Trade,2139,472.8,837.0,0,22.103786816269285,0
701719,2025-10,Real Estate,Ministry of Housing & Urban Affairs,539,39.63,-1212.0,1,7.3525046382189245,0
701745,2025-10,Urban Public Transport,Ministry of Housing & Urban Affairs,263,17.62,-1188.0,1,6.699619771863118,0
701766,2025-10,Real Estate,Ministry of Housing & Urban Affairs,151,18.95,-708.0,1,12.549668874172184,0
701991,2025-10,Urban Public Transport,Ministry of Housing & Urban Affairs,600,272.42,-823.0,1,45.403333333333336,0
702355,2025-10,Waste & Water,Ministry of Housing & Urban Affairs,210,,-590.0,1,,0
702625,2025-10,Urban Public Transport,Ministry of Housing & Urban Affairs,6941,3676.19,-1067.0,1,52.96340584930126,0
702626,2025-10,Urban Public Transport,Ministry of Housing & Urban Affairs,7501,4223.43,-1067.0,1,56.30489268097587,0
702627,2025-10,Urban Public Transport,Ministry of Housing & Urban Affairs,13366,4039.77,-613.0,1,30.22422564716445,0
702628,2025-10,Urban Public Transport,Ministry of Housing & Urban Affairs,11076,9093.83,-523.0,1,82.10391838208739,0
702629,2025-10,Urban Public Transport,Ministry of Housing & Urban Affairs,8380,6067.88,-523.0,1,72.4090692124105,0
702630,2025-10,Urban Public Transport,Ministry of Housing & Urban Affairs,12020,7977.03,-579.0,1,66.36464226289517,0
702631,2025-10,Urban Public Transport,Ministry of Housing & Urban Affairs,5384,4308.13,-579.0,1,80.01727340267459,0
702632,2025-10,Urban Public Transport,Ministry of Housing & Urban Affairs,24949,17838.2,-214.0,1,71.49865726081205,0
702633,2025-10,Urban Public Transport,Ministry of Housing & Urban Affairs,30274,26612.5,-123.0,1,87.90546343396974,1
702635,2025-10,Urban Public Transport,Ministry of Housing & Urban Affairs,26405,29618.0,-1684.0,1,112.16814997159629,0
702637,2025-10,Urban Public Transport,Ministry of Housing & Urban Affairs,23136,31783.9,-945.0,1,137.37854426002767,0
702639,2025-10,Urban Public Transport,Ministry of Housing & Urban Affairs,10773,12212.9,-2771.0,1,113.36582196231319,1
702658,2025-10,Urban Public Transport,Ministry of Housing & Urban Affairs,6708,1259.29,791.0,0,18.772957662492544,0
702664,2025-10,Urban Public Transport,Ministry of Housing & Urban Affairs,1957,425.58,385.0,0,21.746550843127235,0
702665,2025-10,Urban Public Transport,Ministry of Housing & Urban Affairs,14788,8915.63,242.0,0,60.289626724371104,0
702668,2025-10,Inland Waterways,Ministry of Housing & Urban Affairs,63246,28779.0,1400.0,0,45.503272934256714,0
702674,2025-10,Waste & Water,Ministry of Housing & Urban Affairs,172,799.74,-945.0,1,464.9651162790698,1
702699,2025-10,Waste & Water,Ministry of Housing & Urban Affairs,159,602.5,-731.0,1,378.9308176100629,1
702734,2025-10,Waste & Water,Ministry of Housing & Urban Affairs,278,2005.13,-762.0,1,721.269784172662,1
702735,2025-10,Waste & Water,Ministry of Housing & Urban Affairs,213,1430.38,-945.0,1,671.5399061032865,1
702741,2025-10,Waste & Water,Ministry of Housing & Urban Affairs,217,1057.8,-945.0,1,487.46543778801845,1
702742,2025-10,Waste & Water,Ministry of Housing & Urban Affairs,159,787.5,-731.0,1,495.2830188679245,0
702746,2025-10,Waste & Water,Ministry of Housing & Urban Affairs,278,1410.0,-945.0,1,507.19424460431657,1
702760,2025-10,Waste & Water,Ministry of Housing & Urban Affairs,163,721.71,-823.0,1,442.7668711656442,1
702764,2025-10,Waste & Water,Ministry of Housing & Urban Affairs,175,923.02,-945.0,1,527.44,1
702793,2025-10,Waste & Water,Ministry of Housing & Urban Affairs,287,2271.0,-945.0,1,791.2891986062718,1
702798,2025-10,Waste & Water,Ministry of Housing & Urban Affairs,362,2930.96,-945.0,1,809.6574585635359,1
702808,2025-10,Waste & Water,Ministry of Housing & Urban Affairs,192,1469.73,-579.0,1,765.484375,1
702810,2025-10,Waste & Water,Ministry of Housing & Urban Affairs,402,3175.93,-945.0,1,790.0323383084577,1
702833,2025-10,Waste & Water,Ministry of Housing & Urban Affairs,194,1055.02,-731.0,1,543.8247422680412,1
702840,2025-10,Waste & Water,Ministry of Housing & Urban Affairs,205,1765.97,-945.0,1,861.4487804878049,1
702842,2025-10,Waste & Water,Ministry of Housing & Urban Affairs,274,2409.09,-945.0,1,879.2299270072994,0
702851,2025-10,Waste & Water,Ministry of Housing & Urban Affairs,236,1901.3,-945.0,1,805.635593220339,1
702854,2025-10,Waste & Water,Ministry of Housing & Urban Affairs,180,1442.29,-945.0,1,801.2722222222221,1
702948,2025-10,Waste & Water,Ministry of Housing & Urban Affairs,236,1911.66,-854.0,1,810.0254237288135,1
702949,2025-10,Waste & Water,Ministry of Housing & Urban Affairs,562,4045.35,-823.0,1,719.8131672597865,1
703021,2025-10,Waste & Water,Ministry of Housing & Urban Affairs,259,1390.73,-795.0,1,536.96138996139,1
703057,2025-10,Waste & Water,Ministry of Housing & Urban Affairs,287,1416.38,-731.0,1,493.51219512195127,1
703585,2025-10,Railways,Ministry of Railways,314,152.31,-579.0,1,48.5063694267516,0
703586,2025-10,Railways,Ministry of Railways,499,630.41,-579.0,1,126.33466933867734,0
704495,2025-10,Telecommunication,Department of Telecommunications,422,142.01,-1325.0,1,33.65165876777251,1
705237,2025-10,Railways,Ministry of Railways,51101,124623.0,-1310.0,1,243.87585370149313,0
705244,2025-10,Railways,Ministry of Railways,520,192.25,-1400.0,1,36.97115384615385,0
705252,2025-10,Railways,Ministry of Railways,385,0.0,-700.0,1,0.0,0
705253,2025-10,Railways,Ministry of Railways,563,120.0,-1795.0,1,21.314387211367674,0
705298,2025-10,Railways,Ministry of Railways,274,0.0,-579.0,1,0.0,0
705300,2025-10,Railways,Ministry of Railways,228,0.0,-670.0,1,0.0,0
705356,2025-10,Railways,Ministry of Railways,2539,5091.94,151.0,0,200.54903505317054,0
705357,2025-10,Railways,Ministry of Railways,138,845.56,516.0,0,612.7246376811594,0
705358,2025-10,Railways,Ministry of Railways,3792,5147.89,426.0,0,135.75659282700423,0
705359,2025-10,Railways,Ministry of Railways,1928,1955.9,-214.0,1,101.44709543568464,0
705362,2025-10,Railways,Ministry of Railways,819,580.51,-1310.0,1,70.88034188034187,0
705364,2025-10,Railways,Ministry of Railways,614,487.99,-304.0,1,79.4771986970684,0
705366,2025-10,Railways,Ministry of Railways,2067,2013.82,-2040.0,1,97.42718916303822,0
705368,2025-10,Railways,Ministry of Railways,1605,1547.96,-579.0,1,96.44610591900312,0
705373,2025-10,Railways,Ministry of Railways,1473,2535.73,-945.0,1,172.14731839782755,0
705375,2025-10,Railways,Ministry of Railways,1626,2113.82,-245.0,1,130.00123001230014,0
705385,2025-10,Railways,Ministry of Railways,2555,780.18,882.0,0,30.535420743639918,0
705391,2025-10,Railways,Ministry of Railways,14323,15598.1,426.0,0,108.90246456747887,0
705392,2025-10,Railways,Ministry of Railways,6663,5571.82,-219.0,1,83.62329281104607,1
705401,2025-10,Railways,Ministry of Railways,435,542.07,-214.0,1,124.61379310344829,0
705410,2025-10,Railways,Ministry of Railways,2018,2053.9,61.0,0,101.77898909811695,1
705419,2025-10,Railways,Ministry of Railways,2913,2109.86,-214.0,1,72.42911088225198,0
705424,2025-10,Railways,Ministry of Railways,1540,527.66,426.0,0,34.263636363636365,0
705428,2025-10,Railways,Ministry of Railways,13447,6928.81,426.0,0,51.52680895366997,0
705429,2025-10,Railways,Ministry of Railways,38953,24645.2,61.0,0,63.269067850999924,1
705432,2025-10,Railways,Ministry of Railways,7877,9039.91,-3806.0,1,114.76336168592103,0
705433,2025-10,Railways,Ministry of Railways,1628,1440.85,-31.0,1,88.50429975429975,0
705434,2025-10,Railways,Ministry of Railways,2565,2105.62,-2406.0,1,82.09044834307991,0
705436,2025-10,Railways,Ministry of Railways,2501,1318.88,882.0,0,52.73410635745702,0
705437,2025-10,Railways,Ministry of Railways,1160,1985.73,516.0,0,171.18362068965519,0
705444,2025-10,Railways,Ministry of Railways,4970,4449.99,-1310.0,1,89.53702213279678,0
705450,2025-10,Railways,Ministry of Railways,402,367.54,-1310.0,1,91.42786069651741,0
705453,2025-10,Railways,Ministry of Railways,456,3633.27,485.0,0,796.7697368421053,0
705454,2025-10,Railways,Ministry of Railways,1794,1815.94,57.0,0,101.22296544035675,0
705457,2025-10,Railways,Ministry of Railways,1656,4445.82,516.0,0,268.4673913043478,0
705458,2025-10,Railways,Ministry of Railways,484,621.53,-1675.0,1,128.41528925619835,0
705479,2025-10,Railways,Ministry of Railways,1886,727.89,516.0,0,38.59437963944857,0
705480,2025-10,Railways,Ministry of Railways,8914,5013.49,516.0,0,56.242876374242755,0
705481,2025-10,Railways,Ministry of Railways,3032,3723.61,55.0,0,122.81035620052772,0
705482,2025-10,Railways,Ministry of Railways,747,378.05,-2437.0,1,50.6091030789826,0
705490,2025-10,Railways,Ministry of Railways,2842,1400.27,516.0,0,49.27058409570725,0
705491,2025-10,Railways,Ministry of Railways,297,134.31,242.0,0,45.22222222222222,0
705492,2025-10,Railways,Ministry of Railways,825,699.12,-123.0,1,84.74181818181819,0
705494,2025-10,Railways,Ministry of Railways,2496,1739.53,-3684.0,1,69.69270833333333,0
705495,2025-10,Railways,Ministry of Railways,1378,716.65,516.0,0,52.00653120464441,0
705496,2025-10,Railways,Ministry of Railways,1876,436.37,-2406.0,1,23.260660980810236,0
705498,2025-10,Railways,Ministry of Railways,793,931.97,426.0,0,117.52459016393443,0
705500,2025-10,Railways,Ministry of Railways,540,779.07,61.0,0,144.2722222222222,1
705502,2025-10,Railways,Ministry of Railways,1385,1705.4,61.0,0,123.13357400722023,0
705503,2025-10,Railways,Ministry of Railways,4028,4924.05,-245.0,1,122.24553128103277,0
705504,2025-10,Railways,Ministry of Railways,2081,2861.77,31.0,0,137.5189812590101,0
705505,2025-10,Railways,Ministry of Railways,638,1010.3,61.0,0,158.35423197492162,1
705506,2025-10,Railways,Ministry of Railways,1035,1726.94,-304.0,1,166.85410628019324,0
705507,2025-10,Railways,Ministry of Railways,2450,1850.73,516.0,0,75.53999999999999,1
705510,2025-10,Railways,Ministry of Railways,1284,1298.0,-335.0,1,101.09034267912773,0
705511,2025-10,Railways,Ministry of Railways,1547,1329.73,-579.0,1,85.95539754363284,0
705512,2025-10,Railways,Ministry of Railways,2500,2023.97,-1310.0,1,80.9588,0
705513,2025-10,Railways,Ministry of Railways,2362,1825.42,761.0,0,77.28281117696866,0
705514,2025-10,Railways,Ministry of Railways,1000,415.46,-2544.0,1,41.546,0
705515,2025-10,Railways,Ministry of Railways,1173,1971.0,151.0,0,168.03069053708438,0
705520,2025-10,Railways,Ministry of Railways,4803,2979.23,-214.0,1,62.02852383926712,0
705526,2025-10,Railways,Ministry of Railways,519,367.57,-214.0,1,70.82273603082851,0
705527,2025-10,Railways,Ministry of Railways,1216,2072.37,54.0,0,170.42516447368422,0
705528,2025-10,Railways,Ministry of Railways,1586,1470.4,-488.0,1,92.71122320302648,0
705562,2025-10,Railways,Ministry of Railways,963,911.66,-248.0,1,94.66874350986501,0
705567,2025-10,Railways,Ministry of Railways,1016,1410.08,-220.0,1,138.78740157480314,0
705572,2025-10,Railways,Ministry of Railways,4060,3727.78,151.0,0,91.81724137931036,0
705583,2025-10,Railways,Ministry of Railways,667,287.26,-945.0,1,43.06746626686657,0
705588,2025-10,Railways,Ministry of Railways,722,1567.0,-214.0,1,217.0360110803324,0
705598,2025-10,Railways,Ministry of Railways,2002,1806.86,-1310.0,1,90.25274725274724,0
705608,2025-10,Railways,Ministry of Railways,4330,2417.11,151.0,0,55.822401847575065,0
705610,2025-10,Railways,Ministry of Railways,302,381.0,61.0,0,126.15894039735099,1
705612,2025-10,Railways,Ministry of Railways,1953,3436.15,-245.0,1,175.942140296979,0
705613,2025-10,Railways,Ministry of Railways,2595,3396.31,-273.0,1,130.87899807321773,0
705616,2025-10,Railways,Ministry of Railways,2140,2196.74,-365.0,1,102.65140186915886,1
705617,2025-10,Railways,Ministry of Railways,3545,3507.04,-304.0,1,98.92919605077573,0
705628,2025-10,Railways,Ministry of Railways,3029,2501.09,-123.0,1,82.57147573456587,0
705629,2025-10,Railways,Ministry of Railways,2400,2311.95,61.0,0,96.33125,0
705632,2025-10,Railways,Ministry of Railways,647,945.51,-292.0,1,146.13755795981453,0
705633,2025-10,Railways,Ministry of Railways,3733,4475.84,61.0,0,119.89927672113583,0
705635,2025-10,Railways,Ministry of Railways,1432,2505.8,-221.0,1,174.98603351955308,0
705638,2025-10,Railways,Ministry of Railways,813,66.7,516.0,0,8.204182041820419,0
705639,2025-10,Railways,Ministry of Railways,601,289.52,882.0,0,48.17304492512479,0
705648,2025-10,Railways,Ministry of Railways,6654,5922.0,-335.0,1,88.99909828674481,1
705650,2025-10,Railways,Ministry of Railways,5060,5246.91,516.0,0,103.69387351778656,0
705651,2025-10,Railways,Ministry of Railways,2478,3330.66,-1310.0,1,134.409200968523,0
705659,2025-10,Railways,Ministry of Railways,500,565.61,151.0,0,113.12200000000001,0
705660,2025-10,Railways,Ministry of Railways,2445,3234.88,56.0,0,132.30593047034765,0
705661,2025-10,Railways,Ministry of Railways,1248,1651.34,-396.0,1,132.31891025641025,0
705662,2025-10,Railways,Ministry of Railways,1878,2684.66,-304.0,1,142.9531416400426,0
705663,2025-10,Railways,Ministry of Railways,493,252.45,120.0,0,51.206896551724135,0
705667,2025-10,Railways,Ministry of Railways,5961,4964.19,-304.0,1,83.2778057372924,0
705668,2025-10,Railways,Ministry of Railways,3250,3176.46,-214.0,1,97.73723076923076,1
705694,2025-10,Railways,Ministry of Railways,188,141.91,-670.0,1,75.48404255319149,0
705708,2025-10,Railways,Ministry of Railways,176,,-579.0,1,,0
705710,2025-10,Railways,Ministry of Railways,336,74.32,-578.0,1,22.119047619047617,0
705712,2025-10,Railways,Ministry of Railways,480,0.33,-488.0,1,0.06875,0
705717,2025-10,Railways,Ministry of Railways,440,390.03,-670.0,1,88.64318181818182,0
705720,2025-10,Railways,Ministry of Railways,384,,-578.0,1,,0
705721,2025-10,Railways,Ministry of Railways,448,,-304.0,1,,1
705722,2025-10,Railways,Ministry of Railways,210,0.02,-488.0,1,0.009523809523809525,0
705726,2025-10,Railways,Ministry of Railways,6339,4166.47,-244.0,1,65.72755955197981,0
705728,2025-10,Railways,Ministry of Railways,108000,82967.9,669.0,0,76.82212962962961,0
705730,2025-10,Railways,Ministry of Railways,4835,4634.68,426.0,0,95.85687693898656,0
705735,2025-10,Railways,Ministry of Railways,905,1153.7,516.0,0,127.48066298342542,0
705741,2025-10,Railways,Ministry of Railways,748,12.06,1004.0,0,1.612299465240642,0
705742,2025-10,Railways,Ministry of Railways,2344,489.57,2830.0,0,20.886092150170647,0
705752,2025-10,Railways,Ministry of Railways,819,384.28,395.0,0,46.92063492063492,0
705761,2025-10,Railways,Ministry of Railways,1454,71.89,761.0,0,4.944291609353508,0
705763,2025-10,Railways,Ministry of Railways,7474,1780.6,1795.0,0,23.82392293283382,0
705764,2025-10,Railways,Ministry of Railways,495,123.77,151.0,0,25.0040404040404,0
705765,2025-10,Railways,Ministry of Railways,686,574.14,146.0,0,83.6938775510204,0
705766,2025-10,Railways,Ministry of Railways,304,231.37,-304.0,1,76.10855263157895,0
705771,2025-10,Railways,Ministry of Railways,494,333.0,151.0,0,67.4089068825911,0
705772,2025-10,Railways,Ministry of Railways,2649,1561.89,426.0,0,58.96149490373727,0
705774,2025-10,Railways,Ministry of Railways,758,387.73,-273.0,1,51.15171503957784,0
705777,2025-10,Railways,Ministry of Railways,250,115.05,120.0,0,46.02,0
705779,2025-10,Railways,Ministry of Railways,1178,1489.5,-304.0,1,126.44312393887947,0
705780,2025-10,Railways,Ministry of Railways,2529,2051.69,-304.0,1,81.12653222617635,1
705782,2025-10,Railways,Ministry of Railways,407,317.0,-214.0,1,77.88697788697789,1
705783,2025-10,Railways,Ministry of Railways,238,134.48,-214.0,1,56.50420168067226,0
705784,2025-10,Railways,Ministry of Railways,357,579.0,-214.0,1,162.18487394957984,0
705785,2025-10,Railways,Ministry of Railways,473,288.59,242.0,0,61.01268498942917,0
705789,2025-10,Railways,Ministry of Railways,308,259.52,151.0,0,84.25974025974025,0
705793,2025-10,Railways,Ministry of Railways,6806,135.65,-579.0,1,1.9930943285336469,1
705794,2025-10,Railways,Ministry of Railways,6685,127.03,-579.0,1,1.900224382946896,0
705799,2025-10,Railways,Ministry of Railways,1400,1472.0,61.0,0,105.14285714285714,0
705912,2025-10,Railways,Ministry of Railways,1204,94.76,516.0,0,7.870431893687709,0
705919,2025-10,Railways,Ministry of Railways,1390,123.0,607.0,0,8.848920863309353,0
705933,2025-10,Railways,Ministry of Railways,1096,1067.49,730.0,0,97.39872262773723,0
706718,2025-10,Aviation & Aviation Infrastructure,Ministry of Civil Aviation,499,155.72,-475.0,1,31.206412825651302,0
706724,2025-10,Aviation & Aviation Infrastructure,Ministry of Civil Aviation,1712,2397.37,-214.0,1,140.03329439252337,1
706757,2025-10,Railways,Ministry of Railways,262,337.45,-214.0,1,128.79770992366412,0
706759,2025-10,Railways,Ministry of Railways,2374,1427.78,-334.0,1,60.142375737152484,0
706763,2025-10,Railways,Ministry of Railways,1081,822.77,365.0,0,76.11193339500463,0
706775,2025-10,Telecommunication,Department of Telecommunications,61109,46431.5,-792.0,1,75.98144299530347,0
706776,2025-10,Railways,Ministry of Railways,4830,2764.13,304.0,0,57.22836438923395,0
706777,2025-10,Railways,Ministry of Railways,2298,393.01,426.0,0,17.102262837249782,1
706779,2025-10,Railways,Ministry of Railways,8087,7364.0,-4232.0,1,91.05972548534686,0
706780,2025-10,Railways,Ministry of Railways,33690,2436.22,791.0,0,7.231285247848025,0
706781,2025-10,Railways,Ministry of Railways,10947,5460.49,-1310.0,1,49.88115465424317,0
706811,2025-10,Steel,Ministry of Steel,2907,3179.93,-854.0,1,109.38871689026487,1
706835,2025-10,Railways,Ministry of Railways,1591,0.38,791.0,0,0.023884349465744813,0
706837,2025-10,Railways,Ministry of Railways,349,106.11,760.0,0,30.404011461318053,0
706844,2025-10,Railways,Ministry of Railways,942,356.0,669.0,0,37.79193205944799,0
706854,2025-10,Railways,Ministry of Railways,1376,139.49,1703.0,0,10.137354651162791,0
706860,2025-10,Railways,Ministry of Railways,645,7.96,-91.0,1,1.2341085271317829,0
706866,2025-10,Railways,Ministry of Railways,304,51.64,151.0,0,16.986842105263158,0
706898,2025-10,Railways,Ministry of Railways,268,0.0,-1675.0,1,0.0,0
706922,2025-10,Railways,Ministry of Railways,890,391.73,-1884.0,1,44.01460674157304,0
706940,2025-10,Railways,Ministry of Railways,184,0.0,-518.0,1,0.0,0
706942,2025-10,Railways,Ministry of Railways,238,0.0,-518.0,1,0.0,0
706950,2025-10,Railways,Ministry of Railways,744,969.05,-945.0,1,130.2486559139785,1
707215,2025-10,"Tourism, Hospitality & Wellness","Ministry of Ports, Shipping and Waterways",573,496.63,-579.0,1,86.6719022687609,1
707229,2025-10,Real Estate,Ministry of Housing & Urban Affairs,210,,-884.0,1,,0
707267,2025-10,Waste & Water,Ministry of Housing & Urban Affairs,200,100.0,-854.0,1,50.0,0
708662,2025-10,Healthcare,"Ministry of Ports, Shipping and Waterways",693,58.0,242.0,0,8.369408369408369,0
709747,2025-10,Electricity Generation,Ministry of Power,339,317.59,61.0,0,93.68436578171091,0
709748,2025-10,Electricity Generation,Ministry of Power,5492,5084.68,-575.0,1,92.58339402767662,0
709749,2025-10,Telecommunication,Department of Telecommunications,461,166.02,-1596.0,1,36.01301518438178,0
709750,2025-10,Oil & Gas,Ministry of Petroleum & Natural Gas,205,56.22,-40.0,1,27.42439024390244,1
709752,2025-10,Oil & Gas,Ministry of Petroleum & Natural Gas,160,92.6,-488.0,1,57.875,0
709753,2025-10,Oil & Gas,Ministry of Petroleum & Natural Gas,1010,692.62,8.0,0,68.57623762376238,1
709754,2025-10,Energy Storage,Ministry of Petroleum & Natural Gas,156,63.31,611.0,0,40.583333333333336,0
709755,2025-10,Energy Storage,Ministry of Petroleum & Natural Gas,384,142.28,611.0,0,37.052083333333336,0
709757,2025-10,Oil & Gas,Ministry of Petroleum & Natural Gas,1377,345.02,1703.0,0,25.0559186637618,0
709758,2025-10,Oil & Gas,Ministry of Petroleum & Natural Gas,2628,348.91,1703.0,0,13.276636225266364,0
709759,2025-10,Energy Storage,Ministry of Petroleum & Natural Gas,461,145.12,401.0,0,31.479392624728852,0
709760,2025-10,Oil & Gas,Ministry of Petroleum & Natural Gas,240,44.87,170.0,0,18.69583333333333,0
709766,2025-10,Oil & Gas,Ministry of Petroleum & Natural Gas,1420,167.02,1612.0,0,11.761971830985916,0
709770,2025-10,Oil & Gas,Ministry of Petroleum & Natural Gas,151,8.75,2891.0,0,5.7947019867549665,0
709771,2025-10,Oil & Gas,Ministry of Petroleum & Natural Gas,865,71.43,2160.0,0,8.257803468208094,0
709772,2025-10,Oil & Gas,Ministry of Petroleum & Natural Gas,609,58.09,2068.0,0,9.538587848932677,0
709773,2025-10,Oil & Gas,Ministry of Petroleum & Natural Gas,538,4.1,2343.0,0,0.7620817843866171,0
709774,2025-10,Oil & Gas,Ministry of Petroleum & Natural Gas,463,285.36,61.0,0,61.63282937365011,1
709776,2025-10,Oil & Gas,Ministry of Petroleum & Natural Gas,277,188.04,334.0,0,67.88447653429603,0
709777,2025-10,Oil & Gas,Ministry of Petroleum & Natural Gas,389,73.97,-184.0,1,19.015424164524422,0
709778,2025-10,Oil & Gas,Ministry of Petroleum & Natural Gas,328,172.32,-84.0,1,52.53658536585366,0
709779,2025-10,Oil & Gas,Ministry of Petroleum & Natural Gas,768,123.97,128.0,0,16.141927083333332,0
709780,2025-10,Oil & Gas,Ministry of Petroleum & Natural Gas,341,289.06,304.0,0,84.7683284457478,0
709781,2025-10,Oil & Gas,Ministry of Petroleum & Natural Gas,260,8.14,607.0,0,3.1307692307692307,0
709782,2025-10,Oil & Gas,Ministry of Petroleum & Natural Gas,165,94.21,-71.0,1,57.096969696969694,0
709783,2025-10,Oil & Gas,Ministry of Petroleum & Natural Gas,165,138.41,-854.0,1,83.88484848484849,0
709785,2025-10,Oil & Gas,Ministry of Petroleum & Natural Gas,202,60.23,100.0,0,29.816831683168317,1
709786,2025-10,Oil & Gas,Ministry of Petroleum & Natural Gas,228,10.8,760.0,0,4.736842105263158,0
709789,2025-10,Oil & Gas,Ministry of Petroleum & Natural Gas,405,214.5,-92.0,1,52.96296296296297,1
709790,2025-10,Oil & Gas,Ministry of Petroleum & Natural Gas,622,203.68,151.0,0,32.7459807073955,0
709791,2025-10,Oil & Gas,Ministry of Petroleum & Natural Gas,1017,194.58,1612.0,0,19.132743362831857,0
709792,2025-10,Oil & Gas,Ministry of Petroleum & Natural Gas,3638,422.37,1612.0,0,11.609950522264981,0
709793,2025-10,Oil & Gas,Ministry of Petroleum & Natural Gas,3919,421.98,1703.0,0,10.767542740495024,0
709794,2025-10,Oil & Gas,Ministry of Petroleum & Natural Gas,3207,348.41,1703.0,0,10.864047396320549,0
709795,2025-10,Oil & Gas,Ministry of Petroleum & Natural Gas,16654,595.93,1703.0,0,3.5782995076257955,0
709796,2025-10,Oil & Gas,Ministry of Petroleum & Natural Gas,3685,244.45,1612.0,0,6.633649932157394,0
709797,2025-10,Oil & Gas,Ministry of Petroleum & Natural Gas,2585,711.91,212.0,0,27.540038684719537,0
709798,2025-10,Oil & Gas,Ministry of Petroleum & Natural Gas,43367,1955.0,943.0,0,4.508036064288514,0
709799,2025-10,Oil & Gas,Ministry of Petroleum & Natural Gas,4460,308.59,730.0,0,6.919058295964126,0
709800,2025-10,Oil & Gas,Ministry of Petroleum & Natural Gas,394,110.87,151.0,0,28.139593908629447,0
709808,2025-10,Railways,Ministry of Railways,955,130.42,669.0,0,13.656544502617798,0
709812,2025-10,Railways,Ministry of Railways,462,92.88,1703.0,0,20.1038961038961,0
709813,2025-10,Railways,Ministry of Railways,437,19.06,973.0,0,4.361556064073226,0
709815,2025-10,Railways,Ministry of Railways,177,,457.0,0,,0
709816,2025-10,Railways,Ministry of Railways,177,1.64,485.0,0,0.9265536723163841,0
709817,2025-10,Railways,Ministry of Railways,169,17.84,395.0,0,10.55621301775148,0
709818,2025-10,Railways,Ministry of Railways,328,56.1,457.0,0,17.103658536585368,0
709819,2025-10,Railways,Ministry of Railways,168,0.09,426.0,0,0.053571428571428575,0
709826,2025-10,Steel,Ministry of Steel,2719,1384.73,92.0,0,50.927914674512685,1
709827,2025-10,Steel,Ministry of Steel,350,294.65,61.0,0,84.18571428571427,1
709830,2025-10,Metals & Mining,Ministry of Mines,355,0.0,395.0,0,0.0,0
709831,2025-10,Metals & Mining,Ministry of Mines,483,411.79,-153.0,1,85.25672877846792,0
709832,2025-10,Metals & Mining,Ministry of Mines,166,135.0,-214.0,1,81.32530120481928,0
709837,2025-10,Oil & Gas,Ministry of Petroleum & Natural Gas,209,70.1,-518.0,1,33.540669856459324,1
709838,2025-10,Oil & Gas,Ministry of Petroleum & Natural Gas,621,137.73,-335.0,1,22.178743961352655,0
709839,2025-10,Oil & Gas,Ministry of Petroleum & Natural Gas,4144,4563.85,0.0,0,110.13151544401545,0
709840,2025-10,Oil & Gas,Ministry of Petroleum & Natural Gas,249,210.42,-263.0,1,84.50602409638553,1
709841,2025-10,Oil & Gas,Ministry of Petroleum & Natural Gas,173,152.39,-105.0,1,88.08670520231213,0
709842,2025-10,Oil & Gas,Ministry of Petroleum & Natural Gas,1487,937.5,516.0,0,63.04640215198386,0
709845,2025-10,Oil & Gas,Ministry of Petroleum & Natural Gas,837,288.4,304.0,0,34.45639187574671,0
709846,2025-10,Oil & Gas,Ministry of Petroleum & Natural Gas,1219,745.0,-534.0,1,61.11566858080394,1
709847,2025-10,Oil & Gas,Ministry of Petroleum & Natural Gas,345,215.98,178.0,0,62.60289855072464,0
709848,2025-10,Oil & Gas,Ministry of Petroleum & Natural Gas,2329,1148.9,200.0,0,49.330184628595966,0
709849,2025-10,Oil & Gas,Ministry of Petroleum & Natural Gas,2380,1806.88,120.0,0,75.91932773109245,1
709850,2025-10,Oil & Gas,Ministry of Petroleum & Natural Gas,199,50.26,197.0,0,25.256281407035175,0
709851,2025-10,Oil & Gas,Ministry of Petroleum & Natural Gas,6184,594.28,546.0,0,9.609961190168177,0
709856,2025-10,Telecommunication,Department of Telecommunications,645,377.27,-426.0,1,58.49147286821705,1
709857,2025-10,Telecommunication,Department of Telecommunications,24545,8448.06,-132.0,1,34.418659604807495,0
709858,2025-10,Telecommunication,Department of Telecommunications,811,786.3,-77.0,1,96.95437731196054,0
709859,2025-10,Telecommunication,Department of Telecommunications,248,236.91,-2083.0,1,95.52822580645162,1
709864,2025-10,Oil & Gas,Ministry of Petroleum & Natural Gas,370,266.35,-471.0,1,71.98648648648648,0
709865,2025-10,Oil & Gas,Ministry of Petroleum & Natural Gas,294,97.22,-304.0,1,33.06802721088435,1
900808,2025-10,Transmission & Distribution,Ministry of Power,3547,3369.59,-335.0,1,94.99830842965888,1
900874,2025-10,Railways,Ministry of Railways,588,0.8,882.0,0,0.1360544217687075,0
400005,2025-11,Transmission & Distribution,Ministry of Power,4546,4318.95,-902.0,1,95.0054993400792,1
400010,2025-11,Aviation & Aviation Infrastructure,Ministry of Civil Aviation,480,483.12,-1538.0,1,100.64999999999999,0
400012,2025-11,Energy Storage,Ministry of Petroleum & Natural Gas,10088,8135.69,-1431.0,1,80.64720459952419,1
400013,2025-11,Telecommunication,Department of Telecommunications,26316,9791.8,-528.0,1,37.20854233166134,0
400018,2025-11,Coal,Ministry of Coal,859,451.93,1217.0,0,52.611175785797435,0
400019,2025-11,Railways,Ministry of Railways,493,288.08,396.0,0,58.4340770791075,0
400022,2025-11,Railways,Ministry of Railways,2798,2037.04,1704.0,0,72.80343102215868,0
400023,2025-11,Railways,Ministry of Railways,749,,882.0,0,,0
400033,2025-11,Coal,Ministry of Coal,581,80.95,852.0,0,13.932874354561104,0
400035,2025-11,Energy Storage,Ministry of Petroleum & Natural Gas,656,519.02,-61.0,1,79.11890243902438,0
400043,2025-11,Energy Storage,Ministry of Petroleum & Natural Gas,829,338.15,182.0,0,40.79010856453558,0
400045,2025-11,Railways,Ministry of Railways,168,69.85,-244.0,1,41.57738095238095,0
400062,2025-11,Electricity Generation,Ministry of Power,17673,1458.01,1308.0,0,8.249929270638827,0
400073,2025-11,Coal,Ministry of Coal,799,429.65,2313.0,0,53.773466833541924,0
400074,2025-11,Coal,Ministry of Coal,908,269.26,1217.0,0,29.65418502202643,0
400077,2025-11,Energy Storage,Ministry of Petroleum & Natural Gas,827,649.51,-334.0,1,78.53808948004837,0
400078,2025-11,Energy Storage,Ministry of Petroleum & Natural Gas,9028,7357.45,-346.0,1,81.49590163934425,0
400081,2025-11,Education,Department of Sports,906,559.27,-461.0,1,61.72958057395144,1
400087,2025-11,Oil & Gas,Ministry of Petroleum & Natural Gas,886,876.84,90.0,0,98.96613995485328,1
400093,2025-11,Water Resources,"Department of Water Resources, River Development & GR",1673,22.24,-2161.0,1,1.3293484757919904,0
400095,2025-11,Water Resources,"Department of Water Resources, River Development & GR",744,365.86,-2161.0,1,49.1747311827957,0
400096,2025-11,Water Resources,"Department of Water Resources, River Development & GR",648,203.06,-2161.0,1,31.33641975308642,0
400097,2025-11,Water Resources,"Department of Water Resources, River Development & GR",5022,4957.08,-2161.0,1,98.70728793309438,0
400100,2025-11,Water Resources,"Department of Water Resources, River Development & GR",353,869.11,-2161.0,1,246.20679886685554,0
400101,2025-11,Water Resources,"Department of Water Resources, River Development & GR",397,619.09,-2161.0,1,155.94206549118388,0
400102,2025-11,Water Resources,"Department of Water Resources, River Development & GR",736,940.7,-2161.0,1,127.8125,0
400103,2025-11,Water Resources,"Department of Water Resources, River Development & GR",1331,4491.08,-2161.0,1,337.42148760330576,0
400104,2025-11,Water Resources,"Department of Water Resources, River Development & GR",571,447.68,-2161.0,1,78.40280210157619,0
400105,2025-11,Water Resources,"Department of Water Resources, River Development & GR",581,713.46,-1249.0,1,122.79862306368332,0
400107,2025-11,Water Resources,"Department of Water Resources, River Development & GR",2408,2579.27,-884.0,1,107.11254152823919,0
400109,2025-11,Water Resources,"Department of Water Resources, River Development & GR",848,690.49,-1979.0,1,81.42570754716981,0
400111,2025-11,Water Resources,"Department of Water Resources, River Development & GR",460,616.93,-2161.0,1,134.11521739130436,0
400112,2025-11,Water Resources,"Department of Water Resources, River Development & GR",7223,9035.2,943.0,0,125.08929807559186,0
400115,2025-11,Water Resources,"Department of Water Resources, River Development & GR",751,783.1,-2161.0,1,104.27430093209055,0
400116,2025-11,Water Resources,"Department of Water Resources, River Development & GR",1229,1937.25,-2161.0,1,157.62815296989424,0
400119,2025-11,Oil & Gas,Ministry of Petroleum & Natural Gas,3191,3122.39,-2771.0,1,97.8498903165152,0
400120,2025-11,Oil & Gas,Ministry of Petroleum & Natural Gas,34012,32250.0,-1979.0,1,94.81947547924263,0
400121,2025-11,Steel,Ministry of Steel,1044,320.8,268.0,0,30.727969348659006,0
400136,2025-11,Coal,Ministry of Coal,2660,6.59,2313.0,0,0.24774436090225566,0
400138,2025-11,Coal,Ministry of Coal,974,440.75,2313.0,0,45.25154004106776,0
400139,2025-11,Coal,Ministry of Coal,861,455.95,2313.0,0,52.95586527293844,0
400141,2025-11,Metals & Mining,Ministry of Mines,4103,4310.44,-1065.0,1,105.05581281988788,1
400142,2025-11,Coal,Ministry of Coal,2243,1231.67,1035.0,0,54.91172536781097,0
400144,2025-11,Coal,Ministry of Coal,2310,88.94,1217.0,0,3.8502164502164504,0
400148,2025-11,Coal,Ministry of Coal,869,278.42,-1705.0,1,32.03912543153049,0
400149,2025-11,Coal,Ministry of Coal,2310,939.29,1217.0,0,40.66190476190476,0
400150,2025-11,Coal,Ministry of Coal,7254,1600.77,852.0,0,22.067411083540115,0
400151,2025-11,Coal,Ministry of Coal,779,696.05,1217.0,0,89.3517329910141,0
400152,2025-11,Coal,Ministry of Coal,1249,498.36,121.0,0,39.90072057646117,0
400153,2025-11,Coal,Ministry of Coal,1020,84.74,852.0,0,8.3078431372549,0
400154,2025-11,Coal,Ministry of Coal,713,236.58,486.0,0,33.180925666199165,0
400155,2025-11,Coal,Ministry of Coal,2898,185.06,1947.0,0,6.3857832988267775,0
400156,2025-11,Coal,Ministry of Coal,5136,1189.84,852.0,0,23.166666666666664,0
400160,2025-11,Coal,Ministry of Coal,511,488.69,-3531.0,1,95.63405088062622,0
400161,2025-11,Oil & Gas,Ministry of Petroleum & Natural Gas,911,1051.0,-669.0,1,115.36772777167947,1
400162,2025-11,Coal,Ministry of Coal,999,476.83,-975.0,1,47.73073073073073,0
400165,2025-11,Coal,Ministry of Coal,1694,1324.37,2336.0,0,78.18004722550177,0
400166,2025-11,Coal,Ministry of Coal,5195,3460.35,1217.0,0,66.60923965351299,0
400167,2025-11,Oil & Gas,Ministry of Petroleum & Natural Gas,1163,1140.98,121.0,0,98.10662080825452,0
400168,2025-11,Oil & Gas,Ministry of Petroleum & Natural Gas,8797,7212.88,-236.0,1,81.99249744230987,1
400169,2025-11,Oil & Gas,Ministry of Petroleum & Natural Gas,631,572.91,-244.0,1,90.79397781299524,1
400171,2025-11,Oil & Gas,Ministry of Petroleum & Natural Gas,1421,1207.72,-1016.0,1,84.99085151301901,0
400172,2025-11,Coal,Ministry of Coal,514,230.12,121.0,0,44.7704280155642,0
400173,2025-11,Coal,Ministry of Coal,889,117.17,121.0,0,13.179977502812148,0
400174,2025-11,Steel,Ministry of Steel,1034,885.61,-2952.0,1,85.64893617021276,0
400177,2025-11,Coal,Ministry of Coal,727,539.9,-244.0,1,74.26409903713892,0
400178,2025-11,Coal,Ministry of Coal,823,622.29,486.0,0,75.61239368165249,0
400180,2025-11,Coal,Ministry of Coal,570,82.77,121.0,0,14.521052631578947,0
400181,2025-11,Coal,Ministry of Coal,503,71.34,1217.0,0,14.182902584493043,0
400182,2025-11,Coal,Ministry of Coal,535,5.28,486.0,0,0.9869158878504672,0
400183,2025-11,Coal,Ministry of Coal,3504,924.23,1217.0,0,26.37642694063927,0
400185,2025-11,Coal,Ministry of Coal,8416,1742.12,1582.0,0,20.70009505703422,0
400186,2025-11,Coal,Ministry of Coal,749,52.86,1217.0,0,7.057409879839787,0
400187,2025-11,Coal,Ministry of Coal,2435,1840.93,486.0,0,75.60287474332648,0
400188,2025-11,Real Estate,Ministry of Housing & Urban Affairs,32850,0.0,31.0,0,0.0,0
400192,2025-11,Coal,Ministry of Power,1581,598.62,182.0,0,37.86337760910816,0
400203,2025-11,Railways,Ministry of Coal,1686,439.98,396.0,0,26.096085409252673,0
400204,2025-11,Railways,Ministry of Railways,4940,1253.71,1795.0,0,25.378744939271257,0
400205,2025-11,Railways,Ministry of Railways,1320,485.96,1217.0,0,36.81515151515151,0
400220,2025-11,Railways,Ministry of Railways,3055,2624.33,-2618.0,1,85.90278232405892,0
400223,2025-11,Railways,Ministry of Railways,713,598.38,481.0,0,83.92426367461431,0
400231,2025-11,Electricity Generation,Ministry of Coal,27213,2550.76,1582.0,0,9.37331422481902,0
400232,2025-11,Railways,Ministry of Railways,297,209.57,391.0,0,70.56228956228956,0
400234,2025-11,Railways,Ministry of Railways,8975,4950.0,121.0,0,55.15320334261838,1
400235,2025-11,Energy Storage,Ministry of Petroleum & Natural Gas,677,559.45,-244.0,1,82.63663220088627,0
400247,2025-11,Railways,Ministry of Railways,1000,1053.99,455.0,0,105.399,0
400253,2025-11,Railways,Ministry of Railways,4803,5722.01,26.0,0,119.13408286487612,1
400254,2025-11,Railways,Ministry of Railways,735,588.66,-334.0,1,80.08979591836734,0
400259,2025-11,Electricity Generation,Ministry of Coal,17238,20711.5,-1830.0,1,120.15024944889198,0
400261,2025-11,Electricity Generation,Ministry of Power,18668,17928.6,-975.0,1,96.03921148489393,1
400271,2025-11,Railways,Ministry of Railways,3445,3002.93,-247.0,1,87.16777939042089,0
400273,2025-11,Railways,Ministry of Railways,1189,1330.49,-2436.0,1,111.89991589571069,0
400275,2025-11,Railways,Ministry of Railways,3631,1113.53,-75.0,1,30.667309281189752,0
400277,2025-11,Railways,Ministry of Railways,8964,8316.32,31.0,0,92.77465417224452,0
400280,2025-11,Railways,Ministry of Railways,734,475.73,-129.0,1,64.8133514986376,0
400291,2025-11,Railways,Ministry of Railways,1589,1576.81,-2070.0,1,99.23285084959093,1
400298,2025-11,Railways,Ministry of Railways,2312,2421.35,547.0,0,104.72967128027682,0
400299,2025-11,Metals & Mining,Ministry of Mines,1381,650.04,-244.0,1,47.07023895727733,0
400301,2025-11,Energy Storage,Ministry of Petroleum & Natural Gas,678,838.07,-3200.0,1,123.60914454277288,0
400312,2025-11,Coal,Ministry of Coal,1210,542.09,1217.0,0,44.80082644628099,0
400313,2025-11,Coal,Ministry of Coal,2662,792.45,-2303.0,1,29.768970698722768,0
400315,2025-11,Coal,Ministry of Coal,5366,586.07,1217.0,0,10.921915765933656,0
400321,2025-11,Coal,Ministry of Coal,1730,841.25,-244.0,1,48.627167630057805,0
400352,2025-11,Coal,Ministry of Coal,765,145.81,1947.0,0,19.060130718954248,0
400353,2025-11,Coal,Ministry of Coal,711,169.24,852.0,0,23.80309423347398,0
400354,2025-11,Coal,Ministry of Coal,5241,2847.64,1217.0,0,54.333905743178775,0
400369,2025-11,Coal,Ministry of Coal,836,812.73,-609.0,1,97.21650717703349,0
400382,2025-11,Shipping,"Ministry of Ports, Shipping and Waterways",6000,5999.89,-975.0,1,99.99816666666668,0
400392,2025-11,Coal,Ministry of Coal,2839,1673.58,1217.0,0,58.94963015146178,0
400416,2025-11,Railways,Ministry of Coal,1800,1489.74,-153.0,1,82.76333333333334,0
400424,2025-11,Coal,Ministry of Coal,11816,6710.57,-975.0,1,56.792230873392015,0
400425,2025-11,Coal,Ministry of Coal,1230,633.27,-2436.0,1,51.485365853658536,1
400426,2025-11,Metals & Mining,Ministry of Mines,1856,947.42,-2040.0,1,51.04633620689655,0
602096,2025-11,Electricity Generation,Ministry of Power,6285,25415.2,-5562.0,1,404.3786793953858,0
602098,2025-11,Education,Department of Higher Education,425,484.52,-884.0,1,114.00470588235294,0
602099,2025-11,Education,Department of Higher Education,393,327.78,-761.0,1,83.40458015267174,1
602181,2025-11,Electricity Generation,Ministry of Power,5748,3887.11,-633.0,1,67.62543493389005,0
602182,2025-11,Electricity Generation,Ministry of Power,31876,3776.74,2279.0,0,11.848224369431547,0
602184,2025-11,Electricity Generation,Ministry of Power,1382,1393.94,-2253.0,1,100.86396526772793,0
602185,2025-11,Electricity Generation,Ministry of Power,2978,7291.0,-4627.0,1,244.82874412357285,0
602193,2025-11,Electricity Generation,Ministry of Power,4826,8169.51,-1263.0,1,169.28118524658103,1
602195,2025-11,Electricity Generation,Ministry of Power,3860,5328.31,-1081.0,1,138.03911917098446,1
602223,2025-11,Transmission & Distribution,Ministry of Power,4754,7778.18,-2538.0,1,163.613378207825,0
602525,2025-11,Electricity Generation,Ministry of Power,8112,7785.72,-2043.0,1,95.97781065088758,0
602532,2025-11,Electricity Generation,Ministry of Power,4288,3186.98,-815.0,1,74.3232276119403,0
602535,2025-11,Electricity Generation,Ministry of Power,5282,1298.42,72.0,0,24.581976524043924,0
602538,2025-11,Electricity Generation,Ministry of Power,1037,1111.01,-678.0,1,107.13693346190935,1
602579,2025-11,Electricity Generation,Ministry of Power,10439,12691.9,-692.0,1,121.58156911581568,0
602582,2025-11,Electricity Generation,Ministry of Power,688,997.55,-25.0,1,144.99273255813955,0
602593,2025-11,Electricity Generation,Ministry of Power,1811,1818.61,50.0,0,100.42020982882384,0
602633,2025-11,Electricity Generation,Ministry of Power,2615,495.57,486.0,0,18.951051625239003,0
602792,2025-11,Railways,Ministry of Railways,1171,377.41,-275.0,1,32.22971818958156,0
602797,2025-11,Railways,Ministry of Railways,462,193.39,486.0,0,41.85930735930736,0
602961,2025-11,Electricity Generation,Ministry of Power,11844,5042.25,547.0,0,42.57218844984803,0
603293,2025-11,Coal,Ministry of Power,502,388.29,11354.0,0,77.34860557768924,0
603945,2025-11,Water Resources,"Department of Water Resources, River Development & GR",567,2715.12,-2161.0,1,478.85714285714283,0
604791,2025-11,Oil & Gas,Ministry of Petroleum & Natural Gas,12366,17836.5,-491.0,1,144.23823386705484,1
604795,2025-11,Oil & Gas,Ministry of Petroleum & Natural Gas,31580,1397.8,-181.0,1,4.426219126029133,0
604833,2025-11,Energy Storage,Ministry of Petroleum & Natural Gas,281,243.11,-183.0,1,86.51601423487546,0
604852,2025-11,Energy Storage,Ministry of Petroleum & Natural Gas,980,234.6,365.0,0,23.93877551020408,0
604853,2025-11,Oil & Gas,Ministry of Petroleum & Natural Gas,2282,1850.35,-1065.0,1,81.08457493426819,0
604859,2025-11,Oil & Gas,Ministry of Petroleum & Natural Gas,13805,8552.2,-669.0,1,61.950018109380665,0
604863,2025-11,Oil & Gas,Ministry of Petroleum & Natural Gas,683,491.68,-2101.0,1,71.9882869692533,1
605155,2025-11,Electricity Generation,Ministry of Power,4526,1140.08,345.0,0,25.189571365444095,0
605156,2025-11,Electricity Generation,Ministry of Power,938,1488.78,-550.0,1,158.7185501066098,0
605292,2025-11,Education,Department of Higher Education,348,290.39,-884.0,1,83.44540229885057,1
606013,2025-11,Education,Department of Higher Education,499,444.87,-487.0,1,89.15230460921843,0
606112,2025-11,Education,Department of Higher Education,154,125.03,-753.0,1,81.18831168831169,0
606431,2025-11,Education,Department of Higher Education,1006,652.05,-1272.0,1,64.81610337972167,0
606479,2025-11,Education,Department of Higher Education,246,199.71,-1157.0,1,81.1829268292683,0
607701,2025-11,Oil & Gas,Ministry of Petroleum & Natural Gas,412,451.05,-761.0,1,109.47815533980582,0
607709,2025-11,Transmission & Distribution,Ministry of Power,5111,5410.25,-2526.0,1,105.85501858736059,0
609019,2025-11,Education,Department of Higher Education,500,390.6,-975.0,1,78.12,0
609424,2025-11,Shipping,"Ministry of Ports, Shipping and Waterways",4244,817.98,468.0,0,19.273798303487276,0
609736,2025-11,Education,Department of Higher Education,314,238.22,-330.0,1,75.86624203821655,0
609996,2025-11,Education,Department of Higher Education,262,194.13,-403.0,1,74.09541984732824,0
610315,2025-11,Education,Department of Higher Education,1229,835.6,-1705.0,1,67.99023596419855,0
610984,2025-11,Oil & Gas,Ministry of Petroleum & Natural Gas,431,227.0,-679.0,1,52.66821345707656,0
611016,2025-11,Coal,Ministry of Coal,385,357.14,-1887.0,1,92.76363636363637,1
611017,2025-11,Coal,Ministry of Coal,334,148.72,-2771.0,1,44.52694610778443,1
611047,2025-11,Aviation & Aviation Infrastructure,Ministry of Civil Aviation,861,229.1,203.0,0,26.608594657375146,0
611142,2025-11,Inland Waterways,"Ministry of Ports, Shipping and Waterways",177,383.41,-853.0,1,216.61581920903959,0
611452,2025-11,Railways,Ministry of Railways,311,263.42,31.0,0,84.70096463022509,0
611495,2025-11,Aviation & Aviation Infrastructure,Ministry of Civil Aviation,1549,340.78,399.0,0,21.999999999999996,0
611509,2025-11,Electricity Generation,Ministry of Power,14358,1450.04,1200.0,0,10.0991781585179,0
611570,2025-11,Aviation & Aviation Infrastructure,Ministry of Civil Aviation,500,339.1,-80.0,1,67.82000000000001,0
611586,2025-11,Electricity Generation,Ministry of Power,2615,1015.36,855.0,0,38.8282982791587,0
611602,2025-11,Aviation & Aviation Infrastructure,Ministry of Civil Aviation,1207,193.59,-122.0,1,16.03893951946976,1
611657,2025-11,Transmission & Distribution,Ministry of Power,2821,2783.19,-244.0,1,98.65969514356611,1
611669,2025-11,Railways,Ministry of Railways,380,24.53,486.0,0,6.455263157894738,1
611698,2025-11,Electricity Generation,Ministry of Power,1939,64.76,1337.0,0,3.339865910263022,0
611699,2025-11,Electricity Generation,Ministry of Power,1750,63.73,1337.0,0,3.6417142857142855,0
611735,2025-11,Transmission & Distribution,Ministry of Power,331,139.02,-244.0,1,42.00000000000001,0
611751,2025-11,Railways,Ministry of Railways,961,555.02,486.0,0,57.75442247658689,0
611752,2025-11,Railways,Ministry of Railways,352,18.0,486.0,0,5.113636363636364,0
611754,2025-11,Railways,Ministry of Railways,293,0.0,243.0,0,0.0,0
611849,2025-11,Railways,Ministry of Railways,969,151.53,914.0,0,15.637770897832818,0
611861,2025-11,Railways,Ministry of Railways,352,275.26,577.0,0,78.19886363636364,0
611864,2025-11,Coal,Ministry of Coal,4012,414.41,1582.0,0,10.32926221335992,0
611884,2025-11,Railways,Ministry of Railways,471,219.67,821.0,0,46.639065817409765,0
611917,2025-11,Oil & Gas,Ministry of Petroleum & Natural Gas,1459,1418.65,-244.0,1,97.23440712816999,0
611918,2025-11,Railways,Ministry of Railways,468,20.28,485.0,0,4.333333333333334,0
611927,2025-11,Railways,Ministry of Railways,561,276.66,-700.0,1,49.31550802139038,0
611929,2025-11,Railways,Ministry of Railways,167,0.0,-336.0,1,0.0,0
611930,2025-11,Electricity Generation,Ministry of Power,15530,3131.26,943.0,0,20.162652929813266,1
611943,2025-11,Railways,Ministry of Railways,410,7.0,792.0,0,1.707317073170732,0
611944,2025-11,Railways,Ministry of Railways,152,102.65,121.0,0,67.53289473684211,0
611945,2025-11,Railways,Ministry of Railways,307,13.59,1643.0,0,4.4267100977198695,0
611947,2025-11,Transmission & Distribution,Ministry of Power,428,308.38,-168.0,1,72.05140186915888,0
611948,2025-11,Transmission & Distribution,Ministry of Power,2211,1975.34,-214.0,1,89.34147444595204,1
611949,2025-11,Transmission & Distribution,Ministry of Power,1796,1580.49,-214.0,1,88.00055679287306,1
611950,2025-11,Transmission & Distribution,Ministry of Power,2191,2000.84,-214.0,1,91.32085805568234,1
611951,2025-11,Transmission & Distribution,Ministry of Power,689,668.0,-275.0,1,96.9521044992743,1
611957,2025-11,Education,Department of Higher Education,496,38.62,446.0,0,7.786290322580644,0
611963,2025-11,Education,Department of Higher Education,651,195.52,669.0,0,30.03379416282642,0
611966,2025-11,Transmission & Distribution,Ministry of Power,224,89.66,-144.0,1,40.026785714285715,0
611967,2025-11,Transmission & Distribution,Ministry of Power,1249,1023.92,-61.0,1,81.97918334667735,0
611970,2025-11,Railways,Ministry of Railways,670,45.02,1582.0,0,6.719402985074627,0
611971,2025-11,Railways,Ministry of Railways,350,67.73,1582.0,0,19.35142857142857,0
611974,2025-11,Railways,Ministry of Railways,1430,230.24,395.0,0,16.1006993006993,1
611977,2025-11,Railways,Ministry of Railways,487,108.69,-275.0,1,22.318275154004105,0
611978,2025-11,Railways,Ministry of Railways,158,47.31,-244.0,1,29.943037974683545,0
611979,2025-11,Railways,Ministry of Railways,250,103.21,-153.0,1,41.284,0
612072,2025-11,Railways,Ministry of Railways,962,359.61,486.0,0,37.381496881496886,0
612096,2025-11,Railways,Ministry of Railways,1209,405.31,486.0,0,33.52440033085195,0
612128,2025-11,Education,Department of Higher Education,167,85.92,116.0,0,51.449101796407184,0
612132,2025-11,Transmission & Distribution,Ministry of Power,2000,1528.4,-114.0,1,76.42,0
612133,2025-11,Transmission & Distribution,Ministry of Power,2056,1603.68,26.0,0,78.0,0
612134,2025-11,Transmission & Distribution,Ministry of Power,2998,2098.83,26.0,0,70.00767178118745,0
612138,2025-11,Transmission & Distribution,Ministry of Power,2148,1505.69,70.0,0,70.09729981378027,0
612139,2025-11,Transmission & Distribution,Ministry of Power,3752,2025.98,25.0,0,53.99733475479744,0
612140,2025-11,Transmission & Distribution,Ministry of Power,2889,1733.63,25.0,0,60.0079612322603,0
612142,2025-11,Electricity Generation,Ministry of Power,17195,2211.69,1551.0,0,12.862401861006106,0
612151,2025-11,Transmission & Distribution,Ministry of Power,334,207.08,-122.0,1,62.0,0
612167,2025-11,Healthcare,Ministry of Labour and Employment,384,105.0,-52.0,1,27.34375,1
612178,2025-11,Healthcare,Ministry of Labour and Employment,153,107.83,-171.0,1,70.47712418300654,1
612183,2025-11,Aviation & Aviation Infrastructure,Ministry of Civil Aviation,1413,,669.0,0,,0
612185,2025-11,Healthcare,Ministry of Labour and Employment,209,185.96,-180.0,1,88.97607655502394,0
612186,2025-11,Healthcare,Ministry of Labour and Employment,558,60.66,94.0,0,10.870967741935484,0
612188,2025-11,Healthcare,Ministry of Labour and Employment,429,282.09,-72.0,1,65.75524475524475,1
612194,2025-11,Aviation & Aviation Infrastructure,Ministry of Civil Aviation,912,227.32,223.0,0,24.92543859649123,0
612201,2025-11,Healthcare,Ministry of Labour and Employment,143,101.83,-232.0,1,71.20979020979021,1
612211,2025-11,Healthcare,Ministry of Labour and Employment,206,31.49,-56.0,1,15.28640776699029,0
612213,2025-11,Healthcare,Ministry of Labour and Employment,195,114.39,-91.0,1,58.66153846153846,0
612259,2025-11,Healthcare,Ministry of Labour and Employment,102,321.82,-396.0,1,315.5098039215686,0
612513,2025-11,Healthcare,Ministry of Labour and Employment,165,16.4,556.0,0,9.939393939393938,0
612745,2025-11,Healthcare,Ministry of Labour and Employment,278,27.8,408.0,0,10.0,1
612748,2025-11,Healthcare,Ministry of Labour and Employment,151,0.0,455.0,0,0.0,0
612781,2025-11,Steel,Ministry of Steel,917,154.56,373.0,0,16.85496183206107,0
612786,2025-11,Aviation & Aviation Infrastructure,Ministry of Civil Aviation,266,76.65,58.0,0,28.815789473684212,1
612787,2025-11,Aviation & Aviation Infrastructure,Ministry of Civil Aviation,320,89.99,52.0,0,28.121874999999996,1
612788,2025-11,Aviation & Aviation Infrastructure,Ministry of Civil Aviation,322,140.51,33.0,0,43.63664596273292,1
612789,2025-11,Aviation & Aviation Infrastructure,Ministry of Civil Aviation,485,96.26,-63.0,1,19.84742268041237,1
612790,2025-11,Oil & Gas,Ministry of Petroleum & Natural Gas,385,164.35,-13.0,1,42.688311688311686,0
612791,2025-11,Aviation & Aviation Infrastructure,Ministry of Civil Aviation,328,109.61,-293.0,1,33.417682926829265,0
612793,2025-11,Aviation & Aviation Infrastructure,Ministry of Civil Aviation,323,38.7,68.0,0,11.981424148606813,1
612815,2025-11,Railways,Ministry of Railways,170,1.34,486.0,0,0.788235294117647,0
612816,2025-11,Coal,Ministry of Coal,929,69.49,1582.0,0,7.480086114101184,0
612819,2025-11,Electricity Generation,Ministry of Coal,1813,1393.34,-429.0,1,76.8527302813017,0
612827,2025-11,Railways,Ministry of Railways,184,5.15,516.0,0,2.798913043478261,0
612834,2025-11,Railways,Ministry of Railways,252,91.45,28.0,0,36.28968253968254,0
612851,2025-11,Education,Department of Higher Education,333,296.45,-61.0,1,89.02402402402402,0
612853,2025-11,Oil & Gas,Ministry of Petroleum & Natural Gas,522,233.4,223.0,0,44.712643678160916,0
612855,2025-11,Transmission & Distribution,Ministry of Power,679,142.59,181.0,0,21.0,0
612856,2025-11,Transmission & Distribution,Ministry of Power,164,88.34,-65.0,1,53.86585365853659,1
612876,2025-11,Education,Department of Higher Education,474,167.55,1492.0,0,35.348101265822784,0
612877,2025-11,Education,Department of Higher Education,618,529.94,-334.0,1,85.75080906148868,1
612883,2025-11,Education,Department of Higher Education,686,121.56,804.0,0,17.720116618075803,0
612885,2025-11,Education,Department of Higher Education,495,422.07,-1340.0,1,85.26666666666667,1
612894,2025-11,Education,Department of Higher Education,252,183.56,-377.0,1,72.84126984126983,1
612898,2025-11,Education,Department of Higher Education,593,550.61,274.0,0,92.85160202360878,0
612916,2025-11,Education,Department of Higher Education,491,314.51,-244.0,1,64.05498981670061,0
613002,2025-11,Railways,Ministry of Railways,842,340.0,121.0,0,40.38004750593824,0
613003,2025-11,Railways,Ministry of Railways,1686,288.83,274.0,0,17.131079478054566,0
613008,2025-11,Education,Department of Higher Education,305,19.96,573.0,0,6.5442622950819676,0
613013,2025-11,Education,Department of Higher Education,276,261.24,31.0,0,94.65217391304348,0
613015,2025-11,Railways,Ministry of Railways,1813,614.86,486.0,0,33.91395477109763,0
613785,2025-11,Railways,Ministry of Railways,4744,129.61,1127.0,0,2.7320826306914,0
613786,2025-11,Railways,Ministry of Railways,2379,753.62,852.0,0,31.67801597309794,0
613787,2025-11,Water Resources,"Department of Water Resources, River Development & GR",2584,968.52,1306.0,0,37.48142414860681,0
613793,2025-11,Coal,Ministry of Coal,484,60.99,121.0,0,12.601239669421489,0
613794,2025-11,Coal,Ministry of Coal,389,132.48,852.0,0,34.056555269922875,0
613798,2025-11,Coal,Ministry of Coal,336,88.24,121.0,0,26.26190476190476,0
613799,2025-11,Coal,Ministry of Coal,316,188.72,121.0,0,59.72151898734177,0
613800,2025-11,Coal,Ministry of Coal,459,274.35,-244.0,1,59.77124183006537,0
613801,2025-11,Coal,Ministry of Coal,410,182.83,121.0,0,44.59268292682927,0
613802,2025-11,Coal,Ministry of Coal,371,144.61,121.0,0,38.97843665768194,1
613803,2025-11,Coal,Ministry of Coal,367,34.1,1217.0,0,9.291553133514986,0
613804,2025-11,Coal,Ministry of Coal,314,6.84,486.0,0,2.178343949044586,0
613808,2025-11,Coal,Ministry of Coal,340,191.0,-4232.0,1,56.1764705882353,0
615183,2025-11,Coal,Ministry of Coal,492,247.06,-244.0,1,50.21544715447155,0
615184,2025-11,Coal,Ministry of Coal,229,143.48,852.0,0,62.65502183406113,0
615185,2025-11,Coal,Ministry of Coal,399,93.52,486.0,0,23.43859649122807,0
615186,2025-11,Coal,Ministry of Coal,319,91.6,121.0,0,28.71473354231975,0
615187,2025-11,Coal,Ministry of Coal,221,,1217.0,0,,0
615188,2025-11,Coal,Ministry of Coal,402,60.07,486.0,0,14.942786069651742,0
615189,2025-11,Coal,Ministry of Coal,362,77.54,121.0,0,21.41988950276243,0
615190,2025-11,Coal,Ministry of Coal,336,26.98,1217.0,0,8.029761904761905,0
615191,2025-11,Coal,Ministry of Coal,329,61.34,1217.0,0,18.64437689969605,0
615192,2025-11,Coal,Ministry of Coal,310,45.87,121.0,0,14.796774193548387,0
615193,2025-11,Coal,Ministry of Coal,479,274.63,-2436.0,1,57.334029227557416,0
615194,2025-11,Coal,Ministry of Coal,207,27.19,1947.0,0,13.135265700483092,0
615195,2025-11,Coal,Ministry of Coal,166,5.12,852.0,0,3.0843373493975905,0
615199,2025-11,Coal,Ministry of Coal,199,10.55,486.0,0,5.301507537688443,0
615202,2025-11,Metals & Mining,Ministry of Steel,1700,142.16,1127.0,0,8.362352941176471,0
615206,2025-11,Coal,Ministry of Coal,414,14.41,121.0,0,3.4806763285024154,0
615327,2025-11,Electricity Generation,Ministry of Coal,218,164.7,-244.0,1,75.55045871559632,0
615330,2025-11,Coal,Ministry of Coal,361,0.02,1217.0,0,0.0055401662049861505,0
615331,2025-11,Coal,Ministry of Coal,497,0.08,1582.0,0,0.01609657947686117,0
615332,2025-11,Transmission & Distribution,Ministry of Power,3279,1040.75,265.0,0,31.739859713327235,0
615333,2025-11,Transmission & Distribution,Ministry of Power,2227,801.72,264.0,0,36.0,0
615334,2025-11,Transmission & Distribution,Ministry of Power,3251,1137.85,261.0,0,35.0,0
615335,2025-11,Transmission & Distribution,Ministry of Power,1382,201.08,272.0,0,14.549927641099854,0
615337,2025-11,Transmission & Distribution,Ministry of Power,369,113.89,89.0,0,30.864498644986448,0
615338,2025-11,Transmission & Distribution,Ministry of Power,2735,533.05,341.0,0,19.489945155393052,0
615339,2025-11,Transmission & Distribution,Ministry of Power,5969,698.04,346.0,0,11.694421176076395,0
615340,2025-11,Transmission & Distribution,Ministry of Power,5357,666.56,346.0,0,12.44278514093709,0
615342,2025-11,Transmission & Distribution,Ministry of Power,329,13.17,226.0,0,4.003039513677812,0
615343,2025-11,Transmission & Distribution,Ministry of Power,501,8.11,341.0,0,1.6187624750499001,0
615344,2025-11,Transmission & Distribution,Ministry of Power,3674,808.28,318.0,0,22.0,0
615345,2025-11,Transmission & Distribution,Ministry of Power,4766,762.56,318.0,0,15.999999999999998,0
615346,2025-11,Transmission & Distribution,Ministry of Power,2708,1056.12,261.0,0,38.99999999999999,0
615347,2025-11,Transmission & Distribution,Ministry of Power,24819,1985.98,1265.0,0,8.001853418751763,0
615349,2025-11,Coal,Ministry of Coal,230,22.02,852.0,0,9.57391304347826,0
615818,2025-11,Coal,Ministry of Coal,298,46.95,-244.0,1,15.75503355704698,0
615820,2025-11,Coal,Ministry of Coal,160,81.47,2042.0,0,50.91875,0
615821,2025-11,Coal,Ministry of Coal,289,105.61,1823.0,0,36.543252595155714,0
615822,2025-11,Coal,Ministry of Coal,223,140.58,852.0,0,63.040358744394624,0
615843,2025-11,Coal,Ministry of Coal,244,49.54,-244.0,1,20.30327868852459,0
615857,2025-11,Coal,Ministry of Coal,494,491.33,121.0,0,99.45951417004049,0
615858,2025-11,Coal,Ministry of Coal,384,284.06,121.0,0,73.97395833333333,0
615860,2025-11,Coal,Ministry of Coal,607,191.78,-244.0,1,31.59472817133443,0
615861,2025-11,Coal,Ministry of Coal,425,405.0,-244.0,1,95.29411764705881,0
615862,2025-11,Coal,Ministry of Coal,346,76.19,121.0,0,22.020231213872833,0
615863,2025-11,Coal,Ministry of Coal,484,477.14,121.0,0,98.58264462809917,0
615865,2025-11,Coal,Ministry of Coal,442,230.28,-244.0,1,52.09954751131222,0
615914,2025-11,Coal,Ministry of Coal,185,14.48,1217.0,0,7.827027027027027,0
615916,2025-11,Coal,Ministry of Coal,1225,80.14,1582.0,0,6.54204081632653,0
615917,2025-11,Coal,Ministry of Coal,973,0.67,1582.0,0,0.06885919835560124,0
615918,2025-11,Coal,Ministry of Coal,405,12.39,852.0,0,3.0592592592592593,0
615919,2025-11,Coal,Ministry of Coal,1025,175.93,1217.0,0,17.16390243902439,0
615982,2025-11,Coal,Ministry of Coal,320,185.91,-1340.0,1,58.096875000000004,0
616044,2025-11,Coal,Ministry of Coal,237,165.76,-1705.0,1,69.94092827004219,0
616050,2025-11,Coal,Ministry of Coal,236,131.81,-609.0,1,55.851694915254235,0
616223,2025-11,Coal,Ministry of Coal,316,208.63,-609.0,1,66.02215189873417,0
616225,2025-11,Coal,Ministry of Coal,979,,4139.0,0,,0
616226,2025-11,Coal,Ministry of Coal,3564,592.57,2678.0,0,16.626543209876544,0
616227,2025-11,Railways,Ministry of Railways,1932,0.3,1400.0,0,0.015527950310559006,0
616229,2025-11,Coal,Ministry of Coal,669,1.19,1217.0,0,0.17787742899850523,0
616230,2025-11,Coal,Ministry of Coal,1194,9.53,4139.0,0,0.7981574539363484,0
616231,2025-11,Coal,Ministry of Coal,5366,468.15,2678.0,0,8.724375698844575,0
616232,2025-11,Coal,Ministry of Coal,1562,272.99,1217.0,0,17.47695262483995,0
616233,2025-11,Coal,Ministry of Coal,978,212.94,1582.0,0,21.773006134969325,0
616234,2025-11,Coal,Ministry of Coal,1725,15.66,2678.0,0,0.9078260869565218,0
616235,2025-11,Energy Storage,Ministry of Petroleum & Natural Gas,240,72.26,121.0,0,30.108333333333338,0
616236,2025-11,Coal,Ministry of Coal,414,85.6,1217.0,0,20.67632850241546,0
616253,2025-11,Coal,Ministry of Coal,5851,20.32,1217.0,0,0.347291061357033,0
616254,2025-11,Oil & Gas,Ministry of Petroleum & Natural Gas,2212,22.57,649.0,0,1.0203435804701626,0
616586,2025-11,Railways,Ministry of Railways,2269,4.08,1492.0,0,0.17981489643014545,0
616587,2025-11,Railways,Ministry of Railways,1876,1.04,1492.0,0,0.055437100213219626,0
616588,2025-11,Railways,Ministry of Railways,1459,3.33,1492.0,0,0.22823851953392735,0
616594,2025-11,Waste & Water,"Department of Water Resources, River Development & GR",842,208.64,-214.0,1,24.779097387173397,1
616600,2025-11,Waste & Water,"Department of Water Resources, River Development & GR",413,126.67,-297.0,1,30.670702179176757,1
616604,2025-11,Waste & Water,"Department of Water Resources, River Development & GR",155,96.17,-245.0,1,62.04516129032258,1
616605,2025-11,Waste & Water,"Department of Water Resources, River Development & GR",691,34.79,-334.0,1,5.034732272069464,0
616611,2025-11,Waste & Water,"Department of Water Resources, River Development & GR",824,396.71,30.0,0,48.144417475728154,0
616612,2025-11,Waste & Water,"Department of Water Resources, River Development & GR",579,171.79,30.0,0,29.670120898100173,0
616615,2025-11,Waste & Water,"Department of Water Resources, River Development & GR",230,261.82,-214.0,1,113.83478260869563,0
616616,2025-11,Waste & Water,"Department of Water Resources, River Development & GR",305,346.46,-153.0,1,113.59344262295082,0
616670,2025-11,Transmission & Distribution,Ministry of Power,5846,566.68,395.0,0,9.69346561751625,0
616671,2025-11,Transmission & Distribution,Ministry of Power,548,65.46,396.0,0,11.945255474452555,0
616672,2025-11,Transmission & Distribution,Ministry of Power,1354,44.0,548.0,0,3.2496307237813884,0
616691,2025-11,Healthcare,Ministry of Labour and Employment,260,210.12,-107.0,1,80.81538461538462,1
616695,2025-11,Railways,Ministry of Railways,300,,1096.0,0,,0
616697,2025-11,Railways,Ministry of Railways,154,20.58,212.0,0,13.363636363636363,0
616699,2025-11,Railways,Ministry of Railways,12334,420.86,852.0,0,3.4121939354629482,0
616701,2025-11,Railways,Ministry of Railways,2124,13.74,821.0,0,0.6468926553672316,0
616841,2025-11,Railways,Ministry of Railways,800,14.64,396.0,0,1.83,0
616842,2025-11,Railways,Ministry of Railways,3086,363.31,608.0,0,11.772845106934543,0
616843,2025-11,Railways,Ministry of Railways,1635,140.65,577.0,0,8.60244648318043,0
616856,2025-11,Railways,Ministry of Railways,770,16.34,1230.0,0,2.122077922077922,0
616857,2025-11,Railways,Ministry of Railways,1596,14.45,1217.0,0,0.9053884711779447,0
616858,2025-11,Oil & Gas,Ministry of Petroleum & Natural Gas,431,331.99,-609.0,1,77.0278422273782,1
616879,2025-11,Oil & Gas,Ministry of Petroleum & Natural Gas,364,39.1,412.0,0,10.741758241758243,0
616886,2025-11,Education,Department of Higher Education,373,28.63,335.0,0,7.6756032171581765,0
616933,2025-11,Oil & Gas,Ministry of Petroleum & Natural Gas,4679,213.91,837.0,0,4.571703355417824,0
616950,2025-11,Oil & Gas,Ministry of Petroleum & Natural Gas,1486,272.3,90.0,0,18.324360699865412,0
617068,2025-11,Transmission & Distribution,Ministry of Power,288,7.41,577.0,0,2.572916666666667,0
617069,2025-11,Transmission & Distribution,Ministry of Power,466,23.99,444.0,0,5.1480686695278965,0
617179,2025-11,Transmission & Distribution,Ministry of Power,219,2.61,226.0,0,1.1917808219178083,0
617181,2025-11,Transmission & Distribution,Ministry of Power,404,16.16,385.0,0,4.0,0
617182,2025-11,Transmission & Distribution,Ministry of Power,172,17.27,478.0,0,10.040697674418604,0
617183,2025-11,Transmission & Distribution,Ministry of Power,2886,141.7,761.0,0,4.90990990990991,0
617184,2025-11,Transmission & Distribution,Ministry of Power,3453,62.15,659.0,0,1.7998841587025773,0
617185,2025-11,Transmission & Distribution,Ministry of Power,5550,333.0,478.0,0,6.0,0
617186,2025-11,Transmission & Distribution,Ministry of Power,5028,319.73,478.0,0,6.358989657915673,0
617188,2025-11,Electricity Generation,Ministry of Power,9791,963.88,1400.0,0,9.844551118374017,0
617200,2025-11,Railways,Ministry of Railways,7854,,1947.0,0,,0
617201,2025-11,Railways,Ministry of Railways,4373,0.29,1947.0,0,0.0066316030185227534,0
617206,2025-11,Urban Public Transport,Ministry of Housing & Urban Affairs,6231,72.41,1129.0,0,1.1620927619964692,0
617207,2025-11,Urban Public Transport,Ministry of Housing & Urban Affairs,8400,55.92,1213.0,0,0.6657142857142857,0
617210,2025-11,Railways,Ministry of Railways,1216,0.1,1217.0,0,0.008223684210526315,0
617211,2025-11,Railways,Ministry of Railways,2853,75.78,1217.0,0,2.6561514195583595,0
617212,2025-11,Railways,Ministry of Railways,4686,778.34,1217.0,0,16.60990183525395,0
617214,2025-11,Railways,Ministry of Railways,2047,14.49,486.0,0,0.7078651685393259,0
617215,2025-11,Railways,Ministry of Railways,770,25.4,852.0,0,3.2987012987012987,0
617216,2025-11,Railways,Ministry of Railways,877,29.04,486.0,0,3.3112884834663623,0
617221,2025-11,Education,Department of Higher Education,211,20.89,672.0,0,9.90047393364929,0
617224,2025-11,Railways,Ministry of Railways,1120,269.67,760.0,0,24.077678571428574,0
617225,2025-11,Urban Public Transport,Ministry of Housing & Urban Affairs,910,167.3,427.0,0,18.384615384615387,0
617226,2025-11,Urban Public Transport,Ministry of Housing & Urban Affairs,2955,23.12,1190.0,0,0.7824027072758039,0
617231,2025-11,Railways,Ministry of Railways,612,,943.0,0,,0
617233,2025-11,Coal,Ministry of Coal,379,,1582.0,0,,0
617242,2025-11,Steel,Ministry of Steel,2115,257.17,577.0,0,12.159338061465721,0
617243,2025-11,Steel,Ministry of Steel,199,20.98,241.0,0,10.542713567839195,0
617246,2025-11,Steel,Ministry of Steel,758,95.38,189.0,0,12.583113456464378,0
617248,2025-11,Steel,Ministry of Steel,228,27.2,229.0,0,11.929824561403509,0
617249,2025-11,Steel,Ministry of Steel,212,20.54,423.0,0,9.68867924528302,0
617250,2025-11,Steel,Ministry of Steel,207,15.76,329.0,0,7.613526570048309,0
617251,2025-11,Steel,Ministry of Steel,196,11.72,178.0,0,5.979591836734694,0
617252,2025-11,Railways,Ministry of Railways,958,454.36,842.0,0,47.42797494780793,0
617253,2025-11,Steel,Ministry of Steel,514,310.02,-150.0,1,60.31517509727627,1
617254,2025-11,Steel,Ministry of Steel,260,58.19,211.0,0,22.38076923076923,1
617255,2025-11,Steel,Ministry of Steel,472,161.45,196.0,0,34.20550847457627,0
617256,2025-11,Steel,Ministry of Steel,884,530.05,-30.0,1,59.960407239819006,0
617257,2025-11,Steel,Ministry of Steel,627,169.38,350.0,0,27.014354066985646,0
617269,2025-11,Transmission & Distribution,Ministry of Power,213,2.1,191.0,0,0.9859154929577465,0
617270,2025-11,Transmission & Distribution,Ministry of Power,409,0.32,175.0,0,0.07823960880195599,1
617271,2025-11,Transmission & Distribution,Ministry of Power,343,0.71,91.0,0,0.20699708454810492,0
617272,2025-11,Transmission & Distribution,Ministry of Power,370,22.2,371.0,0,6.0,0
617278,2025-11,Coal,Ministry of Coal,630,,1582.0,0,,0
617279,2025-11,Transmission & Distribution,Ministry of Power,558,33.48,734.0,0,6.0,0
617280,2025-11,Construction,Ministry of Mines,255,85.9,274.0,0,33.68627450980392,0
617284,2025-11,Railways,Ministry of Railways,1424,58.77,852.0,0,4.1271067415730345,0
617287,2025-11,Coal,Ministry of Coal,4517,782.97,1582.0,0,17.333849900376357,0
617288,2025-11,Coal,Ministry of Coal,383,113.03,1217.0,0,29.511749347258487,0
617299,2025-11,Electricity Generation,Ministry of Coal,384,319.71,-153.0,1,83.2578125,0
617302,2025-11,Oil & Gas,Ministry of Petroleum & Natural Gas,1740,2304.3,-1795.0,1,132.43103448275863,1
617304,2025-11,Oil & Gas,Ministry of Petroleum & Natural Gas,340,116.08,456.0,0,34.141176470588235,0
617326,2025-11,Transmission & Distribution,Ministry of Power,1842,1648.05,121.0,0,89.47068403908794,1
617327,2025-11,Urban Public Transport,Ministry of Housing & Urban Affairs,12200,8.7,1400.0,0,0.07131147540983607,0
617333,2025-11,Railways,Ministry of Railways,200,,455.0,0,,0
617338,2025-11,Steel,Ministry of Steel,2518,210.51,963.0,0,8.36020651310564,0
617345,2025-11,Railways,Ministry of Railways,227,21.22,326.0,0,9.348017621145374,0
617361,2025-11,Railways,Ministry of Railways,363,0.47,852.0,0,0.12947658402203857,0
617364,2025-11,Railways,Ministry of Railways,338,6.39,969.0,0,1.890532544378698,0
617370,2025-11,Railways,Ministry of Railways,181,4.0,426.0,0,2.209944751381215,0
617372,2025-11,Railways,Ministry of Railways,349,108.89,31.0,0,31.20057306590258,1
617374,2025-11,Railways,Ministry of Railways,1516,2053.12,-244.0,1,135.43007915567281,0
617375,2025-11,Transmission & Distribution,Ministry of Power,209,0.04,795.0,0,0.019138755980861243,0
617379,2025-11,Railways,Ministry of Railways,446,521.74,-2070.0,1,116.98206278026906,1
617390,2025-11,Railways,Ministry of Railways,1282,128.0,852.0,0,9.98439937597504,0
617391,2025-11,Transmission & Distribution,Ministry of Power,488,0.22,358.0,0,0.045081967213114756,0
617403,2025-11,Railways,Ministry of Railways,469,128.6,212.0,0,27.42004264392324,0
617404,2025-11,Railways,Ministry of Railways,189,,852.0,0,,0
617405,2025-11,Transmission & Distribution,Ministry of Power,4000,,318.0,0,,0
617406,2025-11,Railways,Ministry of Railways,2417,6.79,852.0,0,0.28092676872155564,0
617408,2025-11,Railways,Ministry of Railways,166,83.34,486.0,0,50.204819277108435,0
617409,2025-11,Railways,Ministry of Railways,521,420.0,396.0,0,80.61420345489442,0
617412,2025-11,Construction,Ministry of Housing & Urban Affairs,644,108.53,666.0,0,16.85248447204969,0
617413,2025-11,Telecommunication,Department of Telecommunications,1885,100.0,-206.0,1,5.305039787798409,0
617416,2025-11,Coal,Ministry of Coal,5940,1.31,1127.0,0,0.022053872053872055,0
617422,2025-11,Water Resources,"Department of Water Resources, River Development & GR",1924,1770.13,608.0,0,92.00259875259876,0
617730,2025-11,Electricity Generation,Ministry of Coal,3336,738.34,212.0,0,22.132494004796165,0
617801,2025-11,Transmission & Distribution,Ministry of Power,582,0.2,383.0,0,0.03436426116838488,0
617802,2025-11,Transmission & Distribution,Ministry of Power,319,0.1,851.0,0,0.031347962382445145,0
617803,2025-11,Transmission & Distribution,Ministry of Power,379,6.97,663.0,0,1.8390501319261214,0
617804,2025-11,Shipping,"Ministry of Ports, Shipping and Waterways",153,24.0,486.0,0,15.686274509803921,0
617806,2025-11,Transmission & Distribution,Ministry of Power,4536,208.88,485.0,0,4.604938271604938,0
617807,2025-11,Transmission & Distribution,Ministry of Power,2368,0.1,685.0,0,0.004222972972972973,0
617808,2025-11,Transmission & Distribution,Ministry of Power,1007,0.1,686.0,0,0.009930486593843098,0
617818,2025-11,Oil & Gas,Ministry of Petroleum & Natural Gas,515,22.2,1551.0,0,4.310679611650485,0
617819,2025-11,Oil & Gas,Ministry of Petroleum & Natural Gas,557,8.33,1673.0,0,1.4955116696588868,0
617822,2025-11,Oil & Gas,Ministry of Petroleum & Natural Gas,215,,669.0,0,,0
617827,2025-11,Oil & Gas,Ministry of Petroleum & Natural Gas,680,2.24,1478.0,0,0.32941176470588235,0
617828,2025-11,Oil & Gas,Ministry of Petroleum & Natural Gas,267,1.37,1215.0,0,0.5131086142322098,0
617829,2025-11,Energy Storage,Ministry of Petroleum & Natural Gas,226,12.81,703.0,0,5.668141592920354,0
617830,2025-11,Oil & Gas,Ministry of Petroleum & Natural Gas,1792,261.13,411.0,0,14.571986607142856,0
617832,2025-11,Railways,Ministry of Railways,2887,,1492.0,0,,0
617836,2025-11,Oil & Gas,Ministry of Petroleum & Natural Gas,635,58.68,31.0,0,9.240944881889764,1
617837,2025-11,Oil & Gas,Ministry of Petroleum & Natural Gas,484,282.21,31.0,0,58.30785123966942,1
617838,2025-11,Oil & Gas,Ministry of Petroleum & Natural Gas,1130,173.9,1005.0,0,15.389380530973451,0
617839,2025-11,Energy Storage,Ministry of Petroleum & Natural Gas,357,12.6,243.0,0,3.5294117647058822,0
617877,2025-11,Education,Department of Higher Education,1189,,1066.0,0,,0
617878,2025-11,Education,Department of Higher Education,1527,,1066.0,0,,0
617882,2025-11,Healthcare,Ministry of Health & Family Welfare,358,,284.0,0,,0
617883,2025-11,Healthcare,Ministry of Health & Family Welfare,4441,24.68,549.0,0,0.5557306912857465,0
618971,2025-11,Urban Public Transport,Ministry of Housing & Urban Affairs,3626,0.41,1339.0,0,0.011307225592939878,0
701101,2025-11,Aviation & Aviation Infrastructure,Ministry of Civil Aviation,1217,1137.89,-853.0,1,93.49958915365654,1
701105,2025-11,Aviation & Aviation Infrastructure,Ministry of Civil Aviation,256,154.3,-1452.0,1,60.27343750000001,1
701107,2025-11,Aviation & Aviation Infrastructure,Ministry of Civil Aviation,612,523.14,-1182.0,1,85.48039215686273,1
701113,2025-11,Aviation & Aviation Infrastructure,Ministry of Civil Aviation,2870,384.32,597.0,0,13.390940766550521,0
701121,2025-11,Aviation & Aviation Infrastructure,Ministry of Civil Aviation,347,109.62,-108.0,1,31.590778097982707,0
701122,2025-11,Aviation & Aviation Infrastructure,Ministry of Civil Aviation,579,111.83,216.0,0,19.31433506044905,0
701126,2025-11,Aviation & Aviation Infrastructure,Ministry of Civil Aviation,1305,739.77,212.0,0,56.687356321839076,0
701127,2025-11,Aviation & Aviation Infrastructure,Ministry of Civil Aviation,480,323.18,-377.0,1,67.32916666666668,1
701128,2025-11,Aviation & Aviation Infrastructure,Ministry of Civil Aviation,887,416.67,100.0,0,46.97519729425028,0
701167,2025-11,Healthcare,Ministry of Health & Family Welfare,1828,1354.55,2.0,0,74.10010940919037,1
701171,2025-11,Healthcare,Ministry of Health & Family Welfare,1028,818.46,212.0,0,79.61673151750973,0
701173,2025-11,Healthcare,Ministry of Health & Family Welfare,1299,349.41,396.0,0,26.89838337182448,0
701228,2025-11,Oil & Gas,Ministry of Petroleum & Natural Gas,2915,4531.49,-4717.0,1,155.45420240137219,1
701263,2025-11,Energy Storage,Ministry of Petroleum & Natural Gas,43129,62888.3,-1126.0,1,145.81441721347585,0
701289,2025-11,Oil & Gas,Ministry of Petroleum & Natural Gas,34627,27366.2,-426.0,1,79.03139168856673,0
701324,2025-11,Oil & Gas,Ministry of Petroleum & Natural Gas,14810,12327.4,-945.0,1,83.23700202565834,0
701329,2025-11,Oil & Gas,Ministry of Petroleum & Natural Gas,18936,12940.1,-456.0,1,68.33597380650612,0
701330,2025-11,Oil & Gas,Ministry of Petroleum & Natural Gas,7392,6320.0,-518.0,1,85.4978354978355,1
701338,2025-11,Oil & Gas,Ministry of Petroleum & Natural Gas,5535,4011.77,2016.0,0,72.48003613369467,0
701343,2025-11,Energy Storage,Ministry of Petroleum & Natural Gas,2658,2282.98,-1227.0,1,85.89089541008276,1
701344,2025-11,Oil & Gas,Ministry of Petroleum & Natural Gas,1031,879.9,-1119.0,1,85.34432589718719,1
701346,2025-11,Oil & Gas,Ministry of Petroleum & Natural Gas,9265,6608.95,-609.0,1,71.33243389098759,0
701349,2025-11,Energy Storage,Ministry of Petroleum & Natural Gas,10228,10063.2,-491.0,1,98.3887368009386,1
701350,2025-11,Oil & Gas,Ministry of Petroleum & Natural Gas,860,636.92,-345.0,1,74.06046511627906,1
701354,2025-11,Oil & Gas,Ministry of Petroleum & Natural Gas,7844,6710.1,-931.0,1,85.54436511983681,1
701370,2025-11,Water Resources,"Department of Water Resources, River Development & GR",256,44.7,-1065.0,1,17.4609375,0
701372,2025-11,Water Resources,"Department of Water Resources, River Development & GR",20718,31860.9,-2161.0,1,153.7836663770634,0
701376,2025-11,Water Resources,"Department of Water Resources, River Development & GR",3808,5790.29,-2161.0,1,152.05593487394958,0
701377,2025-11,Water Resources,"Department of Water Resources, River Development & GR",770,1515.32,-2161.0,1,196.79480519480518,0
701383,2025-11,Water Resources,"Department of Water Resources, River Development & GR",1059,1557.64,-2161.0,1,147.08593012275733,0
701386,2025-11,Water Resources,"Department of Water Resources, River Development & GR",7196,13837.8,-2161.0,1,192.29849916620344,0
701391,2025-11,Water Resources,"Department of Water Resources, River Development & GR",210,1705.83,-2161.0,1,812.3,0
701395,2025-11,Water Resources,"Department of Water Resources, River Development & GR",220,115.2,31.0,0,52.36363636363637,0
701396,2025-11,Water Resources,"Department of Water Resources, River Development & GR",256,1324.98,-2161.0,1,517.5703125,0
701398,2025-11,Water Resources,"Department of Water Resources, River Development & GR",211,623.5,-2161.0,1,295.49763033175356,0
701399,2025-11,Water Resources,"Department of Water Resources, River Development & GR",382,239.03,31.0,0,62.573298429319365,1
701400,2025-11,Water Resources,"Department of Water Resources, River Development & GR",1449,1837.91,-2161.0,1,126.83988957902001,0
701404,2025-11,Water Resources,"Department of Water Resources, River Development & GR",989,2712.75,-2161.0,1,274.29221435793727,0
701405,2025-11,Water Resources,"Department of Water Resources, River Development & GR",8201,4664.8,-2161.0,1,56.88086818680649,0
701406,2025-11,Water Resources,"Department of Water Resources, River Development & GR",1402,1839.76,-2161.0,1,131.22396576319545,0
701408,2025-11,Water Resources,"Department of Water Resources, River Development & GR",1061,4552.44,-2161.0,1,429.07068803016017,0
701410,2025-11,Water Resources,"Department of Water Resources, River Development & GR",1441,3012.69,-1614.0,1,209.06939625260236,0
701411,2025-11,Water Resources,"Department of Water Resources, River Development & GR",2286,2169.72,-1249.0,1,94.91338582677164,0
701412,2025-11,Water Resources,"Department of Water Resources, River Development & GR",1622,151.04,-1705.0,1,9.311960542540074,0
701415,2025-11,Water Resources,"Department of Water Resources, River Development & GR",10151,25291.6,-1310.0,1,249.153777952911,0
701565,2025-11,Inland Waterways,"Ministry of Ports, Shipping and Waterways",5369,3577.42,-700.0,1,66.63102998696219,0
701568,2025-11,Shipping,"Ministry of Ports, Shipping and Waterways",100,186.47,-1031.0,1,186.47,0
701570,2025-11,Shipping,"Ministry of Ports, Shipping and Waterways",171,137.51,-792.0,1,80.41520467836257,0
701574,2025-11,Shipping,"Ministry of Ports, Shipping and Waterways",3005,1277.52,761.0,0,42.513144758735436,0
701576,2025-11,Shipping,"Ministry of Ports, Shipping and Waterways",298,457.85,-61.0,1,153.64093959731545,0
701577,2025-11,Shipping,"Ministry of Ports, Shipping and Waterways",254,9.28,-91.0,1,3.653543307086614,0
701586,2025-11,Shipping,"Ministry of Ports, Shipping and Waterways",900,65.0,346.0,0,7.222222222222221,0
701593,2025-11,Telecommunication,Department of Telecommunications,28466,8471.19,-609.0,1,29.75897562003794,0
701597,2025-11,Telecommunication,Department of Telecommunications,1255,284.04,-945.0,1,22.632669322709166,0
701598,2025-11,Telecommunication,Department of Telecommunications,972,208.25,-1368.0,1,21.424897119341562,0
701599,2025-11,Telecommunication,Department of Telecommunications,1578,628.29,-975.0,1,39.81558935361216,0
701600,2025-11,Telecommunication,Department of Telecommunications,337,235.96,-1495.0,1,70.01780415430268,0
701602,2025-11,Telecommunication,Department of Telecommunications,3685,1203.48,-742.0,1,32.65888738127544,0
701657,2025-11,Real Estate,Department for Promotion of Industry & Internal Trade,1702,153.26,295.0,0,9.004700352526438,0
701658,2025-11,Real Estate,Department for Promotion of Industry & Internal Trade,2139,503.39,807.0,0,23.533894343151005,0
701719,2025-11,Real Estate,Ministry of Housing & Urban Affairs,539,39.63,-1242.0,1,7.3525046382189245,0
701745,2025-11,Urban Public Transport,Ministry of Housing & Urban Affairs,263,17.62,-1218.0,1,6.699619771863118,0
701766,2025-11,Real Estate,Ministry of Housing & Urban Affairs,151,18.95,-738.0,1,12.549668874172184,0
701991,2025-11,Urban Public Transport,Ministry of Housing & Urban Affairs,600,272.42,-853.0,1,45.403333333333336,0
702355,2025-11,Waste & Water,Ministry of Housing & Urban Affairs,210,,-620.0,1,,0
702625,2025-11,Urban Public Transport,Ministry of Housing & Urban Affairs,6941,3715.92,-1097.0,1,53.535801757671805,0
702626,2025-11,Urban Public Transport,Ministry of Housing & Urban Affairs,7501,4293.14,-1097.0,1,57.2342354352753,0
702627,2025-11,Urban Public Transport,Ministry of Housing & Urban Affairs,13366,4670.21,-643.0,1,34.94096962442017,0
702628,2025-11,Urban Public Transport,Ministry of Housing & Urban Affairs,11076,9084.56,-553.0,1,82.02022390754784,0
702629,2025-11,Urban Public Transport,Ministry of Housing & Urban Affairs,8380,6059.58,-553.0,1,72.31002386634844,0
702630,2025-11,Urban Public Transport,Ministry of Housing & Urban Affairs,12020,8040.59,-609.0,1,66.89342762063228,0
702631,2025-11,Urban Public Transport,Ministry of Housing & Urban Affairs,5384,4332.87,-609.0,1,80.47678306092124,0
702632,2025-11,Urban Public Transport,Ministry of Housing & Urban Affairs,24949,18022.1,-244.0,1,72.23576095234277,1
702633,2025-11,Urban Public Transport,Ministry of Housing & Urban Affairs,30274,27060.7,-153.0,1,89.38594173217943,1
702635,2025-11,Urban Public Transport,Ministry of Housing & Urban Affairs,26405,29668.0,-1714.0,1,112.35750804771823,0
702637,2025-11,Urban Public Transport,Ministry of Housing & Urban Affairs,23136,32562.3,-975.0,1,140.7429979253112,0
702639,2025-11,Urban Public Transport,Ministry of Housing & Urban Affairs,10773,12216.4,-2801.0,1,113.39831059129304,0
702658,2025-11,Urban Public Transport,Ministry of Housing & Urban Affairs,6708,1346.18,761.0,0,20.068276684555755,0
702664,2025-11,Urban Public Transport,Ministry of Housing & Urban Affairs,1957,477.04,355.0,0,24.37608584568217,0
702665,2025-11,Urban Public Transport,Ministry of Housing & Urban Affairs,14788,9048.22,212.0,0,61.18623208006492,0
702668,2025-11,Inland Waterways,Ministry of Housing & Urban Affairs,63246,29336.0,1370.0,0,46.38396104101445,0
702674,2025-11,Waste & Water,Ministry of Housing & Urban Affairs,172,88.86,-975.0,1,51.662790697674424,1
702699,2025-11,Waste & Water,Ministry of Housing & Urban Affairs,159,60.5,-761.0,1,38.05031446540881,1
702734,2025-11,Waste & Water,Ministry of Housing & Urban Affairs,278,218.89,-792.0,1,78.73741007194243,1
702735,2025-11,Waste & Water,Ministry of Housing & Urban Affairs,213,168.14,-975.0,1,78.93896713615023,1
702741,2025-11,Waste & Water,Ministry of Housing & Urban Affairs,217,129.16,-975.0,1,59.52073732718895,1
702742,2025-11,Waste & Water,Ministry of Housing & Urban Affairs,159,87.5,-761.0,1,55.0314465408805,0
702746,2025-11,Waste & Water,Ministry of Housing & Urban Affairs,278,186.5,-975.0,1,67.08633093525181,0
702760,2025-11,Waste & Water,Ministry of Housing & Urban Affairs,163,85.71,-853.0,1,52.58282208588957,1
702764,2025-11,Waste & Water,Ministry of Housing & Urban Affairs,175,93.18,-975.0,1,53.245714285714286,1
702793,2025-11,Waste & Water,Ministry of Housing & Urban Affairs,287,252.5,-975.0,1,87.97909407665504,1
702798,2025-11,Waste & Water,Ministry of Housing & Urban Affairs,362,322.31,-975.0,1,89.03591160220995,1
702808,2025-11,Waste & Water,Ministry of Housing & Urban Affairs,192,191.79,-609.0,1,99.890625,1
702810,2025-11,Waste & Water,Ministry of Housing & Urban Affairs,402,357.68,-975.0,1,88.97512437810946,1
702833,2025-11,Waste & Water,Ministry of Housing & Urban Affairs,194,130.6,-761.0,1,67.31958762886597,1
702840,2025-11,Waste & Water,Ministry of Housing & Urban Affairs,205,186.13,-975.0,1,90.79512195121951,1
702851,2025-11,Waste & Water,Ministry of Housing & Urban Affairs,236,184.98,-975.0,1,78.38135593220339,1
702854,2025-11,Waste & Water,Ministry of Housing & Urban Affairs,180,155.01,-975.0,1,86.11666666666666,1
702948,2025-11,Waste & Water,Ministry of Housing & Urban Affairs,236,205.84,-884.0,1,87.22033898305085,1
702949,2025-11,Waste & Water,Ministry of Housing & Urban Affairs,562,485.91,-853.0,1,86.4608540925267,1
703021,2025-11,Waste & Water,Ministry of Housing & Urban Affairs,259,161.02,-825.0,1,62.16988416988417,1
703057,2025-11,Waste & Water,Ministry of Housing & Urban Affairs,287,213.64,-761.0,1,74.4390243902439,1
703585,2025-11,Railways,Ministry of Railways,314,152.31,-609.0,1,48.5063694267516,0
703586,2025-11,Railways,Ministry of Railways,499,630.41,-609.0,1,126.33466933867734,0
704495,2025-11,Telecommunication,Department of Telecommunications,422,142.01,-1355.0,1,33.65165876777251,1
705237,2025-11,Railways,Ministry of Railways,51101,124623.0,-1340.0,1,243.87585370149313,0
705244,2025-11,Railways,Ministry of Railways,520,192.25,-1430.0,1,36.97115384615385,0
705252,2025-11,Railways,Ministry of Railways,385,0.0,-730.0,1,0.0,0
705253,2025-11,Railways,Ministry of Railways,563,120.0,-1825.0,1,21.314387211367674,0
705298,2025-11,Railways,Ministry of Railways,274,0.0,-609.0,1,0.0,0
705356,2025-11,Railways,Ministry of Railways,2539,5140.63,121.0,0,202.46671918077985,0
705357,2025-11,Railways,Ministry of Railways,138,850.75,486.0,0,616.4855072463769,0
705358,2025-11,Railways,Ministry of Railways,3792,5194.05,396.0,0,136.9738924050633,0
705359,2025-11,Railways,Ministry of Railways,1928,1972.31,-244.0,1,102.29823651452281,1
705362,2025-11,Railways,Ministry of Railways,819,580.51,-1340.0,1,70.88034188034187,0
705364,2025-11,Railways,Ministry of Railways,614,487.99,-334.0,1,79.4771986970684,0
705366,2025-11,Railways,Ministry of Railways,2067,2015.02,-2070.0,1,97.485244315433,0
705368,2025-11,Railways,Ministry of Railways,1605,1604.02,-609.0,1,99.93894080996884,0
705373,2025-11,Railways,Ministry of Railways,1473,2538.21,-975.0,1,172.31568228105908,0
705375,2025-11,Railways,Ministry of Railways,1626,2122.42,-275.0,1,130.53013530135303,0
705385,2025-11,Railways,Ministry of Railways,2555,784.18,852.0,0,30.69197651663405,0
705391,2025-11,Railways,Ministry of Railways,14323,15782.5,396.0,0,110.18990434964742,0
705392,2025-11,Railways,Ministry of Railways,6663,5634.59,-249.0,1,84.56536094852169,1
705401,2025-11,Railways,Ministry of Railways,435,771.1,-244.0,1,177.26436781609195,1
705410,2025-11,Railways,Ministry of Railways,2018,2259.62,31.0,0,111.97324083250744,0
705419,2025-11,Railways,Ministry of Railways,2913,2120.66,-244.0,1,72.79986268451766,0
705424,2025-11,Railways,Ministry of Railways,1540,539.29,396.0,0,35.01883116883116,0
705428,2025-11,Railways,Ministry of Railways,13447,7008.64,396.0,0,52.12047296794824,0
705429,2025-11,Railways,Ministry of Railways,38953,24645.2,31.0,0,63.269067850999924,1
705432,2025-11,Railways,Ministry of Railways,7877,9647.55,-3836.0,1,122.47746604037069,0
705433,2025-11,Railways,Ministry of Railways,1628,1440.85,-61.0,1,88.50429975429975,0
705434,2025-11,Railways,Ministry of Railways,2565,2108.54,-2436.0,1,82.20428849902534,0
705436,2025-11,Railways,Ministry of Railways,2501,1320.81,852.0,0,52.811275489804075,0
705437,2025-11,Railways,Ministry of Railways,1160,2116.77,486.0,0,182.4801724137931,0
705444,2025-11,Railways,Ministry of Railways,4970,4696.68,-1340.0,1,94.50060362173038,0
705450,2025-11,Railways,Ministry of Railways,402,367.54,-1340.0,1,91.42786069651741,0
705453,2025-11,Railways,Ministry of Railways,456,3725.91,455.0,0,817.0855263157895,0
705454,2025-11,Railways,Ministry of Railways,1794,1815.94,27.0,0,101.22296544035675,0
705457,2025-11,Railways,Ministry of Railways,1656,4445.82,486.0,0,268.4673913043478,0
705458,2025-11,Railways,Ministry of Railways,484,621.61,-1705.0,1,128.4318181818182,0
705479,2025-11,Railways,Ministry of Railways,1886,728.36,486.0,0,38.61930010604454,0
705480,2025-11,Railways,Ministry of Railways,8914,6447.32,486.0,0,72.32802333408121,0
705481,2025-11,Railways,Ministry of Railways,3032,3764.11,25.0,0,124.14610817941953,0
705482,2025-11,Railways,Ministry of Railways,747,431.82,-2467.0,1,57.80722891566265,0
705490,2025-11,Railways,Ministry of Railways,2842,1419.19,486.0,0,49.93631245601689,0
705491,2025-11,Railways,Ministry of Railways,297,135.5,212.0,0,45.62289562289562,0
705492,2025-11,Railways,Ministry of Railways,825,705.64,-153.0,1,85.53212121212121,0
705494,2025-11,Railways,Ministry of Railways,2496,1787.43,-3714.0,1,71.61177884615385,0
705495,2025-11,Railways,Ministry of Railways,1378,729.34,486.0,0,52.92743105950654,0
705496,2025-11,Railways,Ministry of Railways,1876,461.98,-2436.0,1,24.62579957356077,0
705498,2025-11,Railways,Ministry of Railways,793,981.36,396.0,0,123.75283732660782,0
705500,2025-11,Railways,Ministry of Railways,540,783.01,31.0,0,145.00185185185185,1
705502,2025-11,Railways,Ministry of Railways,1385,1713.23,31.0,0,123.69891696750904,0
705503,2025-11,Railways,Ministry of Railways,4028,4969.74,-275.0,1,123.37984111221449,0
705504,2025-11,Railways,Ministry of Railways,2081,2874.47,1.0,0,138.12926477654972,0
705505,2025-11,Railways,Ministry of Railways,638,1012.82,31.0,0,158.74921630094045,1
705506,2025-11,Railways,Ministry of Railways,1035,1726.94,-334.0,1,166.85410628019324,0
705507,2025-11,Railways,Ministry of Railways,2450,1937.22,486.0,0,79.07020408163265,0
705510,2025-11,Railways,Ministry of Railways,1284,1298.0,-365.0,1,101.09034267912773,0
705511,2025-11,Railways,Ministry of Railways,1547,1336.83,-609.0,1,86.41435035552682,0
705512,2025-11,Railways,Ministry of Railways,2500,2037.7,-1340.0,1,81.50800000000001,0
705513,2025-11,Railways,Ministry of Railways,2362,1834.53,731.0,0,77.66850127011008,0
705514,2025-11,Railways,Ministry of Railways,1000,421.59,-2574.0,1,42.159,1
705515,2025-11,Railways,Ministry of Railways,1173,1971.0,121.0,0,168.03069053708438,0
705526,2025-11,Railways,Ministry of Railways,519,380.73,-244.0,1,73.35838150289018,0
705527,2025-11,Railways,Ministry of Railways,1216,2074.54,24.0,0,170.60361842105263,0
705528,2025-11,Railways,Ministry of Railways,1586,1471.11,-518.0,1,92.75598991172761,1
705562,2025-11,Railways,Ministry of Railways,963,912.16,-278.0,1,94.72066458982347,0
705567,2025-11,Railways,Ministry of Railways,1016,1435.86,-250.0,1,141.32480314960628,0
705572,2025-11,Railways,Ministry of Railways,4060,3729.89,121.0,0,91.86921182266009,0
705583,2025-11,Railways,Ministry of Railways,667,289.26,-975.0,1,43.36731634182908,0
705588,2025-11,Railways,Ministry of Railways,722,1567.0,-244.0,1,217.0360110803324,0
705598,2025-11,Railways,Ministry of Railways,2002,1831.86,-1340.0,1,91.5014985014985,0
705608,2025-11,Railways,Ministry of Railways,4330,2456.1,121.0,0,56.72286374133949,0
705610,2025-11,Railways,Ministry of Railways,302,381.0,31.0,0,126.15894039735099,1
705612,2025-11,Railways,Ministry of Railways,1953,3625.29,-275.0,1,185.6267281105991,0
705613,2025-11,Railways,Ministry of Railways,2595,3409.31,-303.0,1,131.37996146435452,0
705616,2025-11,Railways,Ministry of Railways,2140,2189.75,-395.0,1,102.32476635514018,0
705617,2025-11,Railways,Ministry of Railways,3545,3518.69,-334.0,1,99.25782792665726,0
705628,2025-11,Railways,Ministry of Railways,3029,2525.28,-153.0,1,83.37008913832949,0
705629,2025-11,Railways,Ministry of Railways,2400,2344.37,31.0,0,97.68208333333332,0
705632,2025-11,Railways,Ministry of Railways,647,973.78,-322.0,1,150.5069551777434,0
705633,2025-11,Railways,Ministry of Railways,3733,4475.93,31.0,0,119.9016876506831,0
705635,2025-11,Railways,Ministry of Railways,1432,2505.8,-251.0,1,174.98603351955308,0
705638,2025-11,Railways,Ministry of Railways,813,72.62,486.0,0,8.932349323493236,0
705639,2025-11,Railways,Ministry of Railways,601,292.67,852.0,0,48.697171381031616,0
705648,2025-11,Railways,Ministry of Railways,6654,5922.0,-365.0,1,88.99909828674481,1
705650,2025-11,Railways,Ministry of Railways,5060,5246.91,486.0,0,103.69387351778656,0
705651,2025-11,Railways,Ministry of Railways,2478,3332.06,-1340.0,1,134.46569814366424,0
705659,2025-11,Railways,Ministry of Railways,500,565.66,121.0,0,113.13199999999999,0
705660,2025-11,Railways,Ministry of Railways,2445,3242.32,26.0,0,132.61022494887527,0
705661,2025-11,Railways,Ministry of Railways,1248,1662.02,-426.0,1,133.1746794871795,0
705662,2025-11,Railways,Ministry of Railways,1878,2684.67,-334.0,1,142.95367412140575,0
705663,2025-11,Railways,Ministry of Railways,493,252.45,90.0,0,51.206896551724135,0
705667,2025-11,Railways,Ministry of Railways,5961,4990.85,-334.0,1,83.72504613319913,0
705668,2025-11,Railways,Ministry of Railways,3250,3176.46,-244.0,1,97.73723076923076,1
705728,2025-11,Railways,Ministry of Railways,108000,84199.9,639.0,0,77.96287037037037,0
705730,2025-11,Railways,Ministry of Railways,4835,4672.28,396.0,0,96.63453981385729,0
705735,2025-11,Railways,Ministry of Railways,905,1154.89,486.0,0,127.6121546961326,0
705741,2025-11,Railways,Ministry of Railways,748,12.76,974.0,0,1.7058823529411766,0
705742,2025-11,Railways,Ministry of Railways,2344,490.13,2800.0,0,20.909982935153586,0
705752,2025-11,Railways,Ministry of Railways,819,393.06,365.0,0,47.99267399267399,0
705761,2025-11,Railways,Ministry of Railways,1454,72.26,731.0,0,4.969738651994499,0
705763,2025-11,Railways,Ministry of Railways,7474,1841.69,1765.0,0,24.64128980465614,0
705764,2025-11,Railways,Ministry of Railways,495,130.09,121.0,0,26.280808080808082,0
705765,2025-11,Railways,Ministry of Railways,686,578.93,116.0,0,84.39212827988337,0
705766,2025-11,Railways,Ministry of Railways,304,234.88,-334.0,1,77.26315789473685,0
705771,2025-11,Railways,Ministry of Railways,494,333.0,121.0,0,67.4089068825911,0
705772,2025-11,Railways,Ministry of Railways,2649,1688.13,396.0,0,63.727066817667044,0
705774,2025-11,Railways,Ministry of Railways,758,412.67,-303.0,1,54.4419525065963,0
705777,2025-11,Railways,Ministry of Railways,250,115.68,90.0,0,46.272000000000006,0
705780,2025-11,Railways,Ministry of Railways,2529,2051.69,-334.0,1,81.12653222617635,1
705782,2025-11,Railways,Ministry of Railways,407,317.0,-244.0,1,77.88697788697789,1
705783,2025-11,Railways,Ministry of Railways,238,134.48,-244.0,1,56.50420168067226,1
705785,2025-11,Railways,Ministry of Railways,473,288.72,212.0,0,61.04016913319239,0
705789,2025-11,Railways,Ministry of Railways,308,276.34,121.0,0,89.7207792207792,0
705793,2025-11,Railways,Ministry of Railways,6806,135.65,-609.0,1,1.9930943285336469,1
705794,2025-11,Railways,Ministry of Railways,6685,127.03,-609.0,1,1.900224382946896,0
705799,2025-11,Railways,Ministry of Railways,1400,1472.0,31.0,0,105.14285714285714,0
705912,2025-11,Railways,Ministry of Railways,1204,109.85,486.0,0,9.123754152823919,0
705919,2025-11,Railways,Ministry of Railways,1390,123.0,577.0,0,8.848920863309353,0
705933,2025-11,Railways,Ministry of Railways,1096,1067.49,700.0,0,97.39872262773723,0
706718,2025-11,Aviation & Aviation Infrastructure,Ministry of Civil Aviation,499,156.06,-505.0,1,31.274549098196392,0
706724,2025-11,Aviation & Aviation Infrastructure,Ministry of Civil Aviation,1712,2456.07,-244.0,1,143.46203271028037,1
706757,2025-11,Railways,Ministry of Railways,262,337.67,-244.0,1,128.88167938931298,0
706759,2025-11,Railways,Ministry of Railways,2374,1427.78,-364.0,1,60.142375737152484,0
706763,2025-11,Railways,Ministry of Railways,1081,829.85,335.0,0,76.76688251618872,0
706775,2025-11,Telecommunication,Department of Telecommunications,61109,46431.5,-822.0,1,75.98144299530347,0
706776,2025-11,Railways,Ministry of Railways,4830,2764.13,274.0,0,57.22836438923395,0
706777,2025-11,Railways,Ministry of Railways,2298,393.01,396.0,0,17.102262837249782,1
706779,2025-11,Railways,Ministry of Railways,8087,7364.0,-4262.0,1,91.05972548534686,0
706780,2025-11,Railways,Ministry of Railways,33690,2805.0,761.0,0,8.325912733748888,0
706781,2025-11,Railways,Ministry of Railways,10947,5588.85,-1340.0,1,51.05371334612223,0
706811,2025-11,Steel,Ministry of Steel,2907,3243.55,-884.0,1,111.57722738218095,1
706835,2025-11,Railways,Ministry of Railways,1591,0.38,761.0,0,0.023884349465744813,0
706837,2025-11,Railways,Ministry of Railways,349,108.89,730.0,0,31.20057306590258,0
706854,2025-11,Railways,Ministry of Railways,1376,139.49,1673.0,0,10.137354651162791,0
706860,2025-11,Railways,Ministry of Railways,645,27.98,-121.0,1,4.337984496124031,0
706866,2025-11,Railways,Ministry of Railways,304,53.0,121.0,0,17.434210526315788,0
706898,2025-11,Railways,Ministry of Railways,268,0.0,-1705.0,1,0.0,0
706922,2025-11,Railways,Ministry of Railways,890,391.73,-1914.0,1,44.01460674157304,0
706940,2025-11,Railways,Ministry of Railways,184,0.0,-548.0,1,0.0,0
706942,2025-11,Railways,Ministry of Railways,238,0.0,-548.0,1,0.0,0
706950,2025-11,Railways,Ministry of Railways,744,969.05,-975.0,1,130.2486559139785,1
707215,2025-11,"Tourism, Hospitality & Wellness","Ministry of Ports, Shipping and Waterways",573,515.97,-609.0,1,90.04712041884817,1
707229,2025-11,Real Estate,Ministry of Housing & Urban Affairs,210,,-914.0,1,,0
707267,2025-11,Waste & Water,Ministry of Housing & Urban Affairs,200,100.0,-884.0,1,50.0,0
708662,2025-11,Healthcare,"Ministry of Ports, Shipping and Waterways",693,58.0,212.0,0,8.369408369408369,0
709747,2025-11,Electricity Generation,Ministry of Power,339,317.59,31.0,0,93.68436578171091,0
709749,2025-11,Telecommunication,Department of Telecommunications,461,166.02,-1626.0,1,36.01301518438178,0
709750,2025-11,Oil & Gas,Ministry of Petroleum & Natural Gas,205,66.22,-70.0,1,32.302439024390246,1
709752,2025-11,Oil & Gas,Ministry of Petroleum & Natural Gas,160,99.49,-518.0,1,62.18125,0
709753,2025-11,Oil & Gas,Ministry of Petroleum & Natural Gas,1010,699.07,-22.0,1,69.21485148514851,1
709754,2025-11,Energy Storage,Ministry of Petroleum & Natural Gas,156,70.91,581.0,0,45.455128205128204,0
709755,2025-11,Energy Storage,Ministry of Petroleum & Natural Gas,384,150.78,581.0,0,39.265625,0
709757,2025-11,Oil & Gas,Ministry of Petroleum & Natural Gas,1377,347.15,1673.0,0,25.210602759622365,0
709758,2025-11,Oil & Gas,Ministry of Petroleum & Natural Gas,2628,348.91,1673.0,0,13.276636225266364,0
709759,2025-11,Energy Storage,Ministry of Petroleum & Natural Gas,461,153.07,371.0,0,33.20390455531454,0
709760,2025-11,Oil & Gas,Ministry of Petroleum & Natural Gas,240,70.12,140.0,0,29.21666666666667,0
709766,2025-11,Oil & Gas,Ministry of Petroleum & Natural Gas,1420,168.51,1582.0,0,11.866901408450703,0
709770,2025-11,Oil & Gas,Ministry of Petroleum & Natural Gas,151,8.77,2861.0,0,5.80794701986755,0
709771,2025-11,Oil & Gas,Ministry of Petroleum & Natural Gas,865,73.18,2130.0,0,8.460115606936416,0
709772,2025-11,Oil & Gas,Ministry of Petroleum & Natural Gas,609,58.09,2038.0,0,9.538587848932677,0
709773,2025-11,Oil & Gas,Ministry of Petroleum & Natural Gas,538,4.11,2313.0,0,0.7639405204460967,0
709774,2025-11,Oil & Gas,Ministry of Petroleum & Natural Gas,463,290.86,31.0,0,62.8207343412527,0
709776,2025-11,Oil & Gas,Ministry of Petroleum & Natural Gas,277,190.21,304.0,0,68.66787003610109,0
709777,2025-11,Oil & Gas,Ministry of Petroleum & Natural Gas,389,77.72,-214.0,1,19.97943444730077,0
709778,2025-11,Oil & Gas,Ministry of Petroleum & Natural Gas,328,172.32,-114.0,1,52.53658536585366,0
709779,2025-11,Oil & Gas,Ministry of Petroleum & Natural Gas,768,125.07,98.0,0,16.28515625,0
709780,2025-11,Oil & Gas,Ministry of Petroleum & Natural Gas,341,289.92,274.0,0,85.02052785923753,0
709781,2025-11,Oil & Gas,Ministry of Petroleum & Natural Gas,260,10.38,577.0,0,3.992307692307693,0
709782,2025-11,Oil & Gas,Ministry of Petroleum & Natural Gas,165,94.28,-101.0,1,57.13939393939395,0
709783,2025-11,Oil & Gas,Ministry of Petroleum & Natural Gas,165,143.78,-884.0,1,87.13939393939394,0
709785,2025-11,Oil & Gas,Ministry of Petroleum & Natural Gas,202,61.67,70.0,0,30.52970297029703,1
709786,2025-11,Oil & Gas,Ministry of Petroleum & Natural Gas,228,11.41,730.0,0,5.004385964912281,0
709789,2025-11,Oil & Gas,Ministry of Petroleum & Natural Gas,405,227.3,-122.0,1,56.12345679012346,0
709790,2025-11,Oil & Gas,Ministry of Petroleum & Natural Gas,622,211.67,121.0,0,34.03054662379421,0
709791,2025-11,Oil & Gas,Ministry of Petroleum & Natural Gas,1017,199.62,1582.0,0,19.628318584070797,0
709792,2025-11,Oil & Gas,Ministry of Petroleum & Natural Gas,3638,428.18,1582.0,0,11.769653655854865,0
709793,2025-11,Oil & Gas,Ministry of Petroleum & Natural Gas,3919,431.68,1673.0,0,11.015054860933912,0
709794,2025-11,Oil & Gas,Ministry of Petroleum & Natural Gas,3207,366.34,1673.0,0,11.423136888057375,0
709795,2025-11,Oil & Gas,Ministry of Petroleum & Natural Gas,16654,630.34,1673.0,0,3.7849165365677915,0
709796,2025-11,Oil & Gas,Ministry of Petroleum & Natural Gas,3685,250.98,1582.0,0,6.810854816824966,0
709797,2025-11,Oil & Gas,Ministry of Petroleum & Natural Gas,2585,788.46,182.0,0,30.501353965183753,0
709798,2025-11,Oil & Gas,Ministry of Petroleum & Natural Gas,43367,2033.0,913.0,0,4.6878963267000255,0
709799,2025-11,Oil & Gas,Ministry of Petroleum & Natural Gas,4460,351.85,700.0,0,7.889013452914799,0
709800,2025-11,Oil & Gas,Ministry of Petroleum & Natural Gas,394,123.06,121.0,0,31.23350253807107,0
709811,2025-11,Railways,Ministry of Railways,190,,669.0,0,,0
709812,2025-11,Railways,Ministry of Railways,462,93.31,1673.0,0,20.196969696969695,0
709813,2025-11,Railways,Ministry of Railways,437,19.37,943.0,0,4.432494279176201,0
709815,2025-11,Railways,Ministry of Railways,177,,427.0,0,,0
709816,2025-11,Railways,Ministry of Railways,177,1.64,455.0,0,0.9265536723163841,0
709817,2025-11,Railways,Ministry of Railways,169,18.37,365.0,0,10.8698224852071,0
709818,2025-11,Railways,Ministry of Railways,328,57.3,427.0,0,17.46951219512195,0
709819,2025-11,Railways,Ministry of Railways,168,0.11,396.0,0,0.06547619047619048,0
709826,2025-11,Steel,Ministry of Steel,2719,1396.9,62.0,0,51.37550570062523,1
709827,2025-11,Steel,Ministry of Steel,350,299.39,31.0,0,85.53999999999999,1
709830,2025-11,Metals & Mining,Ministry of Mines,355,163.55,365.0,0,46.07042253521127,0
709831,2025-11,Metals & Mining,Ministry of Mines,483,414.75,-183.0,1,85.86956521739131,0
709832,2025-11,Metals & Mining,Ministry of Mines,166,135.0,-244.0,1,81.32530120481928,0
709837,2025-11,Oil & Gas,Ministry of Petroleum & Natural Gas,209,70.94,-548.0,1,33.942583732057415,0
709838,2025-11,Oil & Gas,Ministry of Petroleum & Natural Gas,621,137.74,-365.0,1,22.18035426731079,0
709839,2025-11,Oil & Gas,Ministry of Petroleum & Natural Gas,4144,4694.85,-30.0,1,113.29271235521236,1
709840,2025-11,Oil & Gas,Ministry of Petroleum & Natural Gas,249,210.42,-293.0,1,84.50602409638553,1
709841,2025-11,Oil & Gas,Ministry of Petroleum & Natural Gas,173,154.84,-135.0,1,89.5028901734104,0
709842,2025-11,Oil & Gas,Ministry of Petroleum & Natural Gas,1487,937.75,486.0,0,63.063214525891055,0
709845,2025-11,Oil & Gas,Ministry of Petroleum & Natural Gas,837,301.21,274.0,0,35.986857825567505,0
709846,2025-11,Oil & Gas,Ministry of Petroleum & Natural Gas,1219,745.0,-564.0,1,61.11566858080394,1
709847,2025-11,Oil & Gas,Ministry of Petroleum & Natural Gas,345,220.37,148.0,0,63.87536231884058,0
709848,2025-11,Oil & Gas,Ministry of Petroleum & Natural Gas,2329,1148.9,170.0,0,49.330184628595966,0
709849,2025-11,Oil & Gas,Ministry of Petroleum & Natural Gas,2380,1806.9,90.0,0,75.9201680672269,0
709850,2025-11,Oil & Gas,Ministry of Petroleum & Natural Gas,199,58.92,167.0,0,29.608040201005025,0
709851,2025-11,Oil & Gas,Ministry of Petroleum & Natural Gas,6184,697.67,516.0,0,11.281856403622252,0
709856,2025-11,Telecommunication,Department of Telecommunications,645,377.59,-456.0,1,58.541085271317826,1
709857,2025-11,Telecommunication,Department of Telecommunications,24545,8472.04,-162.0,1,34.51635771032797,0
709859,2025-11,Telecommunication,Department of Telecommunications,248,236.91,-2113.0,1,95.52822580645162,1
709864,2025-11,Oil & Gas,Ministry of Petroleum & Natural Gas,370,271.34,-501.0,1,73.33513513513513,0
709865,2025-11,Oil & Gas,Ministry of Petroleum & Natural Gas,294,97.22,-334.0,1,33.06802721088435,1
900808,2025-11,Transmission & Distribution,Ministry of Power,3547,3404.59,-365.0,1,95.98505779531999,1
900874,2025-11,Railways,Ministry of Railways,588,0.82,852.0,0,0.13945578231292516,0
400005,2025-12,Transmission & Distribution,Ministry of Power,4546,4358.49,-933.0,1,95.87527496700396,1
400006,2025-12,Railways,Ministry of Railways,809,505.01,-61.0,1,62.42398022249691,1
400010,2025-12,Aviation & Aviation Infrastructure,Ministry of Civil Aviation,480,484.6,-1569.0,1,100.95833333333333,0
400012,2025-12,Energy Storage,Ministry of Petroleum & Natural Gas,10088,8217.69,-1462.0,1,81.46005154639175,1
400013,2025-12,Telecommunication,Department of Telecommunications,26316,9791.8,-559.0,1,37.20854233166134,0
400018,2025-12,Coal,Ministry of Coal,859,453.0,1186.0,0,52.73573923166472,0
400019,2025-12,Railways,Ministry of Railways,493,415.47,365.0,0,84.2738336713996,0
400022,2025-12,Railways,Ministry of Railways,2798,2098.09,1673.0,0,74.98534667619728,0
400023,2025-12,Railways,Ministry of Railways,749,,851.0,0,,0
400033,2025-12,Coal,Ministry of Coal,581,84.73,821.0,0,14.583476764199657,0
400035,2025-12,Energy Storage,Ministry of Petroleum & Natural Gas,656,526.86,-92.0,1,80.31402439024392,0
400043,2025-12,Energy Storage,Ministry of Petroleum & Natural Gas,829,339.98,151.0,0,41.01085645355851,0
400045,2025-12,Railways,Ministry of Railways,168,69.85,-275.0,1,41.57738095238095,0
400047,2025-12,Railways,Ministry of Railways,210,13.17,-365.0,1,6.2714285714285705,1
400048,2025-12,Railways,Ministry of Railways,186,45.0,-365.0,1,24.193548387096776,1
400062,2025-12,Electricity Generation,Ministry of Power,17673,1479.89,1277.0,0,8.373733944435015,0
400073,2025-12,Coal,Ministry of Coal,799,429.33,2282.0,0,53.73341677096371,0
400074,2025-12,Coal,Ministry of Coal,908,269.26,1186.0,0,29.65418502202643,0
400077,2025-12,Energy Storage,Ministry of Petroleum & Natural Gas,827,649.51,-365.0,1,78.53808948004837,0
400078,2025-12,Energy Storage,Ministry of Petroleum & Natural Gas,9028,7394.54,-377.0,1,81.90673460345592,0
400081,2025-12,Education,Department of Sports,906,565.17,-492.0,1,62.38079470198675,0
400087,2025-12,Oil & Gas,Ministry of Petroleum & Natural Gas,886,911.57,59.0,0,102.88600451467269,1
400093,2025-12,Water Resources,"Department of Water Resources, River Development & GR",1673,22.24,-2192.0,1,1.3293484757919904,0
400095,2025-12,Water Resources,"Department of Water Resources, River Development & GR",744,396.38,-2192.0,1,53.276881720430104,0
400096,2025-12,Water Resources,"Department of Water Resources, River Development & GR",648,206.06,-2192.0,1,31.799382716049386,1
400097,2025-12,Water Resources,"Department of Water Resources, River Development & GR",5022,4956.98,-2192.0,1,98.705296694544,0
400100,2025-12,Water Resources,"Department of Water Resources, River Development & GR",353,869.11,-2192.0,1,246.20679886685554,0
400101,2025-12,Water Resources,"Department of Water Resources, River Development & GR",397,619.09,-2192.0,1,155.94206549118388,0
400102,2025-12,Water Resources,"Department of Water Resources, River Development & GR",736,940.7,-2192.0,1,127.8125,0
400103,2025-12,Water Resources,"Department of Water Resources, River Development & GR",1331,4491.08,-2192.0,1,337.42148760330576,0
400104,2025-12,Water Resources,"Department of Water Resources, River Development & GR",571,447.68,-2192.0,1,78.40280210157619,0
400105,2025-12,Water Resources,"Department of Water Resources, River Development & GR",581,713.46,-1280.0,1,122.79862306368332,0
400107,2025-12,Water Resources,"Department of Water Resources, River Development & GR",2408,2587.54,-915.0,1,107.45598006644519,0
400109,2025-12,Water Resources,"Department of Water Resources, River Development & GR",848,690.49,-2010.0,1,81.42570754716981,0
400111,2025-12,Water Resources,"Department of Water Resources, River Development & GR",460,616.93,-2192.0,1,134.11521739130436,0
400112,2025-12,Water Resources,"Department of Water Resources, River Development & GR",7223,9348.58,912.0,0,129.4279385296968,0
400115,2025-12,Water Resources,"Department of Water Resources, River Development & GR",751,783.1,-2192.0,1,104.27430093209055,0
400116,2025-12,Water Resources,"Department of Water Resources, River Development & GR",1229,1993.52,-2192.0,1,162.206672091131,1
400119,2025-12,Oil & Gas,Ministry of Petroleum & Natural Gas,3191,3123.2,-2802.0,1,97.875274208712,1
400120,2025-12,Oil & Gas,Ministry of Petroleum & Natural Gas,34012,32374.4,-2010.0,1,95.18522874279667,0
400121,2025-12,Steel,Ministry of Steel,1044,375.39,237.0,0,35.956896551724135,0
400136,2025-12,Coal,Ministry of Coal,2660,6.61,2282.0,0,0.24849624060150377,0
400138,2025-12,Coal,Ministry of Coal,974,440.75,2282.0,0,45.25154004106776,0
400139,2025-12,Coal,Ministry of Coal,861,455.95,2282.0,0,52.95586527293844,0
400141,2025-12,Metals & Mining,Ministry of Mines,4103,4449.07,-1096.0,1,108.4345600779917,1
400142,2025-12,Coal,Ministry of Coal,2243,1253.92,1004.0,0,55.90370040124834,0
400144,2025-12,Coal,Ministry of Coal,2310,91.43,1186.0,0,3.958008658008658,0
400148,2025-12,Coal,Ministry of Coal,869,278.78,-1736.0,1,32.08055235903337,0
400149,2025-12,Coal,Ministry of Coal,2310,956.88,1186.0,0,41.423376623376626,0
400150,2025-12,Coal,Ministry of Coal,7254,1599.39,821.0,0,22.048387096774196,0
400151,2025-12,Coal,Ministry of Coal,779,696.05,1186.0,0,89.3517329910141,0
400152,2025-12,Coal,Ministry of Coal,1249,498.6,90.0,0,39.91993594875901,0
400153,2025-12,Coal,Ministry of Coal,1020,84.74,821.0,0,8.3078431372549,0
400154,2025-12,Coal,Ministry of Coal,713,236.58,455.0,0,33.180925666199165,0
400155,2025-12,Coal,Ministry of Coal,2898,185.04,1916.0,0,6.385093167701863,0
400156,2025-12,Coal,Ministry of Coal,5136,1257.44,821.0,0,24.482866043613708,0
400160,2025-12,Coal,Ministry of Coal,511,488.69,-3562.0,1,95.63405088062622,0
400161,2025-12,Oil & Gas,Ministry of Petroleum & Natural Gas,911,1066.0,-700.0,1,117.01427003293085,0
400162,2025-12,Coal,Ministry of Coal,999,488.66,-1006.0,1,48.91491491491492,0
400165,2025-12,Coal,Ministry of Coal,1694,1326.59,2305.0,0,78.31109799291617,0
400166,2025-12,Coal,Ministry of Coal,5195,3462.73,1186.0,0,66.65505293551492,0
400167,2025-12,Oil & Gas,Ministry of Petroleum & Natural Gas,1163,1145.85,90.0,0,98.52536543422184,1
400168,2025-12,Oil & Gas,Ministry of Petroleum & Natural Gas,8797,7371.46,-267.0,1,83.79515744003638,1
400169,2025-12,Oil & Gas,Ministry of Petroleum & Natural Gas,631,600.07,-275.0,1,95.09825673534074,1
400171,2025-12,Oil & Gas,Ministry of Petroleum & Natural Gas,1421,1218.24,-1047.0,1,85.73117522871217,1
400172,2025-12,Coal,Ministry of Coal,514,230.87,90.0,0,44.916342412451364,0
400173,2025-12,Coal,Ministry of Coal,889,119.09,90.0,0,13.395950506186727,0
400174,2025-12,Steel,Ministry of Steel,1034,928.97,-2983.0,1,89.8423597678917,0
400177,2025-12,Coal,Ministry of Coal,727,539.9,-275.0,1,74.26409903713892,0
400178,2025-12,Coal,Ministry of Coal,823,623.1,455.0,0,75.71081409477522,0
400180,2025-12,Coal,Ministry of Coal,570,83.36,90.0,0,14.624561403508771,0
400181,2025-12,Coal,Ministry of Coal,503,71.85,1186.0,0,14.284294234592442,0
400182,2025-12,Coal,Ministry of Coal,535,5.32,455.0,0,0.9943925233644859,0
400183,2025-12,Coal,Ministry of Coal,3504,927.17,1186.0,0,26.46033105022831,0
400185,2025-12,Coal,Ministry of Coal,8416,1745.72,1551.0,0,20.74287072243346,0
400186,2025-12,Coal,Ministry of Coal,749,52.89,1186.0,0,7.061415220293725,0
400187,2025-12,Coal,Ministry of Coal,2435,1859.96,455.0,0,76.38439425051334,0
400188,2025-12,Real Estate,Ministry of Housing & Urban Affairs,32850,0.0,0.0,0,0.0,0
400192,2025-12,Coal,Ministry of Power,1581,599.18,151.0,0,37.89879822896901,0
400203,2025-12,Railways,Ministry of Coal,1686,484.26,365.0,0,28.72241992882562,0
400204,2025-12,Railways,Ministry of Railways,4940,1263.98,1764.0,0,25.58663967611336,0
400205,2025-12,Railways,Ministry of Railways,1320,511.08,1186.0,0,38.71818181818182,0
400220,2025-12,Railways,Ministry of Railways,3055,2609.75,-2649.0,1,85.42553191489361,0
400223,2025-12,Railways,Ministry of Railways,713,633.24,450.0,0,88.81346423562412,0
400231,2025-12,Electricity Generation,Ministry of Coal,27213,2607.89,1551.0,0,9.583250652261786,0
400232,2025-12,Railways,Ministry of Railways,297,215.87,360.0,0,72.68350168350169,0
400247,2025-12,Railways,Ministry of Railways,1000,1054.94,424.0,0,105.494,1
400253,2025-12,Railways,Ministry of Railways,4803,6016.71,-5.0,1,125.26983135540289,1
400254,2025-12,Railways,Ministry of Railways,735,588.68,-365.0,1,80.09251700680271,0
400259,2025-12,Electricity Generation,Ministry of Coal,17238,20743.9,-1861.0,1,120.33820628843254,0
400261,2025-12,Electricity Generation,Ministry of Power,18668,18166.0,-1006.0,1,97.31090636383115,0
400271,2025-12,Railways,Ministry of Railways,3445,3002.93,-278.0,1,87.16777939042089,0
400273,2025-12,Railways,Ministry of Railways,1189,1338.36,-2467.0,1,112.56181665264928,0
400275,2025-12,Railways,Ministry of Railways,3631,1176.55,-106.0,1,32.40291930597631,0
400277,2025-12,Railways,Ministry of Railways,8964,8428.89,0.0,0,94.03045515394912,1
400280,2025-12,Railways,Ministry of Railways,734,479.19,-160.0,1,65.28474114441417,0
400291,2025-12,Railways,Ministry of Railways,1589,1592.19,-2101.0,1,100.20075519194462,1
400298,2025-12,Railways,Ministry of Railways,2312,2421.35,516.0,0,104.72967128027682,0
400299,2025-12,Metals & Mining,Ministry of Mines,1381,650.04,-275.0,1,47.07023895727733,0
400301,2025-12,Energy Storage,Ministry of Petroleum & Natural Gas,678,893.48,-3231.0,1,131.78171091445427,0
400312,2025-12,Coal,Ministry of Coal,1210,550.2,1186.0,0,45.47107438016529,0
400313,2025-12,Coal,Ministry of Coal,2662,792.93,-2334.0,1,29.7870022539444,0
400315,2025-12,Coal,Ministry of Coal,5366,596.74,1186.0,0,11.12076034289974,0
400321,2025-12,Coal,Ministry of Coal,1730,859.8,-275.0,1,49.69942196531791,0
400352,2025-12,Coal,Ministry of Coal,765,145.81,1916.0,0,19.060130718954248,0
400353,2025-12,Coal,Ministry of Coal,711,169.79,821.0,0,23.880450070323487,0
400354,2025-12,Coal,Ministry of Coal,5241,2862.43,1186.0,0,54.61610379698531,0
400369,2025-12,Coal,Ministry of Coal,836,829.04,-640.0,1,99.16746411483253,0
400382,2025-12,Shipping,"Ministry of Ports, Shipping and Waterways",6000,5999.89,-1006.0,1,99.99816666666668,0
400392,2025-12,Coal,Ministry of Coal,2839,1676.51,1186.0,0,59.05283550545967,0
400416,2025-12,Railways,Ministry of Coal,1800,1489.74,-184.0,1,82.76333333333334,0
400424,2025-12,Coal,Ministry of Coal,11816,6813.01,-1006.0,1,57.65919092755586,0
400425,2025-12,Coal,Ministry of Coal,1230,635.78,-2467.0,1,51.68943089430894,1
400426,2025-12,Metals & Mining,Ministry of Mines,1856,950.94,-2071.0,1,51.235991379310356,0
602096,2025-12,Electricity Generation,Ministry of Power,6285,25718.6,-5593.0,1,409.206046141607,0
602098,2025-12,Education,Department of Higher Education,425,484.52,-915.0,1,114.00470588235294,0
602099,2025-12,Education,Department of Higher Education,393,328.83,-792.0,1,83.67175572519083,1
602181,2025-12,Electricity Generation,Ministry of Power,5748,3972.89,-664.0,1,69.11778009742518,0
602182,2025-12,Electricity Generation,Ministry of Power,31876,3861.98,2248.0,0,12.115635587903125,0
602184,2025-12,Electricity Generation,Ministry of Power,1382,1431.94,-2284.0,1,103.61360347322722,0
602185,2025-12,Electricity Generation,Ministry of Power,2978,6769.58,-4658.0,1,227.31967763599732,0
602193,2025-12,Electricity Generation,Ministry of Power,4826,8169.51,-1294.0,1,169.28118524658103,0
602195,2025-12,Electricity Generation,Ministry of Power,3860,5004.46,-1112.0,1,129.64922279792745,0
602223,2025-12,Transmission & Distribution,Ministry of Power,4754,7809.22,-2569.0,1,164.26630206142195,0
602525,2025-12,Electricity Generation,Ministry of Power,8112,8057.69,-2074.0,1,99.33049802761342,0
602532,2025-12,Electricity Generation,Ministry of Power,4288,3313.59,-846.0,1,77.27588619402985,0
602535,2025-12,Electricity Generation,Ministry of Power,5282,1384.07,41.0,0,26.203521393411584,0
602538,2025-12,Electricity Generation,Ministry of Power,1037,1115.65,-709.0,1,107.5843780135005,1
602579,2025-12,Electricity Generation,Ministry of Power,10439,12911.1,-723.0,1,123.68138710604464,1
602582,2025-12,Electricity Generation,Ministry of Power,688,1027.23,-56.0,1,149.30668604651163,0
602593,2025-12,Electricity Generation,Ministry of Power,1811,1841.71,19.0,0,101.69574820541139,0
602633,2025-12,Electricity Generation,Ministry of Power,2615,495.57,455.0,0,18.951051625239003,0
602792,2025-12,Railways,Ministry of Railways,1171,379.64,-306.0,1,32.4201537147737,1
602797,2025-12,Railways,Ministry of Railways,462,197.33,455.0,0,42.71212121212121,0
602961,2025-12,Electricity Generation,Ministry of Power,11844,5347.06,516.0,0,45.14572779466397,0
603293,2025-12,Coal,Ministry of Power,502,388.29,11323.0,0,77.34860557768924,0
603945,2025-12,Water Resources,"Department of Water Resources, River Development & GR",567,2715.12,-2192.0,1,478.85714285714283,0
604791,2025-12,Oil & Gas,Ministry of Petroleum & Natural Gas,12366,18147.4,-522.0,1,146.7523855733463,1
604795,2025-12,Oil & Gas,Ministry of Petroleum & Natural Gas,31580,1404.61,-212.0,1,4.447783407219759,0
604833,2025-12,Energy Storage,Ministry of Petroleum & Natural Gas,281,249.5,-214.0,1,88.79003558718861,0
604852,2025-12,Energy Storage,Ministry of Petroleum & Natural Gas,980,250.55,334.0,0,25.566326530612244,0
604853,2025-12,Oil & Gas,Ministry of Petroleum & Natural Gas,2282,1885.39,-1096.0,1,82.62007011393516,0
604859,2025-12,Oil & Gas,Ministry of Petroleum & Natural Gas,13805,8613.21,-700.0,1,62.39195943498732,0
604863,2025-12,Oil & Gas,Ministry of Petroleum & Natural Gas,683,493.53,-2132.0,1,72.25915080527085,0
605155,2025-12,Electricity Generation,Ministry of Power,4526,1203.55,314.0,0,26.59191338930623,0
605156,2025-12,Electricity Generation,Ministry of Power,938,1531.04,-581.0,1,163.22388059701493,0
605292,2025-12,Education,Department of Higher Education,348,290.39,-915.0,1,83.44540229885057,1
606013,2025-12,Education,Department of Higher Education,499,445.97,-518.0,1,89.37274549098197,0
606112,2025-12,Education,Department of Higher Education,154,125.03,-784.0,1,81.18831168831169,0
606431,2025-12,Education,Department of Higher Education,1006,663.4,-1303.0,1,65.94433399602386,0
606479,2025-12,Education,Department of Higher Education,246,199.71,-1188.0,1,81.1829268292683,0
607701,2025-12,Oil & Gas,Ministry of Petroleum & Natural Gas,412,458.56,-792.0,1,111.30097087378641,0
607709,2025-12,Transmission & Distribution,Ministry of Power,5111,5442.41,-2557.0,1,106.48424965760125,1
609019,2025-12,Education,Department of Higher Education,500,401.6,-1006.0,1,80.32000000000001,0
609424,2025-12,Shipping,"Ministry of Ports, Shipping and Waterways",4244,963.03,437.0,0,22.69156456173421,1
609736,2025-12,Education,Department of Higher Education,314,238.22,-361.0,1,75.86624203821655,0
609996,2025-12,Education,Department of Higher Education,262,194.37,-434.0,1,74.18702290076335,0
610315,2025-12,Education,Department of Higher Education,1229,835.6,-1736.0,1,67.99023596419855,0
610984,2025-12,Oil & Gas,Ministry of Petroleum & Natural Gas,431,228.44,-710.0,1,53.00232018561485,1
611016,2025-12,Coal,Ministry of Coal,385,358.11,-1918.0,1,93.01558441558441,1
611017,2025-12,Coal,Ministry of Coal,334,151.09,-2802.0,1,45.23652694610779,1
611047,2025-12,Aviation & Aviation Infrastructure,Ministry of Civil Aviation,861,248.88,172.0,0,28.905923344947738,1
611142,2025-12,Inland Waterways,"Ministry of Ports, Shipping and Waterways",177,383.41,-884.0,1,216.61581920903959,0
611452,2025-12,Railways,Ministry of Railways,311,263.42,0.0,0,84.70096463022509,0
611495,2025-12,Aviation & Aviation Infrastructure,Ministry of Civil Aviation,1549,359.56,368.0,0,23.21239509360878,0
611509,2025-12,Electricity Generation,Ministry of Power,14358,1538.88,1169.0,0,10.717927287923109,0
611570,2025-12,Aviation & Aviation Infrastructure,Ministry of Civil Aviation,500,348.09,-111.0,1,69.618,0
611586,2025-12,Electricity Generation,Ministry of Power,2615,1025.3,824.0,0,39.20841300191205,0
611602,2025-12,Aviation & Aviation Infrastructure,Ministry of Civil Aviation,1207,208.06,-153.0,1,17.23777961888981,1
611669,2025-12,Railways,Ministry of Railways,380,238.47,455.0,0,62.75526315789474,0
611698,2025-12,Electricity Generation,Ministry of Power,1939,66.73,1306.0,0,3.4414646725116045,0
611699,2025-12,Electricity Generation,Ministry of Power,1750,61.45,1306.0,0,3.5114285714285716,0
611735,2025-12,Transmission & Distribution,Ministry of Power,331,142.84,-275.0,1,43.15407854984895,1
611751,2025-12,Railways,Ministry of Railways,961,732.32,455.0,0,76.20395421436005,0
611752,2025-12,Railways,Ministry of Railways,352,18.0,455.0,0,5.113636363636364,0
611754,2025-12,Railways,Ministry of Railways,293,0.0,212.0,0,0.0,0
611849,2025-12,Railways,Ministry of Railways,969,192.98,883.0,0,19.915376676986583,0
611861,2025-12,Railways,Ministry of Railways,352,283.12,546.0,0,80.43181818181819,0
611864,2025-12,Coal,Ministry of Coal,4012,414.41,1551.0,0,10.32926221335992,0
611884,2025-12,Railways,Ministry of Railways,471,227.35,790.0,0,48.26963906581741,0
611917,2025-12,Oil & Gas,Ministry of Petroleum & Natural Gas,1459,1435.65,-275.0,1,98.39958875942428,0
611918,2025-12,Railways,Ministry of Railways,468,20.28,454.0,0,4.333333333333334,0
611927,2025-12,Railways,Ministry of Railways,561,276.66,-731.0,1,49.31550802139038,0
611929,2025-12,Railways,Ministry of Railways,167,0.0,-367.0,1,0.0,0
611930,2025-12,Electricity Generation,Ministry of Power,15530,3498.35,912.0,0,22.526400515132003,0
611943,2025-12,Railways,Ministry of Railways,410,9.27,761.0,0,2.2609756097560973,0
611944,2025-12,Railways,Ministry of Railways,152,104.58,90.0,0,68.80263157894737,0
611945,2025-12,Railways,Ministry of Railways,307,13.59,1612.0,0,4.4267100977198695,0
611947,2025-12,Transmission & Distribution,Ministry of Power,428,334.08,-199.0,1,78.05607476635514,1
611948,2025-12,Transmission & Distribution,Ministry of Power,2211,2081.24,-245.0,1,94.13116236996834,1
611949,2025-12,Transmission & Distribution,Ministry of Power,1796,1621.79,-245.0,1,90.30011135857461,1
611950,2025-12,Transmission & Distribution,Ministry of Power,2191,2079.44,-245.0,1,94.90826106800549,1
611951,2025-12,Transmission & Distribution,Ministry of Power,689,685.29,-306.0,1,99.46153846153845,1
611957,2025-12,Education,Department of Higher Education,496,56.35,415.0,0,11.360887096774194,0
611963,2025-12,Education,Department of Higher Education,651,261.11,638.0,0,40.10906298003072,0
611966,2025-12,Transmission & Distribution,Ministry of Power,224,109.96,-175.0,1,49.089285714285715,1
611967,2025-12,Transmission & Distribution,Ministry of Power,1249,1077.61,-92.0,1,86.27782225780624,1
611970,2025-12,Railways,Ministry of Railways,670,45.21,1551.0,0,6.747761194029851,0
611971,2025-12,Railways,Ministry of Railways,350,67.73,1551.0,0,19.35142857142857,0
611974,2025-12,Railways,Ministry of Railways,1430,271.82,364.0,0,19.00839160839161,1
611977,2025-12,Railways,Ministry of Railways,487,222.88,-306.0,1,45.765913757700204,0
611978,2025-12,Railways,Ministry of Railways,158,51.87,-275.0,1,32.82911392405063,0
611979,2025-12,Railways,Ministry of Railways,250,110.15,-184.0,1,44.06,1
612072,2025-12,Railways,Ministry of Railways,962,359.61,455.0,0,37.381496881496886,0
612096,2025-12,Railways,Ministry of Railways,1209,428.37,455.0,0,35.4317617866005,0
612128,2025-12,Education,Department of Higher Education,167,102.52,85.0,0,61.38922155688622,1
612132,2025-12,Transmission & Distribution,Ministry of Power,2000,1565.4,-145.0,1,78.27000000000001,1
612133,2025-12,Transmission & Distribution,Ministry of Power,2056,1644.8,-5.0,1,80.0,1
612134,2025-12,Transmission & Distribution,Ministry of Power,2998,2158.8,-5.0,1,72.00800533689127,1
612138,2025-12,Transmission & Distribution,Ministry of Power,2148,1685.45,39.0,0,78.46601489757916,0
612139,2025-12,Transmission & Distribution,Ministry of Power,3752,2101.02,-6.0,1,55.99733475479744,0
612140,2025-12,Transmission & Distribution,Ministry of Power,2889,1841.69,-6.0,1,63.748355832467986,1
612142,2025-12,Electricity Generation,Ministry of Power,17195,2418.36,1520.0,0,14.064321023553358,0
612151,2025-12,Transmission & Distribution,Ministry of Power,334,236.17,-153.0,1,70.70958083832335,1
612167,2025-12,Healthcare,Ministry of Labour and Employment,384,167.37,-83.0,1,43.5859375,0
612178,2025-12,Healthcare,Ministry of Labour and Employment,153,107.83,-202.0,1,70.47712418300654,1
612183,2025-12,Aviation & Aviation Infrastructure,Ministry of Civil Aviation,1413,,455.0,0,,0
612185,2025-12,Healthcare,Ministry of Labour and Employment,209,202.62,-211.0,1,96.94736842105264,0
612186,2025-12,Healthcare,Ministry of Labour and Employment,558,63.62,63.0,0,11.40143369175627,0
612188,2025-12,Healthcare,Ministry of Labour and Employment,429,282.09,-103.0,1,65.75524475524475,1
612194,2025-12,Aviation & Aviation Infrastructure,Ministry of Civil Aviation,912,258.93,192.0,0,28.39144736842105,0
612201,2025-12,Healthcare,Ministry of Labour and Employment,143,116.08,-263.0,1,81.17482517482517,1
612211,2025-12,Healthcare,Ministry of Labour and Employment,206,24.06,-87.0,1,11.679611650485436,0
612213,2025-12,Healthcare,Ministry of Labour and Employment,195,114.39,-122.0,1,58.66153846153846,0
612259,2025-12,Healthcare,Ministry of Labour and Employment,102,322.55,-427.0,1,316.22549019607845,0
612513,2025-12,Healthcare,Ministry of Labour and Employment,165,16.4,525.0,0,9.939393939393938,0
612745,2025-12,Healthcare,Ministry of Labour and Employment,278,228.61,377.0,0,82.2338129496403,0
612748,2025-12,Healthcare,Ministry of Labour and Employment,151,6.76,424.0,0,4.47682119205298,0
612781,2025-12,Steel,Ministry of Steel,917,156.82,342.0,0,17.101417666303163,1
612786,2025-12,Aviation & Aviation Infrastructure,Ministry of Civil Aviation,266,88.87,27.0,0,33.40977443609023,1
612787,2025-12,Aviation & Aviation Infrastructure,Ministry of Civil Aviation,320,99.39,21.0,0,31.059375,1
612788,2025-12,Aviation & Aviation Infrastructure,Ministry of Civil Aviation,322,152.09,2.0,0,47.232919254658384,0
612789,2025-12,Aviation & Aviation Infrastructure,Ministry of Civil Aviation,485,116.14,-94.0,1,23.94639175257732,1
612790,2025-12,Oil & Gas,Ministry of Petroleum & Natural Gas,385,178.36,-44.0,1,46.32727272727273,0
612791,2025-12,Aviation & Aviation Infrastructure,Ministry of Civil Aviation,328,109.99,-324.0,1,33.53353658536585,0
612793,2025-12,Aviation & Aviation Infrastructure,Ministry of Civil Aviation,323,51.21,37.0,0,15.854489164086688,1
612815,2025-12,Railways,Ministry of Railways,170,2.11,455.0,0,1.2411764705882353,0
612816,2025-12,Coal,Ministry of Coal,929,69.88,1551.0,0,7.522066738428417,0
612819,2025-12,Electricity Generation,Ministry of Coal,1813,1627.06,-460.0,1,89.74407060121345,0
612827,2025-12,Railways,Ministry of Railways,184,9.51,485.0,0,5.1684782608695645,0
612834,2025-12,Railways,Ministry of Railways,252,97.64,-3.0,1,38.74603174603175,0
612851,2025-12,Education,Department of Higher Education,333,297.65,-92.0,1,89.38438438438438,0
612853,2025-12,Oil & Gas,Ministry of Petroleum & Natural Gas,522,249.7,192.0,0,47.83524904214559,0
612855,2025-12,Transmission & Distribution,Ministry of Power,679,176.54,150.0,0,26.0,0
612856,2025-12,Transmission & Distribution,Ministry of Power,164,111.04,-96.0,1,67.70731707317074,0
612876,2025-12,Education,Department of Higher Education,474,167.55,1461.0,0,35.348101265822784,0
612877,2025-12,Education,Department of Higher Education,618,530.45,-365.0,1,85.83333333333334,1
612883,2025-12,Education,Department of Higher Education,686,171.56,773.0,0,25.00874635568513,0
612885,2025-12,Education,Department of Higher Education,495,426.07,-1371.0,1,86.07474747474747,0
612894,2025-12,Education,Department of Higher Education,252,221.2,-408.0,1,87.77777777777777,0
612898,2025-12,Education,Department of Higher Education,593,550.61,243.0,0,92.85160202360878,0
612916,2025-12,Education,Department of Higher Education,491,316.05,-275.0,1,64.36863543788188,0
613002,2025-12,Railways,Ministry of Railways,842,340.0,90.0,0,40.38004750593824,0
613008,2025-12,Education,Department of Higher Education,305,51.33,542.0,0,16.82950819672131,0
613013,2025-12,Education,Department of Higher Education,276,261.7,0.0,0,94.81884057971014,0
613015,2025-12,Railways,Ministry of Railways,1813,635.74,455.0,0,35.06563706563707,0
613785,2025-12,Railways,Ministry of Railways,4744,151.37,1096.0,0,3.1907672849915683,0
613786,2025-12,Railways,Ministry of Railways,2379,790.14,821.0,0,33.21311475409836,0
613787,2025-12,Water Resources,"Department of Water Resources, River Development & GR",2584,987.61,1275.0,0,38.220201238390096,0
613793,2025-12,Coal,Ministry of Coal,484,61.75,90.0,0,12.758264462809917,0
613794,2025-12,Coal,Ministry of Coal,389,132.48,821.0,0,34.056555269922875,0
613798,2025-12,Coal,Ministry of Coal,336,88.28,90.0,0,26.273809523809522,0
613799,2025-12,Coal,Ministry of Coal,316,188.72,90.0,0,59.72151898734177,0
613800,2025-12,Coal,Ministry of Coal,459,274.35,-275.0,1,59.77124183006537,1
613801,2025-12,Coal,Ministry of Coal,410,183.37,90.0,0,44.72439024390244,0
613802,2025-12,Coal,Ministry of Coal,371,144.61,90.0,0,38.97843665768194,0
613803,2025-12,Coal,Ministry of Coal,367,34.12,1186.0,0,9.29700272479564,0
613804,2025-12,Coal,Ministry of Coal,314,6.08,455.0,0,1.9363057324840764,0
613808,2025-12,Coal,Ministry of Coal,340,191.0,-4263.0,1,56.1764705882353,0
615183,2025-12,Coal,Ministry of Coal,492,258.02,-275.0,1,52.443089430894304,0
615184,2025-12,Coal,Ministry of Coal,229,146.08,821.0,0,63.79039301310044,0
615185,2025-12,Coal,Ministry of Coal,399,96.21,455.0,0,24.112781954887215,0
615186,2025-12,Coal,Ministry of Coal,319,91.82,90.0,0,28.783699059561123,0
615187,2025-12,Coal,Ministry of Coal,221,,1186.0,0,,0
615188,2025-12,Coal,Ministry of Coal,402,60.25,455.0,0,14.987562189054726,0
615189,2025-12,Coal,Ministry of Coal,362,85.39,90.0,0,23.58839779005525,0
615190,2025-12,Coal,Ministry of Coal,336,35.89,1186.0,0,10.68154761904762,0
615191,2025-12,Coal,Ministry of Coal,329,61.34,1186.0,0,18.64437689969605,0
615192,2025-12,Coal,Ministry of Coal,310,46.56,90.0,0,15.019354838709678,0
615193,2025-12,Coal,Ministry of Coal,479,275.1,-2467.0,1,57.432150313152405,0
615194,2025-12,Coal,Ministry of Coal,207,27.19,1916.0,0,13.135265700483092,0
615195,2025-12,Coal,Ministry of Coal,166,4.41,821.0,0,2.6566265060240966,0
615199,2025-12,Coal,Ministry of Coal,199,12.89,455.0,0,6.477386934673366,0
615202,2025-12,Metals & Mining,Ministry of Steel,1700,155.07,1096.0,0,9.121764705882352,0
615206,2025-12,Coal,Ministry of Coal,414,18.04,90.0,0,4.357487922705314,0
615327,2025-12,Electricity Generation,Ministry of Coal,218,165.5,-275.0,1,75.91743119266054,0
615330,2025-12,Coal,Ministry of Coal,361,0.02,1186.0,0,0.0055401662049861505,0
615331,2025-12,Coal,Ministry of Coal,497,0.08,1551.0,0,0.01609657947686117,0
615332,2025-12,Transmission & Distribution,Ministry of Power,3279,1260.05,234.0,0,38.427874351936566,1
615333,2025-12,Transmission & Distribution,Ministry of Power,2227,846.22,233.0,0,37.99820386169735,1
615334,2025-12,Transmission & Distribution,Ministry of Power,3251,1202.85,230.0,0,36.999384804675486,1
615335,2025-12,Transmission & Distribution,Ministry of Power,1382,290.08,241.0,0,20.98986975397974,1
615337,2025-12,Transmission & Distribution,Ministry of Power,369,129.49,58.0,0,35.09214092140922,1
615338,2025-12,Transmission & Distribution,Ministry of Power,2735,656.05,310.0,0,23.987202925045704,0
615339,2025-12,Transmission & Distribution,Ministry of Power,5969,837.04,315.0,0,14.023119450494221,1
615340,2025-12,Transmission & Distribution,Ministry of Power,5357,785.56,315.0,0,14.664177711405637,1
615342,2025-12,Transmission & Distribution,Ministry of Power,329,14.67,195.0,0,4.458966565349544,1
615343,2025-12,Transmission & Distribution,Ministry of Power,501,8.11,310.0,0,1.6187624750499001,0
615344,2025-12,Transmission & Distribution,Ministry of Power,3674,1099.98,287.0,0,29.939575394665212,1
615345,2025-12,Transmission & Distribution,Ministry of Power,4766,1048.56,287.0,0,22.00083927822073,1
615346,2025-12,Transmission & Distribution,Ministry of Power,2708,1110.22,230.0,0,40.997784342688334,1
615347,2025-12,Transmission & Distribution,Ministry of Power,24819,1985.98,1234.0,0,8.001853418751763,0
615349,2025-12,Coal,Ministry of Coal,230,22.02,821.0,0,9.57391304347826,0
615818,2025-12,Coal,Ministry of Coal,298,47.06,-275.0,1,15.791946308724834,0
615820,2025-12,Coal,Ministry of Coal,160,81.47,2011.0,0,50.91875,0
615821,2025-12,Coal,Ministry of Coal,289,105.61,1792.0,0,36.543252595155714,0
615822,2025-12,Coal,Ministry of Coal,223,140.58,821.0,0,63.040358744394624,0
615843,2025-12,Coal,Ministry of Coal,244,49.54,-275.0,1,20.30327868852459,0
615857,2025-12,Coal,Ministry of Coal,494,491.33,90.0,0,99.45951417004049,0
615858,2025-12,Coal,Ministry of Coal,384,284.94,90.0,0,74.203125,0
615860,2025-12,Coal,Ministry of Coal,607,196.67,-275.0,1,32.40032948929159,0
615861,2025-12,Coal,Ministry of Coal,425,405.12,-275.0,1,95.32235294117648,0
615862,2025-12,Coal,Ministry of Coal,346,80.24,90.0,0,23.190751445086704,0
615863,2025-12,Coal,Ministry of Coal,484,477.14,90.0,0,98.58264462809917,0
615865,2025-12,Coal,Ministry of Coal,442,230.39,-275.0,1,52.124434389140276,0
615914,2025-12,Coal,Ministry of Coal,185,14.88,1186.0,0,8.043243243243243,0
615916,2025-12,Coal,Ministry of Coal,1225,80.14,1551.0,0,6.54204081632653,0
615917,2025-12,Coal,Ministry of Coal,973,0.67,1551.0,0,0.06885919835560124,0
615918,2025-12,Coal,Ministry of Coal,405,12.64,821.0,0,3.1209876543209876,0
615919,2025-12,Coal,Ministry of Coal,1025,175.86,1186.0,0,17.15707317073171,0
615982,2025-12,Coal,Ministry of Coal,320,187.1,-1371.0,1,58.46875,0
616044,2025-12,Coal,Ministry of Coal,237,165.81,-1736.0,1,69.9620253164557,0
616050,2025-12,Coal,Ministry of Coal,236,132.25,-640.0,1,56.03813559322034,0
616223,2025-12,Coal,Ministry of Coal,316,208.73,-640.0,1,66.05379746835442,0
616225,2025-12,Coal,Ministry of Coal,979,,4108.0,0,,0
616226,2025-12,Coal,Ministry of Coal,3564,604.11,2647.0,0,16.950336700336702,0
616227,2025-12,Railways,Ministry of Railways,1932,0.49,1369.0,0,0.025362318840579712,0
616229,2025-12,Coal,Ministry of Coal,669,1.19,1186.0,0,0.17787742899850523,0
616230,2025-12,Coal,Ministry of Coal,1194,10.9,4108.0,0,0.9128978224455612,0
616231,2025-12,Coal,Ministry of Coal,5366,472.43,2647.0,0,8.804137159895639,0
616232,2025-12,Coal,Ministry of Coal,1562,274.97,1186.0,0,17.603713188220233,0
616233,2025-12,Coal,Ministry of Coal,978,214.56,1551.0,0,21.938650306748468,0
616234,2025-12,Coal,Ministry of Coal,1725,15.66,2647.0,0,0.9078260869565218,0
616235,2025-12,Energy Storage,Ministry of Petroleum & Natural Gas,240,134.94,90.0,0,56.225,0
616236,2025-12,Coal,Ministry of Coal,414,85.6,1186.0,0,20.67632850241546,0
616253,2025-12,Coal,Ministry of Coal,5851,20.32,1186.0,0,0.347291061357033,0
616254,2025-12,Oil & Gas,Ministry of Petroleum & Natural Gas,2212,127.64,618.0,0,5.770343580470163,0
616586,2025-12,Railways,Ministry of Railways,2269,4.12,1461.0,0,0.18157778757161747,0
616587,2025-12,Railways,Ministry of Railways,1876,1.13,1461.0,0,0.06023454157782516,0
616588,2025-12,Railways,Ministry of Railways,1459,4.68,1461.0,0,0.32076764907470867,0
616594,2025-12,Waste & Water,"Department of Water Resources, River Development & GR",842,208.64,-245.0,1,24.779097387173397,1
616600,2025-12,Waste & Water,"Department of Water Resources, River Development & GR",413,126.67,-328.0,1,30.670702179176757,1
616604,2025-12,Waste & Water,"Department of Water Resources, River Development & GR",155,96.17,-276.0,1,62.04516129032258,1
616605,2025-12,Waste & Water,"Department of Water Resources, River Development & GR",691,34.79,-365.0,1,5.034732272069464,0
616611,2025-12,Waste & Water,"Department of Water Resources, River Development & GR",824,396.71,-1.0,1,48.144417475728154,1
616612,2025-12,Waste & Water,"Department of Water Resources, River Development & GR",579,171.79,-1.0,1,29.670120898100173,0
616615,2025-12,Waste & Water,"Department of Water Resources, River Development & GR",230,261.82,-245.0,1,113.83478260869563,0
616616,2025-12,Waste & Water,"Department of Water Resources, River Development & GR",305,346.46,-184.0,1,113.59344262295082,0
616670,2025-12,Transmission & Distribution,Ministry of Power,5846,744.68,364.0,0,12.73828258638385,1
616671,2025-12,Transmission & Distribution,Ministry of Power,548,102.46,365.0,0,18.697080291970803,1
616672,2025-12,Transmission & Distribution,Ministry of Power,1354,49.15,517.0,0,3.6299852289512553,0
616691,2025-12,Healthcare,Ministry of Labour and Employment,260,210.12,-138.0,1,80.81538461538462,0
616694,2025-12,Railways,Ministry of Railways,201,30.0,943.0,0,14.925373134328357,0
616695,2025-12,Railways,Ministry of Railways,300,0.1,1065.0,0,0.03333333333333334,0
616697,2025-12,Railways,Ministry of Railways,154,27.07,181.0,0,17.57792207792208,0
616699,2025-12,Railways,Ministry of Railways,12334,507.61,821.0,0,4.1155342954434895,0
616701,2025-12,Railways,Ministry of Railways,2124,13.74,790.0,0,0.6468926553672316,0
616841,2025-12,Railways,Ministry of Railways,800,75.45,365.0,0,9.43125,0
616842,2025-12,Railways,Ministry of Railways,3086,468.4,577.0,0,15.178224238496435,0
616843,2025-12,Railways,Ministry of Railways,1635,203.52,546.0,0,12.44770642201835,0
616856,2025-12,Railways,Ministry of Railways,770,48.35,1199.0,0,6.279220779220779,0
616857,2025-12,Railways,Ministry of Railways,1596,46.01,1186.0,0,2.8828320802005014,0
616858,2025-12,Oil & Gas,Ministry of Petroleum & Natural Gas,431,334.6,-640.0,1,77.63341067285383,1
616879,2025-12,Oil & Gas,Ministry of Petroleum & Natural Gas,364,49.39,381.0,0,13.56868131868132,0
616886,2025-12,Education,Department of Higher Education,373,27.63,304.0,0,7.407506702412868,0
616933,2025-12,Oil & Gas,Ministry of Petroleum & Natural Gas,4679,222.44,806.0,0,4.754007266509938,0
616950,2025-12,Oil & Gas,Ministry of Petroleum & Natural Gas,1486,394.85,59.0,0,26.571332436069987,1
617068,2025-12,Transmission & Distribution,Ministry of Power,288,7.41,546.0,0,2.572916666666667,0
617069,2025-12,Transmission & Distribution,Ministry of Power,466,23.99,413.0,0,5.1480686695278965,0
617179,2025-12,Transmission & Distribution,Ministry of Power,219,2.71,195.0,0,1.2374429223744292,1
617181,2025-12,Transmission & Distribution,Ministry of Power,404,20.2,354.0,0,5.0,1
617182,2025-12,Transmission & Distribution,Ministry of Power,172,20.64,447.0,0,12.000000000000002,0
617183,2025-12,Transmission & Distribution,Ministry of Power,2886,155.84,730.0,0,5.3998613998614,0
617184,2025-12,Transmission & Distribution,Ministry of Power,3453,69.06,628.0,0,2.0,0
617185,2025-12,Transmission & Distribution,Ministry of Power,5550,610.0,447.0,0,10.99099099099099,1
617186,2025-12,Transmission & Distribution,Ministry of Power,5028,411.29,447.0,0,8.179992044550517,1
617188,2025-12,Electricity Generation,Ministry of Power,9791,1054.25,1369.0,0,10.767541619854969,0
617200,2025-12,Railways,Ministry of Railways,7854,,1916.0,0,,0
617201,2025-12,Railways,Ministry of Railways,4373,0.29,1916.0,0,0.0066316030185227534,0
617206,2025-12,Urban Public Transport,Ministry of Housing & Urban Affairs,6231,72.43,1098.0,0,1.1624137377627992,0
617207,2025-12,Urban Public Transport,Ministry of Housing & Urban Affairs,8400,67.13,1182.0,0,0.7991666666666666,0
617210,2025-12,Railways,Ministry of Railways,1216,0.12,1186.0,0,0.009868421052631578,0
617211,2025-12,Railways,Ministry of Railways,2853,107.06,1186.0,0,3.7525411847178414,0
617212,2025-12,Railways,Ministry of Railways,4686,1048.12,1186.0,0,22.367050789586,0
617213,2025-12,Railways,Ministry of Railways,2464,,1399.0,0,,0
617214,2025-12,Railways,Ministry of Railways,2047,28.44,455.0,0,1.3893502686858819,0
617215,2025-12,Railways,Ministry of Railways,770,43.91,821.0,0,5.702597402597402,0
617216,2025-12,Railways,Ministry of Railways,877,45.13,455.0,0,5.1459521094640825,0
617221,2025-12,Education,Department of Higher Education,211,30.0,641.0,0,14.218009478672986,0
617224,2025-12,Railways,Ministry of Railways,1120,287.73,729.0,0,25.690178571428575,0
617225,2025-12,Urban Public Transport,Ministry of Housing & Urban Affairs,910,196.77,396.0,0,21.623076923076926,0
617226,2025-12,Urban Public Transport,Ministry of Housing & Urban Affairs,2955,25.24,1159.0,0,0.8541455160744501,0
617231,2025-12,Railways,Ministry of Railways,612,,912.0,0,,0
617233,2025-12,Coal,Ministry of Coal,379,,1551.0,0,,0
617242,2025-12,Steel,Ministry of Steel,2115,276.1,546.0,0,13.05437352245863,0
617243,2025-12,Steel,Ministry of Steel,199,34.96,210.0,0,17.5678391959799,0
617245,2025-12,Railways,Ministry of Railways,943,461.36,243.0,0,48.92470837751856,0
617246,2025-12,Steel,Ministry of Steel,758,129.95,158.0,0,17.143799472295512,1
617248,2025-12,Steel,Ministry of Steel,228,45.76,198.0,0,20.07017543859649,0
617249,2025-12,Steel,Ministry of Steel,212,21.95,392.0,0,10.35377358490566,0
617250,2025-12,Steel,Ministry of Steel,207,21.54,298.0,0,10.405797101449275,0
617251,2025-12,Steel,Ministry of Steel,196,14.55,147.0,0,7.423469387755103,0
617252,2025-12,Railways,Ministry of Railways,958,455.29,811.0,0,47.52505219206681,0
617253,2025-12,Steel,Ministry of Steel,514,338.22,-181.0,1,65.80155642023347,1
617254,2025-12,Steel,Ministry of Steel,260,58.19,180.0,0,22.38076923076923,1
617255,2025-12,Steel,Ministry of Steel,472,193.97,165.0,0,41.09533898305085,0
617256,2025-12,Steel,Ministry of Steel,884,551.1,-61.0,1,62.34162895927602,0
617257,2025-12,Steel,Ministry of Steel,627,190.32,319.0,0,30.354066985645932,0
617269,2025-12,Transmission & Distribution,Ministry of Power,213,2.1,160.0,0,0.9859154929577465,0
617270,2025-12,Transmission & Distribution,Ministry of Power,409,0.4,144.0,0,0.097799511002445,1
617271,2025-12,Transmission & Distribution,Ministry of Power,343,6.85,60.0,0,1.9970845481049562,0
617272,2025-12,Transmission & Distribution,Ministry of Power,370,22.2,340.0,0,6.0,0
617278,2025-12,Coal,Ministry of Coal,630,,1551.0,0,,0
617279,2025-12,Transmission & Distribution,Ministry of Power,558,33.48,703.0,0,6.0,0
617280,2025-12,Construction,Ministry of Mines,255,93.39,243.0,0,36.62352941176471,0
617284,2025-12,Railways,Ministry of Railways,1424,64.45,821.0,0,4.525983146067416,0
617287,2025-12,Coal,Ministry of Coal,4517,783.28,1551.0,0,17.340712862519368,0
617288,2025-12,Coal,Ministry of Coal,383,113.03,1186.0,0,29.511749347258487,0
617299,2025-12,Electricity Generation,Ministry of Coal,384,323.92,-184.0,1,84.35416666666667,0
617302,2025-12,Oil & Gas,Ministry of Petroleum & Natural Gas,1740,2314.2,-1826.0,1,132.99999999999997,1
617304,2025-12,Oil & Gas,Ministry of Petroleum & Natural Gas,340,124.9,425.0,0,36.73529411764706,0
617326,2025-12,Transmission & Distribution,Ministry of Power,1842,1648.05,90.0,0,89.47068403908794,0
617327,2025-12,Urban Public Transport,Ministry of Housing & Urban Affairs,12200,8.98,1369.0,0,0.07360655737704919,0
617333,2025-12,Railways,Ministry of Railways,200,1.05,424.0,0,0.525,0
617338,2025-12,Steel,Ministry of Steel,2518,229.27,932.0,0,9.105242255758538,0
617345,2025-12,Railways,Ministry of Railways,227,33.7,295.0,0,14.845814977973571,0
617361,2025-12,Railways,Ministry of Railways,363,0.47,821.0,0,0.12947658402203857,0
617364,2025-12,Railways,Ministry of Railways,338,7.8,938.0,0,2.3076923076923075,0
617370,2025-12,Railways,Ministry of Railways,181,4.0,395.0,0,2.209944751381215,0
617372,2025-12,Railways,Ministry of Railways,349,115.09,0.0,0,32.97707736389685,1
617374,2025-12,Railways,Ministry of Railways,1516,2063.12,-275.0,1,136.08970976253298,0
617375,2025-12,Transmission & Distribution,Ministry of Power,209,0.04,764.0,0,0.019138755980861243,0
617379,2025-12,Railways,Ministry of Railways,446,521.74,-2101.0,1,116.98206278026906,0
617390,2025-12,Railways,Ministry of Railways,1282,128.01,821.0,0,9.985179407176286,0
617391,2025-12,Transmission & Distribution,Ministry of Power,488,0.98,327.0,0,0.20081967213114751,1
617403,2025-12,Railways,Ministry of Railways,469,136.58,181.0,0,29.121535181236673,0
617404,2025-12,Railways,Ministry of Railways,189,,821.0,0,,0
617405,2025-12,Transmission & Distribution,Ministry of Power,4000,268.0,287.0,0,6.7,0
617406,2025-12,Railways,Ministry of Railways,2417,6.79,821.0,0,0.28092676872155564,0
617408,2025-12,Railways,Ministry of Railways,166,89.62,455.0,0,53.98795180722892,0
617409,2025-12,Railways,Ministry of Railways,521,439.95,365.0,0,84.44337811900192,0
617412,2025-12,Construction,Ministry of Housing & Urban Affairs,644,116.18,635.0,0,18.040372670807457,0
617413,2025-12,Telecommunication,Department of Telecommunications,1885,376.8,-237.0,1,19.9893899204244,0
617416,2025-12,Coal,Ministry of Coal,5940,26.31,1096.0,0,0.44292929292929284,0
617422,2025-12,Water Resources,"Department of Water Resources, River Development & GR",1924,1770.13,577.0,0,92.00259875259876,0
617730,2025-12,Electricity Generation,Ministry of Coal,3336,1143.13,181.0,0,34.26648681055156,0
617801,2025-12,Transmission & Distribution,Ministry of Power,582,1.16,352.0,0,0.1993127147766323,1
617802,2025-12,Transmission & Distribution,Ministry of Power,319,1.1,820.0,0,0.3448275862068966,0
617803,2025-12,Transmission & Distribution,Ministry of Power,379,7.58,632.0,0,2.0,0
617804,2025-12,Shipping,"Ministry of Ports, Shipping and Waterways",153,24.0,455.0,0,15.686274509803921,0
617806,2025-12,Transmission & Distribution,Ministry of Power,4536,401.57,454.0,0,8.852954144620812,0
617807,2025-12,Transmission & Distribution,Ministry of Power,2368,3.0,654.0,0,0.1266891891891892,0
617808,2025-12,Transmission & Distribution,Ministry of Power,1007,5.03,655.0,0,0.49950347567030784,0
617818,2025-12,Oil & Gas,Ministry of Petroleum & Natural Gas,515,19.92,1519.0,0,3.867961165048544,1
617819,2025-12,Oil & Gas,Ministry of Petroleum & Natural Gas,557,8.33,1624.0,0,1.4955116696588868,0
617822,2025-12,Oil & Gas,Ministry of Petroleum & Natural Gas,215,38.16,632.0,0,17.748837209302323,0
617827,2025-12,Oil & Gas,Ministry of Petroleum & Natural Gas,680,2.32,1447.0,0,0.3411764705882353,0
617828,2025-12,Oil & Gas,Ministry of Petroleum & Natural Gas,267,1.37,1184.0,0,0.5131086142322098,0
617829,2025-12,Energy Storage,Ministry of Petroleum & Natural Gas,226,16.32,1014.0,0,7.221238938053097,0
617830,2025-12,Oil & Gas,Ministry of Petroleum & Natural Gas,1792,390.2,380.0,0,21.77455357142857,0
617832,2025-12,Railways,Ministry of Railways,2887,,1461.0,0,,0
617836,2025-12,Oil & Gas,Ministry of Petroleum & Natural Gas,635,80.32,0.0,0,12.648818897637796,0
617837,2025-12,Oil & Gas,Ministry of Petroleum & Natural Gas,484,293.69,0.0,0,60.6797520661157,0
617838,2025-12,Oil & Gas,Ministry of Petroleum & Natural Gas,1130,189.61,974.0,0,16.779646017699115,0
617839,2025-12,Energy Storage,Ministry of Petroleum & Natural Gas,357,90.44,212.0,0,25.33333333333333,0
617877,2025-12,Education,Department of Higher Education,1189,,1035.0,0,,0
617878,2025-12,Education,Department of Higher Education,1527,9.8,1035.0,0,0.641781270464964,0
617882,2025-12,Healthcare,Ministry of Health & Family Welfare,358,,253.0,0,,0
617883,2025-12,Healthcare,Ministry of Health & Family Welfare,4441,24.68,518.0,0,0.5557306912857465,0
617885,2025-12,Roads & Highways,Ministry of Road Transport & Highways,303,182.58,-874.0,1,60.25742574257427,1
617886,2025-12,Roads & Highways,Ministry of Road Transport & Highways,252,,168.0,0,,1
617887,2025-12,Roads & Highways,Ministry of Road Transport & Highways,379,201.18,-810.0,1,53.081794195250666,1
617891,2025-12,Roads & Highways,Ministry of Road Transport & Highways,186,66.7,-505.0,1,35.86021505376345,1
617892,2025-12,Roads & Highways,Ministry of Road Transport & Highways,451,303.39,-774.0,1,67.27050997782705,1
617895,2025-12,Roads & Highways,Ministry of Road Transport & Highways,535,104.57,-247.0,1,19.545794392523362,1
617897,2025-12,Roads & Highways,Ministry of Road Transport & Highways,295,33.07,-175.0,1,11.210169491525424,1
617899,2025-12,Roads & Highways,Ministry of Road Transport & Highways,636,47.79,37.0,0,7.514150943396227,1
617900,2025-12,Roads & Highways,Ministry of Road Transport & Highways,150,12.2,-486.0,1,8.133333333333333,1
617901,2025-12,Roads & Highways,Ministry of Road Transport & Highways,195,48.47,-385.0,1,24.856410256410257,1
617904,2025-12,Roads & Highways,Ministry of Road Transport & Highways,239,6.09,-67.0,1,2.5481171548117154,1
617905,2025-12,Roads & Highways,Ministry of Road Transport & Highways,324,65.83,-237.0,1,20.317901234567902,1
617907,2025-12,Roads & Highways,Ministry of Road Transport & Highways,436,207.05,-463.0,1,47.48853211009175,1
617911,2025-12,Roads & Highways,Ministry of Road Transport & Highways,512,,-3075.0,1,,1
617913,2025-12,Roads & Highways,Ministry of Road Transport & Highways,283,252.28,-2062.0,1,89.14487632508835,1
617915,2025-12,Roads & Highways,Ministry of Road Transport & Highways,329,,-104.0,1,,1
617917,2025-12,Roads & Highways,Ministry of Road Transport & Highways,479,,-670.0,1,,0
617919,2025-12,Roads & Highways,Ministry of Road Transport & Highways,349,,-1799.0,1,,1
617921,2025-12,Roads & Highways,Ministry of Road Transport & Highways,500,99.63,-210.0,1,19.926,1
617924,2025-12,Roads & Highways,Ministry of Road Transport & Highways,300,78.14,-245.0,1,26.046666666666667,1
617925,2025-12,Roads & Highways,Ministry of Road Transport & Highways,157,33.61,-424.0,1,21.40764331210191,1
617928,2025-12,Roads & Highways,Ministry of Road Transport & Highways,151,,73.0,0,,1
617929,2025-12,Roads & Highways,Ministry of Road Transport & Highways,247,,-2065.0,1,,1
617930,2025-12,Roads & Highways,Ministry of Road Transport & Highways,197,30.46,-642.0,1,15.461928934010153,1
617932,2025-12,Roads & Highways,Ministry of Road Transport & Highways,497,,-442.0,1,,1
617933,2025-12,Roads & Highways,Ministry of Road Transport & Highways,984,,243.0,0,,0
617934,2025-12,Roads & Highways,Ministry of Road Transport & Highways,407,,-2307.0,1,,1
617935,2025-12,Roads & Highways,Ministry of Road Transport & Highways,298,141.25,-575.0,1,47.399328859060404,1
617936,2025-12,Roads & Highways,Ministry of Road Transport & Highways,254,,-2470.0,1,,0
617940,2025-12,Roads & Highways,Ministry of Road Transport & Highways,545,258.75,-527.0,1,47.477064220183486,1
617942,2025-12,Roads & Highways,Ministry of Road Transport & Highways,641,,105.0,0,,1
617944,2025-12,Roads & Highways,Ministry of Road Transport & Highways,680,,-1722.0,1,,0
617947,2025-12,Roads & Highways,Ministry of Road Transport & Highways,1007,,-2240.0,1,,1
617948,2025-12,Roads & Highways,Ministry of Road Transport & Highways,1118,171.12,-2241.0,1,15.305903398926654,1
617949,2025-12,Roads & Highways,Ministry of Road Transport & Highways,160,32.57,71.0,0,20.35625,1
617954,2025-12,Roads & Highways,Ministry of Road Transport & Highways,398,179.01,-311.0,1,44.97738693467336,1
617955,2025-12,Roads & Highways,Ministry of Road Transport & Highways,719,260.03,-280.0,1,36.16550764951321,1
617957,2025-12,Roads & Highways,Ministry of Road Transport & Highways,274,,-107.0,1,,0
617958,2025-12,Roads & Highways,Ministry of Road Transport & Highways,566,221.6,-423.0,1,39.15194346289753,1
617959,2025-12,Roads & Highways,Ministry of Road Transport & Highways,478,311.39,-334.0,1,65.14435146443515,0
617960,2025-12,Roads & Highways,Ministry of Road Transport & Highways,271,7.4,-2617.0,1,2.730627306273063,1
617961,2025-12,Roads & Highways,Ministry of Road Transport & Highways,1409,,-2247.0,1,,1
617962,2025-12,Roads & Highways,Ministry of Road Transport & Highways,239,85.64,235.0,0,35.8326359832636,0
617964,2025-12,Roads & Highways,Ministry of Road Transport & Highways,310,24.81,314.0,0,8.003225806451612,0
617965,2025-12,Roads & Highways,Ministry of Road Transport & Highways,195,,-536.0,1,,1
617966,2025-12,Roads & Highways,Ministry of Road Transport & Highways,781,,-2282.0,1,,1
617968,2025-12,Roads & Highways,Ministry of Road Transport & Highways,419,178.35,-2145.0,1,42.565632458233885,1
617969,2025-12,Roads & Highways,Ministry of Road Transport & Highways,201,0.01,200.0,0,0.004975124378109453,0
617970,2025-12,Roads & Highways,Ministry of Road Transport & Highways,282,156.65,-2388.0,1,55.54964539007092,1
617973,2025-12,Roads & Highways,Ministry of Road Transport & Highways,189,1.06,-1863.0,1,0.5608465608465608,1
617975,2025-12,Roads & Highways,Ministry of Road Transport & Highways,238,50.38,-2225.0,1,21.16806722689076,1
617976,2025-12,Roads & Highways,Ministry of Road Transport & Highways,530,28.67,169.0,0,5.409433962264151,0
617980,2025-12,Roads & Highways,Ministry of Road Transport & Highways,627,13.91,-2009.0,1,2.218500797448166,1
617982,2025-12,Roads & Highways,Ministry of Road Transport & Highways,230,,-2223.0,1,,0
617983,2025-12,Roads & Highways,Ministry of Road Transport & Highways,317,168.8,-533.0,1,53.24921135646689,1
617984,2025-12,Roads & Highways,Ministry of Road Transport & Highways,317,,-224.0,1,,1
617985,2025-12,Roads & Highways,Ministry of Road Transport & Highways,530,,-776.0,1,,1
617986,2025-12,Roads & Highways,Ministry of Road Transport & Highways,293,,351.0,0,,0
617989,2025-12,Roads & Highways,Ministry of Road Transport & Highways,157,92.25,-1516.0,1,58.75796178343949,1
617990,2025-12,Roads & Highways,Ministry of Road Transport & Highways,242,78.49,-57.0,1,32.43388429752066,0
617991,2025-12,Roads & Highways,Ministry of Road Transport & Highways,290,,-2407.0,1,,1
617992,2025-12,Roads & Highways,Ministry of Road Transport & Highways,323,43.78,-1945.0,1,13.554179566563468,1
617994,2025-12,Roads & Highways,Ministry of Road Transport & Highways,294,3.16,-2225.0,1,1.0748299319727892,1
617995,2025-12,Roads & Highways,Ministry of Road Transport & Highways,300,2.08,-2433.0,1,0.6933333333333334,1
617996,2025-12,Roads & Highways,Ministry of Road Transport & Highways,298,228.09,-2506.0,1,76.54026845637584,1
617998,2025-12,Roads & Highways,Ministry of Road Transport & Highways,178,94.59,-321.0,1,53.14044943820225,1
618000,2025-12,Roads & Highways,Ministry of Road Transport & Highways,170,60.21,-676.0,1,35.41764705882353,1
618001,2025-12,Roads & Highways,Ministry of Road Transport & Highways,217,154.05,-917.0,1,70.99078341013826,1
618002,2025-12,Roads & Highways,Ministry of Road Transport & Highways,193,99.65,-196.0,1,51.63212435233161,0
618003,2025-12,Roads & Highways,Ministry of Road Transport & Highways,154,22.32,-370.0,1,14.493506493506494,1
618004,2025-12,Roads & Highways,Ministry of Road Transport & Highways,180,,184.0,0,,1
618005,2025-12,Roads & Highways,Ministry of Road Transport & Highways,179,,-2799.0,1,,1
618006,2025-12,Roads & Highways,Ministry of Road Transport & Highways,370,,-2559.0,1,,1
618007,2025-12,Roads & Highways,Ministry of Road Transport & Highways,553,,-2607.0,1,,1
618008,2025-12,Roads & Highways,Ministry of Road Transport & Highways,185,158.8,-826.0,1,85.83783783783785,1
618009,2025-12,Roads & Highways,Ministry of Road Transport & Highways,320,,-1367.0,1,,1
618011,2025-12,Roads & Highways,Ministry of Road Transport & Highways,411,66.63,-599.0,1,16.21167883211679,1
618012,2025-12,Roads & Highways,Ministry of Road Transport & Highways,187,42.7,35.0,0,22.834224598930483,1
618019,2025-12,Roads & Highways,Ministry of Road Transport & Highways,365,,-226.0,1,,1
618020,2025-12,Roads & Highways,Ministry of Road Transport & Highways,386,160.38,-331.0,1,41.54922279792746,1
618023,2025-12,Roads & Highways,Ministry of Road Transport & Highways,153,,-260.0,1,,1
618024,2025-12,Roads & Highways,Ministry of Road Transport & Highways,263,,-260.0,1,,1
618025,2025-12,Roads & Highways,Ministry of Road Transport & Highways,193,,-2215.0,1,,1
618026,2025-12,Roads & Highways,Ministry of Road Transport & Highways,605,,-2253.0,1,,1
618029,2025-12,Roads & Highways,Ministry of Road Transport & Highways,351,195.06,-348.0,1,55.57264957264957,1
618030,2025-12,Roads & Highways,Ministry of Road Transport & Highways,264,3.58,-583.0,1,1.3560606060606062,1
618031,2025-12,Roads & Highways,Ministry of Road Transport & Highways,517,333.48,-549.0,1,64.50290135396519,1
618033,2025-12,Roads & Highways,Ministry of Road Transport & Highways,496,153.63,-389.0,1,30.973790322580648,1
618037,2025-12,Roads & Highways,Ministry of Road Transport & Highways,440,121.22,-608.0,1,27.55,1
618042,2025-12,Roads & Highways,Ministry of Road Transport & Highways,164,,-244.0,1,,1
618045,2025-12,Roads & Highways,Ministry of Road Transport & Highways,179,71.77,-377.0,1,40.0949720670391,0
618046,2025-12,Roads & Highways,Ministry of Road Transport & Highways,213,,-463.0,1,,0
618050,2025-12,Roads & Highways,Ministry of Road Transport & Highways,346,146.64,-830.0,1,42.38150289017341,0
618051,2025-12,Roads & Highways,Ministry of Road Transport & Highways,243,74.87,-1014.0,1,30.81069958847737,0
618054,2025-12,Roads & Highways,Ministry of Road Transport & Highways,516,80.95,33.0,0,15.687984496124033,1
618055,2025-12,Roads & Highways,Ministry of Road Transport & Highways,225,,-184.0,1,,0
618056,2025-12,Roads & Highways,Ministry of Road Transport & Highways,510,84.14,-108.0,1,16.498039215686276,1
618057,2025-12,Roads & Highways,Ministry of Road Transport & Highways,189,,-222.0,1,,1
618059,2025-12,Roads & Highways,Ministry of Road Transport & Highways,328,,-139.0,1,,1
618060,2025-12,Roads & Highways,Ministry of Road Transport & Highways,315,129.49,-533.0,1,41.10793650793651,1
618062,2025-12,Roads & Highways,Ministry of Road Transport & Highways,245,,-109.0,1,,1
618063,2025-12,Roads & Highways,Ministry of Road Transport & Highways,262,112.46,-469.0,1,42.9236641221374,1
618064,2025-12,Roads & Highways,Ministry of Road Transport & Highways,279,201.05,-585.0,1,72.06093189964157,0
618065,2025-12,Roads & Highways,Ministry of Road Transport & Highways,316,,-118.0,1,,1
618068,2025-12,Roads & Highways,Ministry of Road Transport & Highways,158,,-86.0,1,,1
618070,2025-12,Roads & Highways,Ministry of Road Transport & Highways,294,,-2323.0,1,,1
618071,2025-12,Roads & Highways,Ministry of Road Transport & Highways,385,,-588.0,1,,1
618072,2025-12,Roads & Highways,Ministry of Road Transport & Highways,297,128.97,-529.0,1,43.42424242424243,1
618073,2025-12,Roads & Highways,Ministry of Road Transport & Highways,226,,-33.0,1,,1
618074,2025-12,Roads & Highways,Ministry of Road Transport & Highways,624,153.21,-415.0,1,24.552884615384617,1
618075,2025-12,Roads & Highways,Ministry of Road Transport & Highways,841,134.9,39.0,0,16.040428061831154,1
618078,2025-12,Roads & Highways,Ministry of Road Transport & Highways,193,56.27,-829.0,1,29.155440414507773,1
618080,2025-12,Roads & Highways,Ministry of Road Transport & Highways,353,,85.0,0,,0
618081,2025-12,Roads & Highways,Ministry of Road Transport & Highways,438,,59.0,0,,1
618082,2025-12,Roads & Highways,Ministry of Road Transport & Highways,396,,-596.0,1,,1
618084,2025-12,Roads & Highways,Ministry of Road Transport & Highways,153,77.0,-876.0,1,50.326797385620914,1
618085,2025-12,Roads & Highways,Ministry of Road Transport & Highways,305,,-432.0,1,,1
618087,2025-12,Roads & Highways,Ministry of Road Transport & Highways,256,175.75,-532.0,1,68.65234375,1
618089,2025-12,Roads & Highways,Ministry of Road Transport & Highways,207,,-273.0,1,,1
618090,2025-12,Roads & Highways,Ministry of Road Transport & Highways,546,,-2379.0,1,,1
618093,2025-12,Roads & Highways,Ministry of Road Transport & Highways,838,55.04,-96.0,1,6.5680190930787585,0
618094,2025-12,Roads & Highways,Ministry of Road Transport & Highways,369,143.65,-2202.0,1,38.929539295392956,1
618097,2025-12,Roads & Highways,Ministry of Road Transport & Highways,407,,-2393.0,1,,1
618098,2025-12,Roads & Highways,Ministry of Road Transport & Highways,168,,-597.0,1,,1
618104,2025-12,Roads & Highways,Ministry of Road Transport & Highways,887,557.4,-173.0,1,62.84103720405862,1
618105,2025-12,Roads & Highways,Ministry of Road Transport & Highways,631,71.91,-84.0,1,11.39619651347068,1
618106,2025-12,Roads & Highways,Ministry of Road Transport & Highways,704,252.3,-347.0,1,35.83806818181819,1
618108,2025-12,Roads & Highways,Ministry of Road Transport & Highways,237,,-25.0,1,,1
618109,2025-12,Roads & Highways,Ministry of Road Transport & Highways,356,170.76,-370.0,1,47.966292134831455,1
618110,2025-12,Roads & Highways,Ministry of Road Transport & Highways,307,125.88,-608.0,1,41.00325732899023,0
618111,2025-12,Roads & Highways,Ministry of Road Transport & Highways,403,,-204.0,1,,1
618118,2025-12,Roads & Highways,Ministry of Road Transport & Highways,174,63.51,-518.0,1,36.5,1
618121,2025-12,Roads & Highways,Ministry of Road Transport & Highways,427,176.32,-377.0,1,41.292740046838404,1
618123,2025-12,Roads & Highways,Ministry of Road Transport & Highways,423,4.11,-129.0,1,0.9716312056737589,0
618124,2025-12,Roads & Highways,Ministry of Road Transport & Highways,344,53.25,-125.0,1,15.479651162790697,1
618132,2025-12,Roads & Highways,Ministry of Road Transport & Highways,206,152.77,-2037.0,1,74.1601941747573,0
618133,2025-12,Roads & Highways,Ministry of Road Transport & Highways,281,,-579.0,1,,1
618136,2025-12,Roads & Highways,Ministry of Road Transport & Highways,224,,-837.0,1,,1
618141,2025-12,Roads & Highways,Ministry of Road Transport & Highways,423,159.94,-378.0,1,37.810874704491724,1
618142,2025-12,Roads & Highways,Ministry of Road Transport & Highways,245,,-2429.0,1,,1
618143,2025-12,Roads & Highways,Ministry of Road Transport & Highways,197,,-2253.0,1,,0
618144,2025-12,Roads & Highways,Ministry of Road Transport & Highways,423,,-1117.0,1,,0
618145,2025-12,Roads & Highways,Ministry of Road Transport & Highways,568,289.47,-364.0,1,50.96302816901409,1
618146,2025-12,Roads & Highways,Ministry of Road Transport & Highways,495,,101.0,0,,1
618152,2025-12,Roads & Highways,Ministry of Road Transport & Highways,489,,-2345.0,1,,1
618153,2025-12,Roads & Highways,Ministry of Road Transport & Highways,653,,-2344.0,1,,1
618154,2025-12,Roads & Highways,Ministry of Road Transport & Highways,158,,-535.0,1,,1
618161,2025-12,Roads & Highways,Ministry of Road Transport & Highways,840,360.45,0.0,0,42.910714285714285,1
618163,2025-12,Roads & Highways,Ministry of Road Transport & Highways,809,,-25.0,1,,1
618164,2025-12,Roads & Highways,Ministry of Road Transport & Highways,1142,,174.0,0,,0
618165,2025-12,Roads & Highways,Ministry of Road Transport & Highways,1157,,31.0,0,,1
618166,2025-12,Roads & Highways,Ministry of Road Transport & Highways,698,0.04,-63.0,1,0.005730659025787966,1
618167,2025-12,Roads & Highways,Ministry of Road Transport & Highways,265,,-854.0,1,,0
618168,2025-12,Roads & Highways,Ministry of Road Transport & Highways,918,116.91,14.0,0,12.735294117647058,1
618169,2025-12,Roads & Highways,Ministry of Road Transport & Highways,640,227.12,-32.0,1,35.4875,1
618172,2025-12,Roads & Highways,Ministry of Road Transport & Highways,342,,-2404.0,1,,1
618173,2025-12,Roads & Highways,Ministry of Road Transport & Highways,382,,-2390.0,1,,1
618175,2025-12,Roads & Highways,Ministry of Road Transport & Highways,429,,-231.0,1,,1
618177,2025-12,Roads & Highways,Ministry of Road Transport & Highways,227,,-2194.0,1,,1
618180,2025-12,Roads & Highways,Ministry of Road Transport & Highways,223,,-2193.0,1,,1
618181,2025-12,Roads & Highways,Ministry of Road Transport & Highways,154,,-154.0,1,,0
618186,2025-12,Roads & Highways,Ministry of Road Transport & Highways,549,280.02,-368.0,1,51.005464480874316,1
618188,2025-12,Roads & Highways,Ministry of Road Transport & Highways,254,,-223.0,1,,1
618190,2025-12,Roads & Highways,Ministry of Road Transport & Highways,644,348.93,-290.0,1,54.18167701863354,1
618191,2025-12,Roads & Highways,Ministry of Road Transport & Highways,403,220.99,-339.0,1,54.836228287841195,1
618192,2025-12,Roads & Highways,Ministry of Road Transport & Highways,424,,-546.0,1,,1
618194,2025-12,Roads & Highways,Ministry of Road Transport & Highways,294,287.94,-2154.0,1,97.93877551020408,1
618196,2025-12,Roads & Highways,Ministry of Road Transport & Highways,579,,-375.0,1,,1
618197,2025-12,Roads & Highways,Ministry of Road Transport & Highways,882,347.42,-335.0,1,39.390022675736965,1
618198,2025-12,Roads & Highways,Ministry of Road Transport & Highways,389,,-727.0,1,,1
618199,2025-12,Roads & Highways,Ministry of Road Transport & Highways,723,,212.0,0,,0
618200,2025-12,Roads & Highways,Ministry of Road Transport & Highways,318,5.97,-261.0,1,1.8773584905660377,1
618216,2025-12,Roads & Highways,Ministry of Road Transport & Highways,231,42.4,181.0,0,18.354978354978353,0
618217,2025-12,Roads & Highways,Ministry of Road Transport & Highways,315,76.97,131.0,0,24.434920634920633,0
618227,2025-12,Roads & Highways,Ministry of Road Transport & Highways,995,435.36,-103.0,1,43.754773869346735,1
618228,2025-12,Roads & Highways,Ministry of Road Transport & Highways,2926,,-465.0,1,,1
618229,2025-12,Roads & Highways,Ministry of Road Transport & Highways,211,,-683.0,1,,0
618230,2025-12,Roads & Highways,Ministry of Road Transport & Highways,314,,-263.0,1,,1
618231,2025-12,Roads & Highways,Ministry of Road Transport & Highways,372,185.24,-376.0,1,49.795698924731184,1
618233,2025-12,Roads & Highways,Ministry of Road Transport & Highways,1948,,-685.0,1,,1
618234,2025-12,Roads & Highways,Ministry of Road Transport & Highways,1478,753.21,-573.0,1,50.96143437077132,1
618237,2025-12,Roads & Highways,Ministry of Road Transport & Highways,263,151.56,-2288.0,1,57.627376425855516,1
618238,2025-12,Roads & Highways,Ministry of Road Transport & Highways,351,,-2733.0,1,,1
618240,2025-12,Roads & Highways,Ministry of Road Transport & Highways,236,,-656.0,1,,1
618246,2025-12,Roads & Highways,Ministry of Road Transport & Highways,1110,,493.0,0,,0
618250,2025-12,Roads & Highways,Ministry of Road Transport & Highways,3064,,671.0,0,,1
618254,2025-12,Roads & Highways,Ministry of Road Transport & Highways,244,2.14,189.0,0,0.8770491803278688,1
618255,2025-12,Roads & Highways,Ministry of Road Transport & Highways,361,77.68,-59.0,1,21.518005540166207,1
618256,2025-12,Roads & Highways,Ministry of Road Transport & Highways,311,172.01,-447.0,1,55.30868167202571,1
618257,2025-12,Roads & Highways,Ministry of Road Transport & Highways,349,221.52,-542.0,1,63.47277936962751,1
618258,2025-12,Roads & Highways,Ministry of Road Transport & Highways,297,237.52,-846.0,1,79.97306397306397,0
618259,2025-12,Roads & Highways,Ministry of Road Transport & Highways,223,122.52,-1007.0,1,54.94170403587444,0
618265,2025-12,Roads & Highways,Ministry of Road Transport & Highways,172,,-522.0,1,,1
618266,2025-12,Roads & Highways,Ministry of Road Transport & Highways,325,,-403.0,1,,1
618282,2025-12,Roads & Highways,Ministry of Road Transport & Highways,1265,,169.0,0,,1
618283,2025-12,Roads & Highways,Ministry of Road Transport & Highways,1000,,162.0,0,,1
618284,2025-12,Roads & Highways,Ministry of Road Transport & Highways,1458,,360.0,0,,0
618285,2025-12,Roads & Highways,Ministry of Road Transport & Highways,287,,-67.0,1,,1
618286,2025-12,Roads & Highways,Ministry of Road Transport & Highways,747,,-416.0,1,,1
618289,2025-12,Roads & Highways,Ministry of Road Transport & Highways,225,204.19,-1101.0,1,90.7511111111111,1
618290,2025-12,Roads & Highways,Ministry of Road Transport & Highways,202,,-1354.0,1,,1
618291,2025-12,Roads & Highways,Ministry of Road Transport & Highways,160,,-199.0,1,,1
618292,2025-12,Roads & Highways,Ministry of Road Transport & Highways,277,,-1173.0,1,,1
618293,2025-12,Roads & Highways,Ministry of Road Transport & Highways,232,,312.0,0,,0
618296,2025-12,Roads & Highways,Ministry of Road Transport & Highways,331,,-40.0,1,,1
618297,2025-12,Roads & Highways,Ministry of Road Transport & Highways,356,,4.0,0,,1
618298,2025-12,Roads & Highways,Ministry of Road Transport & Highways,212,209.48,-1075.0,1,98.81132075471697,1
618300,2025-12,Roads & Highways,Ministry of Road Transport & Highways,379,,-1353.0,1,,1
618302,2025-12,Roads & Highways,Ministry of Road Transport & Highways,256,,-1280.0,1,,1
618303,2025-12,Roads & Highways,Ministry of Road Transport & Highways,223,,-1280.0,1,,1
618307,2025-12,Roads & Highways,Ministry of Road Transport & Highways,457,,-357.0,1,,0
618308,2025-12,Roads & Highways,Ministry of Road Transport & Highways,676,,405.0,0,,0
618314,2025-12,Roads & Highways,Ministry of Road Transport & Highways,1716,848.23,226.0,0,49.430652680652685,0
618315,2025-12,Roads & Highways,Ministry of Road Transport & Highways,1257,,203.0,0,,1
618325,2025-12,Roads & Highways,Ministry of Road Transport & Highways,204,,-529.0,1,,0
618326,2025-12,Roads & Highways,Ministry of Road Transport & Highways,517,,-32.0,1,,1
618327,2025-12,Roads & Highways,Ministry of Road Transport & Highways,626,,-537.0,1,,0
618328,2025-12,Roads & Highways,Ministry of Road Transport & Highways,563,,-94.0,1,,0
618329,2025-12,Roads & Highways,Ministry of Road Transport & Highways,819,,-1944.0,1,,0
618330,2025-12,Roads & Highways,Ministry of Road Transport & Highways,511,,-1132.0,1,,1
618333,2025-12,Roads & Highways,Ministry of Road Transport & Highways,760,365.34,-3.0,1,48.071052631578944,1
618334,2025-12,Roads & Highways,Ministry of Road Transport & Highways,505,269.89,-328.0,1,53.44356435643564,1
618335,2025-12,Roads & Highways,Ministry of Road Transport & Highways,411,309.93,-598.0,1,75.40875912408758,1
618336,2025-12,Roads & Highways,Ministry of Road Transport & Highways,580,355.94,-733.0,1,61.36896551724138,1
618337,2025-12,Roads & Highways,Ministry of Road Transport & Highways,467,552.2,-1018.0,1,118.2441113490364,1
618339,2025-12,Roads & Highways,Ministry of Road Transport & Highways,357,,340.0,0,,0
618340,2025-12,Roads & Highways,Ministry of Road Transport & Highways,459,,-116.0,1,,1
618341,2025-12,Roads & Highways,Ministry of Road Transport & Highways,524,,-312.0,1,,0
618342,2025-12,Roads & Highways,Ministry of Road Transport & Highways,207,,-1280.0,1,,0
618343,2025-12,Roads & Highways,Ministry of Road Transport & Highways,292,,-1280.0,1,,0
618344,2025-12,Roads & Highways,Ministry of Road Transport & Highways,673,480.59,-860.0,1,71.41010401188707,1
618345,2025-12,Roads & Highways,Ministry of Road Transport & Highways,366,168.23,-1245.0,1,45.96448087431694,1
618346,2025-12,Roads & Highways,Ministry of Road Transport & Highways,233,127.15,-1280.0,1,54.570815450643785,1
618347,2025-12,Roads & Highways,Ministry of Road Transport & Highways,242,,-1280.0,1,,1
618351,2025-12,Roads & Highways,Ministry of Road Transport & Highways,890,,-124.0,1,,1
618352,2025-12,Roads & Highways,Ministry of Road Transport & Highways,860,,-124.0,1,,1
618353,2025-12,Roads & Highways,Ministry of Road Transport & Highways,904,,-124.0,1,,1
618354,2025-12,Roads & Highways,Ministry of Road Transport & Highways,847,,63.0,0,,1
618355,2025-12,Roads & Highways,Ministry of Road Transport & Highways,484,351.99,-1021.0,1,72.72520661157024,1
618356,2025-12,Roads & Highways,Ministry of Road Transport & Highways,234,,-1107.0,1,,1
618357,2025-12,Roads & Highways,Ministry of Road Transport & Highways,478,330.1,-957.0,1,69.05857740585775,1
618358,2025-12,Roads & Highways,Ministry of Road Transport & Highways,311,223.12,-956.0,1,71.7427652733119,0
618359,2025-12,Roads & Highways,Ministry of Road Transport & Highways,665,,-138.0,1,,1
618362,2025-12,Roads & Highways,Ministry of Road Transport & Highways,698,,-1097.0,1,,1
618363,2025-12,Roads & Highways,Ministry of Road Transport & Highways,741,,-1087.0,1,,1
618364,2025-12,Roads & Highways,Ministry of Road Transport & Highways,430,,54.0,0,,0
618365,2025-12,Roads & Highways,Ministry of Road Transport & Highways,497,,56.0,0,,0
618366,2025-12,Roads & Highways,Ministry of Road Transport & Highways,443,,54.0,0,,0
618368,2025-12,Roads & Highways,Ministry of Road Transport & Highways,671,,245.0,0,,0
618369,2025-12,Roads & Highways,Ministry of Road Transport & Highways,657,,245.0,0,,0
618370,2025-12,Roads & Highways,Ministry of Road Transport & Highways,432,,199.0,0,,1
618371,2025-12,Roads & Highways,Ministry of Road Transport & Highways,614,,329.0,0,,0
618372,2025-12,Roads & Highways,Ministry of Road Transport & Highways,909,,-184.0,1,,0
618373,2025-12,Roads & Highways,Ministry of Road Transport & Highways,4997,,986.0,0,,0
618374,2025-12,Roads & Highways,Ministry of Road Transport & Highways,284,,317.0,0,,0
618375,2025-12,Roads & Highways,Ministry of Road Transport & Highways,446,,109.0,0,,1
618376,2025-12,Roads & Highways,Ministry of Road Transport & Highways,526,,219.0,0,,1
618377,2025-12,Roads & Highways,Ministry of Road Transport & Highways,351,,-70.0,1,,1
618379,2025-12,Roads & Highways,Ministry of Road Transport & Highways,753,125.62,-982.0,1,16.682602921646748,0
618380,2025-12,Roads & Highways,Ministry of Road Transport & Highways,867,,-982.0,1,,1
618381,2025-12,Roads & Highways,Ministry of Road Transport & Highways,769,168.78,-929.0,1,21.947984395318596,1
618382,2025-12,Roads & Highways,Ministry of Road Transport & Highways,606,0.01,-639.0,1,0.00165016501650165,1
618383,2025-12,Roads & Highways,Ministry of Road Transport & Highways,637,101.89,-838.0,1,15.995290423861853,1
618384,2025-12,Roads & Highways,Ministry of Road Transport & Highways,899,191.59,-982.0,1,21.311457174638488,1
618385,2025-12,Roads & Highways,Ministry of Road Transport & Highways,174,,-118.0,1,,1
618386,2025-12,Roads & Highways,Ministry of Road Transport & Highways,278,,-1448.0,1,,0
618387,2025-12,Roads & Highways,Ministry of Road Transport & Highways,579,234.11,60.0,0,40.43350604490501,1
618388,2025-12,Roads & Highways,Ministry of Road Transport & Highways,316,227.97,-345.0,1,72.14240506329114,1
618389,2025-12,Roads & Highways,Ministry of Road Transport & Highways,311,247.0,-672.0,1,79.42122186495176,1
618390,2025-12,Roads & Highways,Ministry of Road Transport & Highways,1384,,-1272.0,1,,1
618391,2025-12,Roads & Highways,Ministry of Road Transport & Highways,250,,-26.0,1,,1
618393,2025-12,Roads & Highways,Ministry of Road Transport & Highways,217,,-26.0,1,,0
618394,2025-12,Roads & Highways,Ministry of Road Transport & Highways,228,159.56,-1370.0,1,69.98245614035088,1
618395,2025-12,Roads & Highways,Ministry of Road Transport & Highways,512,,-1013.0,1,,1
618396,2025-12,Roads & Highways,Ministry of Road Transport & Highways,486,,-1556.0,1,,0
618398,2025-12,Roads & Highways,Ministry of Road Transport & Highways,211,172.27,-1370.0,1,81.64454976303318,1
618399,2025-12,Roads & Highways,Ministry of Road Transport & Highways,860,,-861.0,1,,1
618400,2025-12,Roads & Highways,Ministry of Road Transport & Highways,399,,-1096.0,1,,1
618406,2025-12,Roads & Highways,Ministry of Road Transport & Highways,322,,-1634.0,1,,0
618407,2025-12,Roads & Highways,Ministry of Road Transport & Highways,245,,-356.0,1,,1
618408,2025-12,Roads & Highways,Ministry of Road Transport & Highways,398,,-1094.0,1,,1
618409,2025-12,Roads & Highways,Ministry of Road Transport & Highways,381,,-1094.0,1,,1
618410,2025-12,Roads & Highways,Ministry of Road Transport & Highways,405,,-1094.0,1,,0
618411,2025-12,Roads & Highways,Ministry of Road Transport & Highways,196,,-399.0,1,,1
618412,2025-12,Roads & Highways,Ministry of Road Transport & Highways,6809,,273.0,0,,1
618413,2025-12,Roads & Highways,Ministry of Road Transport & Highways,178,,-208.0,1,,1
618414,2025-12,Roads & Highways,Ministry of Road Transport & Highways,259,,-113.0,1,,0
618415,2025-12,Roads & Highways,Ministry of Road Transport & Highways,188,,-1105.0,1,,1
618416,2025-12,Roads & Highways,Ministry of Road Transport & Highways,226,,-1105.0,1,,1
618417,2025-12,Roads & Highways,Ministry of Road Transport & Highways,2026,,433.0,0,,0
618418,2025-12,Roads & Highways,Ministry of Road Transport & Highways,360,,-585.0,1,,1
618419,2025-12,Roads & Highways,Ministry of Road Transport & Highways,562,,244.0,0,,1
618420,2025-12,Roads & Highways,Ministry of Road Transport & Highways,686,,244.0,0,,1
618421,2025-12,Roads & Highways,Ministry of Road Transport & Highways,620,,244.0,0,,1
618422,2025-12,Roads & Highways,Ministry of Road Transport & Highways,162,,-116.0,1,,1
618423,2025-12,Roads & Highways,Ministry of Road Transport & Highways,216,,-132.0,1,,1
618424,2025-12,Roads & Highways,Ministry of Road Transport & Highways,257,,-974.0,1,,0
618427,2025-12,Roads & Highways,Ministry of Road Transport & Highways,311,6.11,-1001.0,1,1.9646302250803862,1
618429,2025-12,Roads & Highways,Ministry of Road Transport & Highways,345,,-1354.0,1,,1
618430,2025-12,Roads & Highways,Ministry of Road Transport & Highways,403,,-1368.0,1,,1
618431,2025-12,Roads & Highways,Ministry of Road Transport & Highways,296,0.39,-1001.0,1,0.13175675675675674,1
618432,2025-12,Roads & Highways,Ministry of Road Transport & Highways,229,,-1369.0,1,,0
618433,2025-12,Roads & Highways,Ministry of Road Transport & Highways,185,,-1369.0,1,,1
618434,2025-12,Roads & Highways,Ministry of Road Transport & Highways,1719,,-1398.0,1,,1
618435,2025-12,Roads & Highways,Ministry of Road Transport & Highways,387,,-2080.0,1,,1
618436,2025-12,Roads & Highways,Ministry of Road Transport & Highways,599,,-2387.0,1,,1
618437,2025-12,Roads & Highways,Ministry of Road Transport & Highways,274,,-122.0,1,,0
618438,2025-12,Roads & Highways,Ministry of Road Transport & Highways,386,,-138.0,1,,1
618441,2025-12,Roads & Highways,Ministry of Road Transport & Highways,468,72.13,-94.0,1,15.412393162393162,0
618446,2025-12,Roads & Highways,Ministry of Road Transport & Highways,493,,-587.0,1,,1
618447,2025-12,Roads & Highways,Ministry of Road Transport & Highways,411,,-676.0,1,,1
618448,2025-12,Roads & Highways,Ministry of Road Transport & Highways,817,,-753.0,1,,1
618449,2025-12,Roads & Highways,Ministry of Road Transport & Highways,230,,-991.0,1,,1
618450,2025-12,Roads & Highways,Ministry of Road Transport & Highways,293,1.91,-1340.0,1,0.651877133105802,1
618455,2025-12,Roads & Highways,Ministry of Road Transport & Highways,694,,-457.0,1,,0
618456,2025-12,Roads & Highways,Ministry of Road Transport & Highways,1119,975.7,-953.0,1,87.19392314566578,0
618457,2025-12,Roads & Highways,Ministry of Road Transport & Highways,1273,1070.22,-955.0,1,84.07069913589945,1
618458,2025-12,Roads & Highways,Ministry of Road Transport & Highways,1855,1270.78,-727.0,1,68.5056603773585,1
618459,2025-12,Roads & Highways,Ministry of Road Transport & Highways,1555,941.64,-487.0,1,60.55562700964631,1
618460,2025-12,Roads & Highways,Ministry of Road Transport & Highways,1263,860.42,-777.0,1,68.12509897070467,1
618461,2025-12,Roads & Highways,Ministry of Road Transport & Highways,1801,1090.06,-846.0,1,60.525263742365354,0
618462,2025-12,Roads & Highways,Ministry of Road Transport & Highways,1645,926.73,-958.0,1,56.33617021276596,1
618463,2025-12,Roads & Highways,Ministry of Road Transport & Highways,1325,1232.22,-1522.0,1,92.99773584905661,1
618465,2025-12,Roads & Highways,Ministry of Road Transport & Highways,1710,2152.35,-783.0,1,125.86842105263156,1
618468,2025-12,Roads & Highways,Ministry of Road Transport & Highways,1525,813.07,-593.0,1,53.3160655737705,1
618469,2025-12,Roads & Highways,Ministry of Road Transport & Highways,3537,1707.29,-692.0,1,48.26943737630761,1
618470,2025-12,Roads & Highways,Ministry of Road Transport & Highways,2059,541.49,-599.0,1,26.2986886838271,1
618471,2025-12,Roads & Highways,Ministry of Road Transport & Highways,2611,571.76,-599.0,1,21.89812332439678,1
618472,2025-12,Roads & Highways,Ministry of Road Transport & Highways,4052,824.37,-426.0,1,20.34476801579467,1
618473,2025-12,Roads & Highways,Ministry of Road Transport & Highways,2209,802.11,-167.0,1,36.31100045269353,1
618475,2025-12,Roads & Highways,Ministry of Road Transport & Highways,2548,1058.1,-207.0,1,41.52668759811617,0
618476,2025-12,Roads & Highways,Ministry of Road Transport & Highways,1407,675.5,-454.0,1,48.00995024875622,1
618477,2025-12,Roads & Highways,Ministry of Road Transport & Highways,1482,711.04,-582.0,1,47.97840755735493,1
618478,2025-12,Roads & Highways,Ministry of Road Transport & Highways,1107,496.04,-535.0,1,44.809394760614275,1
618479,2025-12,Roads & Highways,Ministry of Road Transport & Highways,1525,353.81,-520.0,1,23.200655737704917,1
618481,2025-12,Roads & Highways,Ministry of Road Transport & Highways,3606,878.13,-540.0,1,24.351913477537437,1
618484,2025-12,Roads & Highways,Ministry of Road Transport & Highways,1606,631.62,-739.0,1,39.32876712328767,0
618485,2025-12,Roads & Highways,Ministry of Road Transport & Highways,1307,563.2,-749.0,1,43.09104820198929,0
618487,2025-12,Roads & Highways,Ministry of Road Transport & Highways,1760,1217.21,-540.0,1,69.1596590909091,1
618488,2025-12,Roads & Highways,Ministry of Road Transport & Highways,1896,751.95,-293.0,1,39.65981012658228,0
618489,2025-12,Roads & Highways,Ministry of Road Transport & Highways,1851,1305.41,-533.0,1,70.52458130740142,1
618490,2025-12,Roads & Highways,Ministry of Road Transport & Highways,2178,1004.28,-540.0,1,46.11019283746556,0
618491,2025-12,Roads & Highways,Ministry of Road Transport & Highways,2175,941.19,-412.0,1,43.27310344827586,0
618492,2025-12,Roads & Highways,Ministry of Road Transport & Highways,1734,470.44,-1.0,1,27.13033448673587,1
618493,2025-12,Roads & Highways,Ministry of Road Transport & Highways,2165,331.17,106.0,0,15.296535796766744,1
618494,2025-12,Roads & Highways,Ministry of Road Transport & Highways,2715,1602.61,-462.0,1,59.02799263351749,1
618495,2025-12,Roads & Highways,Ministry of Road Transport & Highways,2895,682.85,-201.0,1,23.587219343696027,1
618496,2025-12,Roads & Highways,Ministry of Road Transport & Highways,1822,1120.3,-461.0,1,61.4873765093304,1
618497,2025-12,Roads & Highways,Ministry of Road Transport & Highways,975,433.72,-42.0,1,44.48410256410257,1
618498,2025-12,Roads & Highways,Ministry of Road Transport & Highways,2472,1162.84,-237.0,1,47.04045307443365,1
618499,2025-12,Roads & Highways,Ministry of Road Transport & Highways,1973,765.57,-154.0,1,38.802331474911306,1
618500,2025-12,Roads & Highways,Ministry of Road Transport & Highways,1081,401.34,-642.0,1,37.126734505087875,0
618501,2025-12,Roads & Highways,Ministry of Road Transport & Highways,1298,994.98,-721.0,1,76.65485362095532,1
618502,2025-12,Roads & Highways,Ministry of Road Transport & Highways,1415,982.57,-710.0,1,69.43957597173144,1
618503,2025-12,Roads & Highways,Ministry of Road Transport & Highways,1034,942.31,-896.0,1,91.13249516441006,1
618504,2025-12,Roads & Highways,Ministry of Road Transport & Highways,1182,1202.2,-749.0,1,101.70896785109984,1
618505,2025-12,Roads & Highways,Ministry of Road Transport & Highways,410,185.01,-554.0,1,45.12439024390243,1
618509,2025-12,Roads & Highways,Ministry of Road Transport & Highways,2090,1794.18,-796.0,1,85.84593301435407,1
618512,2025-12,Roads & Highways,Ministry of Road Transport & Highways,907,520.53,-1403.0,1,57.39029768467475,1
618513,2025-12,Roads & Highways,Ministry of Road Transport & Highways,2112,613.7,-354.0,1,29.057765151515152,0
618514,2025-12,Roads & Highways,Ministry of Road Transport & Highways,2331,171.02,-381.0,1,7.336765336765337,1
618515,2025-12,Roads & Highways,Ministry of Road Transport & Highways,1479,1110.53,-252.0,1,75.08654496281271,1
618516,2025-12,Roads & Highways,Ministry of Road Transport & Highways,1389,989.21,-252.0,1,71.2174226061915,1
618517,2025-12,Roads & Highways,Ministry of Road Transport & Highways,1135,659.51,-101.0,1,58.10660792951542,1
618519,2025-12,Roads & Highways,Ministry of Road Transport & Highways,1261,496.7,-229.0,1,39.389373513084855,1
618521,2025-12,Roads & Highways,Ministry of Road Transport & Highways,767,426.79,-1786.0,1,55.64406779661017,1
618523,2025-12,Roads & Highways,Ministry of Road Transport & Highways,845,231.14,-1568.0,1,27.35384615384615,1
618527,2025-12,Roads & Highways,Ministry of Road Transport & Highways,1195,683.06,-727.0,1,57.15983263598326,1
618529,2025-12,Roads & Highways,Ministry of Road Transport & Highways,1992,985.18,-1417.0,1,49.45682730923694,1
618530,2025-12,Roads & Highways,Ministry of Road Transport & Highways,3242,20.97,-4314.0,1,0.6468229487970388,1
618531,2025-12,Roads & Highways,Ministry of Road Transport & Highways,1054,86.0,351.0,0,8.159392789373813,0
618532,2025-12,Roads & Highways,Ministry of Road Transport & Highways,1822,565.91,-644.0,1,31.059824368825467,1
618533,2025-12,Roads & Highways,Ministry of Road Transport & Highways,1560,6.98,-3383.0,1,0.4474358974358975,1
618537,2025-12,Roads & Highways,Ministry of Road Transport & Highways,1754,318.17,157.0,0,18.13968072976055,0
618541,2025-12,Roads & Highways,Ministry of Road Transport & Highways,2920,1662.84,-698.0,1,56.946575342465756,1
618543,2025-12,Roads & Highways,Ministry of Road Transport & Highways,1912,272.7,-141.0,1,14.26255230125523,1
618544,2025-12,Roads & Highways,Ministry of Road Transport & Highways,1402,898.96,-572.0,1,64.11982881597717,1
618545,2025-12,Roads & Highways,Ministry of Road Transport & Highways,614,231.2,-515.0,1,37.65472312703583,1
618546,2025-12,Roads & Highways,Ministry of Road Transport & Highways,442,324.74,-819.0,1,73.47058823529412,0
618547,2025-12,Roads & Highways,Ministry of Road Transport & Highways,961,355.59,176.0,0,37.00208116545265,1
618548,2025-12,Roads & Highways,Ministry of Road Transport & Highways,2024,54.24,-1819.0,1,2.6798418972332017,0
618549,2025-12,Roads & Highways,Ministry of Road Transport & Highways,243,637.61,-207.0,1,262.3909465020576,1
618550,2025-12,Roads & Highways,Ministry of Road Transport & Highways,856,176.32,-568.0,1,20.598130841121495,1
618552,2025-12,Roads & Highways,Ministry of Road Transport & Highways,1755,797.22,-351.0,1,45.42564102564103,1
618553,2025-12,Roads & Highways,Ministry of Road Transport & Highways,958,757.89,-312.0,1,79.11169102296451,0
618554,2025-12,Roads & Highways,Ministry of Road Transport & Highways,879,606.99,-468.0,1,69.05460750853243,1
618555,2025-12,Roads & Highways,Ministry of Road Transport & Highways,1098,25.94,-2468.0,1,2.3624772313296907,1
618557,2025-12,Roads & Highways,Ministry of Road Transport & Highways,1039,551.23,181.0,0,53.053897978825795,0
618558,2025-12,Roads & Highways,Ministry of Road Transport & Highways,955,427.03,-342.0,1,44.715183246073295,0
618559,2025-12,Roads & Highways,Ministry of Road Transport & Highways,522,256.27,-518.0,1,49.093869731800766,0
618560,2025-12,Roads & Highways,Ministry of Road Transport & Highways,542,45.13,-469.0,1,8.326568265682658,0
618563,2025-12,Roads & Highways,Ministry of Road Transport & Highways,900,535.7,-1387.0,1,59.52222222222223,1
618565,2025-12,Roads & Highways,Ministry of Road Transport & Highways,526,259.66,-298.0,1,49.365019011406844,0
618566,2025-12,Roads & Highways,Ministry of Road Transport & Highways,1974,835.5,2.0,0,42.32522796352583,1
618569,2025-12,Roads & Highways,Ministry of Road Transport & Highways,210,99.85,-701.0,1,47.547619047619044,1
618570,2025-12,Roads & Highways,Ministry of Road Transport & Highways,326,227.89,-487.0,1,69.90490797546012,1
618571,2025-12,Roads & Highways,Ministry of Road Transport & Highways,227,193.52,-20.0,1,85.2511013215859,1
618575,2025-12,Roads & Highways,Ministry of Road Transport & Highways,458,371.63,-548.0,1,81.14192139737992,0
618576,2025-12,Roads & Highways,Ministry of Road Transport & Highways,281,211.79,-575.0,1,75.37010676156584,0
618578,2025-12,Roads & Highways,Ministry of Road Transport & Highways,1467,1349.78,-541.0,1,92.0095432856169,1
618580,2025-12,Roads & Highways,Ministry of Road Transport & Highways,1275,457.89,-1256.0,1,35.91294117647059,1
618581,2025-12,Roads & Highways,Ministry of Road Transport & Highways,1757,902.32,-433.0,1,51.355719977233925,1
618588,2025-12,Roads & Highways,Ministry of Road Transport & Highways,540,464.23,-785.0,1,85.96851851851852,1
618589,2025-12,Roads & Highways,Ministry of Road Transport & Highways,1073,537.0,-164.0,1,50.04659832246039,1
618590,2025-12,Roads & Highways,Ministry of Road Transport & Highways,1216,406.66,-217.0,1,33.442434210526315,1
618594,2025-12,Roads & Highways,Ministry of Road Transport & Highways,330,183.56,-435.0,1,55.62424242424242,1
618595,2025-12,Roads & Highways,Ministry of Road Transport & Highways,1746,775.85,-625.0,1,44.43585337915235,1
618596,2025-12,Roads & Highways,Ministry of Road Transport & Highways,2715,1006.75,-584.0,1,37.081031307550646,1
618597,2025-12,Roads & Highways,Ministry of Road Transport & Highways,3206,771.21,-545.0,1,24.055208983156582,1
618598,2025-12,Roads & Highways,Ministry of Road Transport & Highways,210,70.89,-1299.0,1,33.75714285714286,1
618599,2025-12,Roads & Highways,Ministry of Road Transport & Highways,4924,1668.84,-530.0,1,33.89195775792039,1
618600,2025-12,Roads & Highways,Ministry of Road Transport & Highways,4024,1348.96,-530.0,1,33.52286282306164,1
618601,2025-12,Roads & Highways,Ministry of Road Transport & Highways,4226,646.6,-339.0,1,15.300520586843353,1
618602,2025-12,Roads & Highways,Ministry of Road Transport & Highways,4302,618.13,-320.0,1,14.368433286843329,1
618603,2025-12,Roads & Highways,Ministry of Road Transport & Highways,3466,767.36,-254.0,1,22.139642238892097,1
618604,2025-12,Roads & Highways,Ministry of Road Transport & Highways,2430,1567.88,30.0,0,64.52181069958847,1
618605,2025-12,Roads & Highways,Ministry of Road Transport & Highways,2879,1880.96,-475.0,1,65.33379645710316,1
618606,2025-12,Roads & Highways,Ministry of Road Transport & Highways,3274,1131.86,-311.0,1,34.571166768478925,1
618607,2025-12,Roads & Highways,Ministry of Road Transport & Highways,2842,684.52,-450.0,1,24.085855031667837,1
618608,2025-12,Roads & Highways,Ministry of Road Transport & Highways,1564,802.39,-152.0,1,51.3037084398977,1
618610,2025-12,Roads & Highways,Ministry of Road Transport & Highways,789,507.03,-143.0,1,64.26235741444867,1
618612,2025-12,Roads & Highways,Ministry of Road Transport & Highways,847,666.43,-873.0,1,78.68122786304605,1
618613,2025-12,Roads & Highways,Ministry of Road Transport & Highways,662,503.05,-900.0,1,75.98942598187311,1
618614,2025-12,Roads & Highways,Ministry of Road Transport & Highways,752,560.81,-875.0,1,74.57579787234042,1
618615,2025-12,Roads & Highways,Ministry of Road Transport & Highways,778,663.18,-1028.0,1,85.24164524421593,1
618617,2025-12,Roads & Highways,Ministry of Road Transport & Highways,1229,732.07,-413.0,1,59.56631407648495,1
618618,2025-12,Roads & Highways,Ministry of Road Transport & Highways,2029,504.83,167.0,0,24.880729423361263,0
618621,2025-12,Roads & Highways,Ministry of Road Transport & Highways,1163,484.47,-350.0,1,41.65692175408427,1
618622,2025-12,Roads & Highways,Ministry of Road Transport & Highways,1002,679.16,-619.0,1,67.78043912175649,1
618630,2025-12,Roads & Highways,Ministry of Road Transport & Highways,2356,696.37,-187.0,1,29.557300509337857,1
618632,2025-12,Roads & Highways,Ministry of Road Transport & Highways,972,404.06,-362.0,1,41.56995884773663,1
618634,2025-12,Roads & Highways,Ministry of Road Transport & Highways,1440,685.44,-341.0,1,47.6,1
618635,2025-12,Roads & Highways,Ministry of Road Transport & Highways,1360,301.77,-342.0,1,22.188970588235293,1
618637,2025-12,Roads & Highways,Ministry of Road Transport & Highways,1654,1293.06,-1200.0,1,78.17775090689237,1
618642,2025-12,Roads & Highways,Ministry of Road Transport & Highways,1883,826.77,-640.0,1,43.90706319702602,1
618644,2025-12,Roads & Highways,Ministry of Road Transport & Highways,1215,763.1,-194.0,1,62.806584362139915,1
618645,2025-12,Roads & Highways,Ministry of Road Transport & Highways,1008,366.57,-189.0,1,36.36607142857143,1
618647,2025-12,Roads & Highways,Ministry of Road Transport & Highways,907,429.44,-109.0,1,47.34729878721058,1
618654,2025-12,Roads & Highways,Ministry of Road Transport & Highways,521,162.85,-87.0,1,31.257197696737045,1
618663,2025-12,Roads & Highways,Ministry of Road Transport & Highways,1004,305.39,-11.0,1,30.41733067729084,0
618664,2025-12,Roads & Highways,Ministry of Road Transport & Highways,525,292.9,-423.0,1,55.79047619047619,1
618665,2025-12,Roads & Highways,Ministry of Road Transport & Highways,791,411.38,-635.0,1,52.00758533501896,1
618673,2025-12,Roads & Highways,Ministry of Road Transport & Highways,1368,613.02,-459.0,1,44.81140350877193,1
618674,2025-12,Roads & Highways,Ministry of Road Transport & Highways,1471,694.31,-357.0,1,47.199864038069336,1
618675,2025-12,Roads & Highways,Ministry of Road Transport & Highways,1307,373.53,-77.0,1,28.57918898240245,1
618676,2025-12,Roads & Highways,Ministry of Road Transport & Highways,478,276.9,-648.0,1,57.92887029288703,1
618677,2025-12,Roads & Highways,Ministry of Road Transport & Highways,1540,881.05,-581.0,1,57.211038961038966,1
618678,2025-12,Roads & Highways,Ministry of Road Transport & Highways,1266,762.26,-579.0,1,60.21011058451816,1
618680,2025-12,Roads & Highways,Ministry of Road Transport & Highways,1493,965.07,-440.0,1,64.63965170797053,1
618681,2025-12,Roads & Highways,Ministry of Road Transport & Highways,1216,627.48,-642.0,1,51.60197368421052,1
618689,2025-12,Roads & Highways,Ministry of Road Transport & Highways,364,271.61,-624.0,1,74.61813186813188,0
618693,2025-12,Roads & Highways,Ministry of Road Transport & Highways,1345,712.97,-522.0,1,53.0089219330855,1
618694,2025-12,Roads & Highways,Ministry of Road Transport & Highways,1011,326.05,-426.0,1,32.25024727992087,1
618695,2025-12,Roads & Highways,Ministry of Road Transport & Highways,1146,386.74,-817.0,1,33.74694589877836,1
618700,2025-12,Roads & Highways,Ministry of Road Transport & Highways,1863,1231.42,-700.0,1,66.09876543209877,1
618701,2025-12,Roads & Highways,Ministry of Road Transport & Highways,178,142.2,-897.0,1,79.8876404494382,0
618702,2025-12,Roads & Highways,Ministry of Road Transport & Highways,1660,1235.46,-770.0,1,74.42530120481928,0
618708,2025-12,Roads & Highways,Ministry of Road Transport & Highways,1187,545.52,-189.0,1,45.95787700084246,1
618710,2025-12,Roads & Highways,Ministry of Road Transport & Highways,2003,1732.01,-785.0,1,86.47079380928608,1
618711,2025-12,Roads & Highways,Ministry of Road Transport & Highways,797,494.44,-423.0,1,62.03764115432874,1
618712,2025-12,Roads & Highways,Ministry of Road Transport & Highways,913,300.35,34.0,0,32.89704271631983,1
618713,2025-12,Roads & Highways,Ministry of Road Transport & Highways,1200,178.26,41.0,0,14.854999999999999,1
618714,2025-12,Roads & Highways,Ministry of Road Transport & Highways,1253,253.91,41.0,0,20.264166001596166,1
618715,2025-12,Roads & Highways,Ministry of Road Transport & Highways,1059,328.59,34.0,0,31.028328611898015,1
618716,2025-12,Roads & Highways,Ministry of Road Transport & Highways,993,279.55,60.0,0,28.15206445115811,1
618717,2025-12,Roads & Highways,Ministry of Road Transport & Highways,751,203.13,60.0,0,27.047936085219703,1
618719,2025-12,Roads & Highways,Ministry of Road Transport & Highways,909,225.97,41.0,0,24.85918591859186,1
618720,2025-12,Roads & Highways,Ministry of Road Transport & Highways,987,254.31,65.0,0,25.765957446808514,1
618721,2025-12,Roads & Highways,Ministry of Road Transport & Highways,1293,255.71,41.0,0,19.776488785769526,1
618722,2025-12,Roads & Highways,Ministry of Road Transport & Highways,1844,567.64,-230.0,1,30.783080260303684,1
618723,2025-12,Roads & Highways,Ministry of Road Transport & Highways,1554,674.25,-229.0,1,43.38803088803089,1
618735,2025-12,Roads & Highways,Ministry of Road Transport & Highways,910,399.02,-579.0,1,43.848351648351645,1
618738,2025-12,Roads & Highways,Ministry of Road Transport & Highways,6292,421.4,613.0,0,6.6973935155753335,1
618739,2025-12,Roads & Highways,Ministry of Road Transport & Highways,1391,282.35,-425.0,1,20.298346513299787,1
618740,2025-12,Roads & Highways,Ministry of Road Transport & Highways,1494,243.51,-181.0,1,16.299196787148592,1
618741,2025-12,Roads & Highways,Ministry of Road Transport & Highways,1858,345.49,-319.0,1,18.594725511302475,1
618744,2025-12,Roads & Highways,Ministry of Road Transport & Highways,1077,651.91,-313.0,1,60.53017641597028,1
618745,2025-12,Roads & Highways,Ministry of Road Transport & Highways,1318,917.08,-265.0,1,69.58118361153262,1
618746,2025-12,Roads & Highways,Ministry of Road Transport & Highways,797,570.63,-427.0,1,71.59723964868256,1
618747,2025-12,Roads & Highways,Ministry of Road Transport & Highways,830,459.37,-456.0,1,55.34578313253012,1
618748,2025-12,Roads & Highways,Ministry of Road Transport & Highways,569,322.19,-462.0,1,56.62390158172232,0
618749,2025-12,Roads & Highways,Ministry of Road Transport & Highways,712,376.11,-462.0,1,52.824438202247194,1
618751,2025-12,Roads & Highways,Ministry of Road Transport & Highways,582,182.7,-110.0,1,31.391752577319586,0
618756,2025-12,Roads & Highways,Ministry of Road Transport & Highways,1104,157.65,-1387.0,1,14.279891304347828,1
618760,2025-12,Roads & Highways,Ministry of Road Transport & Highways,646,549.18,-548.0,1,85.0123839009288,1
618761,2025-12,Roads & Highways,Ministry of Road Transport & Highways,992,800.68,-318.0,1,80.71370967741936,1
618764,2025-12,Roads & Highways,Ministry of Road Transport & Highways,864,625.94,-366.0,1,72.44675925925927,1
618770,2025-12,Roads & Highways,Ministry of Road Transport & Highways,516,232.93,-444.0,1,45.14147286821705,0
618771,2025-12,Roads & Highways,Ministry of Road Transport & Highways,1925,922.92,-391.0,1,47.9438961038961,1
618772,2025-12,Roads & Highways,Ministry of Road Transport & Highways,703,354.34,-63.0,1,50.40398293029872,1
618774,2025-12,Roads & Highways,Ministry of Road Transport & Highways,985,798.12,-899.0,1,81.02741116751268,0
618777,2025-12,Roads & Highways,Ministry of Road Transport & Highways,1877,245.55,-43.0,1,13.082045817794352,1
618778,2025-12,Roads & Highways,Ministry of Road Transport & Highways,1877,1024.27,-353.0,1,54.56952583910495,1
618779,2025-12,Roads & Highways,Ministry of Road Transport & Highways,1505,304.99,-526.0,1,20.265116279069765,1
618785,2025-12,Roads & Highways,Ministry of Road Transport & Highways,1501,992.69,-319.0,1,66.13524317121919,1
618787,2025-12,Roads & Highways,Ministry of Road Transport & Highways,1373,728.15,-185.0,1,53.03350327749453,1
618789,2025-12,Roads & Highways,Ministry of Road Transport & Highways,1525,1689.83,-448.0,1,110.80852459016393,0
618794,2025-12,Roads & Highways,Ministry of Road Transport & Highways,525,345.41,-836.0,1,65.79238095238095,1
618795,2025-12,Roads & Highways,Ministry of Road Transport & Highways,1475,863.93,-488.0,1,58.57152542372881,1
618796,2025-12,Roads & Highways,Ministry of Road Transport & Highways,829,226.86,-1715.0,1,27.36550060313631,1
618798,2025-12,Roads & Highways,Ministry of Road Transport & Highways,2556,1238.07,-301.0,1,48.43779342723005,1
618799,2025-12,Roads & Highways,Ministry of Road Transport & Highways,456,381.34,-1120.0,1,83.62719298245614,1
618800,2025-12,Roads & Highways,Ministry of Road Transport & Highways,1617,99.84,140.0,0,6.174397031539889,1
618801,2025-12,Roads & Highways,Ministry of Road Transport & Highways,1389,120.51,140.0,0,8.676025917926566,1
618803,2025-12,Roads & Highways,Ministry of Road Transport & Highways,646,543.32,-138.0,1,84.10526315789475,1
618804,2025-12,Roads & Highways,Ministry of Road Transport & Highways,349,59.91,-1838.0,1,17.16618911174785,1
618807,2025-12,Roads & Highways,Ministry of Road Transport & Highways,609,403.36,-98.0,1,66.23316912972086,1
618809,2025-12,Roads & Highways,Ministry of Road Transport & Highways,810,467.61,-193.0,1,57.72962962962963,1
618810,2025-12,Roads & Highways,Ministry of Road Transport & Highways,1003,564.01,-193.0,1,56.23230309072782,1
618819,2025-12,Roads & Highways,Ministry of Road Transport & Highways,183,89.36,-1391.0,1,48.830601092896174,0
618820,2025-12,Roads & Highways,Ministry of Road Transport & Highways,862,344.24,-17.0,1,39.93503480278422,1
618821,2025-12,Roads & Highways,Ministry of Road Transport & Highways,920,363.82,-17.0,1,39.54565217391304,1
618825,2025-12,Roads & Highways,Ministry of Road Transport & Highways,622,339.1,-1474.0,1,54.51768488745981,1
618826,2025-12,Roads & Highways,Ministry of Road Transport & Highways,908,410.28,-163.0,1,45.18502202643172,1
618827,2025-12,Roads & Highways,Ministry of Road Transport & Highways,1098,320.15,-138.0,1,29.157559198542803,1
618828,2025-12,Roads & Highways,Ministry of Road Transport & Highways,1436,826.55,-108.0,1,57.5591922005571,1
618829,2025-12,Roads & Highways,Ministry of Road Transport & Highways,1129,527.11,-817.0,1,46.688219663418955,0
618830,2025-12,Roads & Highways,Ministry of Road Transport & Highways,1518,962.12,-53.0,1,63.38076416337286,1
618833,2025-12,Roads & Highways,Ministry of Road Transport & Highways,894,439.5,-1980.0,1,49.16107382550335,1
618834,2025-12,Roads & Highways,Ministry of Road Transport & Highways,163,162.0,-833.0,1,99.38650306748467,1
618835,2025-12,Roads & Highways,Ministry of Road Transport & Highways,698,418.26,-1194.0,1,59.92263610315186,0
618836,2025-12,Roads & Highways,Ministry of Road Transport & Highways,1985,300.57,-221.0,1,15.142065491183878,1
618837,2025-12,Roads & Highways,Ministry of Road Transport & Highways,1939,389.93,-221.0,1,20.109850438370295,0
618838,2025-12,Roads & Highways,Ministry of Road Transport & Highways,737,395.34,-490.0,1,53.64179104477612,1
618839,2025-12,Roads & Highways,Ministry of Road Transport & Highways,1309,796.99,-1423.0,1,60.88540870893813,1
618840,2025-12,Roads & Highways,Ministry of Road Transport & Highways,664,337.23,-2464.0,1,50.78765060240964,1
618841,2025-12,Roads & Highways,Ministry of Road Transport & Highways,491,316.67,-373.0,1,64.49490835030551,1
618845,2025-12,Roads & Highways,Ministry of Road Transport & Highways,1588,277.19,-778.0,1,17.45528967254408,1
618847,2025-12,Roads & Highways,Ministry of Road Transport & Highways,2900,1011.67,-1184.0,1,34.8851724137931,1
618849,2025-12,Roads & Highways,Ministry of Road Transport & Highways,444,394.5,-656.0,1,88.85135135135135,1
618850,2025-12,Roads & Highways,Ministry of Road Transport & Highways,1464,837.27,-1999.0,1,57.1905737704918,1
618852,2025-12,Roads & Highways,Ministry of Road Transport & Highways,191,181.27,-565.0,1,94.90575916230367,1
618854,2025-12,Roads & Highways,Ministry of Road Transport & Highways,706,515.37,-725.0,1,72.9985835694051,0
618855,2025-12,Roads & Highways,Ministry of Road Transport & Highways,839,556.76,-332.0,1,66.35995232419548,1
618856,2025-12,Roads & Highways,Ministry of Road Transport & Highways,1102,312.56,-42.0,1,28.362976406533573,1
618859,2025-12,Roads & Highways,Ministry of Road Transport & Highways,576,371.12,-434.0,1,64.43055555555556,1
618861,2025-12,Roads & Highways,Ministry of Road Transport & Highways,897,697.4,-904.0,1,77.74804905239688,1
618864,2025-12,Roads & Highways,Ministry of Road Transport & Highways,1722,1000.51,-287.0,1,58.10162601626017,1
618865,2025-12,Roads & Highways,Ministry of Road Transport & Highways,1385,823.04,-364.0,1,59.425270758122736,0
618878,2025-12,Roads & Highways,Ministry of Road Transport & Highways,697,288.14,-96.0,1,41.34002869440459,1
618883,2025-12,Roads & Highways,Ministry of Road Transport & Highways,1706,723.1,-182.0,1,42.38569753810082,1
618884,2025-12,Roads & Highways,Ministry of Road Transport & Highways,1494,610.51,-66.0,1,40.86412315930389,1
618885,2025-12,Roads & Highways,Ministry of Road Transport & Highways,618,218.78,-200.0,1,35.40129449838187,1
618887,2025-12,Roads & Highways,Ministry of Road Transport & Highways,2083,859.62,-804.0,1,41.26836293807009,1
618888,2025-12,Roads & Highways,Ministry of Road Transport & Highways,1146,270.47,-248.0,1,23.60122164048866,1
618889,2025-12,Roads & Highways,Ministry of Road Transport & Highways,1323,739.17,-369.0,1,55.87074829931973,1
618890,2025-12,Roads & Highways,Ministry of Road Transport & Highways,739,231.02,-64.0,1,31.261163734776726,1
618894,2025-12,Roads & Highways,Ministry of Road Transport & Highways,1772,211.73,-1124.0,1,11.94864559819413,1
618895,2025-12,Roads & Highways,Ministry of Road Transport & Highways,1319,331.43,-1076.0,1,25.127369219105383,1
618896,2025-12,Roads & Highways,Ministry of Road Transport & Highways,1386,900.61,-449.0,1,64.97907647907648,0
618897,2025-12,Roads & Highways,Ministry of Road Transport & Highways,2356,1011.27,-1965.0,1,42.923174872665534,1
618902,2025-12,Roads & Highways,Ministry of Road Transport & Highways,662,867.61,-1473.0,1,131.05891238670694,1
618903,2025-12,Roads & Highways,Ministry of Road Transport & Highways,1028,805.43,-1846.0,1,78.34922178988326,1
618904,2025-12,Roads & Highways,Ministry of Road Transport & Highways,2128,3.78,-4543.0,1,0.17763157894736842,1
618906,2025-12,Roads & Highways,Ministry of Road Transport & Highways,858,466.83,-560.0,1,54.40909090909091,1
618908,2025-12,Roads & Highways,Ministry of Road Transport & Highways,154,61.82,-334.0,1,40.14285714285714,1
618909,2025-12,Roads & Highways,Ministry of Road Transport & Highways,1652,741.05,-1243.0,1,44.85774818401937,1
618910,2025-12,Roads & Highways,Ministry of Road Transport & Highways,558,444.43,-876.0,1,79.64695340501791,1
618911,2025-12,Roads & Highways,Ministry of Road Transport & Highways,646,146.09,-424.0,1,22.61455108359133,1
618913,2025-12,Roads & Highways,Ministry of Road Transport & Highways,610,114.77,-1662.0,1,18.814754098360655,0
618915,2025-12,Roads & Highways,Ministry of Road Transport & Highways,1637,728.91,-1149.0,1,44.527183872938295,0
618916,2025-12,Roads & Highways,Ministry of Road Transport & Highways,1077,774.78,-1134.0,1,71.93871866295264,0
618919,2025-12,Roads & Highways,Ministry of Road Transport & Highways,887,374.34,-39.0,1,42.20293122886133,0
618921,2025-12,Roads & Highways,Ministry of Road Transport & Highways,1703,752.37,111.0,0,44.179095713446856,0
618925,2025-12,Roads & Highways,Ministry of Road Transport & Highways,301,247.05,-974.0,1,82.07641196013289,1
618928,2025-12,Roads & Highways,Ministry of Road Transport & Highways,936,271.44,-108.0,1,28.999999999999996,1
618935,2025-12,Roads & Highways,Ministry of Road Transport & Highways,1184,450.53,-206.0,1,38.05152027027027,1
618936,2025-12,Roads & Highways,Ministry of Road Transport & Highways,1270,610.57,-328.0,1,48.07637795275591,1
618937,2025-12,Roads & Highways,Ministry of Road Transport & Highways,1167,836.13,-795.0,1,71.64781491002572,1
618938,2025-12,Roads & Highways,Ministry of Road Transport & Highways,1013,546.48,-442.0,1,53.9466929911155,1
618942,2025-12,Roads & Highways,Ministry of Road Transport & Highways,227,102.44,-589.0,1,45.12775330396476,1
618945,2025-12,Roads & Highways,Ministry of Road Transport & Highways,1149,688.18,-579.0,1,59.89382071366405,1
618946,2025-12,Roads & Highways,Ministry of Road Transport & Highways,1480,849.01,-238.0,1,57.365540540540536,1
618947,2025-12,Roads & Highways,Ministry of Road Transport & Highways,1505,643.11,-911.0,1,42.73156146179402,1
618949,2025-12,Roads & Highways,Ministry of Road Transport & Highways,1445,593.59,-20.0,1,41.07889273356402,1
618951,2025-12,Roads & Highways,Ministry of Road Transport & Highways,1126,474.19,-671.0,1,42.11278863232682,1
618952,2025-12,Roads & Highways,Ministry of Road Transport & Highways,1955,1679.16,-426.0,1,85.89053708439897,0
618953,2025-12,Roads & Highways,Ministry of Road Transport & Highways,1200,837.89,-873.0,1,69.82416666666667,1
618955,2025-12,Roads & Highways,Ministry of Road Transport & Highways,638,125.16,-1518.0,1,19.61755485893417,1
618959,2025-12,Roads & Highways,Ministry of Road Transport & Highways,1018,406.1,-280.0,1,39.89194499017682,0
618960,2025-12,Roads & Highways,Ministry of Road Transport & Highways,1378,292.08,166.0,0,21.195936139332364,1
618968,2025-12,Roads & Highways,Ministry of Road Transport & Highways,1428,1166.56,-485.0,1,81.69187675070027,1
618969,2025-12,Roads & Highways,Ministry of Road Transport & Highways,2156,1375.08,-315.0,1,63.77922077922078,1
618970,2025-12,Roads & Highways,Ministry of Road Transport & Highways,1335,977.98,-485.0,1,73.25692883895131,1
618971,2025-12,Urban Public Transport,Ministry of Housing & Urban Affairs,3626,0.41,1308.0,0,0.011307225592939878,0
618972,2025-12,Railways,Ministry of Railways,1457,,1069.0,0,,0
618976,2025-12,Electricity Generation,Ministry of Power,20446,1145.83,1551.0,0,5.604176856108774,0
618977,2025-12,Aviation & Aviation Infrastructure,Ministry of Civil Aviation,1507,10.05,657.0,0,0.6668878566688786,0
618978,2025-12,Railways,Ministry of Railways,2223,,1747.0,0,,0
618982,2025-12,Coal,Ministry of Coal,522,311.28,161.0,0,59.632183908045974,0
618985,2025-12,Urban Public Transport,Ministry of Housing & Urban Affairs,9858,,1826.0,0,,0
618986,2025-12,Railways,Ministry of Railways,3634,,1277.0,0,,0
618991,2025-12,Electricity Generation,Ministry of Coal,1221,61.81,365.0,0,5.062244062244062,0
618992,2025-12,Electricity Generation,Ministry of Coal,481,2.52,365.0,0,0.5239085239085239,0
618995,2025-12,Railways,Ministry of Railways,2865,,1691.0,0,,0
701101,2025-12,Aviation & Aviation Infrastructure,Ministry of Civil Aviation,1217,1166.71,-884.0,1,95.86770747740346,0
701105,2025-12,Aviation & Aviation Infrastructure,Ministry of Civil Aviation,256,154.3,-1483.0,1,60.27343750000001,1
701107,2025-12,Aviation & Aviation Infrastructure,Ministry of Civil Aviation,612,523.14,-1213.0,1,85.48039215686273,1
701113,2025-12,Aviation & Aviation Infrastructure,Ministry of Civil Aviation,2870,410.36,566.0,0,14.298257839721254,0
701121,2025-12,Aviation & Aviation Infrastructure,Ministry of Civil Aviation,347,129.31,-139.0,1,37.26512968299712,1
701122,2025-12,Aviation & Aviation Infrastructure,Ministry of Civil Aviation,579,133.8,185.0,0,23.10880829015544,1
701126,2025-12,Aviation & Aviation Infrastructure,Ministry of Civil Aviation,1305,739.77,181.0,0,56.687356321839076,0
701127,2025-12,Aviation & Aviation Infrastructure,Ministry of Civil Aviation,480,330.65,-408.0,1,68.88541666666667,1
701128,2025-12,Aviation & Aviation Infrastructure,Ministry of Civil Aviation,887,462.38,69.0,0,52.12852311161218,0
701167,2025-12,Healthcare,Ministry of Health & Family Welfare,1828,1491.97,-29.0,1,81.61761487964989,1
701168,2025-12,Healthcare,Ministry of Health & Family Welfare,1264,366.59,-1218.0,1,29.002373417721515,0
701170,2025-12,Healthcare,Ministry of Health & Family Welfare,1195,774.6,90.0,0,64.82008368200837,0
701171,2025-12,Healthcare,Ministry of Health & Family Welfare,1028,939.72,181.0,0,91.41245136186771,0
701172,2025-12,Healthcare,Ministry of Health & Family Welfare,1264,0.0,-457.0,1,0.0,0
701173,2025-12,Healthcare,Ministry of Health & Family Welfare,1299,479.98,365.0,0,36.949961508852965,0
701228,2025-12,Oil & Gas,Ministry of Petroleum & Natural Gas,2915,4548.29,-4748.0,1,156.03053173241852,1
701263,2025-12,Energy Storage,Ministry of Petroleum & Natural Gas,43129,63571.5,-1157.0,1,147.39850216791487,1
701289,2025-12,Oil & Gas,Ministry of Petroleum & Natural Gas,34627,27829.2,-457.0,1,80.36849857047969,1
701324,2025-12,Oil & Gas,Ministry of Petroleum & Natural Gas,14810,12484.4,-976.0,1,84.29709655638082,0
701329,2025-12,Oil & Gas,Ministry of Petroleum & Natural Gas,18936,13229.3,-487.0,1,69.86322348964934,0
701330,2025-12,Oil & Gas,Ministry of Petroleum & Natural Gas,7392,6336.9,-549.0,1,85.72646103896103,1
701338,2025-12,Oil & Gas,Ministry of Petroleum & Natural Gas,5535,4037.28,1985.0,0,72.9409214092141,0
701343,2025-12,Energy Storage,Ministry of Petroleum & Natural Gas,2658,2282.98,-1258.0,1,85.89089541008276,0
701344,2025-12,Oil & Gas,Ministry of Petroleum & Natural Gas,1031,885.2,-1150.0,1,85.85838991270612,1
701346,2025-12,Oil & Gas,Ministry of Petroleum & Natural Gas,9265,6622.0,-640.0,1,71.47328656233135,1
701349,2025-12,Energy Storage,Ministry of Petroleum & Natural Gas,10228,10270.2,-522.0,1,100.41259288228392,1
701350,2025-12,Oil & Gas,Ministry of Petroleum & Natural Gas,860,636.92,-376.0,1,74.06046511627906,0
701354,2025-12,Oil & Gas,Ministry of Petroleum & Natural Gas,7844,6857.3,-962.0,1,87.4209586945436,1
701370,2025-12,Water Resources,"Department of Water Resources, River Development & GR",256,44.7,-1096.0,1,17.4609375,0
701372,2025-12,Water Resources,"Department of Water Resources, River Development & GR",20718,31860.9,-2192.0,1,153.7836663770634,0
701376,2025-12,Water Resources,"Department of Water Resources, River Development & GR",3808,5790.29,-2192.0,1,152.05593487394958,0
701377,2025-12,Water Resources,"Department of Water Resources, River Development & GR",770,1515.32,-2192.0,1,196.79480519480518,0
701383,2025-12,Water Resources,"Department of Water Resources, River Development & GR",1059,1557.67,-2192.0,1,147.08876298394713,0
701386,2025-12,Water Resources,"Department of Water Resources, River Development & GR",7196,13898.2,-2192.0,1,193.1378543635353,0
701391,2025-12,Water Resources,"Department of Water Resources, River Development & GR",210,1705.83,-2192.0,1,812.3,0
701395,2025-12,Water Resources,"Department of Water Resources, River Development & GR",220,115.2,0.0,0,52.36363636363637,0
701396,2025-12,Water Resources,"Department of Water Resources, River Development & GR",256,1324.98,-2192.0,1,517.5703125,0
701398,2025-12,Water Resources,"Department of Water Resources, River Development & GR",211,623.5,-2192.0,1,295.49763033175356,0
701399,2025-12,Water Resources,"Department of Water Resources, River Development & GR",382,239.03,0.0,0,62.573298429319365,1
701400,2025-12,Water Resources,"Department of Water Resources, River Development & GR",1449,1837.91,-2192.0,1,126.83988957902001,0
701404,2025-12,Water Resources,"Department of Water Resources, River Development & GR",989,2712.75,-2192.0,1,274.29221435793727,0
701405,2025-12,Water Resources,"Department of Water Resources, River Development & GR",8201,4664.8,-2192.0,1,56.88086818680649,0
701406,2025-12,Water Resources,"Department of Water Resources, River Development & GR",1402,1839.76,-2192.0,1,131.22396576319545,0
701408,2025-12,Water Resources,"Department of Water Resources, River Development & GR",1061,4552.44,-2192.0,1,429.07068803016017,0
701410,2025-12,Water Resources,"Department of Water Resources, River Development & GR",1441,3012.69,-1645.0,1,209.06939625260236,0
701411,2025-12,Water Resources,"Department of Water Resources, River Development & GR",2286,2169.72,-1280.0,1,94.91338582677164,1
701412,2025-12,Water Resources,"Department of Water Resources, River Development & GR",1622,167.16,-1736.0,1,10.305795314426634,0
701415,2025-12,Water Resources,"Department of Water Resources, River Development & GR",10151,25833.7,-1341.0,1,254.4941385085213,0
701565,2025-12,Inland Waterways,"Ministry of Ports, Shipping and Waterways",5369,3717.08,-731.0,1,69.23225926615757,0
701568,2025-12,Shipping,"Ministry of Ports, Shipping and Waterways",100,186.47,-1062.0,1,186.47,0
701570,2025-12,Shipping,"Ministry of Ports, Shipping and Waterways",171,137.51,-823.0,1,80.41520467836257,0
701574,2025-12,Shipping,"Ministry of Ports, Shipping and Waterways",3005,1277.52,730.0,0,42.513144758735436,0
701576,2025-12,Shipping,"Ministry of Ports, Shipping and Waterways",298,468.23,-92.0,1,157.12416107382552,0
701577,2025-12,Shipping,"Ministry of Ports, Shipping and Waterways",254,9.28,-122.0,1,3.653543307086614,0
701586,2025-12,Shipping,"Ministry of Ports, Shipping and Waterways",900,65.0,315.0,0,7.222222222222221,0
701593,2025-12,Telecommunication,Department of Telecommunications,28466,8471.19,-640.0,1,29.75897562003794,0
701597,2025-12,Telecommunication,Department of Telecommunications,1255,299.02,-976.0,1,23.82629482071713,0
701598,2025-12,Telecommunication,Department of Telecommunications,972,215.36,-1399.0,1,22.156378600823047,0
701599,2025-12,Telecommunication,Department of Telecommunications,1578,660.02,-1006.0,1,41.82636248415716,0
701600,2025-12,Telecommunication,Department of Telecommunications,337,237.19,-1526.0,1,70.38278931750742,0
701602,2025-12,Telecommunication,Department of Telecommunications,3685,1332.2,-773.0,1,36.15196743554952,0
701657,2025-12,Real Estate,Department for Promotion of Industry & Internal Trade,1702,184.16,264.0,0,10.82021151586369,0
701658,2025-12,Real Estate,Department for Promotion of Industry & Internal Trade,2139,568.22,776.0,0,26.564749883122957,0
701719,2025-12,Real Estate,Ministry of Housing & Urban Affairs,539,39.63,-1273.0,1,7.3525046382189245,0
701745,2025-12,Urban Public Transport,Ministry of Housing & Urban Affairs,263,17.62,-1249.0,1,6.699619771863118,0
701766,2025-12,Real Estate,Ministry of Housing & Urban Affairs,151,18.95,-769.0,1,12.549668874172184,0
701991,2025-12,Urban Public Transport,Ministry of Housing & Urban Affairs,600,272.42,-884.0,1,45.403333333333336,0
702355,2025-12,Waste & Water,Ministry of Housing & Urban Affairs,210,,-651.0,1,,0
702625,2025-12,Urban Public Transport,Ministry of Housing & Urban Affairs,6941,3846.45,-1128.0,1,55.416366517792824,0
702626,2025-12,Urban Public Transport,Ministry of Housing & Urban Affairs,7501,4416.11,-1128.0,1,58.87361685108652,0
702627,2025-12,Urban Public Transport,Ministry of Housing & Urban Affairs,13366,4670.21,-674.0,1,34.94096962442017,0
702628,2025-12,Urban Public Transport,Ministry of Housing & Urban Affairs,11076,9089.89,-584.0,1,82.06834597327554,0
702629,2025-12,Urban Public Transport,Ministry of Housing & Urban Affairs,8380,6062.03,-584.0,1,72.33926014319809,0
702630,2025-12,Urban Public Transport,Ministry of Housing & Urban Affairs,12020,8232.16,-640.0,1,68.48718801996671,0
702631,2025-12,Urban Public Transport,Ministry of Housing & Urban Affairs,5384,4816.5,-640.0,1,89.45950965824666,0
702632,2025-12,Urban Public Transport,Ministry of Housing & Urban Affairs,24949,18390.8,-275.0,1,73.7135756944166,1
702633,2025-12,Urban Public Transport,Ministry of Housing & Urban Affairs,30274,27312.2,-184.0,1,90.21668758670806,1
702635,2025-12,Urban Public Transport,Ministry of Housing & Urban Affairs,26405,29688.0,-1745.0,1,112.433251278167,0
702637,2025-12,Urban Public Transport,Ministry of Housing & Urban Affairs,23136,32609.9,-1006.0,1,140.9487378976487,0
702639,2025-12,Urban Public Transport,Ministry of Housing & Urban Affairs,10773,12266.5,-2832.0,1,113.86336210897613,1
702658,2025-12,Urban Public Transport,Ministry of Housing & Urban Affairs,6708,1472.03,730.0,0,21.944394752534286,0
702664,2025-12,Urban Public Transport,Ministry of Housing & Urban Affairs,1957,516.92,324.0,0,26.41389882473173,0
702665,2025-12,Urban Public Transport,Ministry of Housing & Urban Affairs,14788,9313.22,181.0,0,62.97822558831484,0
702668,2025-12,Urban Public Transport,Ministry of Housing & Urban Affairs,63246,30211.4,1339.0,0,47.76808019479493,0
702674,2025-12,Waste & Water,Ministry of Housing & Urban Affairs,172,88.86,-1006.0,1,51.662790697674424,1
702699,2025-12,Waste & Water,Ministry of Housing & Urban Affairs,159,69.52,-792.0,1,43.72327044025157,1
702734,2025-12,Waste & Water,Ministry of Housing & Urban Affairs,278,218.89,-823.0,1,78.73741007194243,1
702735,2025-12,Waste & Water,Ministry of Housing & Urban Affairs,213,168.14,-1006.0,1,78.93896713615023,1
702741,2025-12,Waste & Water,Ministry of Housing & Urban Affairs,217,129.16,-1006.0,1,59.52073732718895,1
702742,2025-12,Waste & Water,Ministry of Housing & Urban Affairs,159,87.5,-792.0,1,55.0314465408805,1
702746,2025-12,Waste & Water,Ministry of Housing & Urban Affairs,278,186.5,-1006.0,1,67.08633093525181,1
702760,2025-12,Waste & Water,Ministry of Housing & Urban Affairs,163,85.71,-884.0,1,52.58282208588957,1
702764,2025-12,Waste & Water,Ministry of Housing & Urban Affairs,175,93.18,-1006.0,1,53.245714285714286,1
702793,2025-12,Waste & Water,Ministry of Housing & Urban Affairs,287,252.5,-1006.0,1,87.97909407665504,1
702798,2025-12,Waste & Water,Ministry of Housing & Urban Affairs,362,322.31,-1006.0,1,89.03591160220995,1
702808,2025-12,Waste & Water,Ministry of Housing & Urban Affairs,192,191.79,-640.0,1,99.890625,1
702810,2025-12,Waste & Water,Ministry of Housing & Urban Affairs,402,357.68,-1006.0,1,88.97512437810946,1
702833,2025-12,Waste & Water,Ministry of Housing & Urban Affairs,194,136.56,-792.0,1,70.3917525773196,1
702840,2025-12,Waste & Water,Ministry of Housing & Urban Affairs,205,186.13,-1006.0,1,90.79512195121951,1
702851,2025-12,Waste & Water,Ministry of Housing & Urban Affairs,236,184.98,-1006.0,1,78.38135593220339,1
702854,2025-12,Waste & Water,Ministry of Housing & Urban Affairs,180,155.01,-1006.0,1,86.11666666666666,1
702948,2025-12,Waste & Water,Ministry of Housing & Urban Affairs,236,221.27,-915.0,1,93.75847457627118,1
702949,2025-12,Waste & Water,Ministry of Housing & Urban Affairs,562,485.91,-884.0,1,86.4608540925267,1
703021,2025-12,Waste & Water,Ministry of Housing & Urban Affairs,259,161.02,-856.0,1,62.16988416988417,1
703057,2025-12,Waste & Water,Ministry of Housing & Urban Affairs,287,213.64,-792.0,1,74.4390243902439,1
703585,2025-12,Railways,Ministry of Railways,314,158.53,-640.0,1,50.48726114649682,0
703586,2025-12,Railways,Ministry of Railways,499,658.4,-640.0,1,131.9438877755511,0
704495,2025-12,Telecommunication,Department of Telecommunications,422,143.06,-1386.0,1,33.90047393364929,1
705237,2025-12,Railways,Ministry of Railways,51101,124623.0,-1371.0,1,243.87585370149313,0
705244,2025-12,Railways,Ministry of Railways,520,192.25,-1461.0,1,36.97115384615385,0
705252,2025-12,Railways,Ministry of Railways,385,0.0,-761.0,1,0.0,0
705253,2025-12,Railways,Ministry of Railways,563,120.0,-1856.0,1,21.314387211367674,0
705298,2025-12,Railways,Ministry of Railways,274,0.0,-640.0,1,0.0,0
705356,2025-12,Railways,Ministry of Railways,2539,5183.23,90.0,0,204.14454509649465,0
705357,2025-12,Railways,Ministry of Railways,138,877.37,455.0,0,635.7753623188405,0
705358,2025-12,Railways,Ministry of Railways,3792,5315.25,365.0,0,140.17009493670886,0
705359,2025-12,Railways,Ministry of Railways,1928,1995.82,-275.0,1,103.51763485477179,1
705362,2025-12,Railways,Ministry of Railways,819,580.51,-1371.0,1,70.88034188034187,0
705364,2025-12,Railways,Ministry of Railways,614,490.08,-365.0,1,79.81758957654723,0
705366,2025-12,Railways,Ministry of Railways,2067,2015.07,-2101.0,1,97.48766328011611,0
705368,2025-12,Railways,Ministry of Railways,1605,1611.07,-640.0,1,100.37819314641744,0
705373,2025-12,Railways,Ministry of Railways,1473,2540.71,-1006.0,1,172.48540393754243,0
705375,2025-12,Railways,Ministry of Railways,1626,2142.8,-306.0,1,131.78351783517837,0
705385,2025-12,Railways,Ministry of Railways,2555,795.18,821.0,0,31.122504892367903,0
705391,2025-12,Railways,Ministry of Railways,14323,15824.5,365.0,0,110.48313900719123,0
705392,2025-12,Railways,Ministry of Railways,6663,5828.35,-280.0,1,87.4733603481915,1
705401,2025-12,Railways,Ministry of Railways,435,805.31,-275.0,1,185.12873563218392,1
705410,2025-12,Railways,Ministry of Railways,2018,89486.6,0.0,0,4434.4202180376615,0
705419,2025-12,Railways,Ministry of Railways,2913,2124.16,-275.0,1,72.92001373154822,0
705424,2025-12,Railways,Ministry of Railways,1540,554.36,365.0,0,35.9974025974026,0
705428,2025-12,Railways,Ministry of Railways,13447,7213.23,365.0,0,53.641927567487166,0
705429,2025-12,Railways,Ministry of Railways,38953,26841.0,0.0,0,68.90611762893744,0
705432,2025-12,Railways,Ministry of Railways,7877,9861.45,-3867.0,1,125.19296686555796,0
705433,2025-12,Railways,Ministry of Railways,1628,1440.85,-92.0,1,88.50429975429975,0
705434,2025-12,Railways,Ministry of Railways,2565,2124.53,-2467.0,1,82.82768031189084,0
705436,2025-12,Railways,Ministry of Railways,2501,1349.09,821.0,0,53.94202319072371,0
705437,2025-12,Railways,Ministry of Railways,1160,2332.39,455.0,0,201.06810344827585,0
705444,2025-12,Railways,Ministry of Railways,4970,4797.72,-1371.0,1,96.53360160965795,0
705450,2025-12,Railways,Ministry of Railways,402,368.42,-1371.0,1,91.64676616915423,0
705453,2025-12,Railways,Ministry of Railways,456,3945.04,424.0,0,865.140350877193,0
705454,2025-12,Railways,Ministry of Railways,1794,1815.94,-4.0,1,101.22296544035675,0
705457,2025-12,Railways,Ministry of Railways,1656,4570.33,455.0,0,275.9861111111111,0
705458,2025-12,Railways,Ministry of Railways,484,621.62,-1736.0,1,128.43388429752068,0
705479,2025-12,Railways,Ministry of Railways,1886,730.33,455.0,0,38.7237539766702,0
705480,2025-12,Railways,Ministry of Railways,8914,6546.4,455.0,0,73.43953331837558,0
705481,2025-12,Railways,Ministry of Railways,3032,3817.81,-6.0,1,125.91721635883906,0
705482,2025-12,Railways,Ministry of Railways,747,436.56,-2498.0,1,58.44176706827309,0
705490,2025-12,Railways,Ministry of Railways,2842,1439.46,455.0,0,50.649542575650955,0
705491,2025-12,Railways,Ministry of Railways,297,137.3,181.0,0,46.22895622895623,0
705492,2025-12,Railways,Ministry of Railways,825,725.47,-184.0,1,87.93575757575758,0
705494,2025-12,Railways,Ministry of Railways,2496,1807.86,-3745.0,1,72.43028846153847,0
705495,2025-12,Railways,Ministry of Railways,1378,735.2,455.0,0,53.352685050798264,0
705496,2025-12,Railways,Ministry of Railways,1876,498.97,-2467.0,1,26.59754797441365,0
705498,2025-12,Railways,Ministry of Railways,793,996.09,365.0,0,125.61034047919296,0
705500,2025-12,Railways,Ministry of Railways,540,798.01,0.0,0,147.77962962962962,0
705502,2025-12,Railways,Ministry of Railways,1385,1727.83,0.0,0,124.75306859205774,0
705503,2025-12,Railways,Ministry of Railways,4028,5113.51,-306.0,1,126.94910625620656,0
705504,2025-12,Railways,Ministry of Railways,2081,2956.98,-30.0,1,142.09418548774627,0
705505,2025-12,Railways,Ministry of Railways,638,1035.92,0.0,0,162.36990595611286,0
705506,2025-12,Railways,Ministry of Railways,1035,1726.94,-365.0,1,166.85410628019324,0
705507,2025-12,Railways,Ministry of Railways,2450,1985.94,455.0,0,81.05877551020409,0
705510,2025-12,Railways,Ministry of Railways,1284,1323.62,-396.0,1,103.08566978193146,0
705511,2025-12,Railways,Ministry of Railways,1547,1348.59,-640.0,1,87.17453135100193,0
705512,2025-12,Railways,Ministry of Railways,2500,2091.69,-1371.0,1,83.6676,0
705513,2025-12,Railways,Ministry of Railways,2362,1856.42,700.0,0,78.59525825571549,0
705514,2025-12,Railways,Ministry of Railways,1000,428.84,-2605.0,1,42.884,1
705515,2025-12,Railways,Ministry of Railways,1173,2063.93,90.0,0,175.95311167945437,0
705526,2025-12,Railways,Ministry of Railways,519,53629.7,-275.0,1,10333.275529865125,0
705527,2025-12,Railways,Ministry of Railways,1216,2083.03,-7.0,1,171.30180921052633,0
705528,2025-12,Railways,Ministry of Railways,1586,1476.13,-549.0,1,93.07250945775537,1
705562,2025-12,Railways,Ministry of Railways,963,912.43,-309.0,1,94.74870197300103,1
705567,2025-12,Railways,Ministry of Railways,1016,1461.48,-281.0,1,143.8464566929134,1
705572,2025-12,Railways,Ministry of Railways,4060,3739.15,90.0,0,92.09729064039409,0
705583,2025-12,Railways,Ministry of Railways,667,289.26,-1006.0,1,43.36731634182908,0
705588,2025-12,Railways,Ministry of Railways,722,1601.0,-275.0,1,221.74515235457065,0
705598,2025-12,Railways,Ministry of Railways,2002,1843.19,-1371.0,1,92.06743256743258,0
705608,2025-12,Railways,Ministry of Railways,4330,2388.71,90.0,0,55.16651270207852,0
705610,2025-12,Railways,Ministry of Railways,302,381.0,0.0,0,126.15894039735099,1
705612,2025-12,Railways,Ministry of Railways,1953,4037.29,-306.0,1,206.72247823860727,0
705613,2025-12,Railways,Ministry of Railways,2595,3580.19,-334.0,1,137.96493256262045,0
705616,2025-12,Railways,Ministry of Railways,2140,2198.05,-426.0,1,102.71261682242991,0
705617,2025-12,Railways,Ministry of Railways,3545,3555.14,-365.0,1,100.28603667136812,0
705628,2025-12,Railways,Ministry of Railways,3029,2533.0,-184.0,1,83.62495873225487,0
705629,2025-12,Railways,Ministry of Railways,2400,2404.72,0.0,0,100.19666666666667,1
705632,2025-12,Railways,Ministry of Railways,647,1048.58,-353.0,1,162.0680061823802,0
705633,2025-12,Railways,Ministry of Railways,3733,4753.38,0.0,0,127.33404768282884,0
705635,2025-12,Railways,Ministry of Railways,1432,2554.26,-282.0,1,178.3701117318436,1
705638,2025-12,Railways,Ministry of Railways,813,81.31,455.0,0,10.001230012300123,0
705639,2025-12,Railways,Ministry of Railways,601,294.57,821.0,0,49.01331114808652,0
705648,2025-12,Railways,Ministry of Railways,6654,6087.52,-396.0,1,91.48662458671475,0
705650,2025-12,Railways,Ministry of Railways,5060,5271.61,455.0,0,104.18201581027667,0
705651,2025-12,Railways,Ministry of Railways,2478,3344.51,-1371.0,1,134.9681194511703,0
705659,2025-12,Railways,Ministry of Railways,500,545.71,90.0,0,109.14200000000001,0
705660,2025-12,Railways,Ministry of Railways,2445,3253.53,-5.0,1,133.0687116564417,0
705661,2025-12,Railways,Ministry of Railways,1248,1718.76,-457.0,1,137.72115384615384,1
705662,2025-12,Railways,Ministry of Railways,1878,2698.29,-365.0,1,143.67891373801916,0
705663,2025-12,Railways,Ministry of Railways,493,279.82,59.0,0,56.75862068965517,0
705667,2025-12,Railways,Ministry of Railways,5961,5050.26,-365.0,1,84.72169099144439,0
705668,2025-12,Railways,Ministry of Railways,3250,3247.89,-275.0,1,99.93507692307692,0
705728,2025-12,Railways,Ministry of Railways,108000,85337.9,608.0,0,79.01657407407406,0
705730,2025-12,Railways,Ministry of Railways,4835,4740.17,365.0,0,98.03867631851087,0
705735,2025-12,Railways,Ministry of Railways,905,1177.85,455.0,0,130.1491712707182,0
705741,2025-12,Railways,Ministry of Railways,748,13.16,943.0,0,1.7593582887700534,0
705742,2025-12,Railways,Ministry of Railways,2344,491.99,2769.0,0,20.98933447098976,0
705752,2025-12,Railways,Ministry of Railways,819,393.8,334.0,0,48.08302808302808,0
705761,2025-12,Railways,Ministry of Railways,1454,73.08,700.0,0,5.0261348005502064,0
705763,2025-12,Railways,Ministry of Railways,7474,1939.51,1734.0,0,25.95009365801445,0
705764,2025-12,Railways,Ministry of Railways,495,151.77,90.0,0,30.66060606060606,0
705765,2025-12,Railways,Ministry of Railways,686,600.25,85.0,0,87.5,0
705766,2025-12,Railways,Ministry of Railways,304,241.27,-365.0,1,79.36513157894737,0
705771,2025-12,Railways,Ministry of Railways,494,371.2,90.0,0,75.1417004048583,0
705772,2025-12,Railways,Ministry of Railways,2649,1728.5,365.0,0,65.25103812759532,0
705774,2025-12,Railways,Ministry of Railways,758,421.6,-334.0,1,55.620052770448545,0
705777,2025-12,Railways,Ministry of Railways,250,115.69,59.0,0,46.276,0
705780,2025-12,Railways,Ministry of Railways,2529,2080.41,-365.0,1,82.26215895610913,1
705782,2025-12,Railways,Ministry of Railways,407,317.0,-275.0,1,77.88697788697789,1
705783,2025-12,Railways,Ministry of Railways,238,135.92,-275.0,1,57.10924369747899,1
705785,2025-12,Railways,Ministry of Railways,473,288.75,181.0,0,61.04651162790697,0
705789,2025-12,Railways,Ministry of Railways,308,294.61,90.0,0,95.65259740259741,0
705793,2025-12,Railways,Ministry of Railways,6806,135.65,-640.0,1,1.9930943285336469,1
705794,2025-12,Railways,Ministry of Railways,6685,127.03,-640.0,1,1.900224382946896,0
705799,2025-12,Railways,Ministry of Railways,1400,1472.0,0.0,0,105.14285714285714,0
705912,2025-12,Railways,Ministry of Railways,1204,137.81,455.0,0,11.446013289036545,0
705919,2025-12,Railways,Ministry of Railways,1390,362.92,546.0,0,26.109352517985613,0
705933,2025-12,Railways,Ministry of Railways,1096,1067.49,669.0,0,97.39872262773723,0
705941,2025-12,Railways,Ministry of Railways,15767,2320.86,365.0,0,14.719731083909432,0
706718,2025-12,Aviation & Aviation Infrastructure,Ministry of Civil Aviation,499,160.06,-536.0,1,32.07615230460922,0
706724,2025-12,Aviation & Aviation Infrastructure,Ministry of Civil Aviation,1712,2514.59,-275.0,1,146.8802570093458,1
706757,2025-12,Railways,Ministry of Railways,262,341.47,-275.0,1,130.3320610687023,0
706759,2025-12,Railways,Ministry of Railways,2374,1450.99,-395.0,1,61.12005054759899,0
706763,2025-12,Railways,Ministry of Railways,1081,829.85,304.0,0,76.76688251618872,0
706775,2025-12,Telecommunication,Department of Telecommunications,61109,46431.5,-853.0,1,75.98144299530347,0
706776,2025-12,Railways,Ministry of Railways,4830,2764.13,243.0,0,57.22836438923395,0
706777,2025-12,Railways,Ministry of Railways,2298,393.01,365.0,0,17.102262837249782,0
706779,2025-12,Railways,Ministry of Railways,8087,7428.59,-4293.0,1,91.85841473970571,0
706780,2025-12,Railways,Ministry of Railways,33690,2922.12,730.0,0,8.673552983081033,0
706781,2025-12,Railways,Ministry of Railways,10947,5760.81,-1371.0,1,52.62455467251302,0
706811,2025-12,Steel,Ministry of Steel,2907,3336.05,-915.0,1,114.7592019263846,1
706835,2025-12,Railways,Ministry of Railways,1591,0.38,730.0,0,0.023884349465744813,0
706837,2025-12,Railways,Ministry of Railways,349,115.09,699.0,0,32.97707736389685,0
706854,2025-12,Railways,Ministry of Railways,1376,155.09,1642.0,0,11.27107558139535,0
706860,2025-12,Railways,Ministry of Railways,645,34.45,-152.0,1,5.341085271317829,0
706866,2025-12,Railways,Ministry of Railways,304,60.48,90.0,0,19.894736842105264,0
706898,2025-12,Railways,Ministry of Railways,268,0.0,-1736.0,1,0.0,0
706922,2025-12,Railways,Ministry of Railways,890,391.73,-1945.0,1,44.01460674157304,0
706940,2025-12,Railways,Ministry of Railways,184,0.0,-579.0,1,0.0,0
706942,2025-12,Railways,Ministry of Railways,238,0.0,-579.0,1,0.0,0
706950,2025-12,Railways,Ministry of Railways,744,1149.24,-1006.0,1,154.46774193548387,0
707215,2025-12,"Tourism, Hospitality & Wellness","Ministry of Ports, Shipping and Waterways",573,545.51,-640.0,1,95.2024432809773,0
707229,2025-12,Real Estate,Ministry of Housing & Urban Affairs,210,,-945.0,1,,0
707267,2025-12,Waste & Water,Ministry of Housing & Urban Affairs,200,100.0,-915.0,1,50.0,0
708662,2025-12,Healthcare,"Ministry of Ports, Shipping and Waterways",693,58.0,181.0,0,8.369408369408369,0
709747,2025-12,Electricity Generation,Ministry of Power,339,317.59,0.0,0,93.68436578171091,0
709749,2025-12,Telecommunication,Department of Telecommunications,461,166.02,-1657.0,1,36.01301518438178,0
709750,2025-12,Oil & Gas,Ministry of Petroleum & Natural Gas,205,76.2,-101.0,1,37.170731707317074,0
709752,2025-12,Oil & Gas,Ministry of Petroleum & Natural Gas,160,106.27,-549.0,1,66.41874999999999,1
709753,2025-12,Oil & Gas,Ministry of Petroleum & Natural Gas,1010,718.12,-53.0,1,71.10099009900989,0
709754,2025-12,Energy Storage,Ministry of Petroleum & Natural Gas,156,74.46,550.0,0,47.730769230769226,0
709755,2025-12,Energy Storage,Ministry of Petroleum & Natural Gas,384,168.47,550.0,0,43.872395833333336,0
709757,2025-12,Oil & Gas,Ministry of Petroleum & Natural Gas,1377,350.62,1642.0,0,25.462599854756718,0
709758,2025-12,Oil & Gas,Ministry of Petroleum & Natural Gas,2628,355.85,1642.0,0,13.540715372907156,0
709759,2025-12,Energy Storage,Ministry of Petroleum & Natural Gas,461,166.12,340.0,0,36.03470715835141,0
709760,2025-12,Oil & Gas,Ministry of Petroleum & Natural Gas,240,77.58,109.0,0,32.324999999999996,1
709766,2025-12,Oil & Gas,Ministry of Petroleum & Natural Gas,1420,170.7,1551.0,0,12.021126760563378,0
709770,2025-12,Oil & Gas,Ministry of Petroleum & Natural Gas,151,8.81,2830.0,0,5.8344370860927155,0
709771,2025-12,Oil & Gas,Ministry of Petroleum & Natural Gas,865,74.35,2099.0,0,8.595375722543352,0
709772,2025-12,Oil & Gas,Ministry of Petroleum & Natural Gas,609,59.3,2007.0,0,9.737274220032841,0
709773,2025-12,Oil & Gas,Ministry of Petroleum & Natural Gas,538,4.11,2282.0,0,0.7639405204460967,1
709774,2025-12,Oil & Gas,Ministry of Petroleum & Natural Gas,463,301.09,0.0,0,65.03023758099351,0
709776,2025-12,Oil & Gas,Ministry of Petroleum & Natural Gas,277,192.31,273.0,0,69.4259927797834,0
709777,2025-12,Oil & Gas,Ministry of Petroleum & Natural Gas,389,84.81,-245.0,1,21.802056555269925,0
709778,2025-12,Oil & Gas,Ministry of Petroleum & Natural Gas,328,183.45,-145.0,1,55.92987804878048,1
709779,2025-12,Oil & Gas,Ministry of Petroleum & Natural Gas,768,130.46,67.0,0,16.986979166666668,0
709780,2025-12,Oil & Gas,Ministry of Petroleum & Natural Gas,341,293.12,243.0,0,85.95894428152494,0
709781,2025-12,Oil & Gas,Ministry of Petroleum & Natural Gas,260,10.51,546.0,0,4.042307692307692,0
709782,2025-12,Oil & Gas,Ministry of Petroleum & Natural Gas,165,96.61,-132.0,1,58.551515151515154,1
709783,2025-12,Oil & Gas,Ministry of Petroleum & Natural Gas,165,155.76,-915.0,1,94.39999999999999,0
709785,2025-12,Oil & Gas,Ministry of Petroleum & Natural Gas,202,61.84,39.0,0,30.613861386138613,0
709786,2025-12,Oil & Gas,Ministry of Petroleum & Natural Gas,228,15.85,699.0,0,6.951754385964912,0
709789,2025-12,Oil & Gas,Ministry of Petroleum & Natural Gas,405,244.2,-153.0,1,60.29629629629629,0
709790,2025-12,Oil & Gas,Ministry of Petroleum & Natural Gas,622,459.74,90.0,0,73.91318327974277,0
709791,2025-12,Oil & Gas,Ministry of Petroleum & Natural Gas,1017,211.59,1551.0,0,20.805309734513276,0
709792,2025-12,Oil & Gas,Ministry of Petroleum & Natural Gas,3638,437.06,1551.0,0,12.013743815283123,0
709793,2025-12,Oil & Gas,Ministry of Petroleum & Natural Gas,3919,457.23,1642.0,0,11.667006889512631,0
709794,2025-12,Oil & Gas,Ministry of Petroleum & Natural Gas,3207,377.38,1642.0,0,11.767383847832866,0
709795,2025-12,Oil & Gas,Ministry of Petroleum & Natural Gas,16654,642.18,1642.0,0,3.856010568031704,0
709796,2025-12,Oil & Gas,Ministry of Petroleum & Natural Gas,3685,261.81,1551.0,0,7.104748982360923,0
709797,2025-12,Oil & Gas,Ministry of Petroleum & Natural Gas,2585,936.03,151.0,0,36.2100580270793,0
709798,2025-12,Oil & Gas,Ministry of Petroleum & Natural Gas,43367,2592.6,882.0,0,5.9782784144626095,0
709799,2025-12,Oil & Gas,Ministry of Petroleum & Natural Gas,4460,399.96,669.0,0,8.967713004484304,0
709800,2025-12,Oil & Gas,Ministry of Petroleum & Natural Gas,394,153.37,90.0,0,38.9263959390863,1
709811,2025-12,Railways,Ministry of Railways,190,,638.0,0,,0
709812,2025-12,Railways,Ministry of Railways,462,178.31,1642.0,0,38.595238095238095,0
709813,2025-12,Railways,Ministry of Railways,437,95.09,912.0,0,21.759725400457665,0
709815,2025-12,Railways,Ministry of Railways,177,,396.0,0,,0
709816,2025-12,Railways,Ministry of Railways,177,1.66,424.0,0,0.9378531073446328,0
709817,2025-12,Railways,Ministry of Railways,169,20.17,334.0,0,11.934911242603551,0
709818,2025-12,Railways,Ministry of Railways,328,61.96,396.0,0,18.890243902439025,0
709819,2025-12,Railways,Ministry of Railways,168,0.11,365.0,0,0.06547619047619048,0
709826,2025-12,Steel,Ministry of Steel,2719,1409.87,31.0,0,51.85251930856932,1
709827,2025-12,Steel,Ministry of Steel,350,304.58,0.0,0,87.02285714285713,1
709830,2025-12,Metals & Mining,Ministry of Mines,355,163.55,334.0,0,46.07042253521127,0
709831,2025-12,Metals & Mining,Ministry of Mines,483,417.31,-214.0,1,86.39958592132506,0
709832,2025-12,Metals & Mining,Ministry of Mines,166,135.0,-275.0,1,81.32530120481928,0
709837,2025-12,Oil & Gas,Ministry of Petroleum & Natural Gas,209,71.95,-579.0,1,34.42583732057417,1
709838,2025-12,Oil & Gas,Ministry of Petroleum & Natural Gas,621,144.19,-396.0,1,23.21900161030596,0
709839,2025-12,Oil & Gas,Ministry of Petroleum & Natural Gas,4144,4833.7,-61.0,1,116.64333976833976,1
709840,2025-12,Oil & Gas,Ministry of Petroleum & Natural Gas,249,210.45,-324.0,1,84.51807228915662,0
709841,2025-12,Oil & Gas,Ministry of Petroleum & Natural Gas,173,154.84,-166.0,1,89.5028901734104,1
709842,2025-12,Oil & Gas,Ministry of Petroleum & Natural Gas,1487,938.5,455.0,0,63.11365164761264,0
709845,2025-12,Oil & Gas,Ministry of Petroleum & Natural Gas,837,325.04,243.0,0,38.83393070489845,0
709846,2025-12,Oil & Gas,Ministry of Petroleum & Natural Gas,1219,745.0,-595.0,1,61.11566858080394,1
709847,2025-12,Oil & Gas,Ministry of Petroleum & Natural Gas,345,220.37,117.0,0,63.87536231884058,1
709848,2025-12,Oil & Gas,Ministry of Petroleum & Natural Gas,2329,1148.9,139.0,0,49.330184628595966,0
709849,2025-12,Oil & Gas,Ministry of Petroleum & Natural Gas,2380,2115.21,59.0,0,88.87436974789917,0
709850,2025-12,Oil & Gas,Ministry of Petroleum & Natural Gas,199,59.75,136.0,0,30.025125628140703,1
709851,2025-12,Oil & Gas,Ministry of Petroleum & Natural Gas,6184,895.56,485.0,0,14.481888745148769,0
709856,2025-12,Telecommunication,Department of Telecommunications,645,377.59,-487.0,1,58.541085271317826,1
709857,2025-12,Telecommunication,Department of Telecommunications,24545,8472.04,-193.0,1,34.51635771032797,1
709859,2025-12,Telecommunication,Department of Telecommunications,248,236.91,-2144.0,1,95.52822580645162,0
709864,2025-12,Oil & Gas,Ministry of Petroleum & Natural Gas,370,274.81,-532.0,1,74.27297297297298,1
709865,2025-12,Oil & Gas,Ministry of Petroleum & Natural Gas,294,97.22,-365.0,1,33.06802721088435,0
900808,2025-12,Transmission & Distribution,Ministry of Power,3547,3440.49,-396.0,1,96.99718071609811,1
900874,2025-12,Railways,Ministry of Railways,588,1.19,821.0,0,0.20238095238095236,0
400005,2026-01,Transmission & Distribution,Ministry of Power,4546,4482.15,-964.0,1,98.59546854377473,0
400006,2026-01,Railways,Ministry of Railways,809,542.88,-92.0,1,67.10506798516688,0
400010,2026-01,Aviation & Aviation Infrastructure,Ministry of Civil Aviation,480,492.21,-1600.0,1,102.54375,0
400012,2026-01,Energy Storage,Ministry of Petroleum & Natural Gas,10088,8056.6,-1493.0,1,79.86320380650278,1
400013,2026-01,Telecommunication,Department of Telecommunications,26316,9791.8,-590.0,1,37.20854233166134,0
400018,2026-01,Coal,Ministry of Coal,859,454.68,1155.0,0,52.93131548311991,0
400019,2026-01,Railways,Ministry of Railways,493,440.73,334.0,0,89.39756592292089,0
400022,2026-01,Railways,Ministry of Railways,2798,2181.96,1642.0,0,77.98284488920658,0
400023,2026-01,Railways,Ministry of Railways,749,0.94,820.0,0,0.1255006675567423,0
400033,2026-01,Coal,Ministry of Coal,581,86.77,790.0,0,14.93459552495697,0
400035,2026-01,Energy Storage,Ministry of Petroleum & Natural Gas,656,500.52,-123.0,1,76.29878048780488,0
400043,2026-01,Energy Storage,Ministry of Petroleum & Natural Gas,829,331.77,120.0,0,40.02050663449939,0
400045,2026-01,Railways,Ministry of Railways,168,69.85,-306.0,1,41.57738095238095,0
400047,2026-01,Railways,Ministry of Railways,210,37.17,-396.0,1,17.700000000000003,0
400048,2026-01,Railways,Ministry of Railways,186,93.02,-396.0,1,50.01075268817205,1
400062,2026-01,Electricity Generation,Ministry of Power,17673,1508.59,1246.0,0,8.536128557686865,0
400073,2026-01,Coal,Ministry of Coal,799,429.61,2251.0,0,53.76846057571966,0
400074,2026-01,Coal,Ministry of Coal,908,278.34,1155.0,0,30.654185022026432,0
400077,2026-01,Energy Storage,Ministry of Petroleum & Natural Gas,827,641.34,-396.0,1,77.55018137847642,0
400078,2026-01,Energy Storage,Ministry of Petroleum & Natural Gas,9028,7290.7,-408.0,1,80.75653522374834,0
400081,2026-01,Education,Department of Sports,906,569.37,-523.0,1,62.84437086092716,0
400087,2026-01,Oil & Gas,Ministry of Petroleum & Natural Gas,886,934.83,424.0,0,105.51128668171559,1
400093,2026-01,Water Resources,"Department of Water Resources, River Development & GR",1673,22.24,-2223.0,1,1.3293484757919904,0
400095,2026-01,Water Resources,"Department of Water Resources, River Development & GR",744,410.42,-2223.0,1,55.163978494623656,0
400096,2026-01,Water Resources,"Department of Water Resources, River Development & GR",648,206.06,-2223.0,1,31.799382716049386,1
400097,2026-01,Water Resources,"Department of Water Resources, River Development & GR",5022,4956.98,-2223.0,1,98.705296694544,0
400100,2026-01,Water Resources,"Department of Water Resources, River Development & GR",353,869.11,-2223.0,1,246.20679886685554,0
400101,2026-01,Water Resources,"Department of Water Resources, River Development & GR",397,619.46,-2223.0,1,156.0352644836272,0
400102,2026-01,Water Resources,"Department of Water Resources, River Development & GR",736,940.7,-2223.0,1,127.8125,0
400103,2026-01,Water Resources,"Department of Water Resources, River Development & GR",1331,4491.08,-2223.0,1,337.42148760330576,0
400104,2026-01,Water Resources,"Department of Water Resources, River Development & GR",571,447.68,-2223.0,1,78.40280210157619,0
400105,2026-01,Water Resources,"Department of Water Resources, River Development & GR",581,713.46,-1311.0,1,122.79862306368332,0
400107,2026-01,Water Resources,"Department of Water Resources, River Development & GR",2408,2619.61,-946.0,1,108.78779069767441,0
400109,2026-01,Water Resources,"Department of Water Resources, River Development & GR",848,690.49,-2041.0,1,81.42570754716981,0
400111,2026-01,Water Resources,"Department of Water Resources, River Development & GR",460,616.93,-2223.0,1,134.11521739130436,0
400112,2026-01,Water Resources,"Department of Water Resources, River Development & GR",7223,9390.82,881.0,0,130.01273708985187,0
400115,2026-01,Water Resources,"Department of Water Resources, River Development & GR",751,783.1,-2223.0,1,104.27430093209055,0
400116,2026-01,Water Resources,"Department of Water Resources, River Development & GR",1229,2068.79,-2223.0,1,168.33116354759966,1
400119,2026-01,Oil & Gas,Ministry of Petroleum & Natural Gas,3191,3123.2,-2833.0,1,97.875274208712,1
400120,2026-01,Oil & Gas,Ministry of Petroleum & Natural Gas,34012,32559.0,-2041.0,1,95.72797836057862,1
400121,2026-01,Steel,Ministry of Steel,1044,443.37,206.0,0,42.4683908045977,0
400136,2026-01,Coal,Ministry of Coal,2660,6.57,2251.0,0,0.2469924812030075,0
400138,2026-01,Coal,Ministry of Coal,974,440.75,2251.0,0,45.25154004106776,0
400139,2026-01,Coal,Ministry of Coal,861,455.95,2251.0,0,52.95586527293844,0
400141,2026-01,Metals & Mining,Ministry of Mines,4103,4556.52,-1127.0,1,111.05337557884476,0
400142,2026-01,Coal,Ministry of Coal,2243,1289.25,973.0,0,57.47882300490414,0
400144,2026-01,Coal,Ministry of Coal,2310,92.68,1155.0,0,4.012121212121213,0
400148,2026-01,Coal,Ministry of Coal,869,279.78,-1767.0,1,32.195627157652474,0
400149,2026-01,Coal,Ministry of Coal,2310,958.18,1155.0,0,41.47965367965368,0
400150,2026-01,Coal,Ministry of Coal,7254,1618.78,790.0,0,22.31568789633306,0
400151,2026-01,Coal,Ministry of Coal,779,602.95,1155.0,0,77.400513478819,0
400152,2026-01,Coal,Ministry of Coal,1249,498.6,59.0,0,39.91993594875901,0
400153,2026-01,Coal,Ministry of Coal,1020,84.94,790.0,0,8.327450980392156,0
400154,2026-01,Coal,Ministry of Coal,713,236.58,424.0,0,33.180925666199165,0
400155,2026-01,Coal,Ministry of Coal,2898,185.05,1885.0,0,6.3854382332643205,0
400156,2026-01,Coal,Ministry of Coal,5136,1264.89,790.0,0,24.627920560747665,0
400160,2026-01,Coal,Ministry of Coal,511,488.71,-3593.0,1,95.63796477495107,0
400162,2026-01,Coal,Ministry of Coal,999,492.6,-1037.0,1,49.30930930930931,0
400165,2026-01,Coal,Ministry of Coal,1694,1326.85,2274.0,0,78.32644628099173,0
400166,2026-01,Coal,Ministry of Coal,5195,3462.83,1155.0,0,66.65697786333013,0
400167,2026-01,Oil & Gas,Ministry of Petroleum & Natural Gas,1163,1143.03,59.0,0,98.28288907996561,1
400168,2026-01,Oil & Gas,Ministry of Petroleum & Natural Gas,8797,7568.46,-298.0,1,86.03455723542118,1
400169,2026-01,Oil & Gas,Ministry of Petroleum & Natural Gas,631,600.07,-306.0,1,95.09825673534074,1
400171,2026-01,Oil & Gas,Ministry of Petroleum & Natural Gas,1421,1234.54,-1078.0,1,86.87825475017593,1
400172,2026-01,Coal,Ministry of Coal,514,230.98,59.0,0,44.93774319066148,0
400173,2026-01,Coal,Ministry of Coal,889,121.34,59.0,0,13.649043869516312,0
400174,2026-01,Steel,Ministry of Steel,1034,929.04,-3014.0,1,89.84912959381045,0
400177,2026-01,Coal,Ministry of Coal,727,539.0,-306.0,1,74.14030261348006,0
400178,2026-01,Coal,Ministry of Coal,823,630.25,424.0,0,76.57958687727825,0
400180,2026-01,Coal,Ministry of Coal,570,83.47,59.0,0,14.643859649122806,0
400181,2026-01,Coal,Ministry of Coal,503,71.86,1155.0,0,14.286282306163024,0
400182,2026-01,Coal,Ministry of Coal,535,5.59,424.0,0,1.044859813084112,0
400183,2026-01,Coal,Ministry of Coal,3504,976.35,1155.0,0,27.8638698630137,0
400185,2026-01,Coal,Ministry of Coal,8416,1750.64,1520.0,0,20.80133079847909,0
400186,2026-01,Coal,Ministry of Coal,749,52.89,1155.0,0,7.061415220293725,0
400187,2026-01,Coal,Ministry of Coal,2435,1897.72,424.0,0,77.93511293634498,0
400188,2026-01,Real Estate,Ministry of Housing & Urban Affairs,32850,12339.0,-31.0,1,37.56164383561644,0
400192,2026-01,Coal,Ministry of Power,1581,599.74,120.0,0,37.93421884882985,0
400203,2026-01,Railways,Ministry of Coal,1686,536.26,334.0,0,31.80664294187426,0
400204,2026-01,Railways,Ministry of Railways,4940,1283.08,1733.0,0,25.97327935222672,0
400205,2026-01,Railways,Ministry of Railways,1320,522.19,1155.0,0,39.55984848484849,0
400220,2026-01,Railways,Ministry of Railways,3055,2637.75,-2680.0,1,86.34206219312603,1
400223,2026-01,Railways,Ministry of Railways,713,633.24,419.0,0,88.81346423562412,0
400231,2026-01,Electricity Generation,Ministry of Coal,27213,2616.26,1520.0,0,9.614008010877155,0
400232,2026-01,Railways,Ministry of Railways,297,215.98,329.0,0,72.72053872053871,0
400247,2026-01,Railways,Ministry of Railways,1000,1057.36,393.0,0,105.73599999999999,1
400253,2026-01,Railways,Ministry of Railways,4803,6049.39,-36.0,1,125.95023943368729,0
400254,2026-01,Railways,Ministry of Railways,735,588.82,-396.0,1,80.11156462585035,0
400259,2026-01,Electricity Generation,Ministry of Coal,17238,20967.3,-1892.0,1,121.63418029933865,0
400261,2026-01,Electricity Generation,Ministry of Power,18668,18186.0,-1037.0,1,97.41804156845939,0
400271,2026-01,Railways,Ministry of Railways,3445,3002.93,-309.0,1,87.16777939042089,0
400273,2026-01,Railways,Ministry of Railways,1189,1349.63,-2498.0,1,113.50967199327167,0
400275,2026-01,Railways,Ministry of Railways,3631,1185.28,-137.0,1,32.643348939686035,0
400277,2026-01,Railways,Ministry of Railways,8964,8482.33,-31.0,1,94.62661758143686,1
400280,2026-01,Railways,Ministry of Railways,734,479.19,-191.0,1,65.28474114441417,0
400291,2026-01,Railways,Ministry of Railways,1589,1601.53,-2132.0,1,100.78854625550662,1
400298,2026-01,Railways,Ministry of Railways,2312,2650.58,485.0,0,114.64446366782006,0
400299,2026-01,Metals & Mining,Ministry of Mines,1381,769.17,-306.0,1,55.69659666908038,0
400301,2026-01,Energy Storage,Ministry of Petroleum & Natural Gas,678,943.82,-3262.0,1,139.20648967551622,0
400312,2026-01,Coal,Ministry of Coal,1210,550.2,1155.0,0,45.47107438016529,0
400313,2026-01,Coal,Ministry of Coal,2662,794.33,-2365.0,1,29.839594290007515,0
400315,2026-01,Coal,Ministry of Coal,5366,599.41,1155.0,0,11.170518076779723,0
400321,2026-01,Coal,Ministry of Coal,1730,880.24,-306.0,1,50.88092485549133,0
400352,2026-01,Coal,Ministry of Coal,765,145.81,1885.0,0,19.060130718954248,0
400353,2026-01,Coal,Ministry of Coal,711,172.84,790.0,0,24.30942334739803,0
400354,2026-01,Coal,Ministry of Coal,5241,2872.57,1155.0,0,54.809578324747186,0
400369,2026-01,Coal,Ministry of Coal,836,831.11,-671.0,1,99.41507177033493,0
400382,2026-01,Shipping,"Ministry of Ports, Shipping and Waterways",6000,5999.89,-1037.0,1,99.99816666666668,0
400392,2026-01,Coal,Ministry of Coal,2839,1678.4,1155.0,0,59.11940824233886,0
400416,2026-01,Railways,Ministry of Coal,1800,1663.13,-215.0,1,92.39611111111111,0
400424,2026-01,Coal,Ministry of Coal,11816,6822.05,-1037.0,1,57.73569735951253,0
400425,2026-01,Coal,Ministry of Coal,1230,649.78,-2498.0,1,52.82764227642276,1
400426,2026-01,Metals & Mining,Ministry of Mines,1856,955.12,-2102.0,1,51.46120689655172,1
602096,2026-01,Electricity Generation,Ministry of Power,6285,25826.4,-5624.0,1,410.9212410501193,0
602098,2026-01,Education,Department of Higher Education,425,484.52,-946.0,1,114.00470588235294,0
602099,2026-01,Education,Department of Higher Education,393,329.07,-823.0,1,83.7328244274809,1
602181,2026-01,Electricity Generation,Ministry of Power,5748,4050.79,-695.0,1,70.47303409881698,0
602182,2026-01,Electricity Generation,Ministry of Power,31876,3933.3,2217.0,0,12.339377588154097,0
602184,2026-01,Electricity Generation,Ministry of Power,1382,1432.07,-2315.0,1,103.62301013024602,0
602185,2026-01,Electricity Generation,Ministry of Power,2978,7401.46,-4689.0,1,248.53794492948288,0
602193,2026-01,Electricity Generation,Ministry of Power,4826,8189.07,-1325.0,1,169.6864898466639,0
602195,2026-01,Electricity Generation,Ministry of Power,3860,5100.28,-1143.0,1,132.13160621761656,0
602223,2026-01,Transmission & Distribution,Ministry of Power,4754,7904.16,-2600.0,1,166.26335717290704,0
602525,2026-01,Electricity Generation,Ministry of Power,8112,8057.69,-2105.0,1,99.33049802761342,0
602532,2026-01,Electricity Generation,Ministry of Power,4288,3313.59,-877.0,1,77.27588619402985,0
602535,2026-01,Electricity Generation,Ministry of Power,5282,1415.21,10.0,0,26.793070806512688,0
602538,2026-01,Electricity Generation,Ministry of Power,1037,1123.79,-740.0,1,108.36933461909352,0
602579,2026-01,Electricity Generation,Ministry of Power,10439,13009.5,-754.0,1,124.62400613085545,1
602582,2026-01,Electricity Generation,Ministry of Power,688,1048.07,-87.0,1,152.33575581395348,0
602593,2026-01,Electricity Generation,Ministry of Power,1811,1878.51,-12.0,1,103.72777471010491,0
602633,2026-01,Electricity Generation,Ministry of Power,2615,495.57,424.0,0,18.951051625239003,0
602792,2026-01,Railways,Ministry of Railways,1171,381.99,-337.0,1,32.62083689154569,1
602797,2026-01,Railways,Ministry of Railways,462,197.33,424.0,0,42.71212121212121,0
602961,2026-01,Electricity Generation,Ministry of Power,11844,5442.33,485.0,0,45.950101317122595,0
603293,2026-01,Coal,Ministry of Power,502,399.59,11292.0,0,79.5996015936255,0
603945,2026-01,Water Resources,"Department of Water Resources, River Development & GR",567,2755.98,-2223.0,1,486.06349206349205,0
604791,2026-01,Oil & Gas,Ministry of Petroleum & Natural Gas,12366,18314.2,-553.0,1,148.10124535015365,1
604795,2026-01,Oil & Gas,Ministry of Petroleum & Natural Gas,31580,1404.61,-243.0,1,4.447783407219759,0
604833,2026-01,Energy Storage,Ministry of Petroleum & Natural Gas,281,247.89,-245.0,1,88.2170818505338,0
604852,2026-01,Energy Storage,Ministry of Petroleum & Natural Gas,980,255.06,303.0,0,26.026530612244898,0
604853,2026-01,Oil & Gas,Ministry of Petroleum & Natural Gas,2282,1834.01,-1127.0,1,80.36853637160387,0
604859,2026-01,Oil & Gas,Ministry of Petroleum & Natural Gas,13805,8174.39,-731.0,1,59.21325606664253,0
604863,2026-01,Oil & Gas,Ministry of Petroleum & Natural Gas,683,597.01,-2163.0,1,87.4099560761347,0
605155,2026-01,Electricity Generation,Ministry of Power,4526,1203.55,283.0,0,26.59191338930623,0
605156,2026-01,Electricity Generation,Ministry of Power,938,1557.72,-612.0,1,166.0682302771855,0
605292,2026-01,Education,Department of Higher Education,348,290.39,-946.0,1,83.44540229885057,0
606013,2026-01,Education,Department of Higher Education,499,446.99,-549.0,1,89.57715430861724,0
606112,2026-01,Education,Department of Higher Education,154,125.03,-815.0,1,81.18831168831169,0
606431,2026-01,Education,Department of Higher Education,1006,663.4,-1334.0,1,65.94433399602386,0
606479,2026-01,Education,Department of Higher Education,246,200.11,-1219.0,1,81.34552845528455,0
607701,2026-01,Oil & Gas,Ministry of Petroleum & Natural Gas,412,467.7,-823.0,1,113.51941747572816,0
607709,2026-01,Transmission & Distribution,Ministry of Power,5111,5474.57,-2588.0,1,107.1134807278419,1
609019,2026-01,Education,Department of Higher Education,500,403.6,-1037.0,1,80.72,0
609424,2026-01,Shipping,"Ministry of Ports, Shipping and Waterways",4244,1145.0,406.0,0,26.979264844486334,1
609736,2026-01,Education,Department of Higher Education,314,278.69,-392.0,1,88.7547770700637,0
609996,2026-01,Education,Department of Higher Education,262,200.11,-465.0,1,76.37786259541986,0
610315,2026-01,Education,Department of Higher Education,1229,835.6,-1767.0,1,67.99023596419855,0
610984,2026-01,Oil & Gas,Ministry of Petroleum & Natural Gas,431,238.67,-741.0,1,55.37587006960557,1
611016,2026-01,Coal,Ministry of Coal,385,359.08,-1949.0,1,93.26753246753246,1
611017,2026-01,Coal,Ministry of Coal,334,151.13,-2833.0,1,45.24850299401197,0
611047,2026-01,Aviation & Aviation Infrastructure,Ministry of Civil Aviation,861,271.48,141.0,0,31.530778164924513,1
611142,2026-01,Inland Waterways,"Ministry of Ports, Shipping and Waterways",177,383.41,-915.0,1,216.61581920903959,0
611452,2026-01,Railways,Ministry of Railways,311,263.42,-31.0,1,84.70096463022509,0
611495,2026-01,Aviation & Aviation Infrastructure,Ministry of Civil Aviation,1549,380.97,400.0,0,24.594577146546158,0
611509,2026-01,Electricity Generation,Ministry of Power,14358,1632.9,1138.0,0,11.37275386544087,0
611570,2026-01,Aviation & Aviation Infrastructure,Ministry of Civil Aviation,500,358.76,-142.0,1,71.752,0
611586,2026-01,Electricity Generation,Ministry of Power,2615,1042.48,793.0,0,39.86539196940726,0
611602,2026-01,Aviation & Aviation Infrastructure,Ministry of Civil Aviation,1207,230.44,-184.0,1,19.09196354598177,1
611669,2026-01,Railways,Ministry of Railways,380,244.67,424.0,0,64.38684210526316,0
611698,2026-01,Electricity Generation,Ministry of Power,1939,71.88,1275.0,0,3.7070654976792157,0
611699,2026-01,Electricity Generation,Ministry of Power,1750,61.45,1275.0,0,3.5114285714285716,0
611735,2026-01,Transmission & Distribution,Ministry of Power,331,151.73,-306.0,1,45.839879154078545,1
611751,2026-01,Railways,Ministry of Railways,961,803.0,424.0,0,83.55879292403746,0
611752,2026-01,Railways,Ministry of Railways,352,121.49,424.0,0,34.51420454545455,0
611754,2026-01,Railways,Ministry of Railways,293,160.38,181.0,0,54.737201365187715,0
611849,2026-01,Railways,Ministry of Railways,969,196.05,852.0,0,20.232198142414862,0
611855,2026-01,Railways,Ministry of Railways,969,576.63,365.0,0,59.5077399380805,0
611861,2026-01,Railways,Ministry of Railways,352,298.26,515.0,0,84.73295454545455,0
611864,2026-01,Coal,Ministry of Coal,4012,414.93,1520.0,0,10.34222333000997,0
611884,2026-01,Railways,Ministry of Railways,471,235.07,759.0,0,49.90870488322717,0
611917,2026-01,Oil & Gas,Ministry of Petroleum & Natural Gas,1459,1447.65,-306.0,1,99.22206991089789,1
611918,2026-01,Railways,Ministry of Railways,468,20.28,423.0,0,4.333333333333334,0
611927,2026-01,Railways,Ministry of Railways,561,276.66,-762.0,1,49.31550802139038,0
611929,2026-01,Railways,Ministry of Railways,167,0.0,-398.0,1,0.0,0
611930,2026-01,Electricity Generation,Ministry of Power,15530,3622.38,881.0,0,23.32504829362524,0
611943,2026-01,Railways,Ministry of Railways,410,9.27,730.0,0,2.2609756097560973,1
611945,2026-01,Railways,Ministry of Railways,307,13.66,1581.0,0,4.449511400651466,0
611947,2026-01,Transmission & Distribution,Ministry of Power,428,351.21,-230.0,1,82.05841121495327,1
611948,2026-01,Transmission & Distribution,Ministry of Power,2211,2087.01,-276.0,1,94.39213025780191,1
611949,2026-01,Transmission & Distribution,Ministry of Power,1796,1652.33,-276.0,1,92.00055679287304,0
611951,2026-01,Transmission & Distribution,Ministry of Power,689,685.98,-337.0,1,99.56168359941945,1
611957,2026-01,Education,Department of Higher Education,496,56.35,384.0,0,11.360887096774194,0
611963,2026-01,Education,Department of Higher Education,651,308.05,607.0,0,47.31950844854071,0
611966,2026-01,Transmission & Distribution,Ministry of Power,224,121.18,-206.0,1,54.098214285714285,1
611967,2026-01,Transmission & Distribution,Ministry of Power,1249,1102.46,-123.0,1,88.26741393114492,1
611970,2026-01,Railways,Ministry of Railways,670,45.21,1520.0,0,6.747761194029851,0
611971,2026-01,Railways,Ministry of Railways,350,70.64,1520.0,0,20.182857142857145,0
611974,2026-01,Railways,Ministry of Railways,1430,323.15,333.0,0,22.597902097902097,1
611977,2026-01,Railways,Ministry of Railways,487,222.88,-337.0,1,45.765913757700204,0
611978,2026-01,Railways,Ministry of Railways,158,51.87,-306.0,1,32.82911392405063,0
611979,2026-01,Railways,Ministry of Railways,250,127.56,-215.0,1,51.024,1
612072,2026-01,Railways,Ministry of Railways,962,361.72,424.0,0,37.600831600831604,0
612096,2026-01,Railways,Ministry of Railways,1209,418.64,424.0,0,34.62696443341605,0
612128,2026-01,Education,Department of Higher Education,167,102.52,54.0,0,61.38922155688622,1
612132,2026-01,Transmission & Distribution,Ministry of Power,2000,1566.4,-176.0,1,78.32000000000001,1
612133,2026-01,Transmission & Distribution,Ministry of Power,2056,1685.92,-36.0,1,82.0,1
612134,2026-01,Transmission & Distribution,Ministry of Power,2998,2248.75,-36.0,1,75.00833889259506,1
612138,2026-01,Transmission & Distribution,Ministry of Power,2148,1769.42,8.0,0,82.37523277467412,0
612139,2026-01,Transmission & Distribution,Ministry of Power,3752,2138.53,-37.0,1,56.99706823027719,0
612140,2026-01,Transmission & Distribution,Ministry of Power,2889,2033.26,-37.0,1,70.37937002422984,1
612142,2026-01,Electricity Generation,Ministry of Power,17195,2458.83,1489.0,0,14.299680139575457,0
612151,2026-01,Transmission & Distribution,Ministry of Power,334,256.07,-184.0,1,76.66766467065868,1
612167,2026-01,Healthcare,Ministry of Labour and Employment,384,167.37,-114.0,1,43.5859375,0
612178,2026-01,Healthcare,Ministry of Labour and Employment,153,119.22,-233.0,1,77.92156862745098,1
612183,2026-01,Aviation & Aviation Infrastructure,Ministry of Civil Aviation,1413,,424.0,0,,0
612185,2026-01,Healthcare,Ministry of Labour and Employment,209,202.62,-242.0,1,96.94736842105264,0
612186,2026-01,Healthcare,Ministry of Labour and Employment,558,63.62,32.0,0,11.40143369175627,0
612188,2026-01,Healthcare,Ministry of Labour and Employment,429,323.98,-134.0,1,75.51981351981352,1
612194,2026-01,Aviation & Aviation Infrastructure,Ministry of Civil Aviation,912,290.1,161.0,0,31.80921052631579,1
612201,2026-01,Healthcare,Ministry of Labour and Employment,143,116.08,-294.0,1,81.17482517482517,1
612211,2026-01,Healthcare,Ministry of Labour and Employment,206,24.06,-118.0,1,11.679611650485436,1
612213,2026-01,Healthcare,Ministry of Labour and Employment,195,114.39,-153.0,1,58.66153846153846,0
612259,2026-01,Healthcare,Ministry of Labour and Employment,102,322.55,-458.0,1,316.22549019607845,0
612513,2026-01,Healthcare,Ministry of Labour and Employment,165,16.4,494.0,0,9.939393939393938,0
612745,2026-01,Healthcare,Ministry of Labour and Employment,278,228.61,346.0,0,82.2338129496403,0
612748,2026-01,Healthcare,Ministry of Labour and Employment,151,6.76,393.0,0,4.47682119205298,0
612781,2026-01,Steel,Ministry of Steel,917,169.02,311.0,0,18.43184296619411,1
612786,2026-01,Aviation & Aviation Infrastructure,Ministry of Civil Aviation,266,97.14,-4.0,1,36.5187969924812,1
612787,2026-01,Aviation & Aviation Infrastructure,Ministry of Civil Aviation,320,112.06,-10.0,1,35.01875,0
612788,2026-01,Aviation & Aviation Infrastructure,Ministry of Civil Aviation,322,170.49,1.0,0,52.947204968944106,1
612789,2026-01,Aviation & Aviation Infrastructure,Ministry of Civil Aviation,485,128.81,-125.0,1,26.558762886597936,1
612790,2026-01,Oil & Gas,Ministry of Petroleum & Natural Gas,385,184.83,-75.0,1,48.00779220779221,1
612791,2026-01,Aviation & Aviation Infrastructure,Ministry of Civil Aviation,328,111.43,-121.0,1,33.97256097560975,0
612793,2026-01,Aviation & Aviation Infrastructure,Ministry of Civil Aviation,323,51.21,122.0,0,15.854489164086688,1
612815,2026-01,Railways,Ministry of Railways,170,9.1,424.0,0,5.352941176470588,0
612816,2026-01,Coal,Ministry of Coal,929,70.05,1520.0,0,7.540365984930032,0
612819,2026-01,Electricity Generation,Ministry of Coal,1813,1752.16,-491.0,1,96.64423607280752,0
612827,2026-01,Railways,Ministry of Railways,184,12.94,454.0,0,7.032608695652173,0
612834,2026-01,Railways,Ministry of Railways,252,105.68,-34.0,1,41.93650793650794,0
612851,2026-01,Education,Department of Higher Education,333,304.15,-123.0,1,91.33633633633633,0
612853,2026-01,Oil & Gas,Ministry of Petroleum & Natural Gas,522,262.9,161.0,0,50.3639846743295,0
612855,2026-01,Transmission & Distribution,Ministry of Power,679,239.34,119.0,0,35.24889543446245,0
612856,2026-01,Transmission & Distribution,Ministry of Power,164,134.08,-127.0,1,81.75609756097562,0
612876,2026-01,Education,Department of Higher Education,474,167.55,1430.0,0,35.348101265822784,0
612877,2026-01,Education,Department of Higher Education,618,530.88,-396.0,1,85.90291262135922,0
612883,2026-01,Education,Department of Higher Education,686,171.56,742.0,0,25.00874635568513,0
612885,2026-01,Education,Department of Higher Education,495,362.48,-1402.0,1,73.22828282828283,0
612894,2026-01,Education,Department of Higher Education,252,223.36,-439.0,1,88.63492063492065,0
612898,2026-01,Education,Department of Higher Education,593,550.61,212.0,0,92.85160202360878,0
612916,2026-01,Education,Department of Higher Education,491,319.74,-306.0,1,65.12016293279022,0
613002,2026-01,Railways,Ministry of Railways,842,340.0,59.0,0,40.38004750593824,0
613008,2026-01,Education,Department of Higher Education,305,62.16,511.0,0,20.380327868852458,0
613013,2026-01,Education,Department of Higher Education,276,261.7,-31.0,1,94.81884057971014,0
613015,2026-01,Railways,Ministry of Railways,1813,692.66,424.0,0,38.20518477661335,0
613785,2026-01,Railways,Ministry of Railways,4744,169.58,1065.0,0,3.5746205733558183,0
613786,2026-01,Railways,Ministry of Railways,2379,820.62,790.0,0,34.494325346784365,0
613787,2026-01,Water Resources,"Department of Water Resources, River Development & GR",2584,991.09,1244.0,0,38.35487616099071,0
613793,2026-01,Coal,Ministry of Coal,484,63.66,59.0,0,13.152892561983471,0
613794,2026-01,Coal,Ministry of Coal,389,132.48,790.0,0,34.056555269922875,0
613798,2026-01,Coal,Ministry of Coal,336,90.07,59.0,0,26.806547619047617,0
613799,2026-01,Coal,Ministry of Coal,316,188.72,59.0,0,59.72151898734177,0
613800,2026-01,Coal,Ministry of Coal,459,274.35,-306.0,1,59.77124183006537,1
613801,2026-01,Coal,Ministry of Coal,410,183.99,59.0,0,44.87560975609756,0
613802,2026-01,Coal,Ministry of Coal,371,144.61,59.0,0,38.97843665768194,0
613803,2026-01,Coal,Ministry of Coal,367,34.12,1155.0,0,9.29700272479564,0
613804,2026-01,Coal,Ministry of Coal,314,6.09,424.0,0,1.9394904458598725,0
613808,2026-01,Coal,Ministry of Coal,340,191.0,-4294.0,1,56.1764705882353,0
615183,2026-01,Coal,Ministry of Coal,492,266.47,-306.0,1,54.16056910569106,0
615184,2026-01,Coal,Ministry of Coal,229,146.08,790.0,0,63.79039301310044,0
615185,2026-01,Coal,Ministry of Coal,399,98.57,424.0,0,24.70426065162907,0
615186,2026-01,Coal,Ministry of Coal,319,98.25,59.0,0,30.799373040752354,0
615187,2026-01,Coal,Ministry of Coal,221,,1155.0,0,,0
615188,2026-01,Coal,Ministry of Coal,402,63.1,424.0,0,15.696517412935323,0
615189,2026-01,Coal,Ministry of Coal,362,85.75,59.0,0,23.6878453038674,0
615190,2026-01,Coal,Ministry of Coal,336,39.08,1155.0,0,11.630952380952381,0
615191,2026-01,Coal,Ministry of Coal,329,61.34,1155.0,0,18.64437689969605,0
615192,2026-01,Coal,Ministry of Coal,310,48.32,59.0,0,15.587096774193549,0
615193,2026-01,Coal,Ministry of Coal,479,275.1,-2498.0,1,57.432150313152405,0
615194,2026-01,Coal,Ministry of Coal,207,27.19,1885.0,0,13.135265700483092,0
615195,2026-01,Coal,Ministry of Coal,166,5.13,790.0,0,3.0903614457831323,0
615199,2026-01,Coal,Ministry of Coal,199,18.17,424.0,0,9.13065326633166,0
615202,2026-01,Metals & Mining,Ministry of Steel,1700,170.13,1065.0,0,10.00764705882353,0
615206,2026-01,Coal,Ministry of Coal,414,18.05,59.0,0,4.359903381642512,0
615327,2026-01,Electricity Generation,Ministry of Coal,218,166.55,-306.0,1,76.39908256880734,0
615330,2026-01,Coal,Ministry of Coal,361,0.02,1155.0,0,0.0055401662049861505,0
615331,2026-01,Coal,Ministry of Coal,497,0.08,1520.0,0,0.01609657947686117,0
615332,2026-01,Transmission & Distribution,Ministry of Power,3279,1393.24,203.0,0,42.489783470570295,1
615333,2026-01,Transmission & Distribution,Ministry of Power,2227,913.07,202.0,0,41.0,1
615334,2026-01,Transmission & Distribution,Ministry of Power,3251,1560.48,199.0,0,48.0,1
615335,2026-01,Transmission & Distribution,Ministry of Power,1382,332.92,210.0,0,24.089725036179452,1
615337,2026-01,Transmission & Distribution,Ministry of Power,369,136.6,27.0,0,37.018970189701896,1
615338,2026-01,Transmission & Distribution,Ministry of Power,2735,803.26,279.0,0,29.36965265082267,0
615339,2026-01,Transmission & Distribution,Ministry of Power,5969,1049.35,284.0,0,17.579996649355,1
615340,2026-01,Transmission & Distribution,Ministry of Power,5357,878.54,284.0,0,16.399850662684337,1
615342,2026-01,Transmission & Distribution,Ministry of Power,329,14.8,164.0,0,4.498480243161095,1
615343,2026-01,Transmission & Distribution,Ministry of Power,501,8.11,279.0,0,1.6187624750499001,0
615344,2026-01,Transmission & Distribution,Ministry of Power,3674,1253.56,256.0,0,34.119760479041915,1
615345,2026-01,Transmission & Distribution,Ministry of Power,4766,1121.91,256.0,0,23.539865715484684,1
615346,2026-01,Transmission & Distribution,Ministry of Power,2708,1137.36,199.0,0,42.0,1
615347,2026-01,Transmission & Distribution,Ministry of Power,24819,1985.98,1203.0,0,8.001853418751763,0
615349,2026-01,Coal,Ministry of Coal,230,22.02,790.0,0,9.57391304347826,0
615818,2026-01,Coal,Ministry of Coal,298,47.06,-306.0,1,15.791946308724834,0
615820,2026-01,Coal,Ministry of Coal,160,81.47,1980.0,0,50.91875,0
615821,2026-01,Coal,Ministry of Coal,289,105.61,1761.0,0,36.543252595155714,0
615822,2026-01,Coal,Ministry of Coal,223,140.58,790.0,0,63.040358744394624,0
615843,2026-01,Coal,Ministry of Coal,244,49.54,-306.0,1,20.30327868852459,0
615857,2026-01,Coal,Ministry of Coal,494,491.33,59.0,0,99.45951417004049,0
615858,2026-01,Coal,Ministry of Coal,384,285.2,59.0,0,74.27083333333333,0
615860,2026-01,Coal,Ministry of Coal,607,197.28,-306.0,1,32.500823723229,0
615861,2026-01,Coal,Ministry of Coal,425,405.17,-306.0,1,95.33411764705882,0
615862,2026-01,Coal,Ministry of Coal,346,99.09,59.0,0,28.638728323699425,0
615863,2026-01,Coal,Ministry of Coal,484,477.14,59.0,0,98.58264462809917,0
615865,2026-01,Coal,Ministry of Coal,442,231.61,-306.0,1,52.40045248868779,0
615914,2026-01,Coal,Ministry of Coal,185,14.88,1155.0,0,8.043243243243243,0
615916,2026-01,Coal,Ministry of Coal,1225,81.05,1520.0,0,6.616326530612245,0
615917,2026-01,Coal,Ministry of Coal,973,1.04,1520.0,0,0.10688591983556012,0
615918,2026-01,Coal,Ministry of Coal,405,15.55,790.0,0,3.839506172839506,0
615919,2026-01,Coal,Ministry of Coal,1025,175.75,1155.0,0,17.146341463414636,0
615982,2026-01,Coal,Ministry of Coal,320,188.33,-1402.0,1,58.853125000000006,0
616044,2026-01,Coal,Ministry of Coal,237,165.99,-1767.0,1,70.03797468354432,0
616050,2026-01,Coal,Ministry of Coal,236,132.1,-671.0,1,55.974576271186436,0
616223,2026-01,Coal,Ministry of Coal,316,208.69,-671.0,1,66.04113924050633,0
616225,2026-01,Coal,Ministry of Coal,979,,4077.0,0,,0
616226,2026-01,Coal,Ministry of Coal,3564,608.8,2616.0,0,17.081930415263745,0
616227,2026-01,Railways,Ministry of Railways,1932,1.74,1338.0,0,0.09006211180124223,0
616229,2026-01,Coal,Ministry of Coal,669,1.17,1155.0,0,0.1748878923766816,0
616230,2026-01,Coal,Ministry of Coal,1194,10.9,4077.0,0,0.9128978224455612,0
616231,2026-01,Coal,Ministry of Coal,5366,472.93,2616.0,0,8.81345508758852,0
616232,2026-01,Coal,Ministry of Coal,1562,275.56,1155.0,0,17.641485275288094,0
616233,2026-01,Coal,Ministry of Coal,978,214.56,1520.0,0,21.938650306748468,0
616234,2026-01,Coal,Ministry of Coal,1725,15.91,2616.0,0,0.9223188405797101,0
616235,2026-01,Energy Storage,Ministry of Petroleum & Natural Gas,240,146.17,59.0,0,60.90416666666666,0
616236,2026-01,Coal,Ministry of Coal,414,85.6,1155.0,0,20.67632850241546,0
616253,2026-01,Coal,Ministry of Coal,5851,20.32,1155.0,0,0.347291061357033,0
616254,2026-01,Oil & Gas,Ministry of Petroleum & Natural Gas,2212,159.29,587.0,0,7.2011754068716085,0
616586,2026-01,Railways,Ministry of Railways,2269,4.41,1430.0,0,0.19435874834728958,0
616587,2026-01,Railways,Ministry of Railways,1876,1.93,1430.0,0,0.10287846481876331,0
616588,2026-01,Railways,Ministry of Railways,1459,5.28,1430.0,0,0.3618917066483893,0
616594,2026-01,Waste & Water,"Department of Water Resources, River Development & GR",842,208.64,-276.0,1,24.779097387173397,0
616600,2026-01,Waste & Water,"Department of Water Resources, River Development & GR",413,126.67,-359.0,1,30.670702179176757,0
616604,2026-01,Waste & Water,"Department of Water Resources, River Development & GR",155,96.17,-307.0,1,62.04516129032258,0
616605,2026-01,Waste & Water,"Department of Water Resources, River Development & GR",691,34.79,-396.0,1,5.034732272069464,0
616611,2026-01,Waste & Water,"Department of Water Resources, River Development & GR",824,396.71,-32.0,1,48.144417475728154,1
616612,2026-01,Waste & Water,"Department of Water Resources, River Development & GR",579,171.79,-32.0,1,29.670120898100173,0
616615,2026-01,Waste & Water,"Department of Water Resources, River Development & GR",230,261.82,-276.0,1,113.83478260869563,0
616616,2026-01,Waste & Water,"Department of Water Resources, River Development & GR",305,346.46,-215.0,1,113.59344262295082,0
616670,2026-01,Transmission & Distribution,Ministry of Power,5846,893.85,333.0,0,15.289941840574754,1
616671,2026-01,Transmission & Distribution,Ministry of Power,548,111.13,334.0,0,20.27919708029197,1
616672,2026-01,Transmission & Distribution,Ministry of Power,1354,89.77,486.0,0,6.629985228951256,0
616691,2026-01,Healthcare,Ministry of Labour and Employment,260,210.12,-169.0,1,80.81538461538462,0
616694,2026-01,Railways,Ministry of Railways,201,30.0,912.0,0,14.925373134328357,0
616695,2026-01,Railways,Ministry of Railways,300,0.1,1034.0,0,0.03333333333333334,0
616697,2026-01,Railways,Ministry of Railways,154,41.38,150.0,0,26.870129870129873,0
616699,2026-01,Railways,Ministry of Railways,12334,509.75,790.0,0,4.132884708934652,0
616701,2026-01,Railways,Ministry of Railways,2124,57.66,759.0,0,2.714689265536723,0
616841,2026-01,Railways,Ministry of Railways,800,75.78,334.0,0,9.4725,0
616842,2026-01,Railways,Ministry of Railways,3086,536.39,546.0,0,17.38139987038237,0
616843,2026-01,Railways,Ministry of Railways,1635,211.26,515.0,0,12.921100917431191,0
616856,2026-01,Railways,Ministry of Railways,770,48.55,1168.0,0,6.305194805194805,0
616857,2026-01,Railways,Ministry of Railways,1596,46.1,1155.0,0,2.8884711779448624,0
616858,2026-01,Oil & Gas,Ministry of Petroleum & Natural Gas,431,340.1,-671.0,1,78.90951276102088,1
616879,2026-01,Oil & Gas,Ministry of Petroleum & Natural Gas,364,49.39,350.0,0,13.56868131868132,0
616886,2026-01,Education,Department of Higher Education,373,27.63,273.0,0,7.407506702412868,0
616933,2026-01,Oil & Gas,Ministry of Petroleum & Natural Gas,4679,236.11,775.0,0,5.046163710194486,0
616950,2026-01,Oil & Gas,Ministry of Petroleum & Natural Gas,1486,394.85,28.0,0,26.571332436069987,1
617068,2026-01,Transmission & Distribution,Ministry of Power,288,8.0,515.0,0,2.7777777777777777,0
617069,2026-01,Transmission & Distribution,Ministry of Power,466,27.96,382.0,0,6.000000000000001,0
617179,2026-01,Transmission & Distribution,Ministry of Power,219,2.71,164.0,0,1.2374429223744292,1
617181,2026-01,Transmission & Distribution,Ministry of Power,404,21.04,323.0,0,5.207920792079208,1
617182,2026-01,Transmission & Distribution,Ministry of Power,172,25.8,416.0,0,15.0,0
617183,2026-01,Transmission & Distribution,Ministry of Power,2886,197.4,699.0,0,6.839916839916841,0
617184,2026-01,Transmission & Distribution,Ministry of Power,3453,75.96,597.0,0,2.1998262380538662,0
617185,2026-01,Transmission & Distribution,Ministry of Power,5550,787.0,416.0,0,14.18018018018018,1
617186,2026-01,Transmission & Distribution,Ministry of Power,5028,483.69,416.0,0,9.619928400954654,1
617188,2026-01,Electricity Generation,Ministry of Power,9791,1069.05,1338.0,0,10.918700847717291,0
617200,2026-01,Railways,Ministry of Railways,7854,,1885.0,0,,0
617201,2026-01,Railways,Ministry of Railways,4373,0.51,1885.0,0,0.011662474273953807,0
617206,2026-01,Urban Public Transport,Ministry of Housing & Urban Affairs,6231,72.51,1067.0,0,1.1636976408281174,0
617207,2026-01,Urban Public Transport,Ministry of Housing & Urban Affairs,8400,67.42,1151.0,0,0.8026190476190477,0
617210,2026-01,Railways,Ministry of Railways,1216,0.13,1155.0,0,0.01069078947368421,0
617211,2026-01,Railways,Ministry of Railways,2853,110.45,1155.0,0,3.8713634770417107,0
617212,2026-01,Railways,Ministry of Railways,4686,1109.51,1155.0,0,23.677123346137428,0
617213,2026-01,Railways,Ministry of Railways,2464,,1368.0,0,,0
617214,2026-01,Railways,Ministry of Railways,2047,34.78,424.0,0,1.6990718124084025,0
617215,2026-01,Railways,Ministry of Railways,770,62.46,790.0,0,8.111688311688312,0
617216,2026-01,Railways,Ministry of Railways,877,98.51,424.0,0,11.232611174458382,0
617221,2026-01,Education,Department of Higher Education,211,39.12,610.0,0,18.54028436018957,0
617224,2026-01,Railways,Ministry of Railways,1120,318.9,698.0,0,28.47321428571428,0
617225,2026-01,Urban Public Transport,Ministry of Housing & Urban Affairs,910,218.14,365.0,0,23.97142857142857,0
617226,2026-01,Urban Public Transport,Ministry of Housing & Urban Affairs,2955,26.99,1128.0,0,0.9133671742808799,0
617231,2026-01,Railways,Ministry of Railways,612,,881.0,0,,0
617233,2026-01,Coal,Ministry of Coal,379,,1520.0,0,,0
617242,2026-01,Steel,Ministry of Steel,2115,323.48,515.0,0,15.294562647754137,0
617243,2026-01,Steel,Ministry of Steel,199,53.11,179.0,0,26.688442211055275,0
617245,2026-01,Railways,Ministry of Railways,943,476.45,212.0,0,50.524920466595965,0
617246,2026-01,Steel,Ministry of Steel,758,143.53,127.0,0,18.935356200527707,1
617248,2026-01,Steel,Ministry of Steel,228,57.21,167.0,0,25.092105263157894,0
617249,2026-01,Steel,Ministry of Steel,212,23.4,361.0,0,11.037735849056602,0
617250,2026-01,Steel,Ministry of Steel,207,22.94,267.0,0,11.082125603864736,0
617251,2026-01,Steel,Ministry of Steel,196,31.28,116.0,0,15.959183673469388,0
617252,2026-01,Railways,Ministry of Railways,958,459.99,780.0,0,48.01565762004176,0
617253,2026-01,Steel,Ministry of Steel,514,381.45,-212.0,1,74.21206225680935,0
617254,2026-01,Steel,Ministry of Steel,260,65.74,149.0,0,25.284615384615382,1
617255,2026-01,Steel,Ministry of Steel,472,198.89,134.0,0,42.13771186440678,0
617256,2026-01,Steel,Ministry of Steel,884,568.32,-92.0,1,64.28959276018101,0
617257,2026-01,Steel,Ministry of Steel,627,212.54,288.0,0,33.89792663476874,0
617269,2026-01,Transmission & Distribution,Ministry of Power,213,2.13,129.0,0,1.0,0
617270,2026-01,Transmission & Distribution,Ministry of Power,409,2.04,113.0,0,0.49877750611246946,1
617271,2026-01,Transmission & Distribution,Ministry of Power,343,41.22,29.0,0,12.017492711370261,1
617272,2026-01,Transmission & Distribution,Ministry of Power,370,24.05,309.0,0,6.5,0
617278,2026-01,Coal,Ministry of Coal,630,,1520.0,0,,0
617279,2026-01,Transmission & Distribution,Ministry of Power,558,38.66,672.0,0,6.92831541218638,0
617280,2026-01,Construction,Ministry of Mines,255,94.91,212.0,0,37.219607843137254,0
617284,2026-01,Railways,Ministry of Railways,1424,82.29,790.0,0,5.778792134831461,0
617287,2026-01,Coal,Ministry of Coal,4517,785.12,1520.0,0,17.381447863626303,0
617288,2026-01,Coal,Ministry of Coal,383,113.03,1155.0,0,29.511749347258487,0
617299,2026-01,Electricity Generation,Ministry of Coal,384,323.92,-215.0,1,84.35416666666667,0
617302,2026-01,Oil & Gas,Ministry of Petroleum & Natural Gas,1740,2351.6,-1857.0,1,135.1494252873563,1
617304,2026-01,Oil & Gas,Ministry of Petroleum & Natural Gas,340,133.9,394.0,0,39.38235294117647,0
617326,2026-01,Transmission & Distribution,Ministry of Power,1842,1648.05,59.0,0,89.47068403908794,0
617327,2026-01,Urban Public Transport,Ministry of Housing & Urban Affairs,12200,9.23,1338.0,0,0.07565573770491803,0
617333,2026-01,Railways,Ministry of Railways,200,1.05,393.0,0,0.525,0
617338,2026-01,Steel,Ministry of Steel,2518,233.38,901.0,0,9.268467037331215,0
617345,2026-01,Railways,Ministry of Railways,227,33.94,264.0,0,14.951541850220263,0
617361,2026-01,Railways,Ministry of Railways,363,0.48,790.0,0,0.13223140495867766,0
617364,2026-01,Railways,Ministry of Railways,338,11.44,907.0,0,3.3846153846153846,0
617370,2026-01,Railways,Ministry of Railways,181,4.0,364.0,0,2.209944751381215,0
617372,2026-01,Railways,Ministry of Railways,349,118.77,-31.0,1,34.03151862464183,0
617374,2026-01,Railways,Ministry of Railways,1516,2084.72,-306.0,1,137.5145118733509,0
617375,2026-01,Transmission & Distribution,Ministry of Power,209,0.41,733.0,0,0.19617224880382772,0
617379,2026-01,Railways,Ministry of Railways,446,524.63,-2132.0,1,117.63004484304933,0
617390,2026-01,Railways,Ministry of Railways,1282,128.01,790.0,0,9.985179407176286,0
617391,2026-01,Transmission & Distribution,Ministry of Power,488,2.44,296.0,0,0.5,1
617403,2026-01,Railways,Ministry of Railways,469,137.46,150.0,0,29.3091684434968,0
617404,2026-01,Railways,Ministry of Railways,189,,790.0,0,,0
617405,2026-01,Transmission & Distribution,Ministry of Power,4000,268.0,256.0,0,6.7,0
617406,2026-01,Railways,Ministry of Railways,2417,7.03,790.0,0,0.29085643359536617,0
617408,2026-01,Railways,Ministry of Railways,166,96.97,424.0,0,58.41566265060241,0
617409,2026-01,Railways,Ministry of Railways,521,449.23,334.0,0,86.22456813819578,0
617412,2026-01,Construction,Ministry of Housing & Urban Affairs,644,127.46,604.0,0,19.79192546583851,0
617413,2026-01,Telecommunication,Department of Telecommunications,1885,376.8,-268.0,1,19.9893899204244,0
617416,2026-01,Coal,Ministry of Coal,5940,29.81,1065.0,0,0.5018518518518519,0
617422,2026-01,Water Resources,"Department of Water Resources, River Development & GR",1924,1770.13,546.0,0,92.00259875259876,0
617730,2026-01,Electricity Generation,Ministry of Coal,3336,1378.51,150.0,0,41.32224220623501,0
617801,2026-01,Transmission & Distribution,Ministry of Power,582,2.91,321.0,0,0.5,1
617802,2026-01,Transmission & Distribution,Ministry of Power,319,7.36,789.0,0,2.3072100313479624,0
617803,2026-01,Transmission & Distribution,Ministry of Power,379,14.81,601.0,0,3.9076517150395778,0
617804,2026-01,Shipping,"Ministry of Ports, Shipping and Waterways",153,38.31,424.0,0,25.039215686274513,0
617806,2026-01,Transmission & Distribution,Ministry of Power,4536,401.57,423.0,0,8.852954144620812,0
617807,2026-01,Transmission & Distribution,Ministry of Power,2368,19.41,623.0,0,0.8196790540540541,0
617808,2026-01,Transmission & Distribution,Ministry of Power,1007,10.07,624.0,0,1.0,0
617818,2026-01,Oil & Gas,Ministry of Petroleum & Natural Gas,515,20.65,1488.0,0,4.009708737864077,1
617819,2026-01,Oil & Gas,Ministry of Petroleum & Natural Gas,557,8.87,1593.0,0,1.5924596050269297,0
617822,2026-01,Oil & Gas,Ministry of Petroleum & Natural Gas,215,38.16,601.0,0,17.748837209302323,0
617827,2026-01,Oil & Gas,Ministry of Petroleum & Natural Gas,680,2.93,1416.0,0,0.4308823529411765,0
617828,2026-01,Oil & Gas,Ministry of Petroleum & Natural Gas,267,1.77,1153.0,0,0.6629213483146068,1
617829,2026-01,Energy Storage,Ministry of Petroleum & Natural Gas,226,16.57,983.0,0,7.331858407079646,0
617830,2026-01,Oil & Gas,Ministry of Petroleum & Natural Gas,1792,448.0,349.0,0,25.0,0
617832,2026-01,Railways,Ministry of Railways,2887,,1430.0,0,,0
617836,2026-01,Oil & Gas,Ministry of Petroleum & Natural Gas,635,171.47,-31.0,1,27.003149606299214,0
617837,2026-01,Oil & Gas,Ministry of Petroleum & Natural Gas,484,297.05,-31.0,1,61.37396694214876,0
617838,2026-01,Oil & Gas,Ministry of Petroleum & Natural Gas,1130,212.67,943.0,0,18.820353982300883,0
617839,2026-01,Energy Storage,Ministry of Petroleum & Natural Gas,357,92.3,181.0,0,25.854341736694675,0
617877,2026-01,Education,Department of Higher Education,1189,,1004.0,0,,0
617878,2026-01,Education,Department of Higher Education,1527,9.8,1004.0,0,0.641781270464964,0
617882,2026-01,Healthcare,Ministry of Health & Family Welfare,358,,222.0,0,,0
617883,2026-01,Healthcare,Ministry of Health & Family Welfare,4441,24.68,487.0,0,0.5557306912857465,0
617885,2026-01,Roads & Highways,Ministry of Road Transport & Highways,303,182.58,-905.0,1,60.25742574257427,1
617886,2026-01,Roads & Highways,Ministry of Road Transport & Highways,252,,137.0,0,,1
617887,2026-01,Roads & Highways,Ministry of Road Transport & Highways,379,179.08,-841.0,1,47.25065963060686,0
617890,2026-01,Roads & Highways,Ministry of Road Transport & Highways,221,,699.0,0,,0
617891,2026-01,Roads & Highways,Ministry of Road Transport & Highways,186,66.7,-536.0,1,35.86021505376345,0
617892,2026-01,Roads & Highways,Ministry of Road Transport & Highways,451,303.39,-805.0,1,67.27050997782705,1
617893,2026-01,Roads & Highways,Ministry of Road Transport & Highways,305,,835.0,0,,0
617895,2026-01,Roads & Highways,Ministry of Road Transport & Highways,535,104.57,-278.0,1,19.545794392523362,1
617896,2026-01,Roads & Highways,Ministry of Road Transport & Highways,421,,266.0,0,,0
617897,2026-01,Roads & Highways,Ministry of Road Transport & Highways,295,33.07,-206.0,1,11.210169491525424,1
617899,2026-01,Roads & Highways,Ministry of Road Transport & Highways,636,47.79,6.0,0,7.514150943396227,1
617900,2026-01,Roads & Highways,Ministry of Road Transport & Highways,150,12.2,-517.0,1,8.133333333333333,0
617901,2026-01,Roads & Highways,Ministry of Road Transport & Highways,195,48.47,-416.0,1,24.856410256410257,1
617904,2026-01,Roads & Highways,Ministry of Road Transport & Highways,239,6.09,-98.0,1,2.5481171548117154,1
617905,2026-01,Roads & Highways,Ministry of Road Transport & Highways,324,65.83,-268.0,1,20.317901234567902,1
617906,2026-01,Roads & Highways,Ministry of Road Transport & Highways,247,,358.0,0,,0
617907,2026-01,Roads & Highways,Ministry of Road Transport & Highways,436,207.05,-494.0,1,47.48853211009175,1
617911,2026-01,Roads & Highways,Ministry of Road Transport & Highways,512,,-3106.0,1,,1
617912,2026-01,Roads & Highways,Ministry of Road Transport & Highways,620,,610.0,0,,0
617913,2026-01,Roads & Highways,Ministry of Road Transport & Highways,283,252.28,-2093.0,1,89.14487632508835,1
617914,2026-01,Roads & Highways,Ministry of Road Transport & Highways,241,,-51.0,1,,1
617915,2026-01,Roads & Highways,Ministry of Road Transport & Highways,329,,-135.0,1,,1
617916,2026-01,Roads & Highways,Ministry of Road Transport & Highways,1295,,745.0,0,,0
617917,2026-01,Roads & Highways,Ministry of Road Transport & Highways,479,,-701.0,1,,0
617919,2026-01,Roads & Highways,Ministry of Road Transport & Highways,349,,-1830.0,1,,1
617921,2026-01,Roads & Highways,Ministry of Road Transport & Highways,500,99.63,-241.0,1,19.926,1
617923,2026-01,Roads & Highways,Ministry of Road Transport & Highways,156,2.65,470.0,0,1.6987179487179487,0
617924,2026-01,Roads & Highways,Ministry of Road Transport & Highways,300,78.14,-276.0,1,26.046666666666667,1
617925,2026-01,Roads & Highways,Ministry of Road Transport & Highways,157,33.61,-455.0,1,21.40764331210191,1
617926,2026-01,Roads & Highways,Ministry of Road Transport & Highways,398,,565.0,0,,1
617927,2026-01,Roads & Highways,Ministry of Road Transport & Highways,699,,211.0,0,,1
617928,2026-01,Roads & Highways,Ministry of Road Transport & Highways,151,,42.0,0,,1
617929,2026-01,Roads & Highways,Ministry of Road Transport & Highways,247,,-2096.0,1,,1
617930,2026-01,Roads & Highways,Ministry of Road Transport & Highways,197,30.46,-51.0,1,15.461928934010153,1
617932,2026-01,Roads & Highways,Ministry of Road Transport & Highways,497,,-473.0,1,,1
617933,2026-01,Roads & Highways,Ministry of Road Transport & Highways,984,,212.0,0,,0
617934,2026-01,Roads & Highways,Ministry of Road Transport & Highways,407,,-2338.0,1,,1
617935,2026-01,Roads & Highways,Ministry of Road Transport & Highways,298,141.25,-606.0,1,47.399328859060404,1
617936,2026-01,Roads & Highways,Ministry of Road Transport & Highways,254,,-2501.0,1,,0
617938,2026-01,Roads & Highways,Ministry of Road Transport & Highways,574,0.04,412.0,0,0.006968641114982578,1
617940,2026-01,Roads & Highways,Ministry of Road Transport & Highways,545,258.75,-558.0,1,47.477064220183486,1
617942,2026-01,Roads & Highways,Ministry of Road Transport & Highways,641,,74.0,0,,1
617944,2026-01,Roads & Highways,Ministry of Road Transport & Highways,680,,-1753.0,1,,0
617945,2026-01,Roads & Highways,Ministry of Road Transport & Highways,354,,432.0,0,,0
617946,2026-01,Roads & Highways,Ministry of Road Transport & Highways,1143,,-2190.0,1,,1
617947,2026-01,Roads & Highways,Ministry of Road Transport & Highways,1007,,-2271.0,1,,1
617948,2026-01,Roads & Highways,Ministry of Road Transport & Highways,1118,171.12,-2272.0,1,15.305903398926654,1
617949,2026-01,Roads & Highways,Ministry of Road Transport & Highways,160,32.57,40.0,0,20.35625,1
617950,2026-01,Roads & Highways,Ministry of Road Transport & Highways,204,,345.0,0,,0
617954,2026-01,Roads & Highways,Ministry of Road Transport & Highways,398,179.01,-342.0,1,44.97738693467336,1
617955,2026-01,Roads & Highways,Ministry of Road Transport & Highways,719,260.03,-311.0,1,36.16550764951321,1
617957,2026-01,Roads & Highways,Ministry of Road Transport & Highways,274,,-138.0,1,,0
617958,2026-01,Roads & Highways,Ministry of Road Transport & Highways,566,221.6,-454.0,1,39.15194346289753,1
617959,2026-01,Roads & Highways,Ministry of Road Transport & Highways,478,311.39,-365.0,1,65.14435146443515,0
617960,2026-01,Roads & Highways,Ministry of Road Transport & Highways,271,7.4,-2648.0,1,2.730627306273063,1
617961,2026-01,Roads & Highways,Ministry of Road Transport & Highways,1409,,-2278.0,1,,1
617962,2026-01,Roads & Highways,Ministry of Road Transport & Highways,239,85.64,204.0,0,35.8326359832636,0
617963,2026-01,Roads & Highways,Ministry of Road Transport & Highways,296,,341.0,0,,1
617964,2026-01,Roads & Highways,Ministry of Road Transport & Highways,310,24.81,283.0,0,8.003225806451612,0
617965,2026-01,Roads & Highways,Ministry of Road Transport & Highways,195,,-567.0,1,,1
617966,2026-01,Roads & Highways,Ministry of Road Transport & Highways,781,,-2313.0,1,,1
617968,2026-01,Roads & Highways,Ministry of Road Transport & Highways,419,178.35,-2176.0,1,42.565632458233885,1
617969,2026-01,Roads & Highways,Ministry of Road Transport & Highways,201,0.01,169.0,0,0.004975124378109453,0
617970,2026-01,Roads & Highways,Ministry of Road Transport & Highways,282,156.65,-2419.0,1,55.54964539007092,1
617971,2026-01,Roads & Highways,Ministry of Road Transport & Highways,322,1.1,409.0,0,0.34161490683229817,0
617973,2026-01,Roads & Highways,Ministry of Road Transport & Highways,189,1.06,-1894.0,1,0.5608465608465608,1
617974,2026-01,Roads & Highways,Ministry of Road Transport & Highways,345,,792.0,0,,0
617975,2026-01,Roads & Highways,Ministry of Road Transport & Highways,238,50.38,-2256.0,1,21.16806722689076,1
617976,2026-01,Roads & Highways,Ministry of Road Transport & Highways,530,28.67,138.0,0,5.409433962264151,0
617980,2026-01,Roads & Highways,Ministry of Road Transport & Highways,627,13.91,-2040.0,1,2.218500797448166,1
617982,2026-01,Roads & Highways,Ministry of Road Transport & Highways,230,,-2254.0,1,,0
617983,2026-01,Roads & Highways,Ministry of Road Transport & Highways,317,168.8,-564.0,1,53.24921135646689,1
617984,2026-01,Roads & Highways,Ministry of Road Transport & Highways,317,,-255.0,1,,1
617985,2026-01,Roads & Highways,Ministry of Road Transport & Highways,530,,-807.0,1,,1
617986,2026-01,Roads & Highways,Ministry of Road Transport & Highways,293,,320.0,0,,0
617987,2026-01,Roads & Highways,Ministry of Road Transport & Highways,692,,581.0,0,,0
617988,2026-01,Roads & Highways,Ministry of Road Transport & Highways,776,,545.0,0,,0
617989,2026-01,Roads & Highways,Ministry of Road Transport & Highways,157,92.25,-1547.0,1,58.75796178343949,1
617990,2026-01,Roads & Highways,Ministry of Road Transport & Highways,242,78.49,-88.0,1,32.43388429752066,0
617991,2026-01,Roads & Highways,Ministry of Road Transport & Highways,290,36.42,-2438.0,1,12.558620689655173,1
617992,2026-01,Roads & Highways,Ministry of Road Transport & Highways,323,43.78,-1976.0,1,13.554179566563468,1
617994,2026-01,Roads & Highways,Ministry of Road Transport & Highways,294,3.16,-2256.0,1,1.0748299319727892,1
617995,2026-01,Roads & Highways,Ministry of Road Transport & Highways,300,2.08,-2464.0,1,0.6933333333333334,1
617996,2026-01,Roads & Highways,Ministry of Road Transport & Highways,298,228.09,-2537.0,1,76.54026845637584,1
617998,2026-01,Roads & Highways,Ministry of Road Transport & Highways,178,94.59,-352.0,1,53.14044943820225,1
618000,2026-01,Roads & Highways,Ministry of Road Transport & Highways,170,60.21,-707.0,1,35.41764705882353,1
618001,2026-01,Roads & Highways,Ministry of Road Transport & Highways,217,154.05,-948.0,1,70.99078341013826,1
618002,2026-01,Roads & Highways,Ministry of Road Transport & Highways,193,99.65,-227.0,1,51.63212435233161,0
618003,2026-01,Roads & Highways,Ministry of Road Transport & Highways,154,22.32,-401.0,1,14.493506493506494,1
618004,2026-01,Roads & Highways,Ministry of Road Transport & Highways,180,,153.0,0,,1
618005,2026-01,Roads & Highways,Ministry of Road Transport & Highways,179,,-2830.0,1,,1
618006,2026-01,Roads & Highways,Ministry of Road Transport & Highways,370,,-2590.0,1,,1
618007,2026-01,Roads & Highways,Ministry of Road Transport & Highways,553,,-2638.0,1,,1
618008,2026-01,Roads & Highways,Ministry of Road Transport & Highways,185,158.8,-857.0,1,85.83783783783785,1
618009,2026-01,Roads & Highways,Ministry of Road Transport & Highways,320,,-1398.0,1,,1
618011,2026-01,Roads & Highways,Ministry of Road Transport & Highways,411,66.63,-630.0,1,16.21167883211679,0
618012,2026-01,Roads & Highways,Ministry of Road Transport & Highways,187,42.7,4.0,0,22.834224598930483,1
618019,2026-01,Roads & Highways,Ministry of Road Transport & Highways,365,,-257.0,1,,1
618020,2026-01,Roads & Highways,Ministry of Road Transport & Highways,386,160.38,-362.0,1,41.54922279792746,1
618021,2026-01,Roads & Highways,Ministry of Road Transport & Highways,426,,-214.0,1,,1
618022,2026-01,Roads & Highways,Ministry of Road Transport & Highways,173,17.42,-162.0,1,10.06936416184971,1
618023,2026-01,Roads & Highways,Ministry of Road Transport & Highways,153,,-291.0,1,,1
618024,2026-01,Roads & Highways,Ministry of Road Transport & Highways,263,,-291.0,1,,1
618025,2026-01,Roads & Highways,Ministry of Road Transport & Highways,193,,-2246.0,1,,1
618026,2026-01,Roads & Highways,Ministry of Road Transport & Highways,605,,-2284.0,1,,1
618029,2026-01,Roads & Highways,Ministry of Road Transport & Highways,351,195.06,-379.0,1,55.57264957264957,1
618030,2026-01,Roads & Highways,Ministry of Road Transport & Highways,264,3.58,-614.0,1,1.3560606060606062,1
618031,2026-01,Roads & Highways,Ministry of Road Transport & Highways,517,333.48,-32.0,1,64.50290135396519,1
618033,2026-01,Roads & Highways,Ministry of Road Transport & Highways,496,153.63,-420.0,1,30.973790322580648,1
618034,2026-01,Roads & Highways,Ministry of Road Transport & Highways,174,4.87,195.0,0,2.7988505747126435,0
618037,2026-01,Roads & Highways,Ministry of Road Transport & Highways,440,121.22,-639.0,1,27.55,1
618038,2026-01,Roads & Highways,Ministry of Road Transport & Highways,224,,710.0,0,,0
618039,2026-01,Roads & Highways,Ministry of Road Transport & Highways,347,,813.0,0,,0
618041,2026-01,Roads & Highways,Ministry of Road Transport & Highways,299,,697.0,0,,0
618042,2026-01,Roads & Highways,Ministry of Road Transport & Highways,164,,-275.0,1,,1
618045,2026-01,Roads & Highways,Ministry of Road Transport & Highways,179,71.77,-408.0,1,40.0949720670391,0
618046,2026-01,Roads & Highways,Ministry of Road Transport & Highways,213,,-494.0,1,,0
618050,2026-01,Roads & Highways,Ministry of Road Transport & Highways,346,146.64,-861.0,1,42.38150289017341,0
618052,2026-01,Roads & Highways,Ministry of Road Transport & Highways,809,,563.0,0,,0
618053,2026-01,Roads & Highways,Ministry of Road Transport & Highways,1020,,556.0,0,,0
618054,2026-01,Roads & Highways,Ministry of Road Transport & Highways,516,80.95,2.0,0,15.687984496124033,1
618055,2026-01,Roads & Highways,Ministry of Road Transport & Highways,225,,-215.0,1,,1
618056,2026-01,Roads & Highways,Ministry of Road Transport & Highways,510,84.14,-139.0,1,16.498039215686276,1
618057,2026-01,Roads & Highways,Ministry of Road Transport & Highways,189,,-253.0,1,,1
618059,2026-01,Roads & Highways,Ministry of Road Transport & Highways,328,,-170.0,1,,1
618060,2026-01,Roads & Highways,Ministry of Road Transport & Highways,315,129.49,-564.0,1,41.10793650793651,1
618061,2026-01,Roads & Highways,Ministry of Road Transport & Highways,386,24.63,239.0,0,6.380829015544041,0
618062,2026-01,Roads & Highways,Ministry of Road Transport & Highways,245,,-140.0,1,,1
618063,2026-01,Roads & Highways,Ministry of Road Transport & Highways,262,112.46,-500.0,1,42.9236641221374,1
618064,2026-01,Roads & Highways,Ministry of Road Transport & Highways,279,201.05,-616.0,1,72.06093189964157,0
618065,2026-01,Roads & Highways,Ministry of Road Transport & Highways,316,,-149.0,1,,1
618066,2026-01,Roads & Highways,Ministry of Road Transport & Highways,284,15.27,376.0,0,5.376760563380282,0
618067,2026-01,Roads & Highways,Ministry of Road Transport & Highways,1086,,647.0,0,,0
618068,2026-01,Roads & Highways,Ministry of Road Transport & Highways,158,,-117.0,1,,1
618069,2026-01,Roads & Highways,Ministry of Road Transport & Highways,335,,245.0,0,,0
618070,2026-01,Roads & Highways,Ministry of Road Transport & Highways,294,,-2354.0,1,,1
618071,2026-01,Roads & Highways,Ministry of Road Transport & Highways,385,,-619.0,1,,1
618072,2026-01,Roads & Highways,Ministry of Road Transport & Highways,297,128.97,-560.0,1,43.42424242424243,1
618073,2026-01,Roads & Highways,Ministry of Road Transport & Highways,226,,28.0,0,,1
618074,2026-01,Roads & Highways,Ministry of Road Transport & Highways,624,153.21,-446.0,1,24.552884615384617,1
618075,2026-01,Roads & Highways,Ministry of Road Transport & Highways,841,134.9,8.0,0,16.040428061831154,1
618076,2026-01,Roads & Highways,Ministry of Road Transport & Highways,504,,469.0,0,,0
618078,2026-01,Roads & Highways,Ministry of Road Transport & Highways,193,56.27,-860.0,1,29.155440414507773,1
618080,2026-01,Roads & Highways,Ministry of Road Transport & Highways,353,,54.0,0,,0
618081,2026-01,Roads & Highways,Ministry of Road Transport & Highways,438,,28.0,0,,1
618082,2026-01,Roads & Highways,Ministry of Road Transport & Highways,396,,-627.0,1,,1
618084,2026-01,Roads & Highways,Ministry of Road Transport & Highways,153,77.0,-907.0,1,50.326797385620914,1
618085,2026-01,Roads & Highways,Ministry of Road Transport & Highways,305,,-463.0,1,,1
618086,2026-01,Roads & Highways,Ministry of Road Transport & Highways,617,0.75,347.0,0,0.12155591572123178,0
618087,2026-01,Roads & Highways,Ministry of Road Transport & Highways,256,175.75,-563.0,1,68.65234375,1
618089,2026-01,Roads & Highways,Ministry of Road Transport & Highways,207,,-304.0,1,,1
618090,2026-01,Roads & Highways,Ministry of Road Transport & Highways,546,,-2410.0,1,,1
618092,2026-01,Roads & Highways,Ministry of Road Transport & Highways,607,437.05,246.0,0,72.001647446458,0
618093,2026-01,Roads & Highways,Ministry of Road Transport & Highways,838,55.04,-127.0,1,6.5680190930787585,0
618094,2026-01,Roads & Highways,Ministry of Road Transport & Highways,369,143.65,-2233.0,1,38.929539295392956,1
618097,2026-01,Roads & Highways,Ministry of Road Transport & Highways,407,,-2424.0,1,,1
618098,2026-01,Roads & Highways,Ministry of Road Transport & Highways,168,,-628.0,1,,1
618104,2026-01,Roads & Highways,Ministry of Road Transport & Highways,887,557.4,-204.0,1,62.84103720405862,1
618105,2026-01,Roads & Highways,Ministry of Road Transport & Highways,631,71.91,-115.0,1,11.39619651347068,1
618106,2026-01,Roads & Highways,Ministry of Road Transport & Highways,704,252.3,-378.0,1,35.83806818181819,1
618107,2026-01,Roads & Highways,Ministry of Road Transport & Highways,1155,0.91,868.0,0,0.0787878787878788,1
618108,2026-01,Roads & Highways,Ministry of Road Transport & Highways,237,,-56.0,1,,1
618109,2026-01,Roads & Highways,Ministry of Road Transport & Highways,356,170.76,-401.0,1,47.966292134831455,1
618110,2026-01,Roads & Highways,Ministry of Road Transport & Highways,307,125.88,-639.0,1,41.00325732899023,0
618111,2026-01,Roads & Highways,Ministry of Road Transport & Highways,403,,-235.0,1,,1
618112,2026-01,Roads & Highways,Ministry of Road Transport & Highways,912,,300.0,0,,0
618113,2026-01,Roads & Highways,Ministry of Road Transport & Highways,588,12.78,291.0,0,2.173469387755102,0
618116,2026-01,Roads & Highways,Ministry of Road Transport & Highways,1680,,726.0,0,,0
618118,2026-01,Roads & Highways,Ministry of Road Transport & Highways,174,63.51,-549.0,1,36.5,0
618120,2026-01,Roads & Highways,Ministry of Road Transport & Highways,1060,,712.0,0,,0
618121,2026-01,Roads & Highways,Ministry of Road Transport & Highways,427,176.32,-408.0,1,41.292740046838404,1
618123,2026-01,Roads & Highways,Ministry of Road Transport & Highways,423,4.11,-160.0,1,0.9716312056737589,0
618124,2026-01,Roads & Highways,Ministry of Road Transport & Highways,344,53.25,-156.0,1,15.479651162790697,1
618125,2026-01,Roads & Highways,Ministry of Road Transport & Highways,228,70.6,-2136.0,1,30.96491228070175,1
618127,2026-01,Roads & Highways,Ministry of Road Transport & Highways,256,,457.0,0,,0
618132,2026-01,Roads & Highways,Ministry of Road Transport & Highways,206,152.77,-2068.0,1,74.1601941747573,0
618133,2026-01,Roads & Highways,Ministry of Road Transport & Highways,281,,-610.0,1,,1
618134,2026-01,Roads & Highways,Ministry of Road Transport & Highways,459,,220.0,0,,0
618136,2026-01,Roads & Highways,Ministry of Road Transport & Highways,224,,-868.0,1,,1
618141,2026-01,Roads & Highways,Ministry of Road Transport & Highways,423,159.94,-409.0,1,37.810874704491724,1
618142,2026-01,Roads & Highways,Ministry of Road Transport & Highways,245,,-2460.0,1,,1
618143,2026-01,Roads & Highways,Ministry of Road Transport & Highways,197,,-2284.0,1,,0
618144,2026-01,Roads & Highways,Ministry of Road Transport & Highways,423,,-1148.0,1,,0
618145,2026-01,Roads & Highways,Ministry of Road Transport & Highways,568,289.47,-395.0,1,50.96302816901409,1
618146,2026-01,Roads & Highways,Ministry of Road Transport & Highways,495,,70.0,0,,1
618152,2026-01,Roads & Highways,Ministry of Road Transport & Highways,489,,-2376.0,1,,1
618153,2026-01,Roads & Highways,Ministry of Road Transport & Highways,653,,-2375.0,1,,1
618154,2026-01,Roads & Highways,Ministry of Road Transport & Highways,158,,-566.0,1,,1
618156,2026-01,Roads & Highways,Ministry of Road Transport & Highways,493,,244.0,0,,0
618159,2026-01,Roads & Highways,Ministry of Road Transport & Highways,382,19.45,421.0,0,5.091623036649215,0
618160,2026-01,Roads & Highways,Ministry of Road Transport & Highways,1019,,678.0,0,,0
618161,2026-01,Roads & Highways,Ministry of Road Transport & Highways,840,360.45,-31.0,1,42.910714285714285,1
618162,2026-01,Roads & Highways,Ministry of Road Transport & Highways,2009,,714.0,0,,0
618163,2026-01,Roads & Highways,Ministry of Road Transport & Highways,809,,-56.0,1,,1
618164,2026-01,Roads & Highways,Ministry of Road Transport & Highways,1142,,143.0,0,,0
618165,2026-01,Roads & Highways,Ministry of Road Transport & Highways,1157,,0.0,0,,1
618166,2026-01,Roads & Highways,Ministry of Road Transport & Highways,698,0.04,-94.0,1,0.005730659025787966,1
618167,2026-01,Roads & Highways,Ministry of Road Transport & Highways,265,,-885.0,1,,1
618168,2026-01,Roads & Highways,Ministry of Road Transport & Highways,918,116.91,-17.0,1,12.735294117647058,1
618169,2026-01,Roads & Highways,Ministry of Road Transport & Highways,640,227.12,-63.0,1,35.4875,1
618172,2026-01,Roads & Highways,Ministry of Road Transport & Highways,342,,-2435.0,1,,1
618173,2026-01,Roads & Highways,Ministry of Road Transport & Highways,382,,-2421.0,1,,1
618175,2026-01,Roads & Highways,Ministry of Road Transport & Highways,429,,-262.0,1,,1
618176,2026-01,Roads & Highways,Ministry of Road Transport & Highways,349,,701.0,0,,1
618177,2026-01,Roads & Highways,Ministry of Road Transport & Highways,227,,-2225.0,1,,1
618180,2026-01,Roads & Highways,Ministry of Road Transport & Highways,223,,-2224.0,1,,1
618181,2026-01,Roads & Highways,Ministry of Road Transport & Highways,154,,-185.0,1,,0
618184,2026-01,Roads & Highways,Ministry of Road Transport & Highways,314,,12.0,0,,1
618185,2026-01,Roads & Highways,Ministry of Road Transport & Highways,395,,553.0,0,,0
618186,2026-01,Roads & Highways,Ministry of Road Transport & Highways,549,280.02,-399.0,1,51.005464480874316,1
618187,2026-01,Roads & Highways,Ministry of Road Transport & Highways,947,,633.0,0,,0
618188,2026-01,Roads & Highways,Ministry of Road Transport & Highways,254,,-254.0,1,,1
618190,2026-01,Roads & Highways,Ministry of Road Transport & Highways,644,348.93,-321.0,1,54.18167701863354,1
618191,2026-01,Roads & Highways,Ministry of Road Transport & Highways,403,220.99,-370.0,1,54.836228287841195,1
618192,2026-01,Roads & Highways,Ministry of Road Transport & Highways,424,,-577.0,1,,1
618194,2026-01,Roads & Highways,Ministry of Road Transport & Highways,294,287.94,-2185.0,1,97.93877551020408,1
618196,2026-01,Roads & Highways,Ministry of Road Transport & Highways,579,,-406.0,1,,1
618197,2026-01,Roads & Highways,Ministry of Road Transport & Highways,882,347.42,-366.0,1,39.390022675736965,1
618198,2026-01,Roads & Highways,Ministry of Road Transport & Highways,389,,-758.0,1,,1
618199,2026-01,Roads & Highways,Ministry of Road Transport & Highways,723,,181.0,0,,0
618200,2026-01,Roads & Highways,Ministry of Road Transport & Highways,318,5.97,-292.0,1,1.8773584905660377,1
618202,2026-01,Roads & Highways,Ministry of Road Transport & Highways,992,,213.0,0,,0
618203,2026-01,Roads & Highways,Ministry of Road Transport & Highways,980,,181.0,0,,0
618204,2026-01,Roads & Highways,Ministry of Road Transport & Highways,426,74.44,-227.0,1,17.474178403755868,1
618205,2026-01,Roads & Highways,Ministry of Road Transport & Highways,823,242.07,-160.0,1,29.413122721749694,1
618212,2026-01,Roads & Highways,Ministry of Road Transport & Highways,197,,442.0,0,,0
618216,2026-01,Roads & Highways,Ministry of Road Transport & Highways,231,15.16,150.0,0,6.562770562770563,1
618217,2026-01,Roads & Highways,Ministry of Road Transport & Highways,315,76.97,100.0,0,24.434920634920633,1
618220,2026-01,Roads & Highways,Ministry of Road Transport & Highways,642,,-562.0,1,,1
618221,2026-01,Roads & Highways,Ministry of Road Transport & Highways,735,,180.0,0,,0
618222,2026-01,Roads & Highways,Ministry of Road Transport & Highways,562,127.43,-27.0,1,22.67437722419929,1
618223,2026-01,Roads & Highways,Ministry of Road Transport & Highways,153,66.69,-856.0,1,43.588235294117645,1
618224,2026-01,Roads & Highways,Ministry of Road Transport & Highways,797,419.4,-529.0,1,52.62233375156838,1
618225,2026-01,Roads & Highways,Ministry of Road Transport & Highways,395,136.9,-553.0,1,34.65822784810127,1
618226,2026-01,Roads & Highways,Ministry of Road Transport & Highways,272,156.36,-429.0,1,57.485294117647065,1
618227,2026-01,Roads & Highways,Ministry of Road Transport & Highways,995,435.36,-134.0,1,43.754773869346735,1
618228,2026-01,Roads & Highways,Ministry of Road Transport & Highways,2926,,-496.0,1,,1
618229,2026-01,Roads & Highways,Ministry of Road Transport & Highways,211,,-714.0,1,,0
618230,2026-01,Roads & Highways,Ministry of Road Transport & Highways,314,,-294.0,1,,1
618231,2026-01,Roads & Highways,Ministry of Road Transport & Highways,372,185.24,-407.0,1,49.795698924731184,1
618233,2026-01,Roads & Highways,Ministry of Road Transport & Highways,1948,,-716.0,1,,1
618234,2026-01,Roads & Highways,Ministry of Road Transport & Highways,1478,753.21,-604.0,1,50.96143437077132,1
618237,2026-01,Roads & Highways,Ministry of Road Transport & Highways,263,151.56,-2319.0,1,57.627376425855516,1
618238,2026-01,Roads & Highways,Ministry of Road Transport & Highways,351,233.92,-2764.0,1,66.64387464387464,1
618240,2026-01,Roads & Highways,Ministry of Road Transport & Highways,236,,-687.0,1,,1
618243,2026-01,Roads & Highways,Ministry of Road Transport & Highways,1139,,497.0,0,,0
618244,2026-01,Roads & Highways,Ministry of Road Transport & Highways,1274,,455.0,0,,0
618246,2026-01,Roads & Highways,Ministry of Road Transport & Highways,1110,,462.0,0,,0
618247,2026-01,Roads & Highways,Ministry of Road Transport & Highways,1709,,1082.0,0,,0
618248,2026-01,Roads & Highways,Ministry of Road Transport & Highways,1653,,714.0,0,,0
618249,2026-01,Roads & Highways,Ministry of Road Transport & Highways,1512,,422.0,0,,0
618250,2026-01,Roads & Highways,Ministry of Road Transport & Highways,3064,,640.0,0,,1
618251,2026-01,Roads & Highways,Ministry of Road Transport & Highways,1661,,764.0,0,,1
618252,2026-01,Roads & Highways,Ministry of Road Transport & Highways,974,0.46,458.0,0,0.04722792607802875,0
618254,2026-01,Roads & Highways,Ministry of Road Transport & Highways,244,2.14,158.0,0,0.8770491803278688,1
618255,2026-01,Roads & Highways,Ministry of Road Transport & Highways,361,77.68,-90.0,1,21.518005540166207,1
618256,2026-01,Roads & Highways,Ministry of Road Transport & Highways,311,172.01,-478.0,1,55.30868167202571,1
618257,2026-01,Roads & Highways,Ministry of Road Transport & Highways,349,221.52,-573.0,1,63.47277936962751,1
618258,2026-01,Roads & Highways,Ministry of Road Transport & Highways,297,237.52,-877.0,1,79.97306397306397,0
618259,2026-01,Roads & Highways,Ministry of Road Transport & Highways,223,122.52,-1038.0,1,54.94170403587444,0
618260,2026-01,Roads & Highways,Ministry of Road Transport & Highways,1348,,648.0,0,,1
618262,2026-01,Roads & Highways,Ministry of Road Transport & Highways,1735,,546.0,0,,0
618263,2026-01,Roads & Highways,Ministry of Road Transport & Highways,701,,181.0,0,,0
618264,2026-01,Roads & Highways,Ministry of Road Transport & Highways,2062,,850.0,0,,0
618265,2026-01,Roads & Highways,Ministry of Road Transport & Highways,172,,-553.0,1,,1
618266,2026-01,Roads & Highways,Ministry of Road Transport & Highways,325,,-434.0,1,,1
618282,2026-01,Roads & Highways,Ministry of Road Transport & Highways,1265,383.37,138.0,0,30.305928853754942,1
618283,2026-01,Roads & Highways,Ministry of Road Transport & Highways,1000,322.08,131.0,0,32.208,1
618284,2026-01,Roads & Highways,Ministry of Road Transport & Highways,1458,706.76,329.0,0,48.47462277091907,0
618285,2026-01,Roads & Highways,Ministry of Road Transport & Highways,287,178.97,-98.0,1,62.358885017421606,1
618286,2026-01,Roads & Highways,Ministry of Road Transport & Highways,747,384.62,-447.0,1,51.48862115127175,1
618287,2026-01,Roads & Highways,Ministry of Road Transport & Highways,1339,,488.0,0,,0
618288,2026-01,Roads & Highways,Ministry of Road Transport & Highways,1081,,550.0,0,,0
618289,2026-01,Roads & Highways,Ministry of Road Transport & Highways,225,204.19,-1132.0,1,90.7511111111111,1
618290,2026-01,Roads & Highways,Ministry of Road Transport & Highways,202,89.76,-1385.0,1,44.43564356435644,1
618291,2026-01,Roads & Highways,Ministry of Road Transport & Highways,160,74.36,-230.0,1,46.475,1
618292,2026-01,Roads & Highways,Ministry of Road Transport & Highways,277,172.09,-1204.0,1,62.12635379061372,1
618293,2026-01,Roads & Highways,Ministry of Road Transport & Highways,232,,281.0,0,,0
618294,2026-01,Roads & Highways,Ministry of Road Transport & Highways,801,20.95,603.0,0,2.6154806491885143,0
618295,2026-01,Roads & Highways,Ministry of Road Transport & Highways,706,,413.0,0,,0
618296,2026-01,Roads & Highways,Ministry of Road Transport & Highways,331,,-71.0,1,,1
618297,2026-01,Roads & Highways,Ministry of Road Transport & Highways,356,,-27.0,1,,1
618298,2026-01,Roads & Highways,Ministry of Road Transport & Highways,212,209.48,-1106.0,1,98.81132075471697,1
618300,2026-01,Roads & Highways,Ministry of Road Transport & Highways,379,272.79,-1384.0,1,71.97625329815304,1
618302,2026-01,Roads & Highways,Ministry of Road Transport & Highways,256,,-1311.0,1,,1
618303,2026-01,Roads & Highways,Ministry of Road Transport & Highways,223,,-1311.0,1,,1
618304,2026-01,Roads & Highways,Ministry of Road Transport & Highways,165,119.17,146.0,0,72.22424242424242,1
618305,2026-01,Roads & Highways,Ministry of Road Transport & Highways,555,187.19,310.0,0,33.72792792792792,0
618306,2026-01,Roads & Highways,Ministry of Road Transport & Highways,564,,424.0,0,,1
618308,2026-01,Roads & Highways,Ministry of Road Transport & Highways,676,,374.0,0,,0
618309,2026-01,Roads & Highways,Ministry of Road Transport & Highways,1320,,564.0,0,,0
618312,2026-01,Roads & Highways,Ministry of Road Transport & Highways,1258,,630.0,0,,0
618313,2026-01,Roads & Highways,Ministry of Road Transport & Highways,1182,,594.0,0,,0
618314,2026-01,Roads & Highways,Ministry of Road Transport & Highways,1716,848.23,195.0,0,49.430652680652685,0
618315,2026-01,Roads & Highways,Ministry of Road Transport & Highways,1257,,173.0,0,,0
618316,2026-01,Roads & Highways,Ministry of Road Transport & Highways,491,,341.0,0,,0
618317,2026-01,Roads & Highways,Ministry of Road Transport & Highways,562,,341.0,0,,0
618318,2026-01,Roads & Highways,Ministry of Road Transport & Highways,720,,522.0,0,,0
618319,2026-01,Roads & Highways,Ministry of Road Transport & Highways,596,,341.0,0,,0
618320,2026-01,Roads & Highways,Ministry of Road Transport & Highways,866,,1001.0,0,,0
618321,2026-01,Roads & Highways,Ministry of Road Transport & Highways,876,,1005.0,0,,0
618323,2026-01,Roads & Highways,Ministry of Road Transport & Highways,1313,,1036.0,0,,0
618324,2026-01,Roads & Highways,Ministry of Road Transport & Highways,721,,1014.0,0,,0
618325,2026-01,Roads & Highways,Ministry of Road Transport & Highways,204,,-560.0,1,,0
618326,2026-01,Roads & Highways,Ministry of Road Transport & Highways,517,,-63.0,1,,1
618327,2026-01,Roads & Highways,Ministry of Road Transport & Highways,626,,-568.0,1,,0
618328,2026-01,Roads & Highways,Ministry of Road Transport & Highways,563,,-125.0,1,,0
618329,2026-01,Roads & Highways,Ministry of Road Transport & Highways,819,,-1975.0,1,,0
618330,2026-01,Roads & Highways,Ministry of Road Transport & Highways,511,647.2,-1163.0,1,126.6536203522505,1
618331,2026-01,Roads & Highways,Ministry of Road Transport & Highways,958,126.21,714.0,0,13.174321503131523,0
618333,2026-01,Roads & Highways,Ministry of Road Transport & Highways,760,365.34,-34.0,1,48.071052631578944,1
618334,2026-01,Roads & Highways,Ministry of Road Transport & Highways,505,269.89,-359.0,1,53.44356435643564,1
618335,2026-01,Roads & Highways,Ministry of Road Transport & Highways,411,309.93,-629.0,1,75.40875912408758,1
618336,2026-01,Roads & Highways,Ministry of Road Transport & Highways,580,355.94,-764.0,1,61.36896551724138,1
618337,2026-01,Roads & Highways,Ministry of Road Transport & Highways,467,552.2,-1049.0,1,118.2441113490364,1
618338,2026-01,Roads & Highways,Ministry of Road Transport & Highways,195,,46.0,0,,1
618339,2026-01,Roads & Highways,Ministry of Road Transport & Highways,357,,309.0,0,,0
618340,2026-01,Roads & Highways,Ministry of Road Transport & Highways,459,,-259.0,1,,1
618341,2026-01,Roads & Highways,Ministry of Road Transport & Highways,524,394.29,-343.0,1,75.24618320610688,0
618342,2026-01,Roads & Highways,Ministry of Road Transport & Highways,207,,-1311.0,1,,0
618343,2026-01,Roads & Highways,Ministry of Road Transport & Highways,292,,-1311.0,1,,0
618344,2026-01,Roads & Highways,Ministry of Road Transport & Highways,673,480.59,-891.0,1,71.41010401188707,1
618345,2026-01,Roads & Highways,Ministry of Road Transport & Highways,366,168.23,-1276.0,1,45.96448087431694,1
618346,2026-01,Roads & Highways,Ministry of Road Transport & Highways,233,127.15,-1311.0,1,54.570815450643785,1
618347,2026-01,Roads & Highways,Ministry of Road Transport & Highways,242,138.96,-1311.0,1,57.421487603305785,1
618348,2026-01,Roads & Highways,Ministry of Road Transport & Highways,178,1.41,280.0,0,0.7921348314606742,0
618349,2026-01,Roads & Highways,Ministry of Road Transport & Highways,204,,210.0,0,,0
618350,2026-01,Roads & Highways,Ministry of Road Transport & Highways,921,,240.0,0,,1
618351,2026-01,Roads & Highways,Ministry of Road Transport & Highways,890,528.84,-155.0,1,59.42022471910112,1
618352,2026-01,Roads & Highways,Ministry of Road Transport & Highways,860,470.53,-155.0,1,54.71279069767442,1
618353,2026-01,Roads & Highways,Ministry of Road Transport & Highways,904,470.46,-155.0,1,52.04203539823009,1
618354,2026-01,Roads & Highways,Ministry of Road Transport & Highways,847,,32.0,0,,1
618355,2026-01,Roads & Highways,Ministry of Road Transport & Highways,484,351.99,-1052.0,1,72.72520661157024,1
618356,2026-01,Roads & Highways,Ministry of Road Transport & Highways,234,186.27,-1138.0,1,79.60256410256412,1
618357,2026-01,Roads & Highways,Ministry of Road Transport & Highways,478,330.1,-988.0,1,69.05857740585775,1
618358,2026-01,Roads & Highways,Ministry of Road Transport & Highways,311,223.12,-987.0,1,71.7427652733119,0
618359,2026-01,Roads & Highways,Ministry of Road Transport & Highways,665,,410.0,0,,0
618362,2026-01,Roads & Highways,Ministry of Road Transport & Highways,698,512.11,-1128.0,1,73.36819484240688,1
618363,2026-01,Roads & Highways,Ministry of Road Transport & Highways,741,381.94,-1118.0,1,51.5438596491228,1
618364,2026-01,Roads & Highways,Ministry of Road Transport & Highways,430,,23.0,0,,0
618365,2026-01,Roads & Highways,Ministry of Road Transport & Highways,497,,25.0,0,,0
618366,2026-01,Roads & Highways,Ministry of Road Transport & Highways,443,,23.0,0,,0
618367,2026-01,Roads & Highways,Ministry of Road Transport & Highways,727,169.64,323.0,0,23.334250343878953,0
618368,2026-01,Roads & Highways,Ministry of Road Transport & Highways,671,,214.0,0,,0
618369,2026-01,Roads & Highways,Ministry of Road Transport & Highways,657,,214.0,0,,0
618370,2026-01,Roads & Highways,Ministry of Road Transport & Highways,432,,167.0,0,,1
618371,2026-01,Roads & Highways,Ministry of Road Transport & Highways,614,172.31,298.0,0,28.06351791530945,0
618372,2026-01,Roads & Highways,Ministry of Road Transport & Highways,909,,-395.0,1,,1
618373,2026-01,Roads & Highways,Ministry of Road Transport & Highways,4997,2556.61,955.0,0,51.16289773864319,0
618374,2026-01,Roads & Highways,Ministry of Road Transport & Highways,284,,286.0,0,,0
618375,2026-01,Roads & Highways,Ministry of Road Transport & Highways,446,34.61,78.0,0,7.760089686098655,1
618376,2026-01,Roads & Highways,Ministry of Road Transport & Highways,526,,188.0,0,,1
618377,2026-01,Roads & Highways,Ministry of Road Transport & Highways,351,,-101.0,1,,1
618379,2026-01,Roads & Highways,Ministry of Road Transport & Highways,753,125.62,-1013.0,1,16.682602921646748,0
618380,2026-01,Roads & Highways,Ministry of Road Transport & Highways,867,159.47,-1013.0,1,18.393310265282583,1
618381,2026-01,Roads & Highways,Ministry of Road Transport & Highways,769,168.78,-960.0,1,21.947984395318596,1
618382,2026-01,Roads & Highways,Ministry of Road Transport & Highways,606,0.01,-670.0,1,0.00165016501650165,1
618383,2026-01,Roads & Highways,Ministry of Road Transport & Highways,637,101.89,-869.0,1,15.995290423861853,1
618384,2026-01,Roads & Highways,Ministry of Road Transport & Highways,899,191.59,-1013.0,1,21.311457174638488,1
618385,2026-01,Roads & Highways,Ministry of Road Transport & Highways,174,,-149.0,1,,1
618386,2026-01,Roads & Highways,Ministry of Road Transport & Highways,278,,-1479.0,1,,0
618387,2026-01,Roads & Highways,Ministry of Road Transport & Highways,579,234.11,29.0,0,40.43350604490501,1
618388,2026-01,Roads & Highways,Ministry of Road Transport & Highways,316,227.97,-376.0,1,72.14240506329114,1
618389,2026-01,Roads & Highways,Ministry of Road Transport & Highways,311,247.0,-703.0,1,79.42122186495176,1
618390,2026-01,Roads & Highways,Ministry of Road Transport & Highways,1384,658.7,-1303.0,1,47.593930635838156,1
618391,2026-01,Roads & Highways,Ministry of Road Transport & Highways,250,,-57.0,1,,1
618392,2026-01,Roads & Highways,Ministry of Road Transport & Highways,260,,128.0,0,,0
618393,2026-01,Roads & Highways,Ministry of Road Transport & Highways,217,94.73,-57.0,1,43.654377880184335,0
618394,2026-01,Roads & Highways,Ministry of Road Transport & Highways,228,159.56,-1401.0,1,69.98245614035088,1
618395,2026-01,Roads & Highways,Ministry of Road Transport & Highways,512,,-1072.0,1,,1
618396,2026-01,Roads & Highways,Ministry of Road Transport & Highways,486,,-1587.0,1,,0
618398,2026-01,Roads & Highways,Ministry of Road Transport & Highways,211,172.27,-1401.0,1,81.64454976303318,1
618399,2026-01,Roads & Highways,Ministry of Road Transport & Highways,860,,-892.0,1,,1
618400,2026-01,Roads & Highways,Ministry of Road Transport & Highways,399,97.53,-1127.0,1,24.44360902255639,1
618401,2026-01,Roads & Highways,Ministry of Road Transport & Highways,1419,,898.0,0,,0
618402,2026-01,Roads & Highways,Ministry of Road Transport & Highways,1262,171.26,759.0,0,13.570522979397781,1
618403,2026-01,Roads & Highways,Ministry of Road Transport & Highways,276,,364.0,0,,0
618405,2026-01,Roads & Highways,Ministry of Road Transport & Highways,898,,531.0,0,,0
618406,2026-01,Roads & Highways,Ministry of Road Transport & Highways,322,,-1665.0,1,,0
618407,2026-01,Roads & Highways,Ministry of Road Transport & Highways,245,68.85,-387.0,1,28.10204081632653,1
618408,2026-01,Roads & Highways,Ministry of Road Transport & Highways,398,266.0,-1125.0,1,66.83417085427136,1
618409,2026-01,Roads & Highways,Ministry of Road Transport & Highways,381,208.95,-1125.0,1,54.84251968503937,1
618410,2026-01,Roads & Highways,Ministry of Road Transport & Highways,405,287.3,-1125.0,1,70.93827160493828,0
618411,2026-01,Roads & Highways,Ministry of Road Transport & Highways,196,68.88,-430.0,1,35.14285714285714,1
618412,2026-01,Roads & Highways,Ministry of Road Transport & Highways,6809,3147.58,242.0,0,46.22675870171831,1
618413,2026-01,Roads & Highways,Ministry of Road Transport & Highways,178,,-239.0,1,,1
618414,2026-01,Roads & Highways,Ministry of Road Transport & Highways,259,47.41,-144.0,1,18.305019305019304,0
618415,2026-01,Roads & Highways,Ministry of Road Transport & Highways,188,,-1136.0,1,,1
618416,2026-01,Roads & Highways,Ministry of Road Transport & Highways,226,177.31,-1136.0,1,78.45575221238938,1
618417,2026-01,Roads & Highways,Ministry of Road Transport & Highways,2026,,402.0,0,,0
618418,2026-01,Roads & Highways,Ministry of Road Transport & Highways,360,171.55,-616.0,1,47.652777777777786,1
618419,2026-01,Roads & Highways,Ministry of Road Transport & Highways,562,57.57,213.0,0,10.243772241992882,1
618420,2026-01,Roads & Highways,Ministry of Road Transport & Highways,686,202.27,213.0,0,29.48542274052478,1
618421,2026-01,Roads & Highways,Ministry of Road Transport & Highways,620,167.31,213.0,0,26.98548387096774,1
618422,2026-01,Roads & Highways,Ministry of Road Transport & Highways,162,,-146.0,1,,1
618423,2026-01,Roads & Highways,Ministry of Road Transport & Highways,216,25.25,-163.0,1,11.689814814814815,1
618427,2026-01,Roads & Highways,Ministry of Road Transport & Highways,311,6.11,-1032.0,1,1.9646302250803862,1
618429,2026-01,Roads & Highways,Ministry of Road Transport & Highways,345,382.89,-1385.0,1,110.98260869565217,1
618430,2026-01,Roads & Highways,Ministry of Road Transport & Highways,403,,-1399.0,1,,1
618431,2026-01,Roads & Highways,Ministry of Road Transport & Highways,296,0.39,-1032.0,1,0.13175675675675674,1
618432,2026-01,Roads & Highways,Ministry of Road Transport & Highways,229,,-1400.0,1,,0
618433,2026-01,Roads & Highways,Ministry of Road Transport & Highways,185,,-1400.0,1,,1
618434,2026-01,Roads & Highways,Ministry of Road Transport & Highways,1719,,-1429.0,1,,1
618435,2026-01,Roads & Highways,Ministry of Road Transport & Highways,387,,-2111.0,1,,1
618436,2026-01,Roads & Highways,Ministry of Road Transport & Highways,599,404.62,-2418.0,1,67.5492487479132,1
618437,2026-01,Roads & Highways,Ministry of Road Transport & Highways,274,,-153.0,1,,0
618438,2026-01,Roads & Highways,Ministry of Road Transport & Highways,386,,-169.0,1,,1
618439,2026-01,Roads & Highways,Ministry of Road Transport & Highways,478,,-538.0,1,,0
618440,2026-01,Roads & Highways,Ministry of Road Transport & Highways,187,,-110.0,1,,0
618441,2026-01,Roads & Highways,Ministry of Road Transport & Highways,468,72.13,-125.0,1,15.412393162393162,0
618442,2026-01,Roads & Highways,Ministry of Road Transport & Highways,359,,-538.0,1,,0
618443,2026-01,Roads & Highways,Ministry of Road Transport & Highways,438,,-538.0,1,,0
618444,2026-01,Roads & Highways,Ministry of Road Transport & Highways,279,,-538.0,1,,0
618446,2026-01,Roads & Highways,Ministry of Road Transport & Highways,493,,-618.0,1,,1
618447,2026-01,Roads & Highways,Ministry of Road Transport & Highways,411,,-707.0,1,,1
618448,2026-01,Roads & Highways,Ministry of Road Transport & Highways,817,32.28,-784.0,1,3.951040391676867,1
618449,2026-01,Roads & Highways,Ministry of Road Transport & Highways,230,,-1022.0,1,,1
618450,2026-01,Roads & Highways,Ministry of Road Transport & Highways,293,1.91,-1371.0,1,0.651877133105802,1
618452,2026-01,Roads & Highways,Ministry of Road Transport & Highways,782,7.46,309.0,0,0.9539641943734016,1
618454,2026-01,Roads & Highways,Ministry of Road Transport & Highways,694,,-1340.0,1,,0
618455,2026-01,Roads & Highways,Ministry of Road Transport & Highways,694,,-1401.0,1,,0
618456,2026-01,Roads & Highways,Ministry of Road Transport & Highways,1119,975.7,-984.0,1,87.19392314566578,0
618457,2026-01,Roads & Highways,Ministry of Road Transport & Highways,1273,1080.16,-986.0,1,84.85153181461116,1
618458,2026-01,Roads & Highways,Ministry of Road Transport & Highways,1855,1322.23,-758.0,1,71.27924528301887,1
618459,2026-01,Roads & Highways,Ministry of Road Transport & Highways,1555,964.17,-518.0,1,62.004501607717046,1
618460,2026-01,Roads & Highways,Ministry of Road Transport & Highways,1263,864.08,-808.0,1,68.41488519398258,1
618461,2026-01,Roads & Highways,Ministry of Road Transport & Highways,1801,1090.06,-877.0,1,60.525263742365354,0
618462,2026-01,Roads & Highways,Ministry of Road Transport & Highways,1645,929.98,-989.0,1,56.533738601823714,1
618463,2026-01,Roads & Highways,Ministry of Road Transport & Highways,1325,1240.62,-1553.0,1,93.63169811320753,1
618465,2026-01,Roads & Highways,Ministry of Road Transport & Highways,1710,2152.35,-814.0,1,125.86842105263156,1
618468,2026-01,Roads & Highways,Ministry of Road Transport & Highways,1525,813.23,-624.0,1,53.32655737704918,1
618469,2026-01,Roads & Highways,Ministry of Road Transport & Highways,3537,1786.01,-723.0,1,50.49505230421261,1
618470,2026-01,Roads & Highways,Ministry of Road Transport & Highways,2059,576.7,-630.0,1,28.008742107819334,1
618471,2026-01,Roads & Highways,Ministry of Road Transport & Highways,2611,596.09,-630.0,1,22.82995021064726,1
618472,2026-01,Roads & Highways,Ministry of Road Transport & Highways,4052,824.5,-457.0,1,20.347976307996053,1
618473,2026-01,Roads & Highways,Ministry of Road Transport & Highways,2209,807.09,-198.0,1,36.53644182888185,1
618475,2026-01,Roads & Highways,Ministry of Road Transport & Highways,2548,1079.15,-238.0,1,42.35282574568289,1
618476,2026-01,Roads & Highways,Ministry of Road Transport & Highways,1407,675.57,-485.0,1,48.01492537313433,1
618477,2026-01,Roads & Highways,Ministry of Road Transport & Highways,1482,711.04,-613.0,1,47.97840755735493,1
618478,2026-01,Roads & Highways,Ministry of Road Transport & Highways,1107,496.07,-566.0,1,44.81210478771454,1
618479,2026-01,Roads & Highways,Ministry of Road Transport & Highways,1525,353.87,-551.0,1,23.204590163934427,1
618481,2026-01,Roads & Highways,Ministry of Road Transport & Highways,3606,881.54,-571.0,1,24.446478092068773,1
618484,2026-01,Roads & Highways,Ministry of Road Transport & Highways,1606,631.62,-770.0,1,39.32876712328767,0
618485,2026-01,Roads & Highways,Ministry of Road Transport & Highways,1307,563.2,-780.0,1,43.09104820198929,0
618486,2026-01,Roads & Highways,Ministry of Road Transport & Highways,1742,872.6,-619.0,1,50.091848450057405,1
618487,2026-01,Roads & Highways,Ministry of Road Transport & Highways,1760,1230.42,-571.0,1,69.91022727272728,1
618488,2026-01,Roads & Highways,Ministry of Road Transport & Highways,1896,751.95,-324.0,1,39.65981012658228,0
618489,2026-01,Roads & Highways,Ministry of Road Transport & Highways,1851,1329.18,-564.0,1,71.80875202593194,1
618490,2026-01,Roads & Highways,Ministry of Road Transport & Highways,2178,1004.28,-571.0,1,46.11019283746556,0
618491,2026-01,Roads & Highways,Ministry of Road Transport & Highways,2175,941.19,-443.0,1,43.27310344827586,0
618492,2026-01,Roads & Highways,Ministry of Road Transport & Highways,1734,470.87,-32.0,1,27.155132641291814,1
618493,2026-01,Roads & Highways,Ministry of Road Transport & Highways,2165,344.21,75.0,0,15.898845265588912,1
618494,2026-01,Roads & Highways,Ministry of Road Transport & Highways,2715,1607.97,-493.0,1,59.22541436464088,1
618495,2026-01,Roads & Highways,Ministry of Road Transport & Highways,2895,767.85,-232.0,1,26.523316062176168,1
618496,2026-01,Roads & Highways,Ministry of Road Transport & Highways,1822,1154.46,-492.0,1,63.36223929747531,1
618497,2026-01,Roads & Highways,Ministry of Road Transport & Highways,975,434.0,-73.0,1,44.51282051282051,1
618498,2026-01,Roads & Highways,Ministry of Road Transport & Highways,2472,1178.77,-268.0,1,47.68487055016181,1
618499,2026-01,Roads & Highways,Ministry of Road Transport & Highways,1973,765.65,-185.0,1,38.80638621388748,1
618500,2026-01,Roads & Highways,Ministry of Road Transport & Highways,1081,402.75,-673.0,1,37.25716928769658,1
618501,2026-01,Roads & Highways,Ministry of Road Transport & Highways,1298,1005.12,-752.0,1,77.43605546995379,1
618502,2026-01,Roads & Highways,Ministry of Road Transport & Highways,1415,997.08,-741.0,1,70.46501766784452,1
618503,2026-01,Roads & Highways,Ministry of Road Transport & Highways,1034,947.31,-927.0,1,91.61605415860734,1
618504,2026-01,Roads & Highways,Ministry of Road Transport & Highways,1182,1202.2,-780.0,1,101.70896785109984,1
618505,2026-01,Roads & Highways,Ministry of Road Transport & Highways,410,187.26,-585.0,1,45.673170731707316,1
618509,2026-01,Roads & Highways,Ministry of Road Transport & Highways,2090,1796.13,-827.0,1,85.93923444976078,1
618512,2026-01,Roads & Highways,Ministry of Road Transport & Highways,907,523.21,-1434.0,1,57.68577728776185,1
618513,2026-01,Roads & Highways,Ministry of Road Transport & Highways,2112,615.1,-385.0,1,29.12405303030303,1
618514,2026-01,Roads & Highways,Ministry of Road Transport & Highways,2331,180.8,-412.0,1,7.756327756327757,1
618515,2026-01,Roads & Highways,Ministry of Road Transport & Highways,1479,1135.84,-283.0,1,76.79783637592968,1
618516,2026-01,Roads & Highways,Ministry of Road Transport & Highways,1389,1021.28,-283.0,1,73.52627789776818,1
618517,2026-01,Roads & Highways,Ministry of Road Transport & Highways,1135,675.75,-132.0,1,59.5374449339207,1
618519,2026-01,Roads & Highways,Ministry of Road Transport & Highways,1261,508.62,-260.0,1,40.33465503568596,1
618521,2026-01,Roads & Highways,Ministry of Road Transport & Highways,767,427.31,-1817.0,1,55.71186440677967,1
618523,2026-01,Roads & Highways,Ministry of Road Transport & Highways,845,231.31,-1599.0,1,27.37396449704142,1
618525,2026-01,Roads & Highways,Ministry of Road Transport & Highways,327,5.34,627.0,0,1.6330275229357798,0
618527,2026-01,Roads & Highways,Ministry of Road Transport & Highways,1195,683.12,-758.0,1,57.164853556485355,1
618529,2026-01,Roads & Highways,Ministry of Road Transport & Highways,1992,989.09,-1448.0,1,49.653112449799195,1
618530,2026-01,Roads & Highways,Ministry of Road Transport & Highways,3242,1167.54,-4345.0,1,36.012954966070325,1
618531,2026-01,Roads & Highways,Ministry of Road Transport & Highways,1054,86.04,320.0,0,8.163187855787477,0
618532,2026-01,Roads & Highways,Ministry of Road Transport & Highways,1822,571.97,-675.0,1,31.39242590559824,1
618533,2026-01,Roads & Highways,Ministry of Road Transport & Highways,1560,8.05,-3414.0,1,0.5160256410256411,1
618535,2026-01,Roads & Highways,Ministry of Road Transport & Highways,688,14.94,780.0,0,2.171511627906977,0
618536,2026-01,Roads & Highways,Ministry of Road Transport & Highways,1604,105.18,514.0,0,6.557356608478804,0
618537,2026-01,Roads & Highways,Ministry of Road Transport & Highways,1754,330.5,126.0,0,18.842645381984035,0
618540,2026-01,Roads & Highways,Ministry of Road Transport & Highways,1089,0.03,638.0,0,0.002754820936639118,1
618541,2026-01,Roads & Highways,Ministry of Road Transport & Highways,2920,1723.4,-729.0,1,59.02054794520548,1
618543,2026-01,Roads & Highways,Ministry of Road Transport & Highways,1912,289.56,-172.0,1,15.144351464435147,1
618544,2026-01,Roads & Highways,Ministry of Road Transport & Highways,1402,948.25,-603.0,1,67.6355206847361,1
618545,2026-01,Roads & Highways,Ministry of Road Transport & Highways,614,236.96,-546.0,1,38.5928338762215,1
618546,2026-01,Roads & Highways,Ministry of Road Transport & Highways,442,324.74,-850.0,1,73.47058823529412,0
618547,2026-01,Roads & Highways,Ministry of Road Transport & Highways,961,366.64,145.0,0,38.1519250780437,1
618548,2026-01,Roads & Highways,Ministry of Road Transport & Highways,2024,54.24,-1850.0,1,2.6798418972332017,0
618549,2026-01,Roads & Highways,Ministry of Road Transport & Highways,243,637.62,-238.0,1,262.3950617283951,1
618550,2026-01,Roads & Highways,Ministry of Road Transport & Highways,856,176.54,-599.0,1,20.623831775700936,1
618551,2026-01,Roads & Highways,Ministry of Road Transport & Highways,667,35.34,530.0,0,5.298350824587707,0
618552,2026-01,Roads & Highways,Ministry of Road Transport & Highways,1755,797.22,-382.0,1,45.42564102564103,1
618553,2026-01,Roads & Highways,Ministry of Road Transport & Highways,958,757.89,-343.0,1,79.11169102296451,1
618554,2026-01,Roads & Highways,Ministry of Road Transport & Highways,879,611.55,-499.0,1,69.57337883959043,1
618555,2026-01,Roads & Highways,Ministry of Road Transport & Highways,1098,26.22,-2499.0,1,2.3879781420765025,1
618557,2026-01,Roads & Highways,Ministry of Road Transport & Highways,1039,578.95,150.0,0,55.72184793070261,1
618558,2026-01,Roads & Highways,Ministry of Road Transport & Highways,955,427.03,-374.0,1,44.715183246073295,0
618559,2026-01,Roads & Highways,Ministry of Road Transport & Highways,522,256.27,-550.0,1,49.093869731800766,0
618560,2026-01,Roads & Highways,Ministry of Road Transport & Highways,542,45.13,-502.0,1,8.326568265682658,0
618563,2026-01,Roads & Highways,Ministry of Road Transport & Highways,900,606.61,-1418.0,1,67.4011111111111,1
618565,2026-01,Roads & Highways,Ministry of Road Transport & Highways,526,259.66,-329.0,1,49.365019011406844,0
618566,2026-01,Roads & Highways,Ministry of Road Transport & Highways,1974,862.22,-29.0,1,43.678824721377914,1
618567,2026-01,Roads & Highways,Ministry of Road Transport & Highways,2289,125.93,705.0,0,5.5015290519877675,1
618569,2026-01,Roads & Highways,Ministry of Road Transport & Highways,210,104.28,-732.0,1,49.65714285714286,1
618570,2026-01,Roads & Highways,Ministry of Road Transport & Highways,326,223.75,-518.0,1,68.63496932515338,1
618571,2026-01,Roads & Highways,Ministry of Road Transport & Highways,227,192.72,-51.0,1,84.89867841409692,1
618572,2026-01,Roads & Highways,Ministry of Road Transport & Highways,310,0.07,644.0,0,0.022580645161290325,0
618575,2026-01,Roads & Highways,Ministry of Road Transport & Highways,458,371.63,-579.0,1,81.14192139737992,0
618576,2026-01,Roads & Highways,Ministry of Road Transport & Highways,281,211.79,-606.0,1,75.37010676156584,0
618578,2026-01,Roads & Highways,Ministry of Road Transport & Highways,1467,1349.87,-572.0,1,92.01567825494205,1
618579,2026-01,Roads & Highways,Ministry of Road Transport & Highways,2527,123.42,-1675.0,1,4.88405223585279,1
618580,2026-01,Roads & Highways,Ministry of Road Transport & Highways,1275,457.95,-1287.0,1,35.917647058823526,1
618581,2026-01,Roads & Highways,Ministry of Road Transport & Highways,1757,926.99,-464.0,1,52.75981787137166,1
618584,2026-01,Roads & Highways,Ministry of Road Transport & Highways,963,9.27,687.0,0,0.9626168224299064,0
618588,2026-01,Roads & Highways,Ministry of Road Transport & Highways,540,464.24,-816.0,1,85.97037037037038,1
618589,2026-01,Roads & Highways,Ministry of Road Transport & Highways,1828,537.0,-195.0,1,29.37636761487965,1
618590,2026-01,Roads & Highways,Ministry of Road Transport & Highways,1959,406.66,-248.0,1,20.75855028075549,1
618592,2026-01,Roads & Highways,Ministry of Road Transport & Highways,321,10.72,91.0,0,3.3395638629283493,1
618594,2026-01,Roads & Highways,Ministry of Road Transport & Highways,330,183.73,-466.0,1,55.675757575757565,1
618595,2026-01,Roads & Highways,Ministry of Road Transport & Highways,1746,775.85,-656.0,1,44.43585337915235,1
618596,2026-01,Roads & Highways,Ministry of Road Transport & Highways,2715,1006.98,-615.0,1,37.08950276243094,1
618597,2026-01,Roads & Highways,Ministry of Road Transport & Highways,3206,771.22,-576.0,1,24.055520898315656,1
618598,2026-01,Roads & Highways,Ministry of Road Transport & Highways,210,70.89,-1330.0,1,33.75714285714286,1
618599,2026-01,Roads & Highways,Ministry of Road Transport & Highways,4924,1668.84,-561.0,1,33.89195775792039,1
618600,2026-01,Roads & Highways,Ministry of Road Transport & Highways,4024,1465.97,-561.0,1,36.43066600397614,1
618601,2026-01,Roads & Highways,Ministry of Road Transport & Highways,4226,646.67,-370.0,1,15.302176999526736,1
618602,2026-01,Roads & Highways,Ministry of Road Transport & Highways,4302,695.34,-351.0,1,16.163179916317993,1
618603,2026-01,Roads & Highways,Ministry of Road Transport & Highways,3466,767.55,-285.0,1,22.145124062319677,1
618604,2026-01,Roads & Highways,Ministry of Road Transport & Highways,2430,1630.68,-1.0,1,67.10617283950617,1
618605,2026-01,Roads & Highways,Ministry of Road Transport & Highways,2879,1953.89,-506.0,1,67.86696769711705,1
618606,2026-01,Roads & Highways,Ministry of Road Transport & Highways,3274,1157.14,-342.0,1,35.343310934636534,1
618607,2026-01,Roads & Highways,Ministry of Road Transport & Highways,2842,773.77,-481.0,1,27.22624912033779,1
618608,2026-01,Roads & Highways,Ministry of Road Transport & Highways,1564,838.6,-183.0,1,53.61892583120205,1
618610,2026-01,Roads & Highways,Ministry of Road Transport & Highways,789,507.11,-174.0,1,64.27249683143219,1
618612,2026-01,Roads & Highways,Ministry of Road Transport & Highways,847,666.78,-904.0,1,78.72255017709563,1
618613,2026-01,Roads & Highways,Ministry of Road Transport & Highways,662,503.1,-931.0,1,75.99697885196375,1
618614,2026-01,Roads & Highways,Ministry of Road Transport & Highways,752,560.81,-906.0,1,74.57579787234042,1
618615,2026-01,Roads & Highways,Ministry of Road Transport & Highways,778,663.36,-1059.0,1,85.26478149100257,1
618616,2026-01,Roads & Highways,Ministry of Road Transport & Highways,626,50.38,367.0,0,8.047923322683706,0
618617,2026-01,Roads & Highways,Ministry of Road Transport & Highways,1229,771.46,-444.0,1,62.771358828315705,1
618618,2026-01,Roads & Highways,Ministry of Road Transport & Highways,2029,506.39,136.0,0,24.957614588467226,0
618619,2026-01,Roads & Highways,Ministry of Road Transport & Highways,999,11.21,711.0,0,1.1221221221221223,0
618621,2026-01,Roads & Highways,Ministry of Road Transport & Highways,1163,485.15,-381.0,1,41.71539122957867,1
618622,2026-01,Roads & Highways,Ministry of Road Transport & Highways,1002,687.3,-650.0,1,68.59281437125748,1
618627,2026-01,Roads & Highways,Ministry of Road Transport & Highways,169,0.66,361.0,0,0.3905325443786982,0
618630,2026-01,Roads & Highways,Ministry of Road Transport & Highways,2356,740.23,-218.0,1,31.41893039049236,1
618632,2026-01,Roads & Highways,Ministry of Road Transport & Highways,972,406.04,-393.0,1,41.77366255144033,1
618634,2026-01,Roads & Highways,Ministry of Road Transport & Highways,1440,685.66,-372.0,1,47.61527777777778,1
618635,2026-01,Roads & Highways,Ministry of Road Transport & Highways,1360,302.06,-373.0,1,22.21029411764706,1
618637,2026-01,Roads & Highways,Ministry of Road Transport & Highways,1654,1326.85,-1231.0,1,80.22067714631197,1
618639,2026-01,Roads & Highways,Ministry of Road Transport & Highways,1856,719.76,-678.0,1,38.7801724137931,1
618642,2026-01,Roads & Highways,Ministry of Road Transport & Highways,1883,829.81,-671.0,1,44.06850770047796,1
618644,2026-01,Roads & Highways,Ministry of Road Transport & Highways,1215,765.76,-225.0,1,63.025514403292185,1
618645,2026-01,Roads & Highways,Ministry of Road Transport & Highways,1008,366.78,-220.0,1,36.38690476190476,1
618647,2026-01,Roads & Highways,Ministry of Road Transport & Highways,907,445.11,-140.0,1,49.07497243660419,1
618651,2026-01,Roads & Highways,Ministry of Road Transport & Highways,1428,397.9,393.0,0,27.864145658263308,1
618654,2026-01,Roads & Highways,Ministry of Road Transport & Highways,521,168.56,-118.0,1,32.353166986564304,1
618661,2026-01,Roads & Highways,Ministry of Road Transport & Highways,1032,3.91,650.0,0,0.37887596899224807,0
618663,2026-01,Roads & Highways,Ministry of Road Transport & Highways,1004,342.14,-42.0,1,34.07768924302788,0
618664,2026-01,Roads & Highways,Ministry of Road Transport & Highways,525,314.48,-454.0,1,59.90095238095239,1
618665,2026-01,Roads & Highways,Ministry of Road Transport & Highways,791,436.14,-666.0,1,55.13780025284451,1
618667,2026-01,Roads & Highways,Ministry of Road Transport & Highways,1006,14.38,634.0,0,1.4294234592445327,0
618668,2026-01,Roads & Highways,Ministry of Road Transport & Highways,996,100.9,598.0,0,10.130522088353414,0
618671,2026-01,Roads & Highways,Ministry of Road Transport & Highways,618,3.67,688.0,0,0.5938511326860841,0
618672,2026-01,Roads & Highways,Ministry of Road Transport & Highways,903,49.09,643.0,0,5.436323366555925,0
618673,2026-01,Roads & Highways,Ministry of Road Transport & Highways,1368,617.73,-490.0,1,45.155701754385966,1
618674,2026-01,Roads & Highways,Ministry of Road Transport & Highways,1471,694.37,-388.0,1,47.20394289598913,1
618675,2026-01,Roads & Highways,Ministry of Road Transport & Highways,1307,381.96,-108.0,1,29.22417750573833,1
618676,2026-01,Roads & Highways,Ministry of Road Transport & Highways,478,297.95,-679.0,1,62.33263598326359,1
618677,2026-01,Roads & Highways,Ministry of Road Transport & Highways,1540,952.03,-612.0,1,61.82012987012987,1
618678,2026-01,Roads & Highways,Ministry of Road Transport & Highways,1266,843.65,-610.0,1,66.63902053712481,1
618680,2026-01,Roads & Highways,Ministry of Road Transport & Highways,1493,972.27,-471.0,1,65.1219022103148,1
618681,2026-01,Roads & Highways,Ministry of Road Transport & Highways,1216,627.68,-673.0,1,51.61842105263158,1
618687,2026-01,Roads & Highways,Ministry of Road Transport & Highways,652,444.81,-332.0,1,68.22239263803681,1
618688,2026-01,Roads & Highways,Ministry of Road Transport & Highways,795,25.11,618.0,0,3.1584905660377363,0
618689,2026-01,Roads & Highways,Ministry of Road Transport & Highways,364,271.68,-655.0,1,74.63736263736264,0
618691,2026-01,Roads & Highways,Ministry of Road Transport & Highways,939,95.24,572.0,0,10.142705005324814,1
618693,2026-01,Roads & Highways,Ministry of Road Transport & Highways,1345,767.73,-553.0,1,57.08029739776952,1
618694,2026-01,Roads & Highways,Ministry of Road Transport & Highways,1011,340.82,-457.0,1,33.71117705242334,1
618695,2026-01,Roads & Highways,Ministry of Road Transport & Highways,1146,566.31,-848.0,1,49.416230366492144,1
618697,2026-01,Roads & Highways,Ministry of Road Transport & Highways,626,42.5,181.0,0,6.7891373801916926,1
618700,2026-01,Roads & Highways,Ministry of Road Transport & Highways,1863,1336.5,-731.0,1,71.73913043478261,1
618701,2026-01,Roads & Highways,Ministry of Road Transport & Highways,178,142.2,-928.0,1,79.8876404494382,0
618702,2026-01,Roads & Highways,Ministry of Road Transport & Highways,1660,1241.17,-801.0,1,74.76927710843374,1
618707,2026-01,Roads & Highways,Ministry of Road Transport & Highways,738,,718.0,0,,0
618708,2026-01,Roads & Highways,Ministry of Road Transport & Highways,1187,576.14,-220.0,1,48.53748946925021,1
618709,2026-01,Roads & Highways,Ministry of Road Transport & Highways,1340,843.3,-262.0,1,62.93283582089552,1
618710,2026-01,Roads & Highways,Ministry of Road Transport & Highways,2003,1732.22,-816.0,1,86.48127808287569,1
618711,2026-01,Roads & Highways,Ministry of Road Transport & Highways,797,494.54,-454.0,1,62.05018820577165,1
618712,2026-01,Roads & Highways,Ministry of Road Transport & Highways,913,300.71,3.0,0,32.936473165388826,1
618713,2026-01,Roads & Highways,Ministry of Road Transport & Highways,1200,178.28,10.0,0,14.856666666666667,1
618714,2026-01,Roads & Highways,Ministry of Road Transport & Highways,1253,255.75,10.0,0,20.41101356743815,1
618715,2026-01,Roads & Highways,Ministry of Road Transport & Highways,1059,328.75,3.0,0,31.04343720491029,1
618716,2026-01,Roads & Highways,Ministry of Road Transport & Highways,993,279.55,29.0,0,28.15206445115811,1
618717,2026-01,Roads & Highways,Ministry of Road Transport & Highways,751,203.14,29.0,0,27.04926764314248,1
618718,2026-01,Roads & Highways,Ministry of Road Transport & Highways,1092,118.56,372.0,0,10.857142857142858,1
618719,2026-01,Roads & Highways,Ministry of Road Transport & Highways,909,225.97,10.0,0,24.85918591859186,1
618720,2026-01,Roads & Highways,Ministry of Road Transport & Highways,987,254.31,34.0,0,25.765957446808514,1
618721,2026-01,Roads & Highways,Ministry of Road Transport & Highways,1293,255.86,10.0,0,19.788089713843775,1
618722,2026-01,Roads & Highways,Ministry of Road Transport & Highways,1844,611.8,-261.0,1,33.17787418655097,1
618723,2026-01,Roads & Highways,Ministry of Road Transport & Highways,1554,696.34,-260.0,1,44.80952380952381,1
618724,2026-01,Roads & Highways,Ministry of Road Transport & Highways,1719,1.76,515.0,0,0.10238510762070971,0
618725,2026-01,Roads & Highways,Ministry of Road Transport & Highways,1916,0.74,580.0,0,0.038622129436325675,0
618726,2026-01,Roads & Highways,Ministry of Road Transport & Highways,1241,31.87,612.0,0,2.5680902497985496,0
618727,2026-01,Roads & Highways,Ministry of Road Transport & Highways,1577,18.62,612.0,0,1.180722891566265,0
618734,2026-01,Roads & Highways,Ministry of Road Transport & Highways,1154,1.18,606.0,0,0.1022530329289428,0
618735,2026-01,Roads & Highways,Ministry of Road Transport & Highways,910,399.02,-610.0,1,43.848351648351645,1
618737,2026-01,Roads & Highways,Ministry of Road Transport & Highways,304,0.73,693.0,0,0.24013157894736842,0
618738,2026-01,Roads & Highways,Ministry of Road Transport & Highways,6292,457.62,582.0,0,7.273045136681501,1
618739,2026-01,Roads & Highways,Ministry of Road Transport & Highways,1391,282.35,-308.0,1,20.298346513299787,1
618740,2026-01,Roads & Highways,Ministry of Road Transport & Highways,1494,193.54,-212.0,1,12.954484605087014,1
618741,2026-01,Roads & Highways,Ministry of Road Transport & Highways,1858,345.76,-350.0,1,18.60925726587729,1
618744,2026-01,Roads & Highways,Ministry of Road Transport & Highways,1077,663.01,-344.0,1,61.56081708449397,1
618745,2026-01,Roads & Highways,Ministry of Road Transport & Highways,1318,919.36,-296.0,1,69.75417298937785,1
618746,2026-01,Roads & Highways,Ministry of Road Transport & Highways,797,570.64,-458.0,1,71.59849435382685,1
618747,2026-01,Roads & Highways,Ministry of Road Transport & Highways,830,459.37,-492.0,1,55.34578313253012,1
618748,2026-01,Roads & Highways,Ministry of Road Transport & Highways,569,322.23,-493.0,1,56.63093145869947,0
618749,2026-01,Roads & Highways,Ministry of Road Transport & Highways,712,376.2,-493.0,1,52.83707865168539,1
618751,2026-01,Roads & Highways,Ministry of Road Transport & Highways,582,207.21,-141.0,1,35.60309278350516,1
618756,2026-01,Roads & Highways,Ministry of Road Transport & Highways,1104,157.65,-1418.0,1,14.279891304347828,1
618759,2026-01,Roads & Highways,Ministry of Road Transport & Highways,1064,467.68,-134.0,1,43.954887218045116,1
618760,2026-01,Roads & Highways,Ministry of Road Transport & Highways,646,549.19,-579.0,1,85.0139318885449,1
618761,2026-01,Roads & Highways,Ministry of Road Transport & Highways,992,800.68,-349.0,1,80.71370967741936,1
618764,2026-01,Roads & Highways,Ministry of Road Transport & Highways,1033,625.94,-397.0,1,60.594385285576,1
618765,2026-01,Roads & Highways,Ministry of Road Transport & Highways,2147,846.49,-199.0,1,39.42664182580345,1
618769,2026-01,Roads & Highways,Ministry of Road Transport & Highways,1338,68.84,606.0,0,5.144992526158446,0
618770,2026-01,Roads & Highways,Ministry of Road Transport & Highways,516,232.93,-475.0,1,45.14147286821705,0
618771,2026-01,Roads & Highways,Ministry of Road Transport & Highways,1925,947.5,-422.0,1,49.22077922077922,1
618772,2026-01,Roads & Highways,Ministry of Road Transport & Highways,703,354.36,-94.0,1,50.4068278805121,1
618774,2026-01,Roads & Highways,Ministry of Road Transport & Highways,985,798.12,-930.0,1,81.02741116751268,0
618775,2026-01,Roads & Highways,Ministry of Road Transport & Highways,226,0.08,429.0,0,0.035398230088495575,0
618777,2026-01,Roads & Highways,Ministry of Road Transport & Highways,1877,245.99,-74.0,1,13.10548748002131,1
618778,2026-01,Roads & Highways,Ministry of Road Transport & Highways,1877,1104.54,-384.0,1,58.84603090037294,1
618779,2026-01,Roads & Highways,Ministry of Road Transport & Highways,1505,305.2,-557.0,1,20.27906976744186,1
618785,2026-01,Roads & Highways,Ministry of Road Transport & Highways,1501,992.7,-350.0,1,66.1359093937375,1
618787,2026-01,Roads & Highways,Ministry of Road Transport & Highways,1373,751.31,-216.0,1,54.720320466132556,1
618788,2026-01,Roads & Highways,Ministry of Road Transport & Highways,927,338.94,-245.0,1,36.56310679611651,1
618789,2026-01,Roads & Highways,Ministry of Road Transport & Highways,1525,1689.83,-479.0,1,110.80852459016393,0
618791,2026-01,Roads & Highways,Ministry of Road Transport & Highways,1539,0.23,699.0,0,0.014944769330734242,0
618792,2026-01,Roads & Highways,Ministry of Road Transport & Highways,1330,395.59,-45.0,1,29.743609022556388,1
618794,2026-01,Roads & Highways,Ministry of Road Transport & Highways,525,346.35,-867.0,1,65.97142857142858,1
618795,2026-01,Roads & Highways,Ministry of Road Transport & Highways,1475,865.4,-519.0,1,58.67118644067797,1
618796,2026-01,Roads & Highways,Ministry of Road Transport & Highways,829,227.05,-1746.0,1,27.388419782870933,1
618797,2026-01,Roads & Highways,Ministry of Road Transport & Highways,1238,0.53,686.0,0,0.04281098546042004,0
618798,2026-01,Roads & Highways,Ministry of Road Transport & Highways,2556,1241.55,-332.0,1,48.57394366197183,1
618799,2026-01,Roads & Highways,Ministry of Road Transport & Highways,456,382.36,-1151.0,1,83.85087719298245,1
618800,2026-01,Roads & Highways,Ministry of Road Transport & Highways,1617,141.23,109.0,0,8.734075448361162,1
618801,2026-01,Roads & Highways,Ministry of Road Transport & Highways,1389,150.31,109.0,0,10.821454283657307,1
618803,2026-01,Roads & Highways,Ministry of Road Transport & Highways,646,557.23,-169.0,1,86.25851393188854,1
618804,2026-01,Roads & Highways,Ministry of Road Transport & Highways,349,59.91,-1869.0,1,17.16618911174785,1
618807,2026-01,Roads & Highways,Ministry of Road Transport & Highways,609,425.92,-129.0,1,69.9376026272578,1
618809,2026-01,Roads & Highways,Ministry of Road Transport & Highways,810,489.99,-224.0,1,60.4925925925926,1
618810,2026-01,Roads & Highways,Ministry of Road Transport & Highways,1003,581.69,-224.0,1,57.99501495513461,1
618811,2026-01,Roads & Highways,Ministry of Road Transport & Highways,1184,83.29,498.0,0,7.034628378378378,1
618814,2026-01,Roads & Highways,Ministry of Road Transport & Highways,1143,50.62,497.0,0,4.428696412948381,1
618816,2026-01,Roads & Highways,Ministry of Road Transport & Highways,1105,71.86,518.0,0,6.503167420814479,0
618817,2026-01,Roads & Highways,Ministry of Road Transport & Highways,973,138.15,411.0,0,14.1983556012333,1
618819,2026-01,Roads & Highways,Ministry of Road Transport & Highways,183,89.36,-1422.0,1,48.830601092896174,0
618820,2026-01,Roads & Highways,Ministry of Road Transport & Highways,862,344.27,-48.0,1,39.938515081206496,1
618821,2026-01,Roads & Highways,Ministry of Road Transport & Highways,920,366.33,-48.0,1,39.81847826086956,1
618825,2026-01,Roads & Highways,Ministry of Road Transport & Highways,622,339.46,-1505.0,1,54.57556270096463,1
618826,2026-01,Roads & Highways,Ministry of Road Transport & Highways,908,411.28,-194.0,1,45.29515418502202,1
618827,2026-01,Roads & Highways,Ministry of Road Transport & Highways,1098,320.17,-169.0,1,29.15938069216758,1
618828,2026-01,Roads & Highways,Ministry of Road Transport & Highways,1436,826.62,-139.0,1,57.56406685236769,1
618829,2026-01,Roads & Highways,Ministry of Road Transport & Highways,1129,527.11,-848.0,1,46.688219663418955,0
618830,2026-01,Roads & Highways,Ministry of Road Transport & Highways,1518,962.19,-84.0,1,63.38537549407115,1
618833,2026-01,Roads & Highways,Ministry of Road Transport & Highways,894,445.94,-2011.0,1,49.88143176733781,1
618834,2026-01,Roads & Highways,Ministry of Road Transport & Highways,163,162.0,-864.0,1,99.38650306748467,1
618835,2026-01,Roads & Highways,Ministry of Road Transport & Highways,698,418.41,-1225.0,1,59.94412607449857,0
618836,2026-01,Roads & Highways,Ministry of Road Transport & Highways,1985,345.9,-252.0,1,17.425692695214103,1
618837,2026-01,Roads & Highways,Ministry of Road Transport & Highways,1939,390.17,-252.0,1,20.122227952552862,1
618838,2026-01,Roads & Highways,Ministry of Road Transport & Highways,737,395.36,-521.0,1,53.64450474898236,1
618839,2026-01,Roads & Highways,Ministry of Road Transport & Highways,1309,805.51,-1454.0,1,61.53628724216959,1
618840,2026-01,Roads & Highways,Ministry of Road Transport & Highways,664,340.08,-2495.0,1,51.21686746987951,1
618841,2026-01,Roads & Highways,Ministry of Road Transport & Highways,491,325.6,-404.0,1,66.31364562118127,1
618843,2026-01,Roads & Highways,Ministry of Road Transport & Highways,198,21.14,414.0,0,10.676767676767678,1
618845,2026-01,Roads & Highways,Ministry of Road Transport & Highways,1588,283.48,-809.0,1,17.851385390428213,1
618847,2026-01,Roads & Highways,Ministry of Road Transport & Highways,2900,1201.2,-1215.0,1,41.42068965517242,1
618848,2026-01,Roads & Highways,Ministry of Road Transport & Highways,649,0.09,606.0,0,0.01386748844375963,0
618849,2026-01,Roads & Highways,Ministry of Road Transport & Highways,444,394.57,-687.0,1,88.86711711711712,1
618850,2026-01,Roads & Highways,Ministry of Road Transport & Highways,1464,841.02,-2030.0,1,57.446721311475414,1
618852,2026-01,Roads & Highways,Ministry of Road Transport & Highways,191,181.27,-596.0,1,94.90575916230367,1
618854,2026-01,Roads & Highways,Ministry of Road Transport & Highways,706,515.53,-756.0,1,73.0212464589235,0
618855,2026-01,Roads & Highways,Ministry of Road Transport & Highways,839,560.31,-363.0,1,66.78307508939213,1
618856,2026-01,Roads & Highways,Ministry of Road Transport & Highways,1102,312.82,-73.0,1,28.386569872958255,1
618859,2026-01,Roads & Highways,Ministry of Road Transport & Highways,576,371.31,-465.0,1,64.46354166666667,1
618861,2026-01,Roads & Highways,Ministry of Road Transport & Highways,897,697.42,-935.0,1,77.75027870680044,1
618864,2026-01,Roads & Highways,Ministry of Road Transport & Highways,1722,1001.58,-318.0,1,58.16376306620209,1
618865,2026-01,Roads & Highways,Ministry of Road Transport & Highways,1385,823.04,-395.0,1,59.425270758122736,0
618866,2026-01,Roads & Highways,Ministry of Road Transport & Highways,2077,67.78,656.0,0,3.263360616273472,0
618867,2026-01,Roads & Highways,Ministry of Road Transport & Highways,2009,20.92,483.0,0,1.041314086610254,0
618869,2026-01,Roads & Highways,Ministry of Road Transport & Highways,1122,51.98,874.0,0,4.632798573975045,0
618871,2026-01,Roads & Highways,Ministry of Road Transport & Highways,910,1.87,675.0,0,0.20549450549450549,0
618878,2026-01,Roads & Highways,Ministry of Road Transport & Highways,697,288.21,-127.0,1,41.35007173601147,1
618881,2026-01,Roads & Highways,Ministry of Road Transport & Highways,1113,167.97,590.0,0,15.09164420485175,0
618882,2026-01,Roads & Highways,Ministry of Road Transport & Highways,532,0.94,749.0,0,0.17669172932330826,0
618883,2026-01,Roads & Highways,Ministry of Road Transport & Highways,1706,748.02,-213.0,1,43.84642438452521,1
618884,2026-01,Roads & Highways,Ministry of Road Transport & Highways,1494,636.34,-97.0,1,42.59303882195449,1
618885,2026-01,Roads & Highways,Ministry of Road Transport & Highways,618,218.99,-231.0,1,35.435275080906145,1
618886,2026-01,Roads & Highways,Ministry of Road Transport & Highways,239,2.58,610.0,0,1.0794979079497908,0
618887,2026-01,Roads & Highways,Ministry of Road Transport & Highways,2083,861.2,-835.0,1,41.34421507441191,1
618888,2026-01,Roads & Highways,Ministry of Road Transport & Highways,1146,270.48,-279.0,1,23.602094240837697,1
618889,2026-01,Roads & Highways,Ministry of Road Transport & Highways,1323,739.27,-400.0,1,55.87830687830687,1
618890,2026-01,Roads & Highways,Ministry of Road Transport & Highways,739,232.68,-95.0,1,31.48579161028417,1
618894,2026-01,Roads & Highways,Ministry of Road Transport & Highways,1772,211.83,-1155.0,1,11.95428893905192,1
618895,2026-01,Roads & Highways,Ministry of Road Transport & Highways,1319,332.7,-1107.0,1,25.223654283548143,1
618896,2026-01,Roads & Highways,Ministry of Road Transport & Highways,1386,905.16,-480.0,1,65.3073593073593,1
618897,2026-01,Roads & Highways,Ministry of Road Transport & Highways,2356,1011.27,-1996.0,1,42.923174872665534,1
618902,2026-01,Roads & Highways,Ministry of Road Transport & Highways,662,902.44,-1504.0,1,136.3202416918429,1
618903,2026-01,Roads & Highways,Ministry of Road Transport & Highways,1028,814.45,-1877.0,1,79.22665369649806,1
618904,2026-01,Roads & Highways,Ministry of Road Transport & Highways,2128,3.78,-4574.0,1,0.17763157894736842,1
618906,2026-01,Roads & Highways,Ministry of Road Transport & Highways,858,466.87,-591.0,1,54.41375291375291,1
618908,2026-01,Roads & Highways,Ministry of Road Transport & Highways,154,61.82,-365.0,1,40.14285714285714,1
618909,2026-01,Roads & Highways,Ministry of Road Transport & Highways,1652,741.62,-1274.0,1,44.89225181598063,1
618910,2026-01,Roads & Highways,Ministry of Road Transport & Highways,558,444.43,-907.0,1,79.64695340501791,1
618911,2026-01,Roads & Highways,Ministry of Road Transport & Highways,646,146.1,-455.0,1,22.61609907120743,1
618913,2026-01,Roads & Highways,Ministry of Road Transport & Highways,610,114.77,-1693.0,1,18.814754098360655,0
618915,2026-01,Roads & Highways,Ministry of Road Transport & Highways,1637,728.91,-1180.0,1,44.527183872938295,0
618916,2026-01,Roads & Highways,Ministry of Road Transport & Highways,1077,774.78,-1165.0,1,71.93871866295264,0
618919,2026-01,Roads & Highways,Ministry of Road Transport & Highways,887,374.39,-70.0,1,42.20856820744081,0
618921,2026-01,Roads & Highways,Ministry of Road Transport & Highways,1703,848.23,80.0,0,49.80798590722255,1
618925,2026-01,Roads & Highways,Ministry of Road Transport & Highways,301,247.05,-1005.0,1,82.07641196013289,1
618928,2026-01,Roads & Highways,Ministry of Road Transport & Highways,936,282.84,-139.0,1,30.217948717948715,1
618930,2026-01,Roads & Highways,Ministry of Road Transport & Highways,1188,-4.88,663.0,0,-0.4107744107744108,0
618931,2026-01,Roads & Highways,Ministry of Road Transport & Highways,764,0.24,664.0,0,0.031413612565445025,0
618932,2026-01,Roads & Highways,Ministry of Road Transport & Highways,1535,175.29,699.0,0,11.419543973941368,0
618934,2026-01,Roads & Highways,Ministry of Road Transport & Highways,5729,1.16,1452.0,0,0.020247861755978355,0
618935,2026-01,Roads & Highways,Ministry of Road Transport & Highways,1184,452.04,-237.0,1,38.179054054054056,1
618936,2026-01,Roads & Highways,Ministry of Road Transport & Highways,1270,632.77,-359.0,1,49.8244094488189,1
618937,2026-01,Roads & Highways,Ministry of Road Transport & Highways,1167,836.47,-826.0,1,71.67694944301628,1
618938,2026-01,Roads & Highways,Ministry of Road Transport & Highways,1013,546.55,-473.0,1,53.95360315893386,1
618939,2026-01,Roads & Highways,Ministry of Road Transport & Highways,191,14.96,540.0,0,7.832460732984294,0
618942,2026-01,Roads & Highways,Ministry of Road Transport & Highways,227,102.5,-620.0,1,45.15418502202643,1
618943,2026-01,Roads & Highways,Ministry of Road Transport & Highways,861,18.25,-5496.0,1,2.1196283391405344,1
618945,2026-01,Roads & Highways,Ministry of Road Transport & Highways,1149,688.18,-610.0,1,59.89382071366405,1
618946,2026-01,Roads & Highways,Ministry of Road Transport & Highways,1480,866.61,-269.0,1,58.55472972972973,1
618947,2026-01,Roads & Highways,Ministry of Road Transport & Highways,1505,784.64,-942.0,1,52.135548172757474,1
618948,2026-01,Roads & Highways,Ministry of Road Transport & Highways,782,,730.0,0,,0
618949,2026-01,Roads & Highways,Ministry of Road Transport & Highways,1445,643.59,-51.0,1,44.53910034602077,1
618950,2026-01,Roads & Highways,Ministry of Road Transport & Highways,1565,,726.0,0,,1
618951,2026-01,Roads & Highways,Ministry of Road Transport & Highways,1126,474.41,-702.0,1,42.13232682060391,1
618952,2026-01,Roads & Highways,Ministry of Road Transport & Highways,1955,1703.84,-457.0,1,87.15294117647059,0
618953,2026-01,Roads & Highways,Ministry of Road Transport & Highways,1200,864.12,-904.0,1,72.00999999999999,1
618955,2026-01,Roads & Highways,Ministry of Road Transport & Highways,638,125.18,-1549.0,1,19.620689655172416,1
618959,2026-01,Roads & Highways,Ministry of Road Transport & Highways,1018,406.31,-311.0,1,39.912573673870334,0
618960,2026-01,Roads & Highways,Ministry of Road Transport & Highways,1378,298.31,135.0,0,21.648040638606677,1
618961,2026-01,Roads & Highways,Ministry of Road Transport & Highways,776,0.01,686.0,0,0.001288659793814433,0
618962,2026-01,Roads & Highways,Ministry of Road Transport & Highways,1103,11.6,563.0,0,1.0516772438803264,0
618964,2026-01,Roads & Highways,Ministry of Road Transport & Highways,1426,6.6,708.0,0,0.46283309957924257,0
618966,2026-01,Roads & Highways,Ministry of Road Transport & Highways,1123,12.56,557.0,0,1.118432769367765,0
618967,2026-01,Roads & Highways,Ministry of Road Transport & Highways,295,101.52,186.0,0,34.4135593220339,0
618968,2026-01,Roads & Highways,Ministry of Road Transport & Highways,1428,1184.03,-516.0,1,82.91526610644257,1
618969,2026-01,Roads & Highways,Ministry of Road Transport & Highways,2156,1418.57,-346.0,1,65.79638218923934,1
618970,2026-01,Roads & Highways,Ministry of Road Transport & Highways,1335,978.54,-516.0,1,73.29887640449438,1
618971,2026-01,Urban Public Transport,Ministry of Housing & Urban Affairs,3626,0.63,1277.0,0,0.017374517374517374,0
618972,2026-01,Railways,Ministry of Railways,1457,,1038.0,0,,0
618976,2026-01,Electricity Generation,Ministry of Power,20446,1229.69,1520.0,0,6.0143304313802215,0
618977,2026-01,Aviation & Aviation Infrastructure,Ministry of Civil Aviation,1507,18.8,626.0,0,1.2475116124751162,1
618978,2026-01,Railways,Ministry of Railways,2223,,1716.0,0,,0
618982,2026-01,Coal,Ministry of Coal,522,322.61,130.0,0,61.80268199233717,0
618985,2026-01,Urban Public Transport,Ministry of Housing & Urban Affairs,9858,0.09,1795.0,0,0.0009129640900791236,0
618986,2026-01,Railways,Ministry of Railways,3634,0.24,1246.0,0,0.006604292790313704,0
618991,2026-01,Electricity Generation,Ministry of Coal,1221,63.57,334.0,0,5.2063882063882065,0
618992,2026-01,Electricity Generation,Ministry of Coal,481,2.57,334.0,0,0.5343035343035343,0
618995,2026-01,Railways,Ministry of Railways,2865,,1660.0,0,,0
619003,2026-01,Roads & Highways,Ministry of Road Transport & Highways,882,565.49,-1731.0,1,64.11451247165533,1
619004,2026-01,Roads & Highways,Ministry of Road Transport & Highways,561,,686.0,0,,0
619005,2026-01,Roads & Highways,Ministry of Road Transport & Highways,235,,700.0,0,,0
619010,2026-01,Roads & Highways,Ministry of Road Transport & Highways,501,305.45,-268.0,1,60.968063872255485,0
619013,2026-01,Roads & Highways,Ministry of Road Transport & Highways,509,58.12,-118.0,1,11.418467583497053,1
619022,2026-01,Urban Public Transport,Ministry of Housing & Urban Affairs,5453,92.12,521.0,0,1.6893453145057766,0
619024,2026-01,Transmission & Distribution,Ministry of Power,3125,50.79,449.0,0,1.62528,0
619025,2026-01,Transmission & Distribution,Ministry of Power,25000,90.05,1266.0,0,0.36019999999999996,0
619026,2026-01,Transmission & Distribution,Ministry of Power,19000,,1411.0,0,,0
619027,2026-01,Transmission & Distribution,Ministry of Power,2000,,700.0,0,,0
619028,2026-01,Transmission & Distribution,Ministry of Power,173,0.9,567.0,0,0.5202312138728323,0
619029,2026-01,Transmission & Distribution,Ministry of Power,319,12.8,30.0,0,4.012539184952979,1
619030,2026-01,Transmission & Distribution,Ministry of Power,2722,,915.0,0,,0
619031,2026-01,Urban Public Transport,Ministry of Housing & Urban Affairs,12015,2.07,1065.0,0,0.017228464419475654,0
619032,2026-01,Coal,Ministry of Coal,25560,27.5,2251.0,0,0.10758998435054773,0
619033,2026-01,Education,Department of Higher Education,199,31.48,150.0,0,15.819095477386934,0
619038,2026-01,Roads & Highways,Ministry of Road Transport & Highways,497,88.25,-1077.0,1,17.756539235412475,1
619042,2026-01,Roads & Highways,Ministry of Road Transport & Highways,164,,-707.0,1,,0
619049,2026-01,Transmission & Distribution,Ministry of Power,4500,1876.33,211.0,0,41.69622222222222,0
619051,2026-01,Electricity Generation,Ministry of Power,29948,1930.24,1642.0,0,6.445305195672499,0
619052,2026-01,Urban Public Transport,Ministry of Housing & Urban Affairs,5801,,1915.0,0,,0
619053,2026-01,Coal,Ministry of Coal,1605,,1520.0,0,,0
619054,2026-01,Aviation & Aviation Infrastructure,Ministry of Civil Aviation,363,20.47,365.0,0,5.639118457300276,0
619055,2026-01,Coal,Ministry of Coal,444,,2251.0,0,,0
619057,2026-01,Roads & Highways,Ministry of Road Transport & Highways,574,277.82,190.0,0,48.400696864111495,1
619059,2026-01,Roads & Highways,Ministry of Road Transport & Highways,324,65.6,-143.0,1,20.24691358024691,1
619060,2026-01,Roads & Highways,Ministry of Road Transport & Highways,345,46.37,-125.0,1,13.440579710144926,0
619063,2026-01,Roads & Highways,Ministry of Road Transport & Highways,1636,1204.74,-447.0,1,73.6393643031785,1
619064,2026-01,Roads & Highways,Ministry of Road Transport & Highways,1910,521.59,-681.0,1,27.30837696335079,1
619066,2026-01,Roads & Highways,Ministry of Road Transport & Highways,3044,1536.74,-493.0,1,50.48423127463864,1
619067,2026-01,Roads & Highways,Ministry of Road Transport & Highways,357,39.06,-2458.0,1,10.941176470588236,1
619068,2026-01,Roads & Highways,Ministry of Road Transport & Highways,2921,870.3,-224.0,1,29.79459089352961,1
619069,2026-01,Roads & Highways,Ministry of Road Transport & Highways,362,47.18,-1368.0,1,13.033149171270718,1
619070,2026-01,Roads & Highways,Ministry of Road Transport & Highways,839,0.65,-4444.0,1,0.07747318235995233,1
619071,2026-01,Roads & Highways,Ministry of Road Transport & Highways,2032,502.42,-159.0,1,24.7253937007874,0
619072,2026-01,Roads & Highways,Ministry of Road Transport & Highways,1182,773.47,-351.0,1,65.43739424703891,1
619073,2026-01,Roads & Highways,Ministry of Road Transport & Highways,1318,741.65,-1075.0,1,56.27086494688922,1
619074,2026-01,Roads & Highways,Ministry of Road Transport & Highways,1673,8.45,-4441.0,1,0.5050806933652121,1
619075,2026-01,Roads & Highways,Ministry of Road Transport & Highways,639,0.26,-4253.0,1,0.04068857589984351,1
619076,2026-01,Roads & Highways,Ministry of Road Transport & Highways,1581,580.31,-1079.0,1,36.70524984187223,1
619077,2026-01,Roads & Highways,Ministry of Road Transport & Highways,465,18.83,-2136.0,1,4.049462365591397,1
619078,2026-01,Roads & Highways,Ministry of Road Transport & Highways,1773,253.22,-1527.0,1,14.282007896221094,1
619080,2026-01,Roads & Highways,Ministry of Road Transport & Highways,1093,353.01,-113.0,1,32.29734675205855,1
619083,2026-01,Roads & Highways,Ministry of Road Transport & Highways,256,15.29,-6195.0,1,5.97265625,1
619084,2026-01,Roads & Highways,Ministry of Road Transport & Highways,462,0.29,-6134.0,1,0.06277056277056277,1
619086,2026-01,Roads & Highways,Ministry of Road Transport & Highways,852,0.32,-4713.0,1,0.03755868544600939,1
619087,2026-01,Roads & Highways,Ministry of Road Transport & Highways,2070,748.65,-127.0,1,36.166666666666664,0
619089,2026-01,Roads & Highways,Ministry of Road Transport & Highways,1910,1170.02,-16.0,1,61.257591623036646,1
619090,2026-01,Roads & Highways,Ministry of Road Transport & Highways,2068,628.68,-1568.0,1,30.400386847195353,1
619092,2026-01,Roads & Highways,Ministry of Road Transport & Highways,994,416.79,-1288.0,1,41.93058350100603,1
619093,2026-01,Roads & Highways,Ministry of Road Transport & Highways,609,153.43,-56.0,1,25.193760262725778,1
619094,2026-01,Roads & Highways,Ministry of Road Transport & Highways,1244,509.9,-787.0,1,40.98874598070739,1
619095,2026-01,Roads & Highways,Ministry of Road Transport & Highways,546,380.81,-624.0,1,69.74542124542124,1
619096,2026-01,Roads & Highways,Ministry of Road Transport & Highways,1645,25.26,-3443.0,1,1.5355623100303952,1
619097,2026-01,Roads & Highways,Ministry of Road Transport & Highways,1181,4.81,-2071.0,1,0.4072819644369178,1
619098,2026-01,Roads & Highways,Ministry of Road Transport & Highways,1425,466.32,-1075.0,1,32.72421052631579,1
619099,2026-01,Roads & Highways,Ministry of Road Transport & Highways,1801,579.38,146.0,0,32.16990560799556,1
619100,2026-01,Roads & Highways,Ministry of Road Transport & Highways,866,525.2,-912.0,1,60.646651270207855,1
619101,2026-01,Roads & Highways,Ministry of Road Transport & Highways,784,256.54,42.0,0,32.7219387755102,1
619103,2026-01,Roads & Highways,Ministry of Road Transport & Highways,1097,18.71,-2843.0,1,1.7055606198723792,1
619104,2026-01,Roads & Highways,Ministry of Road Transport & Highways,1140,6.64,-2245.0,1,0.5824561403508771,0
619105,2026-01,Roads & Highways,Ministry of Road Transport & Highways,1555,133.77,606.0,0,8.602572347266882,0
619106,2026-01,Roads & Highways,Ministry of Road Transport & Highways,1142,174.95,293.0,0,15.319614711033275,1
619107,2026-01,Roads & Highways,Ministry of Road Transport & Highways,1311,1.21,605.0,0,0.09229595728451563,1
619108,2026-01,Roads & Highways,Ministry of Road Transport & Highways,1452,116.72,502.0,0,8.038567493112946,1
619109,2026-01,Roads & Highways,Ministry of Road Transport & Highways,1102,512.78,-660.0,1,46.531760435571684,1
619111,2026-01,Roads & Highways,Ministry of Road Transport & Highways,841,404.58,-673.0,1,48.10701545778834,1
619112,2026-01,Roads & Highways,Ministry of Road Transport & Highways,1013,507.81,-484.0,1,50.12931885488647,1
619114,2026-01,Roads & Highways,Ministry of Road Transport & Highways,1082,300.11,42.0,0,27.736598890942698,1
619115,2026-01,Roads & Highways,Ministry of Road Transport & Highways,797,77.9,-1858.0,1,9.774153074027604,0
619117,2026-01,Roads & Highways,Ministry of Road Transport & Highways,1022,62.84,-2522.0,1,6.148727984344423,1
619118,2026-01,Roads & Highways,Ministry of Road Transport & Highways,2510,31.2,-2345.0,1,1.2430278884462151,1
619119,2026-01,Roads & Highways,Ministry of Road Transport & Highways,999,16.03,-2025.0,1,1.6046046046046047,1
619120,2026-01,Roads & Highways,Ministry of Road Transport & Highways,2920,711.44,-1334.0,1,24.364383561643837,1
619121,2026-01,Roads & Highways,Ministry of Road Transport & Highways,2532,-5.15,-2150.0,1,-0.2033965244865719,1
619122,2026-01,Roads & Highways,Ministry of Road Transport & Highways,1479,1327.01,-404.0,1,89.7234617985125,1
619123,2026-01,Roads & Highways,Ministry of Road Transport & Highways,814,167.64,10.0,0,20.594594594594593,1
619124,2026-01,Roads & Highways,Ministry of Road Transport & Highways,747,178.76,10.0,0,23.930388219544845,1
619125,2026-01,Roads & Highways,Ministry of Road Transport & Highways,1104,161.56,11.0,0,14.634057971014494,1
619126,2026-01,Roads & Highways,Ministry of Road Transport & Highways,976,259.72,9.0,0,26.61065573770492,1
619127,2026-01,Roads & Highways,Ministry of Road Transport & Highways,2186,373.6,38.0,0,17.09057639524245,1
619128,2026-01,Roads & Highways,Ministry of Road Transport & Highways,616,363.66,-506.0,1,59.03571428571429,1
619129,2026-01,Roads & Highways,Ministry of Road Transport & Highways,1361,552.15,-631.0,1,40.569434239529755,1
619130,2026-01,Roads & Highways,Ministry of Road Transport & Highways,1116,518.62,-57.0,1,46.471326164874554,1
619131,2026-01,Roads & Highways,Ministry of Road Transport & Highways,838,0.57,-1915.0,1,0.06801909307875895,1
619132,2026-01,Roads & Highways,Ministry of Road Transport & Highways,1810,462.02,-800.0,1,25.52596685082873,1
619134,2026-01,Roads & Highways,Ministry of Road Transport & Highways,1642,495.6,-111.0,1,30.182704019488433,1
619136,2026-01,Roads & Highways,Ministry of Road Transport & Highways,611,299.57,0.0,0,49.02945990180033,1
619137,2026-01,Roads & Highways,Ministry of Road Transport & Highways,1025,542.11,-1273.0,1,52.88878048780488,1
619138,2026-01,Roads & Highways,Ministry of Road Transport & Highways,310,36.83,-695.0,1,11.880645161290323,1
619139,2026-01,Roads & Highways,Ministry of Road Transport & Highways,1299,123.13,109.0,0,9.478829869130099,1
619140,2026-01,Roads & Highways,Ministry of Road Transport & Highways,1399,225.55,-104.0,1,16.122230164403145,1
619141,2026-01,Roads & Highways,Ministry of Road Transport & Highways,864,259.02,-56.0,1,29.97916666666666,1
619142,2026-01,Roads & Highways,Ministry of Road Transport & Highways,217,152.15,-517.0,1,70.11520737327189,0
619143,2026-01,Roads & Highways,Ministry of Road Transport & Highways,826,35.2,419.0,0,4.261501210653754,1
619144,2026-01,Roads & Highways,Ministry of Road Transport & Highways,1520,2.45,-2726.0,1,0.16118421052631582,1
619145,2026-01,Roads & Highways,Ministry of Road Transport & Highways,878,114.11,-2368.0,1,12.996583143507973,1
619146,2026-01,Roads & Highways,Ministry of Road Transport & Highways,751,41.54,-2329.0,1,5.531291611185087,1
619147,2026-01,Roads & Highways,Ministry of Road Transport & Highways,603,230.04,-1226.0,1,38.14925373134328,1
619148,2026-01,Roads & Highways,Ministry of Road Transport & Highways,1186,53.18,-2370.0,1,4.48397976391231,0
619149,2026-01,Roads & Highways,Ministry of Road Transport & Highways,1774,622.26,-436.0,1,35.076662908680944,1
619150,2026-01,Roads & Highways,Ministry of Road Transport & Highways,2083,144.35,-2356.0,1,6.929908785405664,1
619152,2026-01,Roads & Highways,Ministry of Road Transport & Highways,1183,59.61,-2244.0,1,5.038884192730347,1
619153,2026-01,Roads & Highways,Ministry of Road Transport & Highways,1002,490.83,-624.0,1,48.98502994011976,1
619154,2026-01,Roads & Highways,Ministry of Road Transport & Highways,1494,478.04,-156.0,1,31.99732262382865,1
619155,2026-01,Roads & Highways,Ministry of Road Transport & Highways,1603,538.24,-459.0,1,33.577043044291955,1
619157,2026-01,Roads & Highways,Ministry of Road Transport & Highways,795,188.53,-1626.0,1,23.714465408805033,1
619158,2026-01,Roads & Highways,Ministry of Road Transport & Highways,789,336.11,-1271.0,1,42.59949302915083,1
619160,2026-01,Roads & Highways,Ministry of Road Transport & Highways,167,97.5,-392.0,1,58.38323353293413,1
619161,2026-01,Roads & Highways,Ministry of Road Transport & Highways,1376,89.34,330.0,0,6.492732558139536,1
619162,2026-01,Roads & Highways,Ministry of Road Transport & Highways,578,438.31,-590.0,1,75.83217993079585,1
619163,2026-01,Roads & Highways,Ministry of Road Transport & Highways,1471,860.4,-876.0,1,58.49082256968049,1
619164,2026-01,Roads & Highways,Ministry of Road Transport & Highways,1214,169.83,-1612.0,1,13.989291598023065,1
619165,2026-01,Roads & Highways,Ministry of Road Transport & Highways,177,3.61,-1089.0,1,2.0395480225988702,1
619166,2026-01,Roads & Highways,Ministry of Road Transport & Highways,768,383.04,-48.0,1,49.875,1
619167,2026-01,Roads & Highways,Ministry of Road Transport & Highways,865,412.34,-1155.0,1,47.66936416184971,1
619168,2026-01,Roads & Highways,Ministry of Road Transport & Highways,1602,1195.38,-516.0,1,74.6179775280899,1
701101,2026-01,Aviation & Aviation Infrastructure,Ministry of Civil Aviation,1217,1182.02,120.0,0,97.12571898110106,0
701105,2026-01,Aviation & Aviation Infrastructure,Ministry of Civil Aviation,256,154.3,-1514.0,1,60.27343750000001,0
701107,2026-01,Aviation & Aviation Infrastructure,Ministry of Civil Aviation,612,523.14,-1245.0,1,85.48039215686273,1
701113,2026-01,Aviation & Aviation Infrastructure,Ministry of Civil Aviation,2870,446.45,535.0,0,15.55574912891986,0
701121,2026-01,Aviation & Aviation Infrastructure,Ministry of Civil Aviation,347,135.95,-171.0,1,39.178674351585016,1
701122,2026-01,Aviation & Aviation Infrastructure,Ministry of Civil Aviation,579,154.3,154.0,0,26.64939550949914,1
701126,2026-01,Aviation & Aviation Infrastructure,Ministry of Civil Aviation,1305,816.15,150.0,0,62.54022988505747,0
701127,2026-01,Aviation & Aviation Infrastructure,Ministry of Civil Aviation,480,331.35,59.0,0,69.03125,1
701128,2026-01,Aviation & Aviation Infrastructure,Ministry of Civil Aviation,887,479.75,38.0,0,54.08680947012401,0
701167,2026-01,Healthcare,Ministry of Health & Family Welfare,1828,1504.97,-60.0,1,82.32877461706784,1
701168,2026-01,Healthcare,Ministry of Health & Family Welfare,1264,387.07,-1249.0,1,30.62262658227848,0
701170,2026-01,Healthcare,Ministry of Health & Family Welfare,1195,775.1,59.0,0,64.86192468619248,0
701171,2026-01,Healthcare,Ministry of Health & Family Welfare,1028,947.53,150.0,0,92.17217898832685,0
701172,2026-01,Healthcare,Ministry of Health & Family Welfare,1264,0.0,-488.0,1,0.0,0
701173,2026-01,Healthcare,Ministry of Health & Family Welfare,1299,529.46,334.0,0,40.75904541955351,0
701228,2026-01,Oil & Gas,Ministry of Petroleum & Natural Gas,2915,4614.8,-4779.0,1,158.31217838765008,1
701263,2026-01,Energy Storage,Ministry of Petroleum & Natural Gas,43129,64516.3,-1188.0,1,149.58913955806997,1
701289,2026-01,Oil & Gas,Ministry of Petroleum & Natural Gas,34627,26027.5,-488.0,1,75.16533341034453,1
701324,2026-01,Oil & Gas,Ministry of Petroleum & Natural Gas,14810,12129.0,-1007.0,1,81.89736664415935,0
701329,2026-01,Oil & Gas,Ministry of Petroleum & Natural Gas,18936,13005.7,-518.0,1,68.68240388677651,1
701330,2026-01,Oil & Gas,Ministry of Petroleum & Natural Gas,7392,6344.0,-580.0,1,85.82251082251082,1
701338,2026-01,Oil & Gas,Ministry of Petroleum & Natural Gas,5535,4099.17,1954.0,0,74.05907859078592,0
701343,2026-01,Energy Storage,Ministry of Petroleum & Natural Gas,2658,2300.5,-1289.0,1,86.55003762227238,0
701344,2026-01,Oil & Gas,Ministry of Petroleum & Natural Gas,1031,910.6,-1181.0,1,88.32201745877789,1
701346,2026-01,Oil & Gas,Ministry of Petroleum & Natural Gas,9265,6678.0,-671.0,1,72.07771181867241,1
701349,2026-01,Energy Storage,Ministry of Petroleum & Natural Gas,10228,10463.0,-553.0,1,102.29761439186547,1
701350,2026-01,Oil & Gas,Ministry of Petroleum & Natural Gas,860,636.92,-407.0,1,74.06046511627906,0
701354,2026-01,Oil & Gas,Ministry of Petroleum & Natural Gas,7844,6932.1,-993.0,1,88.3745537990821,1
701370,2026-01,Water Resources,"Department of Water Resources, River Development & GR",256,44.7,-1127.0,1,17.4609375,0
701372,2026-01,Water Resources,"Department of Water Resources, River Development & GR",20718,31860.9,-2223.0,1,153.7836663770634,0
701376,2026-01,Water Resources,"Department of Water Resources, River Development & GR",3808,5888.13,-2223.0,1,154.62526260504202,0
701377,2026-01,Water Resources,"Department of Water Resources, River Development & GR",770,1515.6,-2223.0,1,196.8311688311688,0
701383,2026-01,Water Resources,"Department of Water Resources, River Development & GR",1059,1557.73,-2223.0,1,147.0944287063267,0
701386,2026-01,Water Resources,"Department of Water Resources, River Development & GR",7196,13966.2,-2223.0,1,194.082823790995,0
701391,2026-01,Water Resources,"Department of Water Resources, River Development & GR",210,1705.83,-2223.0,1,812.3,0
701395,2026-01,Water Resources,"Department of Water Resources, River Development & GR",220,115.2,-31.0,1,52.36363636363637,0
701396,2026-01,Water Resources,"Department of Water Resources, River Development & GR",256,1324.98,-2223.0,1,517.5703125,0
701398,2026-01,Water Resources,"Department of Water Resources, River Development & GR",211,626.06,-2223.0,1,296.71090047393363,0
701399,2026-01,Water Resources,"Department of Water Resources, River Development & GR",382,239.03,-31.0,1,62.573298429319365,0
701400,2026-01,Water Resources,"Department of Water Resources, River Development & GR",1449,1837.91,-2223.0,1,126.83988957902001,0
701404,2026-01,Water Resources,"Department of Water Resources, River Development & GR",989,2804.16,-2223.0,1,283.5348837209302,0
701405,2026-01,Water Resources,"Department of Water Resources, River Development & GR",8201,4664.8,-2223.0,1,56.88086818680649,0
701406,2026-01,Water Resources,"Department of Water Resources, River Development & GR",1402,1839.76,-2223.0,1,131.22396576319545,0
701408,2026-01,Water Resources,"Department of Water Resources, River Development & GR",1061,4575.74,-2223.0,1,431.26672950047123,0
701410,2026-01,Water Resources,"Department of Water Resources, River Development & GR",1441,2148.33,-1676.0,1,149.08605135322694,0
701411,2026-01,Water Resources,"Department of Water Resources, River Development & GR",2286,2184.72,-1311.0,1,95.56955380577426,1
701412,2026-01,Water Resources,"Department of Water Resources, River Development & GR",1622,172.97,-1767.0,1,10.66399506781751,0
701415,2026-01,Water Resources,"Department of Water Resources, River Development & GR",10151,25939.1,-1372.0,1,255.5324598561718,0
701565,2026-01,Inland Waterways,"Ministry of Ports, Shipping and Waterways",5369,3766.21,-762.0,1,70.14732724902217,0
701568,2026-01,Shipping,"Ministry of Ports, Shipping and Waterways",100,186.47,-1093.0,1,186.47,0
701570,2026-01,Shipping,"Ministry of Ports, Shipping and Waterways",171,137.51,-854.0,1,80.41520467836257,0
701574,2026-01,Shipping,"Ministry of Ports, Shipping and Waterways",3005,1277.52,699.0,0,42.513144758735436,0
701576,2026-01,Shipping,"Ministry of Ports, Shipping and Waterways",298,480.0,-123.0,1,161.0738255033557,0
701577,2026-01,Shipping,"Ministry of Ports, Shipping and Waterways",254,9.28,-153.0,1,3.653543307086614,0
701586,2026-01,Shipping,"Ministry of Ports, Shipping and Waterways",900,65.0,284.0,0,7.222222222222221,0
701593,2026-01,Telecommunication,Department of Telecommunications,28466,8471.19,-671.0,1,29.75897562003794,0
701597,2026-01,Telecommunication,Department of Telecommunications,1255,299.42,-1007.0,1,23.858167330677293,0
701598,2026-01,Telecommunication,Department of Telecommunications,972,216.36,-1430.0,1,22.259259259259263,1
701599,2026-01,Telecommunication,Department of Telecommunications,1578,662.54,-1037.0,1,41.98605830164765,0
701600,2026-01,Telecommunication,Department of Telecommunications,337,241.21,-1557.0,1,71.57566765578636,0
701602,2026-01,Telecommunication,Department of Telecommunications,3685,1342.65,-804.0,1,36.43554952510177,0
701657,2026-01,Real Estate,Department for Promotion of Industry & Internal Trade,1702,184.16,233.0,0,10.82021151586369,0
701658,2026-01,Real Estate,Department for Promotion of Industry & Internal Trade,2139,625.56,745.0,0,29.245441795231415,0
701719,2026-01,Real Estate,Ministry of Housing & Urban Affairs,539,39.63,-1304.0,1,7.3525046382189245,1
701745,2026-01,Urban Public Transport,Ministry of Housing & Urban Affairs,263,17.62,-1280.0,1,6.699619771863118,0
701766,2026-01,Real Estate,Ministry of Housing & Urban Affairs,151,18.95,-800.0,1,12.549668874172184,1
701991,2026-01,Urban Public Transport,Ministry of Housing & Urban Affairs,600,272.42,-915.0,1,45.403333333333336,1
702355,2026-01,Waste & Water,Ministry of Housing & Urban Affairs,210,,-682.0,1,,0
702625,2026-01,Urban Public Transport,Ministry of Housing & Urban Affairs,6941,3948.31,-1159.0,1,56.88387840368823,0
702626,2026-01,Urban Public Transport,Ministry of Housing & Urban Affairs,7501,4547.78,-1159.0,1,60.62898280229302,0
702627,2026-01,Urban Public Transport,Ministry of Housing & Urban Affairs,13366,4670.21,-705.0,1,34.94096962442017,0
702628,2026-01,Urban Public Transport,Ministry of Housing & Urban Affairs,11076,9093.53,-615.0,1,82.1012098230408,0
702629,2026-01,Urban Public Transport,Ministry of Housing & Urban Affairs,8380,6067.18,-615.0,1,72.40071599045346,0
702630,2026-01,Urban Public Transport,Ministry of Housing & Urban Affairs,12020,8371.28,-671.0,1,69.64459234608985,0
702631,2026-01,Urban Public Transport,Ministry of Housing & Urban Affairs,5384,4960.02,-671.0,1,92.12518573551264,0
702632,2026-01,Urban Public Transport,Ministry of Housing & Urban Affairs,24949,18768.4,-306.0,1,75.22706320894625,1
702633,2026-01,Urban Public Transport,Ministry of Housing & Urban Affairs,30274,27465.3,-215.0,1,90.7224020611746,1
702635,2026-01,Urban Public Transport,Ministry of Housing & Urban Affairs,26405,29718.0,-1776.0,1,112.54686612384018,0
702637,2026-01,Urban Public Transport,Ministry of Housing & Urban Affairs,23136,32732.8,-1037.0,1,141.4799446749654,0
702639,2026-01,Urban Public Transport,Ministry of Housing & Urban Affairs,10773,12330.3,-2863.0,1,114.45558340295182,1
702658,2026-01,Urban Public Transport,Ministry of Housing & Urban Affairs,6708,1530.96,699.0,0,22.82289803220036,0
702664,2026-01,Urban Public Transport,Ministry of Housing & Urban Affairs,1957,567.33,293.0,0,28.989780275932553,0
702665,2026-01,Urban Public Transport,Ministry of Housing & Urban Affairs,14788,9394.4,150.0,0,63.52718420340817,0
702668,2026-01,Urban Public Transport,Ministry of Housing & Urban Affairs,63246,30721.6,1308.0,0,48.57477152705309,0
702674,2026-01,Waste & Water,Ministry of Housing & Urban Affairs,172,88.86,-1037.0,1,51.662790697674424,1
702699,2026-01,Waste & Water,Ministry of Housing & Urban Affairs,159,93.35,-823.0,1,58.71069182389937,1
702734,2026-01,Waste & Water,Ministry of Housing & Urban Affairs,278,218.89,-854.0,1,78.73741007194243,1
702735,2026-01,Waste & Water,Ministry of Housing & Urban Affairs,213,168.14,-1037.0,1,78.93896713615023,1
702741,2026-01,Waste & Water,Ministry of Housing & Urban Affairs,217,129.16,-1037.0,1,59.52073732718895,1
702742,2026-01,Waste & Water,Ministry of Housing & Urban Affairs,159,87.5,-823.0,1,55.0314465408805,1
702746,2026-01,Waste & Water,Ministry of Housing & Urban Affairs,278,186.5,-1037.0,1,67.08633093525181,1
702760,2026-01,Waste & Water,Ministry of Housing & Urban Affairs,163,85.71,-915.0,1,52.58282208588957,1
702764,2026-01,Waste & Water,Ministry of Housing & Urban Affairs,175,93.18,-1037.0,1,53.245714285714286,1
702793,2026-01,Waste & Water,Ministry of Housing & Urban Affairs,287,252.5,-1037.0,1,87.97909407665504,1
702798,2026-01,Waste & Water,Ministry of Housing & Urban Affairs,362,324.79,-1037.0,1,89.72099447513813,1
702808,2026-01,Waste & Water,Ministry of Housing & Urban Affairs,192,192.79,-671.0,1,100.41145833333334,1
702810,2026-01,Waste & Water,Ministry of Housing & Urban Affairs,402,357.68,-1037.0,1,88.97512437810946,1
702833,2026-01,Waste & Water,Ministry of Housing & Urban Affairs,194,136.56,-823.0,1,70.3917525773196,1
702840,2026-01,Waste & Water,Ministry of Housing & Urban Affairs,205,186.13,-1037.0,1,90.79512195121951,1
702851,2026-01,Waste & Water,Ministry of Housing & Urban Affairs,236,184.98,-1037.0,1,78.38135593220339,1
702854,2026-01,Waste & Water,Ministry of Housing & Urban Affairs,180,166.32,-1037.0,1,92.39999999999999,1
702949,2026-01,Waste & Water,Ministry of Housing & Urban Affairs,562,485.91,-915.0,1,86.4608540925267,1
703021,2026-01,Waste & Water,Ministry of Housing & Urban Affairs,259,161.02,-887.0,1,62.16988416988417,1
703057,2026-01,Waste & Water,Ministry of Housing & Urban Affairs,287,213.64,-823.0,1,74.4390243902439,1
703585,2026-01,Railways,Ministry of Railways,314,163.55,-671.0,1,52.08598726114651,0
703586,2026-01,Railways,Ministry of Railways,499,677.84,-671.0,1,135.83967935871743,0
704495,2026-01,Telecommunication,Department of Telecommunications,422,146.22,-1417.0,1,34.649289099526065,0
705237,2026-01,Railways,Ministry of Railways,51101,124623.0,-1402.0,1,243.87585370149313,0
705244,2026-01,Railways,Ministry of Railways,520,192.25,-1492.0,1,36.97115384615385,0
705252,2026-01,Railways,Ministry of Railways,385,0.0,-792.0,1,0.0,0
705253,2026-01,Railways,Ministry of Railways,563,120.0,-1887.0,1,21.314387211367674,1
705298,2026-01,Railways,Ministry of Railways,274,0.0,-671.0,1,0.0,0
705356,2026-01,Railways,Ministry of Railways,2539,5211.1,59.0,0,205.242221346987,0
705357,2026-01,Railways,Ministry of Railways,138,903.95,424.0,0,655.036231884058,0
705358,2026-01,Railways,Ministry of Railways,3792,5370.68,334.0,0,141.63185654008439,0
705359,2026-01,Railways,Ministry of Railways,1928,2021.63,-306.0,1,104.85632780082987,1
705362,2026-01,Railways,Ministry of Railways,819,580.51,-1402.0,1,70.88034188034187,0
705364,2026-01,Railways,Ministry of Railways,614,490.41,-396.0,1,79.871335504886,0
705366,2026-01,Railways,Ministry of Railways,2067,2015.42,-2132.0,1,97.50459603289792,1
705368,2026-01,Railways,Ministry of Railways,1605,1651.44,-671.0,1,102.89345794392524,0
705373,2026-01,Railways,Ministry of Railways,1473,2542.82,-1037.0,1,172.6286490156144,0
705375,2026-01,Railways,Ministry of Railways,1626,2156.71,-337.0,1,132.6389913899139,0
705385,2026-01,Railways,Ministry of Railways,2555,1105.03,790.0,0,43.24970645792563,0
705391,2026-01,Railways,Ministry of Railways,14323,15849.5,334.0,0,110.65768344620541,0
705392,2026-01,Railways,Ministry of Railways,6663,5949.29,-311.0,1,89.28845865225874,0
705401,2026-01,Railways,Ministry of Railways,435,816.33,-306.0,1,187.66206896551725,1
705410,2026-01,Railways,Ministry of Railways,2018,89486.6,-31.0,1,4434.4202180376615,0
705419,2026-01,Railways,Ministry of Railways,2913,2128.16,-306.0,1,73.05732921386885,0
705424,2026-01,Railways,Ministry of Railways,1540,565.25,334.0,0,36.70454545454545,0
705428,2026-01,Railways,Ministry of Railways,13447,7290.03,334.0,0,54.21305867479735,0
705429,2026-01,Railways,Ministry of Railways,38953,27545.8,-31.0,1,70.71547762688368,0
705432,2026-01,Railways,Ministry of Railways,7877,10027.6,-3898.0,1,127.30227243874572,0
705433,2026-01,Railways,Ministry of Railways,1628,1440.85,-123.0,1,88.50429975429975,0
705434,2026-01,Railways,Ministry of Railways,2565,2156.91,-2498.0,1,84.09005847953216,0
705436,2026-01,Railways,Ministry of Railways,2501,1353.79,790.0,0,54.12994802079169,0
705437,2026-01,Railways,Ministry of Railways,1160,2342.66,424.0,0,201.95344827586203,0
705444,2026-01,Railways,Ministry of Railways,4970,4842.72,-1402.0,1,97.4390342052314,1
705450,2026-01,Railways,Ministry of Railways,402,368.52,-1402.0,1,91.67164179104476,0
705453,2026-01,Railways,Ministry of Railways,456,3963.21,393.0,0,869.125,0
705454,2026-01,Railways,Ministry of Railways,1794,1815.95,-35.0,1,101.22352285395763,0
705457,2026-01,Railways,Ministry of Railways,1656,4580.33,424.0,0,276.5899758454106,0
705458,2026-01,Railways,Ministry of Railways,484,648.18,-1767.0,1,133.92148760330576,0
705479,2026-01,Railways,Ministry of Railways,1886,730.33,424.0,0,38.7237539766702,0
705480,2026-01,Railways,Ministry of Railways,8914,6652.56,424.0,0,74.63046892528608,0
705481,2026-01,Railways,Ministry of Railways,3032,3829.55,-37.0,1,126.30441952506597,0
705482,2026-01,Railways,Ministry of Railways,747,446.59,-2529.0,1,59.78447121820616,0
705490,2026-01,Railways,Ministry of Railways,2842,1436.64,424.0,0,50.550316678395504,0
705491,2026-01,Railways,Ministry of Railways,297,138.39,150.0,0,46.59595959595959,0
705492,2026-01,Railways,Ministry of Railways,825,732.7,-215.0,1,88.81212121212123,0
705494,2026-01,Railways,Ministry of Railways,2496,1847.89,-3776.0,1,74.03405448717949,0
705495,2026-01,Railways,Ministry of Railways,1378,750.4,424.0,0,54.45573294629899,0
705496,2026-01,Railways,Ministry of Railways,1876,523.94,-2498.0,1,27.92857142857143,0
705498,2026-01,Railways,Ministry of Railways,793,1024.34,334.0,0,129.17276166456492,0
705500,2026-01,Railways,Ministry of Railways,540,798.89,-31.0,1,147.9425925925926,0
705502,2026-01,Railways,Ministry of Railways,1385,1743.27,-31.0,1,125.8678700361011,0
705503,2026-01,Railways,Ministry of Railways,4028,5142.37,-337.0,1,127.66559086395233,0
705504,2026-01,Railways,Ministry of Railways,2081,2982.69,-61.0,1,143.32964920711197,0
705505,2026-01,Railways,Ministry of Railways,638,1040.86,-31.0,1,163.14420062695922,0
705506,2026-01,Railways,Ministry of Railways,1035,1800.16,-396.0,1,173.92850241545895,0
705507,2026-01,Railways,Ministry of Railways,2450,2013.98,424.0,0,82.20326530612245,0
705510,2026-01,Railways,Ministry of Railways,1284,1323.62,-427.0,1,103.08566978193146,0
705511,2026-01,Railways,Ministry of Railways,1547,1356.59,-671.0,1,87.69166127989656,0
705512,2026-01,Railways,Ministry of Railways,2500,2087.36,-1402.0,1,83.4944,0
705513,2026-01,Railways,Ministry of Railways,2362,1892.65,669.0,0,80.12912785774768,0
705514,2026-01,Railways,Ministry of Railways,1000,434.84,-2636.0,1,43.483999999999995,1
705515,2026-01,Railways,Ministry of Railways,1173,2083.09,59.0,0,177.58653026427965,0
705526,2026-01,Railways,Ministry of Railways,519,53632.3,-306.0,1,10333.776493256262,0
705527,2026-01,Railways,Ministry of Railways,1216,2084.79,-38.0,1,171.44654605263156,0
705528,2026-01,Railways,Ministry of Railways,1586,1480.31,-580.0,1,93.33606557377048,1
705562,2026-01,Railways,Ministry of Railways,963,912.43,-340.0,1,94.74870197300103,1
705567,2026-01,Railways,Ministry of Railways,1016,1489.37,-312.0,1,146.59153543307087,1
705572,2026-01,Railways,Ministry of Railways,4060,3757.77,59.0,0,92.55591133004926,0
705583,2026-01,Railways,Ministry of Railways,667,291.39,-1037.0,1,43.68665667166417,0
705588,2026-01,Railways,Ministry of Railways,722,1619.0,-306.0,1,224.2382271468144,0
705598,2026-01,Railways,Ministry of Railways,2002,1862.02,-1402.0,1,93.007992007992,0
705608,2026-01,Railways,Ministry of Railways,4330,2484.54,59.0,0,57.3796766743649,0
705610,2026-01,Railways,Ministry of Railways,302,544.65,-31.0,1,180.34768211920527,0
705612,2026-01,Railways,Ministry of Railways,1953,4139.07,-337.0,1,211.93394777265743,0
705613,2026-01,Railways,Ministry of Railways,2595,3632.03,-365.0,1,139.9626204238921,0
705616,2026-01,Railways,Ministry of Railways,2140,2217.72,-457.0,1,103.63177570093458,0
705617,2026-01,Railways,Ministry of Railways,3545,3589.67,-396.0,1,101.26008462623413,0
705628,2026-01,Railways,Ministry of Railways,3029,2551.56,-215.0,1,84.23770221195113,0
705629,2026-01,Railways,Ministry of Railways,2400,2481.92,-31.0,1,103.41333333333334,1
705632,2026-01,Railways,Ministry of Railways,647,1060.15,-384.0,1,163.8562596599691,0
705633,2026-01,Railways,Ministry of Railways,3733,4809.39,-31.0,1,128.83444950442004,0
705635,2026-01,Railways,Ministry of Railways,1432,2851.29,-313.0,1,199.11243016759778,1
705638,2026-01,Railways,Ministry of Railways,813,86.79,424.0,0,10.675276752767529,0
705639,2026-01,Railways,Ministry of Railways,601,298.71,790.0,0,49.70216306156406,0
705648,2026-01,Railways,Ministry of Railways,6654,6114.84,-427.0,1,91.89720468890893,0
705650,2026-01,Railways,Ministry of Railways,5060,5282.88,424.0,0,104.40474308300396,0
705651,2026-01,Railways,Ministry of Railways,2478,3357.47,-1402.0,1,135.4911218724778,0
705659,2026-01,Railways,Ministry of Railways,500,559.49,59.0,0,111.89800000000001,0
705660,2026-01,Railways,Ministry of Railways,2445,3267.93,-36.0,1,133.65766871165644,0
705661,2026-01,Railways,Ministry of Railways,1248,1722.72,-488.0,1,138.03846153846152,1
705662,2026-01,Railways,Ministry of Railways,1878,2709.7,-396.0,1,144.28647497337593,0
705663,2026-01,Railways,Ministry of Railways,493,282.53,28.0,0,57.30831643002028,0
705667,2026-01,Railways,Ministry of Railways,5961,5069.6,-396.0,1,85.04613319912767,0
705668,2026-01,Railways,Ministry of Railways,3250,3248.61,-306.0,1,99.95723076923078,0
705728,2026-01,Railways,Ministry of Railways,108000,86792.9,577.0,0,80.36379629629629,0
705730,2026-01,Railways,Ministry of Railways,4835,4799.48,334.0,0,99.26535677352636,0
705735,2026-01,Railways,Ministry of Railways,905,1199.39,424.0,0,132.5292817679558,0
705741,2026-01,Railways,Ministry of Railways,748,14.27,912.0,0,1.9077540106951871,0
705742,2026-01,Railways,Ministry of Railways,2344,493.99,2738.0,0,21.074658703071673,0
705752,2026-01,Railways,Ministry of Railways,819,387.46,303.0,0,47.30891330891331,0
705761,2026-01,Railways,Ministry of Railways,1454,81.36,669.0,0,5.595598349381018,0
705763,2026-01,Railways,Ministry of Railways,7474,2064.85,1703.0,0,27.627107305325126,0
705764,2026-01,Railways,Ministry of Railways,495,176.42,59.0,0,35.640404040404036,0
705765,2026-01,Railways,Ministry of Railways,686,602.54,54.0,0,87.8338192419825,0
705766,2026-01,Railways,Ministry of Railways,304,243.0,-396.0,1,79.93421052631578,0
705771,2026-01,Railways,Ministry of Railways,494,384.81,59.0,0,77.89676113360325,0
705772,2026-01,Railways,Ministry of Railways,2649,1766.03,334.0,0,66.66779916949793,0
705774,2026-01,Railways,Ministry of Railways,758,453.66,-365.0,1,59.849604221635886,0
705777,2026-01,Railways,Ministry of Railways,250,115.69,28.0,0,46.276,0
705780,2026-01,Railways,Ministry of Railways,2529,2080.46,-396.0,1,82.26413602214315,1
705782,2026-01,Railways,Ministry of Railways,407,381.0,-306.0,1,93.61179361179362,0
705783,2026-01,Railways,Ministry of Railways,238,135.92,-306.0,1,57.10924369747899,1
705785,2026-01,Railways,Ministry of Railways,473,291.12,150.0,0,61.547568710359414,0
705793,2026-01,Railways,Ministry of Railways,6806,9341.42,-671.0,1,137.2527181898325,0
705794,2026-01,Railways,Ministry of Railways,6685,127.03,-671.0,1,1.900224382946896,0
705799,2026-01,Railways,Ministry of Railways,1400,1472.0,-31.0,1,105.14285714285714,0
705912,2026-01,Railways,Ministry of Railways,1204,147.71,424.0,0,12.26827242524917,0
705918,2026-01,Railways,Ministry of Railways,1457,400.19,272.0,0,27.46671242278655,0
705919,2026-01,Railways,Ministry of Railways,1390,389.98,515.0,0,28.05611510791367,0
705933,2026-01,Railways,Ministry of Railways,1096,1067.49,638.0,0,97.39872262773723,0
705941,2026-01,Railways,Ministry of Railways,15767,2384.86,334.0,0,15.125642164013447,0
706718,2026-01,Aviation & Aviation Infrastructure,Ministry of Civil Aviation,499,161.3,-567.0,1,32.324649298597194,0
706724,2026-01,Aviation & Aviation Infrastructure,Ministry of Civil Aviation,1712,2558.19,-306.0,1,149.4269859813084,1
706757,2026-01,Railways,Ministry of Railways,262,342.95,-306.0,1,130.8969465648855,0
706759,2026-01,Railways,Ministry of Railways,2374,1493.16,-426.0,1,62.89637742207246,0
706763,2026-01,Railways,Ministry of Railways,1081,861.18,273.0,0,79.66512488436632,0
706775,2026-01,Telecommunication,Department of Telecommunications,61109,46431.5,-884.0,1,75.98144299530347,0
706776,2026-01,Railways,Ministry of Railways,4830,2764.13,212.0,0,57.22836438923395,0
706777,2026-01,Railways,Ministry of Railways,2298,393.02,334.0,0,17.102697998259355,0
706779,2026-01,Railways,Ministry of Railways,8087,7442.71,-4324.0,1,92.03301595152715,0
706780,2026-01,Railways,Ministry of Railways,33690,3069.68,699.0,0,9.111546452953398,0
706781,2026-01,Railways,Ministry of Railways,10947,5914.63,-1402.0,1,54.02968849913218,0
706811,2026-01,Steel,Ministry of Steel,2907,3362.98,-946.0,1,115.68558651530788,1
706835,2026-01,Railways,Ministry of Railways,1591,0.38,699.0,0,0.023884349465744813,0
706837,2026-01,Railways,Ministry of Railways,349,118.77,668.0,0,34.03151862464183,0
706854,2026-01,Railways,Ministry of Railways,1376,179.52,1611.0,0,13.046511627906979,0
706860,2026-01,Railways,Ministry of Railways,645,43.21,-183.0,1,6.699224806201551,0
706866,2026-01,Railways,Ministry of Railways,304,64.85,59.0,0,21.332236842105264,0
706898,2026-01,Railways,Ministry of Railways,268,0.0,-1767.0,1,0.0,0
706922,2026-01,Railways,Ministry of Railways,890,391.73,-1976.0,1,44.01460674157304,0
706940,2026-01,Railways,Ministry of Railways,184,0.0,-610.0,1,0.0,0
706942,2026-01,Railways,Ministry of Railways,238,0.0,-610.0,1,0.0,0
706950,2026-01,Railways,Ministry of Railways,744,1154.0,-1037.0,1,155.10752688172042,0
707020,2026-01,Healthcare,Ministry of Health & Family Welfare,250,86.21,-117.0,1,34.483999999999995,0
707021,2026-01,Healthcare,Ministry of Health & Family Welfare,250,255.0,200.0,0,102.0,0
707022,2026-01,Healthcare,Ministry of Health & Family Welfare,250,5.0,-144.0,1,2.0,0
707039,2026-01,Healthcare,Ministry of Health & Family Welfare,250,645.21,334.0,0,258.084,0
707044,2026-01,Healthcare,Ministry of Health & Family Welfare,325,158.49,334.0,0,48.76615384615385,0
707045,2026-01,Healthcare,Ministry of Health & Family Welfare,325,302.5,120.0,0,93.07692307692308,0
707046,2026-01,Healthcare,Ministry of Health & Family Welfare,325,20.0,424.0,0,6.153846153846154,0
707049,2026-01,Healthcare,Ministry of Health & Family Welfare,325,425.34,59.0,0,130.87384615384613,0
707050,2026-01,Healthcare,Ministry of Health & Family Welfare,325,918.64,-488.0,1,282.65846153846155,0
707058,2026-01,Healthcare,Ministry of Health & Family Welfare,325,158.0,-652.0,1,48.61538461538461,0
707059,2026-01,Healthcare,Ministry of Health & Family Welfare,325,63.41,67.0,0,19.510769230769228,0
707069,2026-01,Healthcare,Ministry of Health & Family Welfare,325,,1065.0,0,,0
707070,2026-01,Healthcare,Ministry of Health & Family Welfare,325,,1065.0,0,,0
707086,2026-01,Healthcare,Ministry of Health & Family Welfare,325,261.0,334.0,0,80.3076923076923,0
707087,2026-01,Healthcare,Ministry of Health & Family Welfare,325,313.08,334.0,0,96.33230769230768,0
707215,2026-01,"Tourism, Hospitality & Wellness","Ministry of Ports, Shipping and Waterways",573,545.51,-671.0,1,95.2024432809773,0
707229,2026-01,Real Estate,Ministry of Housing & Urban Affairs,210,,-976.0,1,,0
707267,2026-01,Waste & Water,Ministry of Housing & Urban Affairs,200,100.0,-946.0,1,50.0,0
707410,2026-01,Logistics Infrastructure,Department for Promotion of Industry & Internal Trade,763,430.0,-762.0,1,56.356487549148106,0
708662,2026-01,Healthcare,"Ministry of Ports, Shipping and Waterways",693,58.0,150.0,0,8.369408369408369,0
709747,2026-01,Electricity Generation,Ministry of Power,339,317.59,-31.0,1,93.68436578171091,0
709749,2026-01,Telecommunication,Department of Telecommunications,461,166.02,-1688.0,1,36.01301518438178,0
709750,2026-01,Oil & Gas,Ministry of Petroleum & Natural Gas,205,80.82,-132.0,1,39.42439024390244,0
709752,2026-01,Oil & Gas,Ministry of Petroleum & Natural Gas,160,106.27,-580.0,1,66.41874999999999,1
709753,2026-01,Oil & Gas,Ministry of Petroleum & Natural Gas,1010,762.7,-84.0,1,75.51485148514851,0
709754,2026-01,Energy Storage,Ministry of Petroleum & Natural Gas,156,80.88,519.0,0,51.84615384615384,0
709755,2026-01,Energy Storage,Ministry of Petroleum & Natural Gas,384,183.99,519.0,0,47.91406250000001,0
709757,2026-01,Oil & Gas,Ministry of Petroleum & Natural Gas,1377,360.24,1611.0,0,26.161220043572985,0
709758,2026-01,Oil & Gas,Ministry of Petroleum & Natural Gas,2628,371.77,1611.0,0,14.14649923896499,0
709759,2026-01,Energy Storage,Ministry of Petroleum & Natural Gas,461,178.98,309.0,0,38.82429501084598,0
709760,2026-01,Oil & Gas,Ministry of Petroleum & Natural Gas,240,88.15,78.0,0,36.72916666666667,1
709766,2026-01,Oil & Gas,Ministry of Petroleum & Natural Gas,1420,169.14,1520.0,0,11.911267605633801,0
709770,2026-01,Oil & Gas,Ministry of Petroleum & Natural Gas,151,8.81,2799.0,0,5.8344370860927155,0
709771,2026-01,Oil & Gas,Ministry of Petroleum & Natural Gas,865,77.25,2068.0,0,8.93063583815029,0
709772,2026-01,Oil & Gas,Ministry of Petroleum & Natural Gas,609,61.31,1976.0,0,10.067323481116585,0
709773,2026-01,Oil & Gas,Ministry of Petroleum & Natural Gas,538,4.29,2251.0,0,0.7973977695167287,1
709774,2026-01,Oil & Gas,Ministry of Petroleum & Natural Gas,463,293.54,-31.0,1,63.39956803455724,0
709776,2026-01,Oil & Gas,Ministry of Petroleum & Natural Gas,277,196.25,242.0,0,70.84837545126354,0
709777,2026-01,Oil & Gas,Ministry of Petroleum & Natural Gas,389,91.23,-276.0,1,23.452442159383036,1
709778,2026-01,Oil & Gas,Ministry of Petroleum & Natural Gas,328,163.55,-176.0,1,49.862804878048784,1
709779,2026-01,Oil & Gas,Ministry of Petroleum & Natural Gas,768,151.23,36.0,0,19.69140625,0
709780,2026-01,Oil & Gas,Ministry of Petroleum & Natural Gas,341,284.84,212.0,0,83.53079178885629,0
709781,2026-01,Oil & Gas,Ministry of Petroleum & Natural Gas,260,13.41,515.0,0,5.157692307692308,0
709782,2026-01,Oil & Gas,Ministry of Petroleum & Natural Gas,165,94.37,-163.0,1,57.193939393939395,1
709783,2026-01,Oil & Gas,Ministry of Petroleum & Natural Gas,165,164.54,-946.0,1,99.72121212121212,0
709785,2026-01,Oil & Gas,Ministry of Petroleum & Natural Gas,202,63.32,8.0,0,31.346534653465348,0
709786,2026-01,Oil & Gas,Ministry of Petroleum & Natural Gas,228,17.08,668.0,0,7.4912280701754375,0
709791,2026-01,Oil & Gas,Ministry of Petroleum & Natural Gas,1017,216.59,1520.0,0,21.296951819075712,0
709792,2026-01,Oil & Gas,Ministry of Petroleum & Natural Gas,3638,445.93,1520.0,0,12.257559098405718,0
709793,2026-01,Oil & Gas,Ministry of Petroleum & Natural Gas,3919,476.66,1611.0,0,12.162796631793825,0
709794,2026-01,Oil & Gas,Ministry of Petroleum & Natural Gas,3207,378.93,1611.0,0,11.815715622076707,0
709795,2026-01,Oil & Gas,Ministry of Petroleum & Natural Gas,16654,660.14,1611.0,0,3.9638525279212202,0
709796,2026-01,Oil & Gas,Ministry of Petroleum & Natural Gas,3685,268.96,1520.0,0,7.298778833107191,0
709797,2026-01,Oil & Gas,Ministry of Petroleum & Natural Gas,2585,972.34,120.0,0,37.6147001934236,0
709798,2026-01,Oil & Gas,Ministry of Petroleum & Natural Gas,43367,2703.6,851.0,0,6.234233403278991,0
709799,2026-01,Oil & Gas,Ministry of Petroleum & Natural Gas,4460,443.12,638.0,0,9.93542600896861,0
709800,2026-01,Oil & Gas,Ministry of Petroleum & Natural Gas,394,155.37,59.0,0,39.434010152284266,1
709811,2026-01,Railways,Ministry of Railways,190,,607.0,0,,0
709812,2026-01,Railways,Ministry of Railways,462,178.33,1611.0,0,38.5995670995671,0
709813,2026-01,Railways,Ministry of Railways,437,95.69,881.0,0,21.897025171624712,0
709815,2026-01,Railways,Ministry of Railways,177,,365.0,0,,0
709816,2026-01,Railways,Ministry of Railways,177,1.91,393.0,0,1.07909604519774,0
709817,2026-01,Railways,Ministry of Railways,169,20.47,303.0,0,12.112426035502958,0
709818,2026-01,Railways,Ministry of Railways,328,63.51,365.0,0,19.36280487804878,0
709819,2026-01,Railways,Ministry of Railways,168,0.18,334.0,0,0.10714285714285715,0
709826,2026-01,Steel,Ministry of Steel,2719,1430.03,0.0,0,52.59396837072453,0
709827,2026-01,Steel,Ministry of Steel,350,309.3,-31.0,1,88.37142857142858,0
709830,2026-01,Metals & Mining,Ministry of Mines,355,163.55,303.0,0,46.07042253521127,0
709831,2026-01,Metals & Mining,Ministry of Mines,483,423.32,-245.0,1,87.64389233954452,0
709832,2026-01,Metals & Mining,Ministry of Mines,166,135.0,-306.0,1,81.32530120481928,0
709837,2026-01,Oil & Gas,Ministry of Petroleum & Natural Gas,209,72.24,-610.0,1,34.5645933014354,1
709838,2026-01,Oil & Gas,Ministry of Petroleum & Natural Gas,621,153.79,-427.0,1,24.764895330112722,0
709839,2026-01,Oil & Gas,Ministry of Petroleum & Natural Gas,4144,5302.0,-92.0,1,127.94401544401543,1
709840,2026-01,Oil & Gas,Ministry of Petroleum & Natural Gas,249,210.45,-355.0,1,84.51807228915662,1
709841,2026-01,Oil & Gas,Ministry of Petroleum & Natural Gas,173,157.81,-197.0,1,91.21965317919076,1
709842,2026-01,Oil & Gas,Ministry of Petroleum & Natural Gas,1487,940.0,424.0,0,63.214525891055814,0
709845,2026-01,Oil & Gas,Ministry of Petroleum & Natural Gas,837,327.55,212.0,0,39.13381123058542,0
709846,2026-01,Oil & Gas,Ministry of Petroleum & Natural Gas,1219,745.0,-626.0,1,61.11566858080394,1
709847,2026-01,Oil & Gas,Ministry of Petroleum & Natural Gas,481,227.27,86.0,0,47.24948024948025,1
709848,2026-01,Oil & Gas,Ministry of Petroleum & Natural Gas,2329,1223.5,108.0,0,52.53327608415629,0
709849,2026-01,Oil & Gas,Ministry of Petroleum & Natural Gas,2380,2115.21,28.0,0,88.87436974789917,0
709850,2026-01,Oil & Gas,Ministry of Petroleum & Natural Gas,199,70.85,105.0,0,35.60301507537688,1
709851,2026-01,Oil & Gas,Ministry of Petroleum & Natural Gas,6184,895.56,454.0,0,14.481888745148769,0
709856,2026-01,Telecommunication,Department of Telecommunications,645,377.59,-518.0,1,58.541085271317826,1
709857,2026-01,Telecommunication,Department of Telecommunications,24545,8472.04,-224.0,1,34.51635771032797,1
709859,2026-01,Telecommunication,Department of Telecommunications,248,236.91,-2175.0,1,95.52822580645162,0
709864,2026-01,Oil & Gas,Ministry of Petroleum & Natural Gas,370,282.45,-563.0,1,76.33783783783782,1
709865,2026-01,Oil & Gas,Ministry of Petroleum & Natural Gas,294,97.22,-396.0,1,33.06802721088435,0
900808,2026-01,Transmission & Distribution,Ministry of Power,3547,3476.0,-427.0,1,97.99830842965886,1
900874,2026-01,Railways,Ministry of Railways,588,1.19,790.0,0,0.20238095238095236,0
400005,2026-02,Transmission & Distribution,Ministry of Power,4546,4500.79,-992.0,1,99.0054993400792,0
400006,2026-02,Railways,Ministry of Railways,809,565.72,-120.0,1,69.92830655129791,0
400010,2026-02,Aviation & Aviation Infrastructure,Ministry of Civil Aviation,480,492.25,-1628.0,1,102.55208333333334,0
400012,2026-02,Energy Storage,Ministry of Petroleum & Natural Gas,10088,8130.19,-1521.0,1,80.59268437747818,1
400013,2026-02,Telecommunication,Department of Telecommunications,26316,9791.8,-618.0,1,37.20854233166134,1
400018,2026-02,Coal,Ministry of Coal,859,455.31,1127.0,0,53.0046565774156,0
400019,2026-02,Railways,Ministry of Railways,493,476.12,306.0,0,96.57606490872212,0
400022,2026-02,Railways,Ministry of Railways,2798,2311.66,1614.0,0,82.61829878484632,0
400023,2026-02,Railways,Ministry of Railways,749,0.94,792.0,0,0.1255006675567423,1
400033,2026-02,Coal,Ministry of Coal,581,105.46,762.0,0,18.151462994836486,0
400035,2026-02,Energy Storage,Ministry of Petroleum & Natural Gas,656,509.07,-151.0,1,77.60213414634146,0
400043,2026-02,Energy Storage,Ministry of Petroleum & Natural Gas,829,335.37,92.0,0,40.45476477683957,1
400045,2026-02,Railways,Ministry of Railways,168,69.85,-334.0,1,41.57738095238095,0
400047,2026-02,Railways,Ministry of Railways,210,37.26,-424.0,1,17.74285714285714,0
400048,2026-02,Railways,Ministry of Railways,186,95.57,-424.0,1,51.38172043010753,1
400062,2026-02,Electricity Generation,Ministry of Power,17673,1594.35,1218.0,0,9.021388558818536,0
400073,2026-02,Coal,Ministry of Coal,799,429.94,2223.0,0,53.80976220275344,0
400074,2026-02,Coal,Ministry of Coal,908,278.34,1127.0,0,30.654185022026432,0
400078,2026-02,Energy Storage,Ministry of Petroleum & Natural Gas,9028,7343.81,-436.0,1,81.34481612760301,0
400081,2026-02,Education,Department of Sports,906,571.72,-551.0,1,63.103752759381905,0
400087,2026-02,Oil & Gas,Ministry of Petroleum & Natural Gas,886,944.04,396.0,0,106.55079006772009,1
400093,2026-02,Water Resources,"Department of Water Resources, River Development & GR",1673,22.24,-2251.0,1,1.3293484757919904,0
400095,2026-02,Water Resources,"Department of Water Resources, River Development & GR",744,414.98,-2251.0,1,55.776881720430104,0
400096,2026-02,Water Resources,"Department of Water Resources, River Development & GR",648,208.06,-2251.0,1,32.108024691358025,1
400097,2026-02,Water Resources,"Department of Water Resources, River Development & GR",5022,4956.98,-2251.0,1,98.705296694544,0
400100,2026-02,Water Resources,"Department of Water Resources, River Development & GR",353,869.11,-2251.0,1,246.20679886685554,0
400101,2026-02,Water Resources,"Department of Water Resources, River Development & GR",397,619.46,-2251.0,1,156.0352644836272,0
400102,2026-02,Water Resources,"Department of Water Resources, River Development & GR",736,940.7,-2251.0,1,127.8125,0
400103,2026-02,Water Resources,"Department of Water Resources, River Development & GR",1331,4491.08,-2251.0,1,337.42148760330576,0
400104,2026-02,Water Resources,"Department of Water Resources, River Development & GR",571,447.68,-2251.0,1,78.40280210157619,0
400105,2026-02,Water Resources,"Department of Water Resources, River Development & GR",581,713.46,-1339.0,1,122.79862306368332,0
400107,2026-02,Water Resources,"Department of Water Resources, River Development & GR",2408,2623.44,-974.0,1,108.94684385382061,0
400109,2026-02,Water Resources,"Department of Water Resources, River Development & GR",848,690.49,-2069.0,1,81.42570754716981,0
400111,2026-02,Water Resources,"Department of Water Resources, River Development & GR",460,618.85,-2251.0,1,134.5326086956522,0
400112,2026-02,Water Resources,"Department of Water Resources, River Development & GR",7223,9390.82,853.0,0,130.01273708985187,0
400115,2026-02,Water Resources,"Department of Water Resources, River Development & GR",751,783.1,-2251.0,1,104.27430093209055,0
400116,2026-02,Water Resources,"Department of Water Resources, River Development & GR",1229,2076.79,-2251.0,1,168.98209926769732,1
400119,2026-02,Oil & Gas,Ministry of Petroleum & Natural Gas,3191,3123.2,-2861.0,1,97.875274208712,1
400120,2026-02,Oil & Gas,Ministry of Petroleum & Natural Gas,34012,32765.1,-2069.0,1,96.3339409620134,1
400121,2026-02,Steel,Ministry of Steel,1044,518.05,178.0,0,49.62164750957854,0
400136,2026-02,Coal,Ministry of Coal,2660,6.57,2223.0,0,0.2469924812030075,0
400138,2026-02,Coal,Ministry of Coal,974,440.75,2223.0,0,45.25154004106776,0
400139,2026-02,Coal,Ministry of Coal,861,455.95,2223.0,0,52.95586527293844,0
400141,2026-02,Metals & Mining,Ministry of Mines,4103,4640.29,-1155.0,1,113.09505240068243,0
400142,2026-02,Coal,Ministry of Coal,2243,1295.12,945.0,0,57.74052608114132,0
400144,2026-02,Coal,Ministry of Coal,2310,94.48,1127.0,0,4.09004329004329,0
400148,2026-02,Coal,Ministry of Coal,869,281.8,-1795.0,1,32.42807825086306,0
400149,2026-02,Coal,Ministry of Coal,2310,958.83,1127.0,0,41.50779220779221,0
400150,2026-02,Coal,Ministry of Coal,7254,1628.47,762.0,0,22.449269368624208,0
400151,2026-02,Coal,Ministry of Coal,779,602.95,1127.0,0,77.400513478819,0
400153,2026-02,Coal,Ministry of Coal,1020,84.94,762.0,0,8.327450980392156,0
400154,2026-02,Coal,Ministry of Coal,713,236.58,396.0,0,33.180925666199165,0
400155,2026-02,Coal,Ministry of Coal,2898,185.19,1857.0,0,6.390269151138717,0
400156,2026-02,Coal,Ministry of Coal,5136,1298.91,762.0,0,25.29030373831776,0
400160,2026-02,Coal,Ministry of Coal,511,488.71,-3621.0,1,95.63796477495107,0
400162,2026-02,Coal,Ministry of Coal,999,494.61,-1065.0,1,49.510510510510514,0
400165,2026-02,Coal,Ministry of Coal,1694,1327.55,2246.0,0,78.36776859504133,0
400166,2026-02,Coal,Ministry of Coal,5195,3465.14,1127.0,0,66.7014436958614,0
400167,2026-02,Oil & Gas,Ministry of Petroleum & Natural Gas,1163,1147.49,31.0,0,98.66638005159072,1
400168,2026-02,Oil & Gas,Ministry of Petroleum & Natural Gas,8797,7750.46,-326.0,1,88.10344435603047,1
400169,2026-02,Oil & Gas,Ministry of Petroleum & Natural Gas,631,600.07,-334.0,1,95.09825673534074,1
400171,2026-02,Oil & Gas,Ministry of Petroleum & Natural Gas,1421,1239.51,-1106.0,1,87.22800844475721,1
400172,2026-02,Coal,Ministry of Coal,514,231.46,31.0,0,45.03112840466926,0
400173,2026-02,Coal,Ministry of Coal,889,122.69,31.0,0,13.80089988751406,0
400174,2026-02,Steel,Ministry of Steel,1034,980.21,-3042.0,1,94.79787234042554,0
400177,2026-02,Coal,Ministry of Coal,727,538.98,-334.0,1,74.1375515818432,0
400178,2026-02,Coal,Ministry of Coal,823,630.33,396.0,0,76.58930741190765,0
400180,2026-02,Coal,Ministry of Coal,570,83.74,31.0,0,14.691228070175438,0
400181,2026-02,Coal,Ministry of Coal,503,72.0,1127.0,0,14.314115308151093,0
400182,2026-02,Coal,Ministry of Coal,535,5.59,396.0,0,1.044859813084112,0
400183,2026-02,Coal,Ministry of Coal,3504,932.85,1127.0,0,26.622431506849313,0
400185,2026-02,Coal,Ministry of Coal,8416,1765.48,1492.0,0,20.977661596958175,0
400186,2026-02,Coal,Ministry of Coal,749,53.17,1127.0,0,7.098798397863819,0
400187,2026-02,Coal,Ministry of Coal,2435,1903.89,396.0,0,78.18850102669404,0
400188,2026-02,Real Estate,Ministry of Housing & Urban Affairs,32850,12975.3,-59.0,1,39.4986301369863,0
400192,2026-02,Coal,Ministry of Power,1581,600.3,92.0,0,37.969639468690694,0
400203,2026-02,Railways,Ministry of Coal,1686,561.94,306.0,0,33.32977461447212,0
400204,2026-02,Railways,Ministry of Railways,4940,971.42,1705.0,0,19.664372469635627,0
400205,2026-02,Railways,Ministry of Railways,1320,480.79,1127.0,0,36.42348484848485,0
400220,2026-02,Railways,Ministry of Railways,3055,2654.6,-2708.0,1,86.8936170212766,1
400223,2026-02,Railways,Ministry of Railways,713,633.24,391.0,0,88.81346423562412,0
400231,2026-02,Electricity Generation,Ministry of Coal,27213,2819.83,1492.0,0,10.36206959908867,0
400232,2026-02,Railways,Ministry of Railways,297,224.39,301.0,0,75.55218855218855,0
400247,2026-02,Railways,Ministry of Railways,1000,1060.34,365.0,0,106.03399999999998,1
400253,2026-02,Railways,Ministry of Railways,4803,6166.7,-64.0,1,128.3926712471372,0
400254,2026-02,Railways,Ministry of Railways,735,589.31,-424.0,1,80.178231292517,0
400259,2026-02,Electricity Generation,Ministry of Coal,17238,20991.2,-1920.0,1,121.77282747418494,0
400261,2026-02,Electricity Generation,Ministry of Power,18668,18359.0,-1065.0,1,98.34476108849368,1
400271,2026-02,Railways,Ministry of Railways,3445,3002.93,-337.0,1,87.16777939042089,0
400273,2026-02,Railways,Ministry of Railways,1189,1365.49,-2526.0,1,114.84356602186712,0
400275,2026-02,Railways,Ministry of Railways,3631,1209.16,-165.0,1,33.30101900302947,0
400277,2026-02,Railways,Ministry of Railways,8964,8543.75,-59.0,1,95.31180276662205,1
400280,2026-02,Railways,Ministry of Railways,734,484.91,-219.0,1,66.06403269754769,0
400291,2026-02,Railways,Ministry of Railways,1589,1618.58,-2160.0,1,101.86154814348647,1
400298,2026-02,Railways,Ministry of Railways,2312,2892.1,457.0,0,125.09083044982698,0
400299,2026-02,Metals & Mining,Ministry of Mines,1381,769.97,-334.0,1,55.75452570601014,1
400301,2026-02,Energy Storage,Ministry of Petroleum & Natural Gas,678,994.21,-3290.0,1,146.63864306784663,0
400312,2026-02,Coal,Ministry of Coal,1210,592.29,1127.0,0,48.9495867768595,0
400313,2026-02,Coal,Ministry of Coal,2662,799.12,-2393.0,1,30.019534184823442,0
400315,2026-02,Coal,Ministry of Coal,5366,607.47,1127.0,0,11.320723071188969,0
400321,2026-02,Coal,Ministry of Coal,1730,892.81,-334.0,1,51.60751445086705,0
400352,2026-02,Coal,Ministry of Coal,765,145.81,1857.0,0,19.060130718954248,0
400353,2026-02,Coal,Ministry of Coal,711,172.84,762.0,0,24.30942334739803,0
400354,2026-02,Coal,Ministry of Coal,5241,2873.06,1127.0,0,54.8189276855562,0
400369,2026-02,Coal,Ministry of Coal,836,832.78,-699.0,1,99.61483253588517,0
400382,2026-02,Shipping,"Ministry of Ports, Shipping and Waterways",6000,5999.89,-1065.0,1,99.99816666666668,0
400392,2026-02,Coal,Ministry of Coal,2839,1698.0,1127.0,0,59.80979218034519,0
400416,2026-02,Railways,Ministry of Coal,1800,1663.13,-243.0,1,92.39611111111111,1
400424,2026-02,Coal,Ministry of Coal,11816,6846.96,-1065.0,1,57.94651320243738,0
400425,2026-02,Coal,Ministry of Coal,1230,657.71,-2526.0,1,53.47235772357723,0
400426,2026-02,Metals & Mining,Ministry of Mines,1856,959.13,-2130.0,1,51.677262931034484,1
602096,2026-02,Electricity Generation,Ministry of Power,6285,26023.9,-5652.0,1,414.06364359586314,0
602098,2026-02,Education,Department of Higher Education,425,484.52,-974.0,1,114.00470588235294,0
602099,2026-02,Education,Department of Higher Education,393,332.11,-851.0,1,84.50636132315522,1
602181,2026-02,Electricity Generation,Ministry of Power,5748,4166.7,-723.0,1,72.48956158663883,0
602182,2026-02,Electricity Generation,Ministry of Power,31876,4119.07,2189.0,0,12.922167147697325,0
602184,2026-02,Electricity Generation,Ministry of Power,1382,1512.95,-2343.0,1,109.4753979739508,0
602185,2026-02,Electricity Generation,Ministry of Power,2978,7490.08,-4717.0,1,251.5137676292814,1
602195,2026-02,Electricity Generation,Ministry of Power,3860,5231.6,-1171.0,1,135.5336787564767,1
602223,2026-02,Transmission & Distribution,Ministry of Power,4754,7951.63,-2628.0,1,167.26188472864956,0
602525,2026-02,Electricity Generation,Ministry of Power,8112,8638.59,-2133.0,1,106.49149408284025,0
602532,2026-02,Electricity Generation,Ministry of Power,4288,3558.91,-905.0,1,82.99696828358208,0
602535,2026-02,Electricity Generation,Ministry of Power,5282,1469.04,-18.0,1,27.812192351382052,0
602538,2026-02,Electricity Generation,Ministry of Power,1037,1127.75,-768.0,1,108.75120540019287,0
602579,2026-02,Electricity Generation,Ministry of Power,10439,13126.9,-782.0,1,125.7486349267171,1
602582,2026-02,Electricity Generation,Ministry of Power,688,1060.23,-115.0,1,154.1031976744186,0
602593,2026-02,Electricity Generation,Ministry of Power,1811,1892.43,-40.0,1,104.49641082274988,0
602792,2026-02,Railways,Ministry of Railways,1171,390.4,-365.0,1,33.33902647309991,1
602797,2026-02,Railways,Ministry of Railways,462,237.42,396.0,0,51.38961038961038,0
602961,2026-02,Electricity Generation,Ministry of Power,11844,5770.33,457.0,0,48.7194360013509,1
603293,2026-02,Coal,Ministry of Power,502,406.86,11264.0,0,81.04780876494024,0
603945,2026-02,Water Resources,"Department of Water Resources, River Development & GR",567,2755.98,-2251.0,1,486.06349206349205,0
604791,2026-02,Oil & Gas,Ministry of Petroleum & Natural Gas,12366,18586.8,-581.0,1,150.3056768558952,1
604795,2026-02,Oil & Gas,Ministry of Petroleum & Natural Gas,31580,1527.95,-271.0,1,4.838347055098163,0
604833,2026-02,Energy Storage,Ministry of Petroleum & Natural Gas,281,254.32,-273.0,1,90.50533807829181,0
604852,2026-02,Energy Storage,Ministry of Petroleum & Natural Gas,980,268.4,275.0,0,27.387755102040813,0
604853,2026-02,Oil & Gas,Ministry of Petroleum & Natural Gas,2282,1846.17,-1155.0,1,80.90140227870289,1
604859,2026-02,Oil & Gas,Ministry of Petroleum & Natural Gas,13805,8266.79,-759.0,1,59.882578775805875,0
604863,2026-02,Oil & Gas,Ministry of Petroleum & Natural Gas,683,597.74,-2191.0,1,87.51683748169839,0
605155,2026-02,Electricity Generation,Ministry of Power,4526,1337.91,255.0,0,29.560539107379586,0
605156,2026-02,Electricity Generation,Ministry of Power,938,1616.82,-640.0,1,172.36886993603412,1
605292,2026-02,Education,Department of Higher Education,348,290.39,-974.0,1,83.44540229885057,1
606013,2026-02,Education,Department of Higher Education,499,449.39,-577.0,1,90.05811623246493,0
606112,2026-02,Education,Department of Higher Education,154,137.84,-843.0,1,89.50649350649351,0
606431,2026-02,Education,Department of Higher Education,1006,672.46,-1362.0,1,66.84493041749504,0
606479,2026-02,Education,Department of Higher Education,246,200.11,-1247.0,1,81.34552845528455,0
607701,2026-02,Oil & Gas,Ministry of Petroleum & Natural Gas,412,474.39,-851.0,1,115.14320388349515,0
607709,2026-02,Transmission & Distribution,Ministry of Power,5111,5506.73,-2616.0,1,107.74271179808257,1
609019,2026-02,Education,Department of Higher Education,500,403.85,-1065.0,1,80.77000000000001,0
609424,2026-02,Shipping,"Ministry of Ports, Shipping and Waterways",4244,1145.0,378.0,0,26.979264844486334,1
609736,2026-02,Education,Department of Higher Education,314,287.39,-420.0,1,91.52547770700636,0
609996,2026-02,Education,Department of Higher Education,262,203.94,-493.0,1,77.83969465648855,0
610315,2026-02,Education,Department of Higher Education,1229,856.51,-1795.0,1,69.69161920260373,1
610984,2026-02,Oil & Gas,Ministry of Petroleum & Natural Gas,431,242.78,-769.0,1,56.32946635730859,1
611016,2026-02,Coal,Ministry of Coal,385,360.66,-1977.0,1,93.67792207792208,1
611017,2026-02,Coal,Ministry of Coal,334,161.5,-2861.0,1,48.35329341317365,0
611047,2026-02,Aviation & Aviation Infrastructure,Ministry of Civil Aviation,861,299.47,113.0,0,34.78164924506388,1
611142,2026-02,Inland Waterways,"Ministry of Ports, Shipping and Waterways",177,383.41,-943.0,1,216.61581920903959,0
611452,2026-02,Railways,Ministry of Railways,311,263.42,-59.0,1,84.70096463022509,0
611495,2026-02,Aviation & Aviation Infrastructure,Ministry of Civil Aviation,1549,403.76,372.0,0,26.06584893479664,1
611509,2026-02,Electricity Generation,Ministry of Power,14358,1744.26,1110.0,0,12.148349352277476,0
611570,2026-02,Aviation & Aviation Infrastructure,Ministry of Civil Aviation,500,368.21,-170.0,1,73.642,0
611586,2026-02,Electricity Generation,Ministry of Power,2615,1052.48,765.0,0,40.247801147227534,0
611602,2026-02,Aviation & Aviation Infrastructure,Ministry of Civil Aviation,1207,250.29,-212.0,1,20.736536868268434,0
611669,2026-02,Railways,Ministry of Railways,380,245.6,396.0,0,64.63157894736841,0
611698,2026-02,Electricity Generation,Ministry of Power,1939,84.53,1247.0,0,4.359463641052089,0
611699,2026-02,Electricity Generation,Ministry of Power,1750,61.5,1247.0,0,3.5142857142857142,0
611735,2026-02,Transmission & Distribution,Ministry of Power,331,152.36,-334.0,1,46.030211480362546,1
611751,2026-02,Railways,Ministry of Railways,961,1042.36,396.0,0,108.46618106139437,0
611752,2026-02,Railways,Ministry of Railways,352,216.6,396.0,0,61.534090909090914,0
611754,2026-02,Railways,Ministry of Railways,293,209.56,153.0,0,71.5221843003413,0
611849,2026-02,Railways,Ministry of Railways,969,239.88,824.0,0,24.75541795665635,0
611855,2026-02,Railways,Ministry of Railways,969,620.46,337.0,0,64.03095975232198,0
611861,2026-02,Railways,Ministry of Railways,352,302.47,487.0,0,85.92897727272728,0
611864,2026-02,Coal,Ministry of Coal,4012,414.93,1492.0,0,10.34222333000997,0
611884,2026-02,Railways,Ministry of Railways,471,250.05,731.0,0,53.0891719745223,0
611917,2026-02,Oil & Gas,Ministry of Petroleum & Natural Gas,1459,1447.65,-334.0,1,99.22206991089789,1
611918,2026-02,Railways,Ministry of Railways,468,20.28,395.0,0,4.333333333333334,0
611927,2026-02,Railways,Ministry of Railways,561,276.66,-790.0,1,49.31550802139038,0
611929,2026-02,Railways,Ministry of Railways,167,0.0,-426.0,1,0.0,0
611930,2026-02,Electricity Generation,Ministry of Power,15530,3962.22,853.0,0,25.513329040566646,1
611943,2026-02,Railways,Ministry of Railways,410,10.04,702.0,0,2.448780487804878,1
611945,2026-02,Railways,Ministry of Railways,307,13.66,1553.0,0,4.449511400651466,0
611947,2026-02,Transmission & Distribution,Ministry of Power,428,372.62,-258.0,1,87.06074766355141,1
611948,2026-02,Transmission & Distribution,Ministry of Power,2211,2100.72,-304.0,1,95.01221166892807,1
611949,2026-02,Transmission & Distribution,Ministry of Power,1796,1688.25,-304.0,1,94.00055679287304,0
611951,2026-02,Transmission & Distribution,Ministry of Power,689,686.67,-365.0,1,99.66182873730043,1
611957,2026-02,Education,Department of Higher Education,496,56.35,356.0,0,11.360887096774194,0
611963,2026-02,Education,Department of Higher Education,651,335.5,579.0,0,51.536098310291855,0
611966,2026-02,Transmission & Distribution,Ministry of Power,224,161.57,-234.0,1,72.12946428571428,1
611967,2026-02,Transmission & Distribution,Ministry of Power,1249,1173.76,-151.0,1,93.9759807846277,1
611970,2026-02,Railways,Ministry of Railways,670,45.21,1492.0,0,6.747761194029851,0
611971,2026-02,Railways,Ministry of Railways,350,70.64,1492.0,0,20.182857142857145,0
611974,2026-02,Railways,Ministry of Railways,1430,371.74,305.0,0,25.995804195804194,1
611977,2026-02,Railways,Ministry of Railways,487,222.88,-365.0,1,45.765913757700204,0
611978,2026-02,Railways,Ministry of Railways,158,51.87,-334.0,1,32.82911392405063,0
611979,2026-02,Railways,Ministry of Railways,250,134.45,-243.0,1,53.779999999999994,1
612072,2026-02,Railways,Ministry of Railways,962,496.01,396.0,0,51.560291060291064,0
612096,2026-02,Railways,Ministry of Railways,1209,434.5,396.0,0,35.9387923904053,0
612128,2026-02,Education,Department of Higher Education,167,116.18,26.0,0,69.5688622754491,1
612132,2026-02,Transmission & Distribution,Ministry of Power,2000,1610.0,-204.0,1,80.5,1
612133,2026-02,Transmission & Distribution,Ministry of Power,2056,1706.48,-64.0,1,83.0,1
612134,2026-02,Transmission & Distribution,Ministry of Power,2998,2278.73,-64.0,1,76.00833889259506,1
612138,2026-02,Transmission & Distribution,Ministry of Power,2148,1782.52,-20.0,1,82.9851024208566,1
612139,2026-02,Transmission & Distribution,Ministry of Power,3752,2176.05,-65.0,1,57.99706823027719,0
612140,2026-02,Transmission & Distribution,Ministry of Power,2889,2080.36,-65.0,1,72.00969193492558,1
612142,2026-02,Electricity Generation,Ministry of Power,17195,2572.87,1461.0,0,14.962896190753124,1
612151,2026-02,Transmission & Distribution,Ministry of Power,334,297.26,-212.0,1,89.0,1
612167,2026-02,Healthcare,Ministry of Labour and Employment,384,253.37,-142.0,1,65.98177083333333,1
612178,2026-02,Healthcare,Ministry of Labour and Employment,153,123.22,-261.0,1,80.5359477124183,0
612183,2026-02,Aviation & Aviation Infrastructure,Ministry of Civil Aviation,1413,4.88,396.0,0,0.3453644727530078,0
612186,2026-02,Healthcare,Ministry of Labour and Employment,558,63.62,4.0,0,11.40143369175627,0
612188,2026-02,Healthcare,Ministry of Labour and Employment,429,323.98,-162.0,1,75.51981351981352,0
612194,2026-02,Aviation & Aviation Infrastructure,Ministry of Civil Aviation,912,321.52,133.0,0,35.254385964912274,1
612201,2026-02,Healthcare,Ministry of Labour and Employment,143,116.08,-322.0,1,81.17482517482517,1
612211,2026-02,Healthcare,Ministry of Labour and Employment,206,24.06,-146.0,1,11.679611650485436,1
612213,2026-02,Healthcare,Ministry of Labour and Employment,195,114.39,-181.0,1,58.66153846153846,0
612259,2026-02,Healthcare,Ministry of Labour and Employment,102,322.55,-486.0,1,316.22549019607845,1
612513,2026-02,Healthcare,Ministry of Labour and Employment,165,16.4,466.0,0,9.939393939393938,0
612745,2026-02,Healthcare,Ministry of Labour and Employment,278,68.23,318.0,0,24.5431654676259,0
612748,2026-02,Healthcare,Ministry of Labour and Employment,151,6.76,365.0,0,4.47682119205298,0
612781,2026-02,Steel,Ministry of Steel,917,178.09,283.0,0,19.420937840785168,1
612786,2026-02,Aviation & Aviation Infrastructure,Ministry of Civil Aviation,266,104.54,-32.0,1,39.300751879699256,1
612787,2026-02,Aviation & Aviation Infrastructure,Ministry of Civil Aviation,320,125.91,-38.0,1,39.346875,0
612788,2026-02,Aviation & Aviation Infrastructure,Ministry of Civil Aviation,322,183.0,-27.0,1,56.83229813664597,1
612789,2026-02,Aviation & Aviation Infrastructure,Ministry of Civil Aviation,485,171.48,-153.0,1,35.35670103092784,1
612790,2026-02,Oil & Gas,Ministry of Petroleum & Natural Gas,385,187.45,-103.0,1,48.688311688311686,1
612791,2026-02,Aviation & Aviation Infrastructure,Ministry of Civil Aviation,328,115.65,-149.0,1,35.25914634146341,0
612793,2026-02,Aviation & Aviation Infrastructure,Ministry of Civil Aviation,323,68.04,94.0,0,21.065015479876163,1
612815,2026-02,Railways,Ministry of Railways,170,9.1,396.0,0,5.352941176470588,0
612816,2026-02,Coal,Ministry of Coal,929,70.38,1492.0,0,7.57588805166846,0
612819,2026-02,Electricity Generation,Ministry of Coal,1813,1752.16,-519.0,1,96.64423607280752,0
612827,2026-02,Railways,Ministry of Railways,184,12.87,426.0,0,6.994565217391304,0
612834,2026-02,Railways,Ministry of Railways,252,105.8,-62.0,1,41.98412698412699,0
612851,2026-02,Education,Department of Higher Education,333,311.65,-151.0,1,93.58858858858858,0
612853,2026-02,Oil & Gas,Ministry of Petroleum & Natural Gas,522,268.2,133.0,0,51.37931034482759,0
612855,2026-02,Transmission & Distribution,Ministry of Power,679,244.44,91.0,0,36.0,0
612876,2026-02,Education,Department of Higher Education,474,167.55,1402.0,0,35.348101265822784,0
612877,2026-02,Education,Department of Higher Education,618,531.44,-424.0,1,85.99352750809062,0
612883,2026-02,Education,Department of Higher Education,686,171.56,714.0,0,25.00874635568513,0
612885,2026-02,Education,Department of Higher Education,495,364.48,-1430.0,1,73.63232323232324,0
612894,2026-02,Education,Department of Higher Education,252,223.21,-467.0,1,88.57539682539682,0
612898,2026-02,Education,Department of Higher Education,593,550.61,184.0,0,92.85160202360878,0
612916,2026-02,Education,Department of Higher Education,491,323.98,-334.0,1,65.9837067209776,0
613002,2026-02,Railways,Ministry of Railways,842,340.0,31.0,0,40.38004750593824,0
613008,2026-02,Education,Department of Higher Education,305,62.71,483.0,0,20.56065573770492,0
613013,2026-02,Education,Department of Higher Education,276,262.2,-59.0,1,95.0,0
613015,2026-02,Railways,Ministry of Railways,1813,772.1,396.0,0,42.58687258687259,0
613785,2026-02,Railways,Ministry of Railways,4744,176.64,1037.0,0,3.723440134907251,0
613786,2026-02,Railways,Ministry of Railways,2379,850.69,762.0,0,35.75830180748214,0
613787,2026-02,Water Resources,"Department of Water Resources, River Development & GR",2584,990.18,1216.0,0,38.31965944272446,0
613793,2026-02,Coal,Ministry of Coal,484,63.9,31.0,0,13.202479338842977,0
613794,2026-02,Coal,Ministry of Coal,389,132.48,762.0,0,34.056555269922875,0
613798,2026-02,Coal,Ministry of Coal,336,90.07,31.0,0,26.806547619047617,0
613799,2026-02,Coal,Ministry of Coal,316,188.72,31.0,0,59.72151898734177,0
613800,2026-02,Coal,Ministry of Coal,459,274.35,-334.0,1,59.77124183006537,1
613801,2026-02,Coal,Ministry of Coal,410,185.55,31.0,0,45.25609756097561,0
613802,2026-02,Coal,Ministry of Coal,371,144.62,31.0,0,38.9811320754717,0
613803,2026-02,Coal,Ministry of Coal,367,34.12,1127.0,0,9.29700272479564,0
613804,2026-02,Coal,Ministry of Coal,314,5.21,396.0,0,1.6592356687898089,0
613808,2026-02,Coal,Ministry of Coal,340,191.0,-4322.0,1,56.1764705882353,0
615183,2026-02,Coal,Ministry of Coal,492,266.47,-334.0,1,54.16056910569106,0
615184,2026-02,Coal,Ministry of Coal,229,147.13,762.0,0,64.24890829694323,0
615185,2026-02,Coal,Ministry of Coal,399,99.89,396.0,0,25.035087719298243,0
615186,2026-02,Coal,Ministry of Coal,319,98.36,31.0,0,30.83385579937304,0
615187,2026-02,Coal,Ministry of Coal,221,,1127.0,0,,0
615188,2026-02,Coal,Ministry of Coal,402,66.54,396.0,0,16.552238805970152,0
615189,2026-02,Coal,Ministry of Coal,362,86.47,31.0,0,23.886740331491712,0
615190,2026-02,Coal,Ministry of Coal,336,43.23,1127.0,0,12.866071428571427,0
615191,2026-02,Coal,Ministry of Coal,329,61.93,1127.0,0,18.82370820668693,0
615192,2026-02,Coal,Ministry of Coal,310,51.33,31.0,0,16.558064516129033,0
615193,2026-02,Coal,Ministry of Coal,479,277.05,-2526.0,1,57.839248434238,0
615194,2026-02,Coal,Ministry of Coal,207,27.19,1857.0,0,13.135265700483092,0
615195,2026-02,Coal,Ministry of Coal,166,5.43,762.0,0,3.2710843373493974,0
615199,2026-02,Coal,Ministry of Coal,199,19.09,396.0,0,9.592964824120603,0
615202,2026-02,Metals & Mining,Ministry of Steel,1700,183.71,1037.0,0,10.806470588235296,0
615206,2026-02,Coal,Ministry of Coal,414,17.25,31.0,0,4.166666666666666,0
615327,2026-02,Electricity Generation,Ministry of Coal,218,166.55,-334.0,1,76.39908256880734,0
615330,2026-02,Coal,Ministry of Coal,361,0.02,1127.0,0,0.0055401662049861505,0
615331,2026-02,Coal,Ministry of Coal,497,0.7,1492.0,0,0.1408450704225352,0
615332,2026-02,Transmission & Distribution,Ministry of Power,3279,1409.97,175.0,0,43.0,1
615333,2026-02,Transmission & Distribution,Ministry of Power,2227,935.34,174.0,0,42.00000000000001,1
615334,2026-02,Transmission & Distribution,Ministry of Power,3251,1592.99,171.0,0,49.0,1
615335,2026-02,Transmission & Distribution,Ministry of Power,1382,442.24,182.0,0,32.0,1
615337,2026-02,Transmission & Distribution,Ministry of Power,369,184.5,-1.0,1,50.0,1
615338,2026-02,Transmission & Distribution,Ministry of Power,2735,820.5,251.0,0,30.0,0
615339,2026-02,Transmission & Distribution,Ministry of Power,5969,1074.42,256.0,0,18.000000000000004,1
615340,2026-02,Transmission & Distribution,Ministry of Power,5357,1232.11,256.0,0,23.0,1
615342,2026-02,Transmission & Distribution,Ministry of Power,329,18.1,136.0,0,5.501519756838906,1
615343,2026-02,Transmission & Distribution,Ministry of Power,501,15.03,251.0,0,3.0,0
615344,2026-02,Transmission & Distribution,Ministry of Power,3674,1285.9,228.0,0,35.0,1
615345,2026-02,Transmission & Distribution,Ministry of Power,4766,1143.84,228.0,0,24.0,1
615346,2026-02,Transmission & Distribution,Ministry of Power,2708,1272.76,171.0,0,47.0,1
615347,2026-02,Transmission & Distribution,Ministry of Power,24819,2233.71,1175.0,0,9.0,0
615349,2026-02,Coal,Ministry of Coal,230,22.02,762.0,0,9.57391304347826,0
615818,2026-02,Coal,Ministry of Coal,298,47.47,-334.0,1,15.929530201342281,0
615820,2026-02,Coal,Ministry of Coal,160,81.47,1952.0,0,50.91875,0
615821,2026-02,Coal,Ministry of Coal,289,105.61,1733.0,0,36.543252595155714,0
615822,2026-02,Coal,Ministry of Coal,223,140.58,762.0,0,63.040358744394624,0
615843,2026-02,Coal,Ministry of Coal,244,49.54,-334.0,1,20.30327868852459,0
615857,2026-02,Coal,Ministry of Coal,494,491.33,31.0,0,99.45951417004049,0
615858,2026-02,Coal,Ministry of Coal,384,285.95,31.0,0,74.46614583333333,0
615860,2026-02,Coal,Ministry of Coal,607,197.43,-334.0,1,32.52553542009885,0
615861,2026-02,Coal,Ministry of Coal,425,405.43,-334.0,1,95.39529411764705,0
615862,2026-02,Coal,Ministry of Coal,346,100.22,31.0,0,28.965317919075144,0
615863,2026-02,Coal,Ministry of Coal,484,477.14,31.0,0,98.58264462809917,0
615865,2026-02,Coal,Ministry of Coal,442,234.21,-334.0,1,52.988687782805435,0
615914,2026-02,Coal,Ministry of Coal,185,14.77,1127.0,0,7.9837837837837835,0
615916,2026-02,Coal,Ministry of Coal,1225,82.8,1492.0,0,6.759183673469388,0
615917,2026-02,Coal,Ministry of Coal,973,1.04,1492.0,0,0.10688591983556012,0
615918,2026-02,Coal,Ministry of Coal,405,21.66,762.0,0,5.348148148148148,0
615919,2026-02,Coal,Ministry of Coal,1025,181.16,1127.0,0,17.674146341463416,0
615982,2026-02,Coal,Ministry of Coal,320,188.79,-1430.0,1,58.996874999999996,0
616044,2026-02,Coal,Ministry of Coal,237,166.07,-1795.0,1,70.0717299578059,0
616050,2026-02,Coal,Ministry of Coal,236,132.21,-699.0,1,56.02118644067797,0
616223,2026-02,Coal,Ministry of Coal,316,208.68,-699.0,1,66.0379746835443,0
616225,2026-02,Coal,Ministry of Coal,979,,4049.0,0,,0
616226,2026-02,Coal,Ministry of Coal,3564,611.91,2588.0,0,17.169191919191917,0
616227,2026-02,Railways,Ministry of Railways,1932,1.94,1310.0,0,0.10041407867494824,0
616229,2026-02,Coal,Ministry of Coal,669,1.33,1127.0,0,0.19880418535127056,0
616230,2026-02,Coal,Ministry of Coal,1194,11.2,4049.0,0,0.9380234505862647,0
616231,2026-02,Coal,Ministry of Coal,5366,472.92,2588.0,0,8.813268729034663,0
616232,2026-02,Coal,Ministry of Coal,1562,275.75,1127.0,0,17.653649167733676,0
616233,2026-02,Coal,Ministry of Coal,978,249.93,1492.0,0,25.555214723926383,0
616234,2026-02,Coal,Ministry of Coal,1725,15.91,2588.0,0,0.9223188405797101,0
616236,2026-02,Coal,Ministry of Coal,414,85.6,1127.0,0,20.67632850241546,0
616253,2026-02,Coal,Ministry of Coal,5851,20.32,1127.0,0,0.347291061357033,0
616254,2026-02,Oil & Gas,Ministry of Petroleum & Natural Gas,2212,320.63,559.0,0,14.49502712477396,0
616586,2026-02,Railways,Ministry of Railways,2269,4.42,1402.0,0,0.19479947113265755,0
616587,2026-02,Railways,Ministry of Railways,1876,1.96,1402.0,0,0.1044776119402985,0
616588,2026-02,Railways,Ministry of Railways,1459,7.02,1402.0,0,0.481151473612063,0
616594,2026-02,Waste & Water,"Department of Water Resources, River Development & GR",842,208.64,-304.0,1,24.779097387173397,0
616600,2026-02,Waste & Water,"Department of Water Resources, River Development & GR",413,126.67,-387.0,1,30.670702179176757,0
616604,2026-02,Waste & Water,"Department of Water Resources, River Development & GR",155,96.17,-335.0,1,62.04516129032258,0
616605,2026-02,Waste & Water,"Department of Water Resources, River Development & GR",691,34.79,-424.0,1,5.034732272069464,0
616611,2026-02,Waste & Water,"Department of Water Resources, River Development & GR",824,396.71,-60.0,1,48.144417475728154,1
616612,2026-02,Waste & Water,"Department of Water Resources, River Development & GR",579,171.79,-60.0,1,29.670120898100173,0
616615,2026-02,Waste & Water,"Department of Water Resources, River Development & GR",230,261.82,-304.0,1,113.83478260869563,1
616616,2026-02,Waste & Water,"Department of Water Resources, River Development & GR",305,346.46,-243.0,1,113.59344262295082,1
616670,2026-02,Transmission & Distribution,Ministry of Power,5846,1227.66,305.0,0,21.000000000000004,1
616671,2026-02,Transmission & Distribution,Ministry of Power,548,115.08,306.0,0,21.0,1
616672,2026-02,Transmission & Distribution,Ministry of Power,1354,148.94,458.0,0,11.0,0
616691,2026-02,Healthcare,Ministry of Labour and Employment,260,210.12,-197.0,1,80.81538461538462,0
616694,2026-02,Railways,Ministry of Railways,201,30.0,884.0,0,14.925373134328357,0
616695,2026-02,Railways,Ministry of Railways,300,0.1,1006.0,0,0.03333333333333334,0
616697,2026-02,Railways,Ministry of Railways,154,46.93,122.0,0,30.474025974025977,0
616699,2026-02,Railways,Ministry of Railways,12334,716.07,762.0,0,5.805659153559267,0
616701,2026-02,Railways,Ministry of Railways,2124,64.07,731.0,0,3.016478342749529,0
616841,2026-02,Railways,Ministry of Railways,800,76.51,306.0,0,9.56375,1
616842,2026-02,Railways,Ministry of Railways,3086,629.16,518.0,0,20.38755670771225,0
616843,2026-02,Railways,Ministry of Railways,1635,280.16,487.0,0,17.135168195718656,1
616856,2026-02,Railways,Ministry of Railways,770,64.7,1140.0,0,8.402597402597403,0
616857,2026-02,Railways,Ministry of Railways,1596,100.88,1127.0,0,6.320802005012531,0
616858,2026-02,Oil & Gas,Ministry of Petroleum & Natural Gas,431,343.44,-699.0,1,79.6844547563805,1
616879,2026-02,Oil & Gas,Ministry of Petroleum & Natural Gas,364,59.78,322.0,0,16.423076923076923,0
616886,2026-02,Education,Department of Higher Education,373,27.63,245.0,0,7.407506702412868,0
616933,2026-02,Oil & Gas,Ministry of Petroleum & Natural Gas,4679,243.55,747.0,0,5.205172045308827,0
616950,2026-02,Oil & Gas,Ministry of Petroleum & Natural Gas,1486,394.85,0.0,0,26.571332436069987,1
617068,2026-02,Transmission & Distribution,Ministry of Power,288,11.52,487.0,0,4.0,0
617069,2026-02,Transmission & Distribution,Ministry of Power,466,41.94,354.0,0,9.0,0
617179,2026-02,Transmission & Distribution,Ministry of Power,219,3.28,136.0,0,1.4977168949771689,1
617181,2026-02,Transmission & Distribution,Ministry of Power,404,24.24,295.0,0,6.0,1
617182,2026-02,Transmission & Distribution,Ministry of Power,172,39.56,388.0,0,23.0,0
617183,2026-02,Transmission & Distribution,Ministry of Power,2886,432.9,671.0,0,15.0,0
617184,2026-02,Transmission & Distribution,Ministry of Power,3453,276.24,569.0,0,8.0,0
617185,2026-02,Transmission & Distribution,Ministry of Power,5550,832.5,388.0,0,15.0,1
617186,2026-02,Transmission & Distribution,Ministry of Power,5028,553.08,388.0,0,11.000000000000002,1
617188,2026-02,Electricity Generation,Ministry of Power,9791,1277.85,1310.0,0,13.051271575937085,1
617200,2026-02,Railways,Ministry of Railways,7854,0.0,1857.0,0,0.0,0
617201,2026-02,Railways,Ministry of Railways,4373,0.76,1857.0,0,0.017379373427852732,0
617206,2026-02,Urban Public Transport,Ministry of Housing & Urban Affairs,6231,72.72,1039.0,0,1.1670678863745787,0
617207,2026-02,Urban Public Transport,Ministry of Housing & Urban Affairs,8400,75.11,1123.0,0,0.8941666666666668,0
617210,2026-02,Railways,Ministry of Railways,1216,0.14,1127.0,0,0.011513157894736843,0
617211,2026-02,Railways,Ministry of Railways,2853,201.51,1127.0,0,7.063091482649842,0
617212,2026-02,Railways,Ministry of Railways,4686,1455.26,1127.0,0,31.055484421681605,1
617213,2026-02,Railways,Ministry of Railways,2464,0.0,1340.0,0,0.0,0
617214,2026-02,Railways,Ministry of Railways,2047,55.12,396.0,0,2.6927210552027354,0
617215,2026-02,Railways,Ministry of Railways,770,88.63,762.0,0,11.510389610389609,0
617216,2026-02,Railways,Ministry of Railways,877,151.89,396.0,0,17.319270239452678,0
617221,2026-02,Education,Department of Higher Education,211,58.42,582.0,0,27.687203791469194,0
617224,2026-02,Railways,Ministry of Railways,1120,345.7,670.0,0,30.86607142857143,0
617225,2026-02,Urban Public Transport,Ministry of Housing & Urban Affairs,910,231.75,337.0,0,25.467032967032964,0
617226,2026-02,Urban Public Transport,Ministry of Housing & Urban Affairs,2955,27.93,1100.0,0,0.9451776649746193,0
617231,2026-02,Railways,Ministry of Railways,612,0.0,853.0,0,0.0,0
617233,2026-02,Coal,Ministry of Coal,379,,1492.0,0,,0
617242,2026-02,Steel,Ministry of Steel,2115,407.32,487.0,0,19.258628841607564,0
617243,2026-02,Steel,Ministry of Steel,199,61.87,151.0,0,31.090452261306535,0
617245,2026-02,Railways,Ministry of Railways,943,512.59,184.0,0,54.35737009544008,0
617246,2026-02,Steel,Ministry of Steel,758,169.97,99.0,0,22.42348284960422,1
617248,2026-02,Steel,Ministry of Steel,228,62.94,139.0,0,27.60526315789474,1
617249,2026-02,Steel,Ministry of Steel,212,27.32,333.0,0,12.88679245283019,0
617250,2026-02,Steel,Ministry of Steel,207,35.69,239.0,0,17.241545893719806,1
617251,2026-02,Steel,Ministry of Steel,196,35.02,88.0,0,17.867346938775512,0
617252,2026-02,Railways,Ministry of Railways,958,623.93,752.0,0,65.12839248434238,0
617253,2026-02,Steel,Ministry of Steel,514,364.76,-240.0,1,70.96498054474708,0
617254,2026-02,Steel,Ministry of Steel,260,79.25,121.0,0,30.480769230769234,0
617255,2026-02,Steel,Ministry of Steel,472,210.76,106.0,0,44.652542372881356,1
617256,2026-02,Steel,Ministry of Steel,884,572.54,-120.0,1,64.76696832579185,1
617257,2026-02,Steel,Ministry of Steel,627,289.88,260.0,0,46.23285486443381,0
617269,2026-02,Transmission & Distribution,Ministry of Power,213,4.25,101.0,0,1.9953051643192488,1
617270,2026-02,Transmission & Distribution,Ministry of Power,409,4.09,85.0,0,1.0,1
617271,2026-02,Transmission & Distribution,Ministry of Power,343,61.3,1.0,0,17.871720116618075,1
617272,2026-02,Transmission & Distribution,Ministry of Power,370,77.7,281.0,0,21.000000000000004,0
617278,2026-02,Coal,Ministry of Coal,630,,1492.0,0,,0
617279,2026-02,Transmission & Distribution,Ministry of Power,558,39.06,644.0,0,7.000000000000001,0
617280,2026-02,Construction,Ministry of Mines,255,96.26,184.0,0,37.74901960784314,0
617284,2026-02,Railways,Ministry of Railways,1424,96.76,762.0,0,6.794943820224719,0
617287,2026-02,Coal,Ministry of Coal,4517,790.57,1492.0,0,17.502103165818024,0
617288,2026-02,Coal,Ministry of Coal,383,113.03,1127.0,0,29.511749347258487,0
617299,2026-02,Electricity Generation,Ministry of Coal,384,325.01,-243.0,1,84.63802083333333,0
617302,2026-02,Oil & Gas,Ministry of Petroleum & Natural Gas,1740,2351.6,-1885.0,1,135.1494252873563,1
617304,2026-02,Oil & Gas,Ministry of Petroleum & Natural Gas,340,149.08,366.0,0,43.847058823529416,0
617326,2026-02,Transmission & Distribution,Ministry of Power,1842,1648.05,31.0,0,89.47068403908794,0
617327,2026-02,Urban Public Transport,Ministry of Housing & Urban Affairs,12200,9.61,1310.0,0,0.07877049180327868,0
617333,2026-02,Railways,Ministry of Railways,200,3.27,365.0,0,1.635,0
617338,2026-02,Steel,Ministry of Steel,2518,280.04,873.0,0,11.12152501985703,0
617345,2026-02,Railways,Ministry of Railways,227,43.32,236.0,0,19.083700440528634,0
617361,2026-02,Railways,Ministry of Railways,363,0.48,762.0,0,0.13223140495867766,0
617364,2026-02,Railways,Ministry of Railways,338,14.83,879.0,0,4.387573964497041,0
617370,2026-02,Railways,Ministry of Railways,181,4.0,336.0,0,2.209944751381215,0
617372,2026-02,Railways,Ministry of Railways,349,119.68,-59.0,1,34.29226361031519,0
617374,2026-02,Railways,Ministry of Railways,1516,2095.42,-334.0,1,138.22031662269129,0
617375,2026-02,Transmission & Distribution,Ministry of Power,209,2.09,705.0,0,0.9999999999999999,0
617379,2026-02,Railways,Ministry of Railways,446,524.63,-2160.0,1,117.63004484304933,0
617390,2026-02,Railways,Ministry of Railways,1282,128.06,762.0,0,9.989079563182528,0
617391,2026-02,Transmission & Distribution,Ministry of Power,488,4.88,268.0,0,1.0,1
617403,2026-02,Railways,Ministry of Railways,469,148.29,122.0,0,31.618336886993603,0
617404,2026-02,Railways,Ministry of Railways,189,0.0,762.0,0,0.0,0
617405,2026-02,Transmission & Distribution,Ministry of Power,4000,268.0,228.0,0,6.7,0
617406,2026-02,Railways,Ministry of Railways,2417,6.79,762.0,0,0.28092676872155564,0
617408,2026-02,Railways,Ministry of Railways,166,101.49,396.0,0,61.13855421686747,0
617409,2026-02,Railways,Ministry of Railways,521,458.81,306.0,0,88.06333973128599,0
617412,2026-02,Construction,Ministry of Housing & Urban Affairs,644,136.51,576.0,0,21.197204968944096,0
617413,2026-02,Telecommunication,Department of Telecommunications,1885,376.8,-296.0,1,19.9893899204244,0
617416,2026-02,Coal,Ministry of Coal,5940,40.21,1037.0,0,0.676936026936027,0
617422,2026-02,Water Resources,"Department of Water Resources, River Development & GR",1924,1874.37,518.0,0,97.42047817047816,0
617730,2026-02,Electricity Generation,Ministry of Coal,3336,1796.99,122.0,0,53.8666067146283,0
617801,2026-02,Transmission & Distribution,Ministry of Power,582,5.81,293.0,0,0.9982817869415807,1
617802,2026-02,Transmission & Distribution,Ministry of Power,319,9.57,761.0,0,3.0000000000000004,0
617803,2026-02,Transmission & Distribution,Ministry of Power,379,15.16,573.0,0,4.0,0
617804,2026-02,Shipping,"Ministry of Ports, Shipping and Waterways",153,38.31,396.0,0,25.039215686274513,0
617806,2026-02,Transmission & Distribution,Ministry of Power,4536,677.57,395.0,0,14.937610229276896,0
617807,2026-02,Transmission & Distribution,Ministry of Power,2368,23.68,595.0,0,1.0,0
617808,2026-02,Transmission & Distribution,Ministry of Power,1007,15.1,596.0,0,1.4995034756703078,0
617818,2026-02,Oil & Gas,Ministry of Petroleum & Natural Gas,515,20.62,1460.0,0,4.003883495145631,1
617819,2026-02,Oil & Gas,Ministry of Petroleum & Natural Gas,557,9.11,1565.0,0,1.6355475763016158,0
617822,2026-02,Oil & Gas,Ministry of Petroleum & Natural Gas,215,38.16,573.0,0,17.748837209302323,0
617827,2026-02,Oil & Gas,Ministry of Petroleum & Natural Gas,680,2.93,1388.0,0,0.4308823529411765,0
617828,2026-02,Oil & Gas,Ministry of Petroleum & Natural Gas,267,1.77,1125.0,0,0.6629213483146068,1
617829,2026-02,Energy Storage,Ministry of Petroleum & Natural Gas,226,18.59,955.0,0,8.225663716814159,1
617830,2026-02,Oil & Gas,Ministry of Petroleum & Natural Gas,1792,448.0,321.0,0,25.0,0
617832,2026-02,Railways,Ministry of Railways,2887,0.0,1402.0,0,0.0,0
617836,2026-02,Oil & Gas,Ministry of Petroleum & Natural Gas,635,172.61,-59.0,1,27.182677165354335,0
617837,2026-02,Oil & Gas,Ministry of Petroleum & Natural Gas,484,302.22,-59.0,1,62.44214876033058,1
617838,2026-02,Oil & Gas,Ministry of Petroleum & Natural Gas,1130,232.26,915.0,0,20.553982300884954,0
617839,2026-02,Energy Storage,Ministry of Petroleum & Natural Gas,357,112.61,153.0,0,31.54341736694678,0
617877,2026-02,Education,Department of Higher Education,1189,0.0,976.0,0,0.0,0
617878,2026-02,Education,Department of Higher Education,1527,9.8,976.0,0,0.641781270464964,0
617882,2026-02,Healthcare,Ministry of Health & Family Welfare,358,0.0,194.0,0,0.0,0
617883,2026-02,Healthcare,Ministry of Health & Family Welfare,4441,24.68,459.0,0,0.5557306912857465,0
617885,2026-02,Roads & Highways,Ministry of Road Transport & Highways,303,182.58,-933.0,1,60.25742574257427,1
617886,2026-02,Roads & Highways,Ministry of Road Transport & Highways,252,,109.0,0,,1
617887,2026-02,Roads & Highways,Ministry of Road Transport & Highways,379,179.08,-869.0,1,47.25065963060686,0
617888,2026-02,Roads & Highways,Ministry of Road Transport & Highways,193,,-382.0,1,,1
617889,2026-02,Roads & Highways,Ministry of Road Transport & Highways,192,,-618.0,1,,1
617890,2026-02,Roads & Highways,Ministry of Road Transport & Highways,221,,671.0,0,,0
617891,2026-02,Roads & Highways,Ministry of Road Transport & Highways,186,66.7,-564.0,1,35.86021505376345,0
617892,2026-02,Roads & Highways,Ministry of Road Transport & Highways,451,308.61,-833.0,1,68.4279379157428,1
617893,2026-02,Roads & Highways,Ministry of Road Transport & Highways,305,,807.0,0,,0
617894,2026-02,Roads & Highways,Ministry of Road Transport & Highways,411,134.33,8.0,0,32.68369829683699,1
617895,2026-02,Roads & Highways,Ministry of Road Transport & Highways,535,161.56,-306.0,1,30.198130841121497,1
617896,2026-02,Roads & Highways,Ministry of Road Transport & Highways,421,,238.0,0,,0
617897,2026-02,Roads & Highways,Ministry of Road Transport & Highways,295,33.07,-234.0,1,11.210169491525424,1
617898,2026-02,Roads & Highways,Ministry of Road Transport & Highways,200,0.07,588.0,0,0.035,0
617899,2026-02,Roads & Highways,Ministry of Road Transport & Highways,636,107.54,-22.0,1,16.90880503144654,1
617900,2026-02,Roads & Highways,Ministry of Road Transport & Highways,150,12.2,-545.0,1,8.133333333333333,0
617901,2026-02,Roads & Highways,Ministry of Road Transport & Highways,195,48.47,-444.0,1,24.856410256410257,1
617902,2026-02,Roads & Highways,Ministry of Road Transport & Highways,169,7.84,276.0,0,4.63905325443787,1
617904,2026-02,Roads & Highways,Ministry of Road Transport & Highways,239,36.44,-126.0,1,15.246861924686192,1
617905,2026-02,Roads & Highways,Ministry of Road Transport & Highways,324,84.57,-296.0,1,26.101851851851848,1
617906,2026-02,Roads & Highways,Ministry of Road Transport & Highways,247,,330.0,0,,0
617907,2026-02,Roads & Highways,Ministry of Road Transport & Highways,436,54.38,-522.0,1,12.472477064220184,1
617908,2026-02,Roads & Highways,Ministry of Road Transport & Highways,162,,424.0,0,,0
617909,2026-02,Roads & Highways,Ministry of Road Transport & Highways,648,,363.0,0,,0
617911,2026-02,Roads & Highways,Ministry of Road Transport & Highways,512,,-3134.0,1,,1
617912,2026-02,Roads & Highways,Ministry of Road Transport & Highways,620,,582.0,0,,0
617913,2026-02,Roads & Highways,Ministry of Road Transport & Highways,283,252.28,-2121.0,1,89.14487632508835,1
617914,2026-02,Roads & Highways,Ministry of Road Transport & Highways,241,,-79.0,1,,1
617915,2026-02,Roads & Highways,Ministry of Road Transport & Highways,329,,-163.0,1,,1
617916,2026-02,Roads & Highways,Ministry of Road Transport & Highways,1295,,717.0,0,,0
617917,2026-02,Roads & Highways,Ministry of Road Transport & Highways,479,,-729.0,1,,0
617919,2026-02,Roads & Highways,Ministry of Road Transport & Highways,349,,-1858.0,1,,1
617920,2026-02,Roads & Highways,Ministry of Road Transport & Highways,512,,459.0,0,,0
617921,2026-02,Roads & Highways,Ministry of Road Transport & Highways,500,119.38,-269.0,1,23.876,1
617922,2026-02,Roads & Highways,Ministry of Road Transport & Highways,587,33.34,494.0,0,5.679727427597956,0
617923,2026-02,Roads & Highways,Ministry of Road Transport & Highways,156,2.65,442.0,0,1.6987179487179487,0
617925,2026-02,Roads & Highways,Ministry of Road Transport & Highways,157,33.61,-483.0,1,21.40764331210191,1
617926,2026-02,Roads & Highways,Ministry of Road Transport & Highways,398,,537.0,0,,1
617927,2026-02,Roads & Highways,Ministry of Road Transport & Highways,699,,183.0,0,,1
617928,2026-02,Roads & Highways,Ministry of Road Transport & Highways,151,,14.0,0,,1
617929,2026-02,Roads & Highways,Ministry of Road Transport & Highways,247,,-2124.0,1,,1
617930,2026-02,Roads & Highways,Ministry of Road Transport & Highways,197,51.14,-79.0,1,25.959390862944165,1
617931,2026-02,Roads & Highways,Ministry of Road Transport & Highways,156,,-206.0,1,,1
617932,2026-02,Roads & Highways,Ministry of Road Transport & Highways,497,,-501.0,1,,1
617933,2026-02,Roads & Highways,Ministry of Road Transport & Highways,984,,184.0,0,,0
617934,2026-02,Roads & Highways,Ministry of Road Transport & Highways,407,,-2366.0,1,,1
617935,2026-02,Roads & Highways,Ministry of Road Transport & Highways,298,142.43,-634.0,1,47.79530201342282,1
617936,2026-02,Roads & Highways,Ministry of Road Transport & Highways,254,,-2529.0,1,,0
617938,2026-02,Roads & Highways,Ministry of Road Transport & Highways,574,0.06,384.0,0,0.010452961672473868,1
617939,2026-02,Roads & Highways,Ministry of Road Transport & Highways,1298,,125.0,0,,0
617941,2026-02,Roads & Highways,Ministry of Road Transport & Highways,398,,717.0,0,,0
617942,2026-02,Roads & Highways,Ministry of Road Transport & Highways,641,,46.0,0,,1
617944,2026-02,Roads & Highways,Ministry of Road Transport & Highways,680,,-1781.0,1,,0
617945,2026-02,Roads & Highways,Ministry of Road Transport & Highways,354,,404.0,0,,0
617946,2026-02,Roads & Highways,Ministry of Road Transport & Highways,1143,,-2218.0,1,,1
617947,2026-02,Roads & Highways,Ministry of Road Transport & Highways,1007,,-2299.0,1,,1
617948,2026-02,Roads & Highways,Ministry of Road Transport & Highways,1118,171.12,-2300.0,1,15.305903398926654,1
617949,2026-02,Roads & Highways,Ministry of Road Transport & Highways,160,45.77,12.0,0,28.60625,1
617950,2026-02,Roads & Highways,Ministry of Road Transport & Highways,204,,317.0,0,,0
617954,2026-02,Roads & Highways,Ministry of Road Transport & Highways,398,179.01,-370.0,1,44.97738693467336,1
617955,2026-02,Roads & Highways,Ministry of Road Transport & Highways,719,279.22,-339.0,1,38.83449235048679,1
617957,2026-02,Roads & Highways,Ministry of Road Transport & Highways,274,,-166.0,1,,0
617958,2026-02,Roads & Highways,Ministry of Road Transport & Highways,566,236.78,-482.0,1,41.8339222614841,1
617959,2026-02,Roads & Highways,Ministry of Road Transport & Highways,478,311.39,-393.0,1,65.14435146443515,0
617960,2026-02,Roads & Highways,Ministry of Road Transport & Highways,271,,-2676.0,1,,1
617961,2026-02,Roads & Highways,Ministry of Road Transport & Highways,1409,,-2306.0,1,,1
617962,2026-02,Roads & Highways,Ministry of Road Transport & Highways,239,85.64,176.0,0,35.8326359832636,0
617963,2026-02,Roads & Highways,Ministry of Road Transport & Highways,296,,313.0,0,,1
617964,2026-02,Roads & Highways,Ministry of Road Transport & Highways,310,24.81,255.0,0,8.003225806451612,0
617965,2026-02,Roads & Highways,Ministry of Road Transport & Highways,195,,-595.0,1,,1
617966,2026-02,Roads & Highways,Ministry of Road Transport & Highways,781,,-2341.0,1,,1
617967,2026-02,Roads & Highways,Ministry of Road Transport & Highways,252,43.83,-218.0,1,17.392857142857142,1
617968,2026-02,Roads & Highways,Ministry of Road Transport & Highways,419,178.35,-2204.0,1,42.565632458233885,1
617969,2026-02,Roads & Highways,Ministry of Road Transport & Highways,201,0.01,141.0,0,0.004975124378109453,1
617970,2026-02,Roads & Highways,Ministry of Road Transport & Highways,282,156.65,-2447.0,1,55.54964539007092,1
617971,2026-02,Roads & Highways,Ministry of Road Transport & Highways,322,1.1,381.0,0,0.34161490683229817,0
617972,2026-02,Roads & Highways,Ministry of Road Transport & Highways,201,14.99,105.0,0,7.457711442786069,0
617973,2026-02,Roads & Highways,Ministry of Road Transport & Highways,189,1.06,-1922.0,1,0.5608465608465608,1
617974,2026-02,Roads & Highways,Ministry of Road Transport & Highways,345,,764.0,0,,0
617975,2026-02,Roads & Highways,Ministry of Road Transport & Highways,238,50.38,-2284.0,1,21.16806722689076,1
617976,2026-02,Roads & Highways,Ministry of Road Transport & Highways,530,58.28,110.0,0,10.99622641509434,0
617977,2026-02,Roads & Highways,Ministry of Road Transport & Highways,211,,-1925.0,1,,0
617978,2026-02,Roads & Highways,Ministry of Road Transport & Highways,632,134.17,453.0,0,21.229430379746834,1
617979,2026-02,Roads & Highways,Ministry of Road Transport & Highways,534,,455.0,0,,0
617980,2026-02,Roads & Highways,Ministry of Road Transport & Highways,627,15.3,-2068.0,1,2.4401913875598087,1
617981,2026-02,Roads & Highways,Ministry of Road Transport & Highways,359,,-2485.0,1,,1
617982,2026-02,Roads & Highways,Ministry of Road Transport & Highways,230,,-2282.0,1,,0
617983,2026-02,Roads & Highways,Ministry of Road Transport & Highways,317,168.8,-592.0,1,53.24921135646689,1
617984,2026-02,Roads & Highways,Ministry of Road Transport & Highways,317,,-283.0,1,,1
617985,2026-02,Roads & Highways,Ministry of Road Transport & Highways,530,,-835.0,1,,1
617986,2026-02,Roads & Highways,Ministry of Road Transport & Highways,293,,292.0,0,,0
617987,2026-02,Roads & Highways,Ministry of Road Transport & Highways,692,,553.0,0,,0
617988,2026-02,Roads & Highways,Ministry of Road Transport & Highways,776,,517.0,0,,0
617989,2026-02,Roads & Highways,Ministry of Road Transport & Highways,157,103.33,-1575.0,1,65.81528662420382,1
617990,2026-02,Roads & Highways,Ministry of Road Transport & Highways,242,78.49,-116.0,1,32.43388429752066,0
617991,2026-02,Roads & Highways,Ministry of Road Transport & Highways,290,36.42,-2466.0,1,12.558620689655173,1
617992,2026-02,Roads & Highways,Ministry of Road Transport & Highways,323,43.78,-2004.0,1,13.554179566563468,1
617993,2026-02,Roads & Highways,Ministry of Road Transport & Highways,220,,-2300.0,1,,1
617995,2026-02,Roads & Highways,Ministry of Road Transport & Highways,300,,-2492.0,1,,1
617996,2026-02,Roads & Highways,Ministry of Road Transport & Highways,298,228.09,-2565.0,1,76.54026845637584,1
617998,2026-02,Roads & Highways,Ministry of Road Transport & Highways,178,94.59,-380.0,1,53.14044943820225,1
617999,2026-02,Roads & Highways,Ministry of Road Transport & Highways,472,69.58,47.0,0,14.741525423728813,1
618000,2026-02,Roads & Highways,Ministry of Road Transport & Highways,170,74.5,-735.0,1,43.8235294117647,1
618001,2026-02,Roads & Highways,Ministry of Road Transport & Highways,217,152.77,-976.0,1,70.40092165898618,1
618002,2026-02,Roads & Highways,Ministry of Road Transport & Highways,193,99.65,-255.0,1,51.63212435233161,0
618003,2026-02,Roads & Highways,Ministry of Road Transport & Highways,154,22.32,-429.0,1,14.493506493506494,1
618004,2026-02,Roads & Highways,Ministry of Road Transport & Highways,180,,125.0,0,,1
618005,2026-02,Roads & Highways,Ministry of Road Transport & Highways,179,,-2858.0,1,,1
618006,2026-02,Roads & Highways,Ministry of Road Transport & Highways,370,,-2618.0,1,,1
618007,2026-02,Roads & Highways,Ministry of Road Transport & Highways,553,,-2666.0,1,,1
618008,2026-02,Roads & Highways,Ministry of Road Transport & Highways,185,158.8,-885.0,1,85.83783783783785,1
618009,2026-02,Roads & Highways,Ministry of Road Transport & Highways,320,,-1426.0,1,,1
618010,2026-02,Roads & Highways,Ministry of Road Transport & Highways,547,,250.0,0,,0
618011,2026-02,Roads & Highways,Ministry of Road Transport & Highways,411,66.63,-658.0,1,16.21167883211679,1
618012,2026-02,Roads & Highways,Ministry of Road Transport & Highways,187,42.83,-24.0,1,22.90374331550802,1
618013,2026-02,Roads & Highways,Ministry of Road Transport & Highways,1319,347.55,-114.0,1,26.349507202426082,1
618014,2026-02,Roads & Highways,Ministry of Road Transport & Highways,199,5.99,245.0,0,3.0100502512562817,0
618015,2026-02,Roads & Highways,Ministry of Road Transport & Highways,225,43.96,-53.0,1,19.53777777777778,1
618016,2026-02,Roads & Highways,Ministry of Road Transport & Highways,397,7.69,452.0,0,1.9370277078085645,0
618017,2026-02,Roads & Highways,Ministry of Road Transport & Highways,286,65.63,-53.0,1,22.947552447552447,1
618018,2026-02,Roads & Highways,Ministry of Road Transport & Highways,351,11.47,-226.0,1,3.2678062678062685,1
618019,2026-02,Roads & Highways,Ministry of Road Transport & Highways,365,,-285.0,1,,1
618020,2026-02,Roads & Highways,Ministry of Road Transport & Highways,386,160.38,-390.0,1,41.54922279792746,1
618021,2026-02,Roads & Highways,Ministry of Road Transport & Highways,426,,-242.0,1,,1
618022,2026-02,Roads & Highways,Ministry of Road Transport & Highways,173,22.53,-190.0,1,13.023121387283238,1
618023,2026-02,Roads & Highways,Ministry of Road Transport & Highways,153,,-319.0,1,,1
618024,2026-02,Roads & Highways,Ministry of Road Transport & Highways,263,,-319.0,1,,1
618025,2026-02,Roads & Highways,Ministry of Road Transport & Highways,193,,-2274.0,1,,1
618026,2026-02,Roads & Highways,Ministry of Road Transport & Highways,605,,-2312.0,1,,1
618027,2026-02,Roads & Highways,Ministry of Road Transport & Highways,446,,15.0,0,,1
618028,2026-02,Roads & Highways,Ministry of Road Transport & Highways,334,24.04,483.0,0,7.197604790419161,0
618029,2026-02,Roads & Highways,Ministry of Road Transport & Highways,351,195.07,-407.0,1,55.57549857549857,1
618030,2026-02,Roads & Highways,Ministry of Road Transport & Highways,264,3.58,-642.0,1,1.3560606060606062,1
618031,2026-02,Roads & Highways,Ministry of Road Transport & Highways,517,105.04,-60.0,1,20.317214700193425,1
618033,2026-02,Roads & Highways,Ministry of Road Transport & Highways,496,156.97,-448.0,1,31.64717741935484,1
618034,2026-02,Roads & Highways,Ministry of Road Transport & Highways,174,4.87,167.0,0,2.7988505747126435,0
618035,2026-02,Roads & Highways,Ministry of Road Transport & Highways,275,,80.0,0,,1
618036,2026-02,Roads & Highways,Ministry of Road Transport & Highways,316,,270.0,0,,0
618037,2026-02,Roads & Highways,Ministry of Road Transport & Highways,440,163.34,-667.0,1,37.122727272727275,1
618038,2026-02,Roads & Highways,Ministry of Road Transport & Highways,224,,682.0,0,,0
618039,2026-02,Roads & Highways,Ministry of Road Transport & Highways,347,,785.0,0,,0
618040,2026-02,Roads & Highways,Ministry of Road Transport & Highways,453,,313.0,0,,0
618041,2026-02,Roads & Highways,Ministry of Road Transport & Highways,299,,669.0,0,,0
618042,2026-02,Roads & Highways,Ministry of Road Transport & Highways,164,,-303.0,1,,1
618043,2026-02,Roads & Highways,Ministry of Road Transport & Highways,492,,150.0,0,,0
618045,2026-02,Roads & Highways,Ministry of Road Transport & Highways,179,71.77,-436.0,1,40.0949720670391,0
618046,2026-02,Roads & Highways,Ministry of Road Transport & Highways,213,,-522.0,1,,0
618047,2026-02,Roads & Highways,Ministry of Road Transport & Highways,657,,453.0,0,,0
618049,2026-02,Roads & Highways,Ministry of Road Transport & Highways,183,64.87,130.0,0,35.44808743169399,0
618050,2026-02,Roads & Highways,Ministry of Road Transport & Highways,346,146.64,-889.0,1,42.38150289017341,0
618052,2026-02,Roads & Highways,Ministry of Road Transport & Highways,809,,535.0,0,,0
618053,2026-02,Roads & Highways,Ministry of Road Transport & Highways,1020,,528.0,0,,0
618054,2026-02,Roads & Highways,Ministry of Road Transport & Highways,516,96.46,-26.0,1,18.6937984496124,1
618055,2026-02,Roads & Highways,Ministry of Road Transport & Highways,225,,-243.0,1,,1
618056,2026-02,Roads & Highways,Ministry of Road Transport & Highways,510,90.01,-167.0,1,17.64901960784314,1
618057,2026-02,Roads & Highways,Ministry of Road Transport & Highways,189,,-281.0,1,,1
618059,2026-02,Roads & Highways,Ministry of Road Transport & Highways,328,,-198.0,1,,1
618060,2026-02,Roads & Highways,Ministry of Road Transport & Highways,315,129.49,-592.0,1,41.10793650793651,1
618061,2026-02,Roads & Highways,Ministry of Road Transport & Highways,386,24.63,211.0,0,6.380829015544041,0
618062,2026-02,Roads & Highways,Ministry of Road Transport & Highways,245,,-168.0,1,,1
618063,2026-02,Roads & Highways,Ministry of Road Transport & Highways,262,112.46,-528.0,1,42.9236641221374,1
618064,2026-02,Roads & Highways,Ministry of Road Transport & Highways,279,201.05,-644.0,1,72.06093189964157,0
618065,2026-02,Roads & Highways,Ministry of Road Transport & Highways,316,,-177.0,1,,1
618066,2026-02,Roads & Highways,Ministry of Road Transport & Highways,284,22.15,348.0,0,7.799295774647887,0
618067,2026-02,Roads & Highways,Ministry of Road Transport & Highways,1086,,619.0,0,,0
618068,2026-02,Roads & Highways,Ministry of Road Transport & Highways,158,,-145.0,1,,1
618069,2026-02,Roads & Highways,Ministry of Road Transport & Highways,335,,217.0,0,,0
618070,2026-02,Roads & Highways,Ministry of Road Transport & Highways,294,,-2382.0,1,,1
618071,2026-02,Roads & Highways,Ministry of Road Transport & Highways,385,,-647.0,1,,1
618072,2026-02,Roads & Highways,Ministry of Road Transport & Highways,297,149.19,-588.0,1,50.232323232323225,1
618073,2026-02,Roads & Highways,Ministry of Road Transport & Highways,226,,0.0,0,,1
618074,2026-02,Roads & Highways,Ministry of Road Transport & Highways,624,153.21,-474.0,1,24.552884615384617,1
618075,2026-02,Roads & Highways,Ministry of Road Transport & Highways,841,148.26,-20.0,1,17.62901307966706,1
618076,2026-02,Roads & Highways,Ministry of Road Transport & Highways,504,,441.0,0,,0
618078,2026-02,Roads & Highways,Ministry of Road Transport & Highways,193,56.27,-888.0,1,29.155440414507773,1
618079,2026-02,Roads & Highways,Ministry of Road Transport & Highways,173,,235.0,0,,0
618080,2026-02,Roads & Highways,Ministry of Road Transport & Highways,353,,26.0,0,,0
618081,2026-02,Roads & Highways,Ministry of Road Transport & Highways,438,,0.0,0,,1
618082,2026-02,Roads & Highways,Ministry of Road Transport & Highways,396,,-655.0,1,,1
618083,2026-02,Roads & Highways,Ministry of Road Transport & Highways,459,,-54.0,1,,1
618084,2026-02,Roads & Highways,Ministry of Road Transport & Highways,153,77.0,-935.0,1,50.326797385620914,1
618085,2026-02,Roads & Highways,Ministry of Road Transport & Highways,305,,-491.0,1,,1
618086,2026-02,Roads & Highways,Ministry of Road Transport & Highways,617,0.75,319.0,0,0.12155591572123178,0
618087,2026-02,Roads & Highways,Ministry of Road Transport & Highways,256,175.75,-591.0,1,68.65234375,1
618088,2026-02,Roads & Highways,Ministry of Road Transport & Highways,326,0.24,294.0,0,0.07361963190184048,0
618089,2026-02,Roads & Highways,Ministry of Road Transport & Highways,207,,-332.0,1,,1
618090,2026-02,Roads & Highways,Ministry of Road Transport & Highways,546,,-2438.0,1,,1
618091,2026-02,Roads & Highways,Ministry of Road Transport & Highways,513,117.19,-9.0,1,22.844054580896685,1
618092,2026-02,Roads & Highways,Ministry of Road Transport & Highways,607,,218.0,0,,0
618093,2026-02,Roads & Highways,Ministry of Road Transport & Highways,838,55.04,-155.0,1,6.5680190930787585,0
618094,2026-02,Roads & Highways,Ministry of Road Transport & Highways,369,143.65,-2261.0,1,38.929539295392956,1
618095,2026-02,Roads & Highways,Ministry of Road Transport & Highways,196,,5.0,0,,1
618096,2026-02,Roads & Highways,Ministry of Road Transport & Highways,181,,45.0,0,,1
618097,2026-02,Roads & Highways,Ministry of Road Transport & Highways,407,,-2452.0,1,,1
618098,2026-02,Roads & Highways,Ministry of Road Transport & Highways,168,,-656.0,1,,1
618099,2026-02,Roads & Highways,Ministry of Road Transport & Highways,164,98.68,42.0,0,60.17073170731708,0
618101,2026-02,Roads & Highways,Ministry of Road Transport & Highways,882,,415.0,0,,0
618103,2026-02,Roads & Highways,Ministry of Road Transport & Highways,279,126.11,43.0,0,45.200716845878134,1
618104,2026-02,Roads & Highways,Ministry of Road Transport & Highways,887,573.13,-232.0,1,64.61443066516347,1
618105,2026-02,Roads & Highways,Ministry of Road Transport & Highways,631,71.91,-143.0,1,11.39619651347068,1
618106,2026-02,Roads & Highways,Ministry of Road Transport & Highways,704,252.32,-406.0,1,35.84090909090909,1
618107,2026-02,Roads & Highways,Ministry of Road Transport & Highways,1155,1.52,840.0,0,0.1316017316017316,1
618108,2026-02,Roads & Highways,Ministry of Road Transport & Highways,237,,-84.0,1,,1
618109,2026-02,Roads & Highways,Ministry of Road Transport & Highways,356,179.25,-429.0,1,50.35112359550562,1
618110,2026-02,Roads & Highways,Ministry of Road Transport & Highways,307,125.88,-667.0,1,41.00325732899023,0
618111,2026-02,Roads & Highways,Ministry of Road Transport & Highways,403,,-263.0,1,,1
618112,2026-02,Roads & Highways,Ministry of Road Transport & Highways,912,,272.0,0,,0
618113,2026-02,Roads & Highways,Ministry of Road Transport & Highways,588,23.67,263.0,0,4.025510204081633,0
618116,2026-02,Roads & Highways,Ministry of Road Transport & Highways,1680,,698.0,0,,0
618117,2026-02,Roads & Highways,Ministry of Road Transport & Highways,155,2.95,90.0,0,1.9032258064516132,0
618118,2026-02,Roads & Highways,Ministry of Road Transport & Highways,174,63.55,-577.0,1,36.52298850574712,0
618119,2026-02,Roads & Highways,Ministry of Road Transport & Highways,472,,363.0,0,,0
618120,2026-02,Roads & Highways,Ministry of Road Transport & Highways,1060,,684.0,0,,0
618121,2026-02,Roads & Highways,Ministry of Road Transport & Highways,427,176.32,-436.0,1,41.292740046838404,1
618122,2026-02,Roads & Highways,Ministry of Road Transport & Highways,172,,227.0,0,,0
618123,2026-02,Roads & Highways,Ministry of Road Transport & Highways,423,4.11,-188.0,1,0.9716312056737589,0
618124,2026-02,Roads & Highways,Ministry of Road Transport & Highways,344,61.4,-184.0,1,17.848837209302324,1
618125,2026-02,Roads & Highways,Ministry of Road Transport & Highways,228,70.6,-2164.0,1,30.96491228070175,1
618126,2026-02,Roads & Highways,Ministry of Road Transport & Highways,479,,283.0,0,,0
618127,2026-02,Roads & Highways,Ministry of Road Transport & Highways,256,,429.0,0,,0
618129,2026-02,Roads & Highways,Ministry of Road Transport & Highways,468,,306.0,0,,0
618130,2026-02,Roads & Highways,Ministry of Road Transport & Highways,491,,64.0,0,,1
618132,2026-02,Roads & Highways,Ministry of Road Transport & Highways,206,152.77,-2096.0,1,74.1601941747573,0
618133,2026-02,Roads & Highways,Ministry of Road Transport & Highways,281,,-638.0,1,,1
618134,2026-02,Roads & Highways,Ministry of Road Transport & Highways,459,,192.0,0,,0
618136,2026-02,Roads & Highways,Ministry of Road Transport & Highways,224,,-896.0,1,,1
618137,2026-02,Roads & Highways,Ministry of Road Transport & Highways,540,95.57,434.0,0,17.698148148148146,0
618138,2026-02,Roads & Highways,Ministry of Road Transport & Highways,350,,249.0,0,,0
618139,2026-02,Roads & Highways,Ministry of Road Transport & Highways,355,,214.0,0,,0
618140,2026-02,Roads & Highways,Ministry of Road Transport & Highways,446,0.11,337.0,0,0.02466367713004484,0
618141,2026-02,Roads & Highways,Ministry of Road Transport & Highways,423,159.94,-437.0,1,37.810874704491724,1
618142,2026-02,Roads & Highways,Ministry of Road Transport & Highways,245,,-2488.0,1,,1
618143,2026-02,Roads & Highways,Ministry of Road Transport & Highways,197,,-2312.0,1,,0
618144,2026-02,Roads & Highways,Ministry of Road Transport & Highways,423,,-1176.0,1,,0
618145,2026-02,Roads & Highways,Ministry of Road Transport & Highways,568,298.7,-423.0,1,52.58802816901408,1
618146,2026-02,Roads & Highways,Ministry of Road Transport & Highways,495,,42.0,0,,1
618147,2026-02,Roads & Highways,Ministry of Road Transport & Highways,167,28.35,-172.0,1,16.976047904191617,1
618149,2026-02,Roads & Highways,Ministry of Road Transport & Highways,957,176.44,321.0,0,18.436781609195403,0
618150,2026-02,Roads & Highways,Ministry of Road Transport & Highways,762,,434.0,0,,0
618152,2026-02,Roads & Highways,Ministry of Road Transport & Highways,489,,-2404.0,1,,1
618153,2026-02,Roads & Highways,Ministry of Road Transport & Highways,653,,-2403.0,1,,1
618154,2026-02,Roads & Highways,Ministry of Road Transport & Highways,158,,-594.0,1,,1
618155,2026-02,Roads & Highways,Ministry of Road Transport & Highways,396,56.96,131.0,0,14.383838383838384,0
618156,2026-02,Roads & Highways,Ministry of Road Transport & Highways,493,,216.0,0,,0
618157,2026-02,Roads & Highways,Ministry of Road Transport & Highways,348,,101.0,0,,1
618158,2026-02,Roads & Highways,Ministry of Road Transport & Highways,417,,305.0,0,,0
618159,2026-02,Roads & Highways,Ministry of Road Transport & Highways,382,19.45,393.0,0,5.091623036649215,0
618160,2026-02,Roads & Highways,Ministry of Road Transport & Highways,1019,,650.0,0,,0
618161,2026-02,Roads & Highways,Ministry of Road Transport & Highways,840,353.87,-59.0,1,42.12738095238095,1
618162,2026-02,Roads & Highways,Ministry of Road Transport & Highways,2009,,686.0,0,,0
618163,2026-02,Roads & Highways,Ministry of Road Transport & Highways,809,,-84.0,1,,1
618164,2026-02,Roads & Highways,Ministry of Road Transport & Highways,1142,,115.0,0,,1
618165,2026-02,Roads & Highways,Ministry of Road Transport & Highways,1157,,-28.0,1,,1
618166,2026-02,Roads & Highways,Ministry of Road Transport & Highways,698,0.04,-122.0,1,0.005730659025787966,1
618167,2026-02,Roads & Highways,Ministry of Road Transport & Highways,265,,-913.0,1,,1
618168,2026-02,Roads & Highways,Ministry of Road Transport & Highways,918,128.0,-45.0,1,13.943355119825709,1
618169,2026-02,Roads & Highways,Ministry of Road Transport & Highways,640,232.83,-91.0,1,36.3796875,1
618170,2026-02,Roads & Highways,Ministry of Road Transport & Highways,214,,-167.0,1,,1
618171,2026-02,Roads & Highways,Ministry of Road Transport & Highways,353,,-44.0,1,,1
618172,2026-02,Roads & Highways,Ministry of Road Transport & Highways,342,,-2463.0,1,,1
618173,2026-02,Roads & Highways,Ministry of Road Transport & Highways,382,,-2449.0,1,,1
618174,2026-02,Roads & Highways,Ministry of Road Transport & Highways,227,,234.0,0,,1
618175,2026-02,Roads & Highways,Ministry of Road Transport & Highways,429,,-290.0,1,,1
618176,2026-02,Roads & Highways,Ministry of Road Transport & Highways,349,,673.0,0,,1
618177,2026-02,Roads & Highways,Ministry of Road Transport & Highways,227,,-2253.0,1,,1
618178,2026-02,Roads & Highways,Ministry of Road Transport & Highways,163,,95.0,0,,0
618179,2026-02,Roads & Highways,Ministry of Road Transport & Highways,182,,-1.0,1,,0
618180,2026-02,Roads & Highways,Ministry of Road Transport & Highways,223,,-2252.0,1,,1
618181,2026-02,Roads & Highways,Ministry of Road Transport & Highways,154,,-213.0,1,,0
618182,2026-02,Roads & Highways,Ministry of Road Transport & Highways,500,160.39,128.0,0,32.077999999999996,0
618183,2026-02,Roads & Highways,Ministry of Road Transport & Highways,399,,173.0,0,,0
618184,2026-02,Roads & Highways,Ministry of Road Transport & Highways,314,,-16.0,1,,1
618185,2026-02,Roads & Highways,Ministry of Road Transport & Highways,395,,525.0,0,,0
618186,2026-02,Roads & Highways,Ministry of Road Transport & Highways,549,296.89,-427.0,1,54.0783242258652,1
618187,2026-02,Roads & Highways,Ministry of Road Transport & Highways,947,,605.0,0,,0
618188,2026-02,Roads & Highways,Ministry of Road Transport & Highways,254,,-282.0,1,,1
618189,2026-02,Roads & Highways,Ministry of Road Transport & Highways,614,,614.0,0,,0
618190,2026-02,Roads & Highways,Ministry of Road Transport & Highways,644,348.93,-349.0,1,54.18167701863354,1
618191,2026-02,Roads & Highways,Ministry of Road Transport & Highways,403,224.46,-398.0,1,55.69727047146402,1
618192,2026-02,Roads & Highways,Ministry of Road Transport & Highways,424,,-605.0,1,,1
618193,2026-02,Roads & Highways,Ministry of Road Transport & Highways,369,20.87,298.0,0,5.655826558265583,1
618194,2026-02,Roads & Highways,Ministry of Road Transport & Highways,294,287.94,-2213.0,1,97.93877551020408,1
618196,2026-02,Roads & Highways,Ministry of Road Transport & Highways,579,,-434.0,1,,1
618197,2026-02,Roads & Highways,Ministry of Road Transport & Highways,882,347.42,-394.0,1,39.390022675736965,1
618198,2026-02,Roads & Highways,Ministry of Road Transport & Highways,389,,-786.0,1,,1
618199,2026-02,Roads & Highways,Ministry of Road Transport & Highways,723,,153.0,0,,0
618200,2026-02,Roads & Highways,Ministry of Road Transport & Highways,318,6.05,-320.0,1,1.9025157232704402,1
618201,2026-02,Roads & Highways,Ministry of Road Transport & Highways,702,,262.0,0,,1
618202,2026-02,Roads & Highways,Ministry of Road Transport & Highways,992,,185.0,0,,1
618203,2026-02,Roads & Highways,Ministry of Road Transport & Highways,980,,153.0,0,,1
618204,2026-02,Roads & Highways,Ministry of Road Transport & Highways,426,88.88,-255.0,1,20.863849765258216,1
618205,2026-02,Roads & Highways,Ministry of Road Transport & Highways,823,252.28,-188.0,1,30.65370595382746,1
618206,2026-02,Roads & Highways,Ministry of Road Transport & Highways,1405,105.6,434.0,0,7.516014234875444,0
618207,2026-02,Roads & Highways,Ministry of Road Transport & Highways,574,,582.0,0,,1
618208,2026-02,Roads & Highways,Ministry of Road Transport & Highways,180,,-1582.0,1,,0
618209,2026-02,Roads & Highways,Ministry of Road Transport & Highways,259,,-168.0,1,,1
618210,2026-02,Roads & Highways,Ministry of Road Transport & Highways,604,,-819.0,1,,1
618211,2026-02,Roads & Highways,Ministry of Road Transport & Highways,650,,269.0,0,,0
618212,2026-02,Roads & Highways,Ministry of Road Transport & Highways,197,,414.0,0,,0
618213,2026-02,Roads & Highways,Ministry of Road Transport & Highways,274,,-1880.0,1,,1
618214,2026-02,Roads & Highways,Ministry of Road Transport & Highways,346,,-1695.0,1,,1
618215,2026-02,Roads & Highways,Ministry of Road Transport & Highways,274,,466.0,0,,0
618216,2026-02,Roads & Highways,Ministry of Road Transport & Highways,231,15.16,122.0,0,6.562770562770563,1
618217,2026-02,Roads & Highways,Ministry of Road Transport & Highways,315,76.97,72.0,0,24.434920634920633,1
618218,2026-02,Roads & Highways,Ministry of Road Transport & Highways,338,,-283.0,1,,1
618219,2026-02,Roads & Highways,Ministry of Road Transport & Highways,293,,70.0,0,,1
618220,2026-02,Roads & Highways,Ministry of Road Transport & Highways,642,,-590.0,1,,1
618221,2026-02,Roads & Highways,Ministry of Road Transport & Highways,735,,152.0,0,,1
618222,2026-02,Roads & Highways,Ministry of Road Transport & Highways,562,127.71,-55.0,1,22.724199288256226,1
618223,2026-02,Roads & Highways,Ministry of Road Transport & Highways,153,66.69,-884.0,1,43.588235294117645,1
618224,2026-02,Roads & Highways,Ministry of Road Transport & Highways,797,419.73,-557.0,1,52.66373902132999,1
618225,2026-02,Roads & Highways,Ministry of Road Transport & Highways,395,137.46,-581.0,1,34.800000000000004,1
618226,2026-02,Roads & Highways,Ministry of Road Transport & Highways,272,156.36,-457.0,1,57.485294117647065,1
618227,2026-02,Roads & Highways,Ministry of Road Transport & Highways,995,456.26,-162.0,1,45.85527638190955,1
618228,2026-02,Roads & Highways,Ministry of Road Transport & Highways,2926,,-524.0,1,,1
618229,2026-02,Roads & Highways,Ministry of Road Transport & Highways,211,,-742.0,1,,0
618230,2026-02,Roads & Highways,Ministry of Road Transport & Highways,314,,-322.0,1,,1
618231,2026-02,Roads & Highways,Ministry of Road Transport & Highways,372,192.19,-435.0,1,51.66397849462365,1
618232,2026-02,Roads & Highways,Ministry of Road Transport & Highways,252,71.19,75.0,0,28.249999999999996,1
618233,2026-02,Roads & Highways,Ministry of Road Transport & Highways,1948,,-744.0,1,,1
618234,2026-02,Roads & Highways,Ministry of Road Transport & Highways,1478,776.74,-632.0,1,52.55345060893099,1
618235,2026-02,Roads & Highways,Ministry of Road Transport & Highways,278,28.14,302.0,0,10.122302158273381,0
618236,2026-02,Roads & Highways,Ministry of Road Transport & Highways,316,14.32,-2850.0,1,4.531645569620253,1
618237,2026-02,Roads & Highways,Ministry of Road Transport & Highways,263,151.56,-2347.0,1,57.627376425855516,1
618238,2026-02,Roads & Highways,Ministry of Road Transport & Highways,351,233.92,-2792.0,1,66.64387464387464,1
618239,2026-02,Roads & Highways,Ministry of Road Transport & Highways,445,,-2731.0,1,,1
618240,2026-02,Roads & Highways,Ministry of Road Transport & Highways,236,,-715.0,1,,1
618242,2026-02,Roads & Highways,Ministry of Road Transport & Highways,300,76.71,-56.0,1,25.569999999999997,1
618243,2026-02,Roads & Highways,Ministry of Road Transport & Highways,1139,,469.0,0,,0
618244,2026-02,Roads & Highways,Ministry of Road Transport & Highways,1274,,427.0,0,,0
618246,2026-02,Roads & Highways,Ministry of Road Transport & Highways,1110,,434.0,0,,0
618247,2026-02,Roads & Highways,Ministry of Road Transport & Highways,1709,,1054.0,0,,0
618248,2026-02,Roads & Highways,Ministry of Road Transport & Highways,1653,,686.0,0,,0
618249,2026-02,Roads & Highways,Ministry of Road Transport & Highways,1512,,394.0,0,,0
618250,2026-02,Roads & Highways,Ministry of Road Transport & Highways,3064,,612.0,0,,1
618251,2026-02,Roads & Highways,Ministry of Road Transport & Highways,1661,,736.0,0,,1
618252,2026-02,Roads & Highways,Ministry of Road Transport & Highways,974,0.64,430.0,0,0.06570841889117043,0
618254,2026-02,Roads & Highways,Ministry of Road Transport & Highways,244,1.66,130.0,0,0.680327868852459,1
618255,2026-02,Roads & Highways,Ministry of Road Transport & Highways,361,90.68,-118.0,1,25.119113573407205,1
618256,2026-02,Roads & Highways,Ministry of Road Transport & Highways,311,181.09,-506.0,1,58.228295819935695,1
618257,2026-02,Roads & Highways,Ministry of Road Transport & Highways,349,228.78,-601.0,1,65.55300859598854,1
618258,2026-02,Roads & Highways,Ministry of Road Transport & Highways,297,237.52,-905.0,1,79.97306397306397,0
618259,2026-02,Roads & Highways,Ministry of Road Transport & Highways,223,122.52,-1066.0,1,54.94170403587444,0
618260,2026-02,Roads & Highways,Ministry of Road Transport & Highways,1348,,620.0,0,,1
618262,2026-02,Roads & Highways,Ministry of Road Transport & Highways,1735,,518.0,0,,0
618263,2026-02,Roads & Highways,Ministry of Road Transport & Highways,701,,153.0,0,,0
618264,2026-02,Roads & Highways,Ministry of Road Transport & Highways,2062,,822.0,0,,0
618265,2026-02,Roads & Highways,Ministry of Road Transport & Highways,172,,-581.0,1,,1
618266,2026-02,Roads & Highways,Ministry of Road Transport & Highways,325,,-462.0,1,,1
618282,2026-02,Roads & Highways,Ministry of Road Transport & Highways,1265,417.71,110.0,0,33.02055335968379,1
618283,2026-02,Roads & Highways,Ministry of Road Transport & Highways,1000,361.39,103.0,0,36.138999999999996,1
618284,2026-02,Roads & Highways,Ministry of Road Transport & Highways,1458,730.41,301.0,0,50.09670781893004,0
618285,2026-02,Roads & Highways,Ministry of Road Transport & Highways,287,183.14,-126.0,1,63.81184668989547,1
618286,2026-02,Roads & Highways,Ministry of Road Transport & Highways,747,401.01,-475.0,1,53.68273092369478,1
618287,2026-02,Roads & Highways,Ministry of Road Transport & Highways,1339,,460.0,0,,0
618288,2026-02,Roads & Highways,Ministry of Road Transport & Highways,1081,,522.0,0,,0
618289,2026-02,Roads & Highways,Ministry of Road Transport & Highways,225,204.19,-1160.0,1,90.7511111111111,1
618290,2026-02,Roads & Highways,Ministry of Road Transport & Highways,202,89.76,-1413.0,1,44.43564356435644,1
618291,2026-02,Roads & Highways,Ministry of Road Transport & Highways,160,74.36,-258.0,1,46.475,1
618292,2026-02,Roads & Highways,Ministry of Road Transport & Highways,277,172.1,-1232.0,1,62.12996389891696,1
618293,2026-02,Roads & Highways,Ministry of Road Transport & Highways,232,10.01,253.0,0,4.314655172413793,0
618294,2026-02,Roads & Highways,Ministry of Road Transport & Highways,801,38.54,575.0,0,4.811485642946317,0
618295,2026-02,Roads & Highways,Ministry of Road Transport & Highways,706,,385.0,0,,0
618296,2026-02,Roads & Highways,Ministry of Road Transport & Highways,331,,-99.0,1,,1
618297,2026-02,Roads & Highways,Ministry of Road Transport & Highways,356,,-55.0,1,,1
618298,2026-02,Roads & Highways,Ministry of Road Transport & Highways,212,220.22,-1134.0,1,103.87735849056602,1
618299,2026-02,Roads & Highways,Ministry of Road Transport & Highways,269,,97.0,0,,1
618300,2026-02,Roads & Highways,Ministry of Road Transport & Highways,379,287.33,-1412.0,1,75.81266490765171,1
618301,2026-02,Roads & Highways,Ministry of Road Transport & Highways,229,26.38,180.0,0,11.519650655021833,0
618302,2026-02,Roads & Highways,Ministry of Road Transport & Highways,256,,-1339.0,1,,1
618303,2026-02,Roads & Highways,Ministry of Road Transport & Highways,223,,-1339.0,1,,1
618304,2026-02,Roads & Highways,Ministry of Road Transport & Highways,165,123.15,118.0,0,74.63636363636364,1
618305,2026-02,Roads & Highways,Ministry of Road Transport & Highways,555,193.18,282.0,0,34.807207207207206,0
618306,2026-02,Roads & Highways,Ministry of Road Transport & Highways,564,17.41,396.0,0,3.0868794326241136,1
618308,2026-02,Roads & Highways,Ministry of Road Transport & Highways,676,,346.0,0,,0
618309,2026-02,Roads & Highways,Ministry of Road Transport & Highways,1320,,536.0,0,,0
618310,2026-02,Roads & Highways,Ministry of Road Transport & Highways,792,0.06,365.0,0,0.007575757575757576,0
618311,2026-02,Roads & Highways,Ministry of Road Transport & Highways,870,,372.0,0,,0
618312,2026-02,Roads & Highways,Ministry of Road Transport & Highways,1258,,602.0,0,,0
618313,2026-02,Roads & Highways,Ministry of Road Transport & Highways,1182,,566.0,0,,0
618314,2026-02,Roads & Highways,Ministry of Road Transport & Highways,1716,918.32,167.0,0,53.515151515151516,0
618315,2026-02,Roads & Highways,Ministry of Road Transport & Highways,1257,542.56,145.0,0,43.163086714399356,0
618316,2026-02,Roads & Highways,Ministry of Road Transport & Highways,491,31.46,313.0,0,6.407331975560082,0
618317,2026-02,Roads & Highways,Ministry of Road Transport & Highways,562,,313.0,0,,0
618318,2026-02,Roads & Highways,Ministry of Road Transport & Highways,720,1.03,494.0,0,0.14305555555555555,0
618319,2026-02,Roads & Highways,Ministry of Road Transport & Highways,596,14.52,313.0,0,2.436241610738255,0
618320,2026-02,Roads & Highways,Ministry of Road Transport & Highways,866,,973.0,0,,0
618321,2026-02,Roads & Highways,Ministry of Road Transport & Highways,876,,977.0,0,,0
618323,2026-02,Roads & Highways,Ministry of Road Transport & Highways,1313,,1008.0,0,,0
618324,2026-02,Roads & Highways,Ministry of Road Transport & Highways,721,,986.0,0,,0
618325,2026-02,Roads & Highways,Ministry of Road Transport & Highways,204,,-588.0,1,,0
618326,2026-02,Roads & Highways,Ministry of Road Transport & Highways,517,,-91.0,1,,1
618327,2026-02,Roads & Highways,Ministry of Road Transport & Highways,626,,-596.0,1,,0
618328,2026-02,Roads & Highways,Ministry of Road Transport & Highways,563,119.71,-153.0,1,21.262877442273535,0
618329,2026-02,Roads & Highways,Ministry of Road Transport & Highways,819,,-2003.0,1,,0
618330,2026-02,Roads & Highways,Ministry of Road Transport & Highways,511,647.21,-1191.0,1,126.65557729941293,1
618331,2026-02,Roads & Highways,Ministry of Road Transport & Highways,958,149.35,686.0,0,15.589770354906054,0
618333,2026-02,Roads & Highways,Ministry of Road Transport & Highways,760,392.84,-62.0,1,51.68947368421052,1
618334,2026-02,Roads & Highways,Ministry of Road Transport & Highways,505,293.62,-387.0,1,58.142574257425736,1
618335,2026-02,Roads & Highways,Ministry of Road Transport & Highways,411,330.32,-657.0,1,80.36982968369828,1
618336,2026-02,Roads & Highways,Ministry of Road Transport & Highways,580,369.63,-792.0,1,63.72931034482758,1
618337,2026-02,Roads & Highways,Ministry of Road Transport & Highways,467,565.78,-1077.0,1,121.15203426124197,1
618338,2026-02,Roads & Highways,Ministry of Road Transport & Highways,195,,18.0,0,,1
618339,2026-02,Roads & Highways,Ministry of Road Transport & Highways,357,,281.0,0,,0
618340,2026-02,Roads & Highways,Ministry of Road Transport & Highways,459,210.94,-287.0,1,45.95642701525055,1
618341,2026-02,Roads & Highways,Ministry of Road Transport & Highways,524,394.29,-371.0,1,75.24618320610688,0
618342,2026-02,Roads & Highways,Ministry of Road Transport & Highways,207,,-1339.0,1,,0
618343,2026-02,Roads & Highways,Ministry of Road Transport & Highways,292,,-1339.0,1,,0
618346,2026-02,Roads & Highways,Ministry of Road Transport & Highways,233,127.15,-1339.0,1,54.570815450643785,1
618347,2026-02,Roads & Highways,Ministry of Road Transport & Highways,242,139.8,-1339.0,1,57.76859504132232,1
618348,2026-02,Roads & Highways,Ministry of Road Transport & Highways,178,1.41,252.0,0,0.7921348314606742,0
618349,2026-02,Roads & Highways,Ministry of Road Transport & Highways,204,,182.0,0,,0
618350,2026-02,Roads & Highways,Ministry of Road Transport & Highways,921,,212.0,0,,1
618351,2026-02,Roads & Highways,Ministry of Road Transport & Highways,890,551.37,-183.0,1,61.95168539325843,1
618352,2026-02,Roads & Highways,Ministry of Road Transport & Highways,860,505.73,-183.0,1,58.805813953488375,1
618354,2026-02,Roads & Highways,Ministry of Road Transport & Highways,847,,4.0,0,,1
618355,2026-02,Roads & Highways,Ministry of Road Transport & Highways,484,352.44,-1080.0,1,72.81818181818181,1
618356,2026-02,Roads & Highways,Ministry of Road Transport & Highways,234,196.29,-1166.0,1,83.88461538461539,1
618357,2026-02,Roads & Highways,Ministry of Road Transport & Highways,478,330.1,-1016.0,1,69.05857740585775,1
618358,2026-02,Roads & Highways,Ministry of Road Transport & Highways,311,228.95,-1015.0,1,73.61736334405144,0
618359,2026-02,Roads & Highways,Ministry of Road Transport & Highways,665,266.83,382.0,0,40.124812030075184,0
618362,2026-02,Roads & Highways,Ministry of Road Transport & Highways,698,527.54,-1156.0,1,75.57879656160458,1
618363,2026-02,Roads & Highways,Ministry of Road Transport & Highways,741,399.44,-1146.0,1,53.905533063427804,1
618364,2026-02,Roads & Highways,Ministry of Road Transport & Highways,430,,-5.0,1,,0
618365,2026-02,Roads & Highways,Ministry of Road Transport & Highways,497,,-3.0,1,,0
618366,2026-02,Roads & Highways,Ministry of Road Transport & Highways,443,,-5.0,1,,0
618367,2026-02,Roads & Highways,Ministry of Road Transport & Highways,727,179.61,295.0,0,24.705639614855574,1
618368,2026-02,Roads & Highways,Ministry of Road Transport & Highways,671,,186.0,0,,1
618369,2026-02,Roads & Highways,Ministry of Road Transport & Highways,657,,186.0,0,,1
618370,2026-02,Roads & Highways,Ministry of Road Transport & Highways,432,,139.0,0,,1
618371,2026-02,Roads & Highways,Ministry of Road Transport & Highways,614,205.64,270.0,0,33.49185667752443,0
618372,2026-02,Roads & Highways,Ministry of Road Transport & Highways,909,637.69,-423.0,1,70.15291529152915,1
618373,2026-02,Roads & Highways,Ministry of Road Transport & Highways,4997,2681.39,927.0,0,53.65999599759855,0
618374,2026-02,Roads & Highways,Ministry of Road Transport & Highways,284,,258.0,0,,0
618375,2026-02,Roads & Highways,Ministry of Road Transport & Highways,446,18.92,50.0,0,4.242152466367713,1
618376,2026-02,Roads & Highways,Ministry of Road Transport & Highways,526,,160.0,0,,1
618377,2026-02,Roads & Highways,Ministry of Road Transport & Highways,351,,-129.0,1,,1
618379,2026-02,Roads & Highways,Ministry of Road Transport & Highways,753,125.62,-1041.0,1,16.682602921646748,1
618380,2026-02,Roads & Highways,Ministry of Road Transport & Highways,867,159.47,-1041.0,1,18.393310265282583,1
618381,2026-02,Roads & Highways,Ministry of Road Transport & Highways,769,168.78,-988.0,1,21.947984395318596,1
618382,2026-02,Roads & Highways,Ministry of Road Transport & Highways,606,0.01,-698.0,1,0.00165016501650165,1
618383,2026-02,Roads & Highways,Ministry of Road Transport & Highways,637,101.89,-897.0,1,15.995290423861853,1
618384,2026-02,Roads & Highways,Ministry of Road Transport & Highways,899,191.59,-1041.0,1,21.311457174638488,1
618385,2026-02,Roads & Highways,Ministry of Road Transport & Highways,174,,-177.0,1,,1
618386,2026-02,Roads & Highways,Ministry of Road Transport & Highways,278,,-1507.0,1,,0
618387,2026-02,Roads & Highways,Ministry of Road Transport & Highways,579,240.09,1.0,0,41.46632124352332,1
618388,2026-02,Roads & Highways,Ministry of Road Transport & Highways,316,227.98,-404.0,1,72.14556962025316,1
618389,2026-02,Roads & Highways,Ministry of Road Transport & Highways,311,247.0,-731.0,1,79.42122186495176,1
618390,2026-02,Roads & Highways,Ministry of Road Transport & Highways,1384,675.78,-1331.0,1,48.828034682080926,1
618391,2026-02,Roads & Highways,Ministry of Road Transport & Highways,250,,-85.0,1,,1
618392,2026-02,Roads & Highways,Ministry of Road Transport & Highways,260,,100.0,0,,1
618393,2026-02,Roads & Highways,Ministry of Road Transport & Highways,217,103.25,-85.0,1,47.58064516129033,0
618394,2026-02,Roads & Highways,Ministry of Road Transport & Highways,228,159.56,-1429.0,1,69.98245614035088,1
618395,2026-02,Roads & Highways,Ministry of Road Transport & Highways,512,153.01,-1100.0,1,29.884765625,1
618396,2026-02,Roads & Highways,Ministry of Road Transport & Highways,486,,-1615.0,1,,0
618397,2026-02,Roads & Highways,Ministry of Road Transport & Highways,256,,-1925.0,1,,0
618398,2026-02,Roads & Highways,Ministry of Road Transport & Highways,211,172.27,-1429.0,1,81.64454976303318,1
618399,2026-02,Roads & Highways,Ministry of Road Transport & Highways,860,302.2,-920.0,1,35.13953488372093,1
618400,2026-02,Roads & Highways,Ministry of Road Transport & Highways,399,99.22,-1155.0,1,24.8671679197995,1
618401,2026-02,Roads & Highways,Ministry of Road Transport & Highways,1419,,870.0,0,,0
618402,2026-02,Roads & Highways,Ministry of Road Transport & Highways,1262,207.36,731.0,0,16.431061806656103,1
618403,2026-02,Roads & Highways,Ministry of Road Transport & Highways,276,,336.0,0,,0
618404,2026-02,Roads & Highways,Ministry of Road Transport & Highways,626,,624.0,0,,0
618405,2026-02,Roads & Highways,Ministry of Road Transport & Highways,898,,503.0,0,,0
618406,2026-02,Roads & Highways,Ministry of Road Transport & Highways,322,,-1693.0,1,,0
618409,2026-02,Roads & Highways,Ministry of Road Transport & Highways,381,221.59,-1153.0,1,58.16010498687664,1
618410,2026-02,Roads & Highways,Ministry of Road Transport & Highways,405,321.12,-1153.0,1,79.28888888888889,0
618411,2026-02,Roads & Highways,Ministry of Road Transport & Highways,196,75.38,-458.0,1,38.45918367346939,1
618413,2026-02,Roads & Highways,Ministry of Road Transport & Highways,178,,-267.0,1,,1
618414,2026-02,Roads & Highways,Ministry of Road Transport & Highways,259,55.31,-172.0,1,21.355212355212355,0
618415,2026-02,Roads & Highways,Ministry of Road Transport & Highways,188,,-1164.0,1,,1
618416,2026-02,Roads & Highways,Ministry of Road Transport & Highways,226,177.28,-1164.0,1,78.4424778761062,1
618417,2026-02,Roads & Highways,Ministry of Road Transport & Highways,2026,,374.0,0,,0
618418,2026-02,Roads & Highways,Ministry of Road Transport & Highways,360,151.89,-644.0,1,42.19166666666666,1
618419,2026-02,Roads & Highways,Ministry of Road Transport & Highways,562,78.57,185.0,0,13.980427046263344,1
618420,2026-02,Roads & Highways,Ministry of Road Transport & Highways,686,217.93,185.0,0,31.768221574344025,1
618421,2026-02,Roads & Highways,Ministry of Road Transport & Highways,620,185.85,185.0,0,29.9758064516129,1
618422,2026-02,Roads & Highways,Ministry of Road Transport & Highways,162,10.18,-174.0,1,6.283950617283951,1
618423,2026-02,Roads & Highways,Ministry of Road Transport & Highways,216,28.16,-191.0,1,13.037037037037036,1
618426,2026-02,Roads & Highways,Ministry of Road Transport & Highways,265,,-602.0,1,,1
618427,2026-02,Roads & Highways,Ministry of Road Transport & Highways,311,6.11,-1060.0,1,1.9646302250803862,1
618428,2026-02,Roads & Highways,Ministry of Road Transport & Highways,265,54.47,-1055.0,1,20.554716981132078,1
618429,2026-02,Roads & Highways,Ministry of Road Transport & Highways,345,362.55,-1413.0,1,105.08695652173914,1
618430,2026-02,Roads & Highways,Ministry of Road Transport & Highways,403,,-1427.0,1,,1
618431,2026-02,Roads & Highways,Ministry of Road Transport & Highways,296,0.39,-1060.0,1,0.13175675675675674,1
618432,2026-02,Roads & Highways,Ministry of Road Transport & Highways,229,,-1428.0,1,,0
618433,2026-02,Roads & Highways,Ministry of Road Transport & Highways,185,,-1428.0,1,,1
618434,2026-02,Roads & Highways,Ministry of Road Transport & Highways,1719,178.83,-1457.0,1,10.403141361256544,1
618435,2026-02,Roads & Highways,Ministry of Road Transport & Highways,387,351.77,-2139.0,1,90.89664082687338,1
618436,2026-02,Roads & Highways,Ministry of Road Transport & Highways,599,404.9,-2446.0,1,67.59599332220367,1
618437,2026-02,Roads & Highways,Ministry of Road Transport & Highways,274,,-181.0,1,,0
618438,2026-02,Roads & Highways,Ministry of Road Transport & Highways,386,,-197.0,1,,1
618439,2026-02,Roads & Highways,Ministry of Road Transport & Highways,478,,-566.0,1,,0
618440,2026-02,Roads & Highways,Ministry of Road Transport & Highways,187,,-138.0,1,,0
618441,2026-02,Roads & Highways,Ministry of Road Transport & Highways,468,72.13,-153.0,1,15.412393162393162,0
618442,2026-02,Roads & Highways,Ministry of Road Transport & Highways,359,0.07,-566.0,1,0.019498607242339837,0
618443,2026-02,Roads & Highways,Ministry of Road Transport & Highways,438,,-566.0,1,,0
618444,2026-02,Roads & Highways,Ministry of Road Transport & Highways,279,,-566.0,1,,0
618445,2026-02,Roads & Highways,Ministry of Road Transport & Highways,354,,658.0,0,,0
618446,2026-02,Roads & Highways,Ministry of Road Transport & Highways,493,,-646.0,1,,1
618447,2026-02,Roads & Highways,Ministry of Road Transport & Highways,411,,-735.0,1,,1
618448,2026-02,Roads & Highways,Ministry of Road Transport & Highways,817,32.28,-812.0,1,3.951040391676867,1
618449,2026-02,Roads & Highways,Ministry of Road Transport & Highways,230,,-1050.0,1,,1
618450,2026-02,Roads & Highways,Ministry of Road Transport & Highways,293,1.91,-1399.0,1,0.651877133105802,1
618452,2026-02,Roads & Highways,Ministry of Road Transport & Highways,782,19.97,281.0,0,2.553708439897698,1
618454,2026-02,Roads & Highways,Ministry of Road Transport & Highways,694,37.6,-1368.0,1,5.417867435158501,0
618455,2026-02,Roads & Highways,Ministry of Road Transport & Highways,694,296.92,-1429.0,1,42.783861671469744,0
618456,2026-02,Roads & Highways,Ministry of Road Transport & Highways,1119,975.7,-1012.0,1,87.19392314566578,0
618457,2026-02,Roads & Highways,Ministry of Road Transport & Highways,1273,1086.63,-1014.0,1,85.35978004713276,1
618458,2026-02,Roads & Highways,Ministry of Road Transport & Highways,1855,1331.43,-786.0,1,71.77520215633425,1
618459,2026-02,Roads & Highways,Ministry of Road Transport & Highways,1555,989.48,-546.0,1,63.63215434083601,1
618460,2026-02,Roads & Highways,Ministry of Road Transport & Highways,1263,864.33,-836.0,1,68.43467933491686,1
618462,2026-02,Roads & Highways,Ministry of Road Transport & Highways,1645,932.22,-1017.0,1,56.66990881458966,1
618463,2026-02,Roads & Highways,Ministry of Road Transport & Highways,1325,1246.47,-1581.0,1,94.07320754716982,1
618464,2026-02,Roads & Highways,Ministry of Road Transport & Highways,2272,2574.28,-811.0,1,113.30457746478875,1
618465,2026-02,Roads & Highways,Ministry of Road Transport & Highways,1710,2152.43,-842.0,1,125.87309941520466,1
618466,2026-02,Roads & Highways,Ministry of Road Transport & Highways,3834,197.13,2.0,0,5.141627543035994,1
618467,2026-02,Roads & Highways,Ministry of Road Transport & Highways,2594,211.72,-138.0,1,8.161912104857363,1
618468,2026-02,Roads & Highways,Ministry of Road Transport & Highways,1525,813.35,-652.0,1,53.3344262295082,1
618469,2026-02,Roads & Highways,Ministry of Road Transport & Highways,3537,1792.81,-751.0,1,50.68730562623692,1
618470,2026-02,Roads & Highways,Ministry of Road Transport & Highways,2059,576.7,-658.0,1,28.008742107819334,1
618471,2026-02,Roads & Highways,Ministry of Road Transport & Highways,2611,596.29,-658.0,1,22.837610111068553,1
618472,2026-02,Roads & Highways,Ministry of Road Transport & Highways,4052,824.65,-485.0,1,20.351678183613032,1
618473,2026-02,Roads & Highways,Ministry of Road Transport & Highways,2209,812.58,-226.0,1,36.78497057492078,1
618475,2026-02,Roads & Highways,Ministry of Road Transport & Highways,2548,1079.25,-266.0,1,42.356750392464676,1
618476,2026-02,Roads & Highways,Ministry of Road Transport & Highways,1407,675.64,-513.0,1,48.01990049751244,1
618477,2026-02,Roads & Highways,Ministry of Road Transport & Highways,1482,678.68,-641.0,1,45.794871794871796,1
618478,2026-02,Roads & Highways,Ministry of Road Transport & Highways,1107,538.86,-594.0,1,48.677506775067755,1
618479,2026-02,Roads & Highways,Ministry of Road Transport & Highways,1525,353.88,-579.0,1,23.205245901639344,1
618480,2026-02,Roads & Highways,Ministry of Road Transport & Highways,163,35.71,-189.0,1,21.9079754601227,1
618481,2026-02,Roads & Highways,Ministry of Road Transport & Highways,3606,883.27,-599.0,1,24.494453688297284,1
618482,2026-02,Roads & Highways,Ministry of Road Transport & Highways,1866,964.23,-795.0,1,51.673633440514465,1
618483,2026-02,Roads & Highways,Ministry of Road Transport & Highways,1534,879.35,-777.0,1,57.323989569752285,1
618484,2026-02,Roads & Highways,Ministry of Road Transport & Highways,1606,631.62,-798.0,1,39.32876712328767,0
618485,2026-02,Roads & Highways,Ministry of Road Transport & Highways,1307,563.2,-808.0,1,43.09104820198929,0
618486,2026-02,Roads & Highways,Ministry of Road Transport & Highways,1742,872.76,-647.0,1,50.10103329506315,1
618487,2026-02,Roads & Highways,Ministry of Road Transport & Highways,1760,1250.45,-599.0,1,71.04829545454547,1
618488,2026-02,Roads & Highways,Ministry of Road Transport & Highways,1896,751.95,-352.0,1,39.65981012658228,0
618489,2026-02,Roads & Highways,Ministry of Road Transport & Highways,1851,1331.72,-592.0,1,71.94597514856834,1
618490,2026-02,Roads & Highways,Ministry of Road Transport & Highways,2178,1004.28,-599.0,1,46.11019283746556,0
618491,2026-02,Roads & Highways,Ministry of Road Transport & Highways,2175,941.19,-471.0,1,43.27310344827586,0
618492,2026-02,Roads & Highways,Ministry of Road Transport & Highways,1734,470.91,-60.0,1,27.157439446366784,1
618493,2026-02,Roads & Highways,Ministry of Road Transport & Highways,2165,359.7,47.0,0,16.61431870669746,1
618494,2026-02,Roads & Highways,Ministry of Road Transport & Highways,2715,1620.48,-521.0,1,59.68618784530387,1
618495,2026-02,Roads & Highways,Ministry of Road Transport & Highways,2895,781.47,-260.0,1,26.99378238341969,1
618496,2026-02,Roads & Highways,Ministry of Road Transport & Highways,1822,1157.4,-520.0,1,63.523600439077946,1
618497,2026-02,Roads & Highways,Ministry of Road Transport & Highways,975,470.83,-101.0,1,48.29025641025641,1
618498,2026-02,Roads & Highways,Ministry of Road Transport & Highways,2472,1178.84,-296.0,1,47.68770226537217,1
618499,2026-02,Roads & Highways,Ministry of Road Transport & Highways,1973,766.05,-213.0,1,38.82665990876837,1
618500,2026-02,Roads & Highways,Ministry of Road Transport & Highways,1081,410.98,-701.0,1,38.01850138760407,1
618501,2026-02,Roads & Highways,Ministry of Road Transport & Highways,1298,1007.59,-780.0,1,77.62634822804314,1
618502,2026-02,Roads & Highways,Ministry of Road Transport & Highways,1415,1002.19,-769.0,1,70.826148409894,1
618503,2026-02,Roads & Highways,Ministry of Road Transport & Highways,1034,947.67,-955.0,1,91.65087040618955,1
618504,2026-02,Roads & Highways,Ministry of Road Transport & Highways,1182,1203.89,-808.0,1,101.85194585448394,1
618505,2026-02,Roads & Highways,Ministry of Road Transport & Highways,410,191.99,-613.0,1,46.826829268292684,1
618506,2026-02,Roads & Highways,Ministry of Road Transport & Highways,402,66.69,431.0,0,16.589552238805968,0
618507,2026-02,Roads & Highways,Ministry of Road Transport & Highways,467,432.48,-267.0,1,92.60813704496789,1
618508,2026-02,Roads & Highways,Ministry of Road Transport & Highways,907,240.75,334.0,0,26.543550165380374,1
618509,2026-02,Roads & Highways,Ministry of Road Transport & Highways,2090,1797.78,-855.0,1,86.01818181818182,1
618511,2026-02,Roads & Highways,Ministry of Road Transport & Highways,605,43.71,108.0,0,7.224793388429752,1
618512,2026-02,Roads & Highways,Ministry of Road Transport & Highways,907,526.64,-1462.0,1,58.063947078280044,1
618513,2026-02,Roads & Highways,Ministry of Road Transport & Highways,2112,627.39,-413.0,1,29.70596590909091,1
618514,2026-02,Roads & Highways,Ministry of Road Transport & Highways,2331,186.26,-440.0,1,7.990561990561989,1
618515,2026-02,Roads & Highways,Ministry of Road Transport & Highways,1479,1136.31,-311.0,1,76.82961460446248,1
618516,2026-02,Roads & Highways,Ministry of Road Transport & Highways,1389,1045.3,-311.0,1,75.25557955363571,1
618517,2026-02,Roads & Highways,Ministry of Road Transport & Highways,1135,698.19,-160.0,1,61.51453744493393,1
618518,2026-02,Roads & Highways,Ministry of Road Transport & Highways,1455,633.86,-2045.0,1,43.56426116838488,1
618519,2026-02,Roads & Highways,Ministry of Road Transport & Highways,1261,562.31,-288.0,1,44.592386994448844,1
618520,2026-02,Roads & Highways,Ministry of Road Transport & Highways,1439,788.37,-1047.0,1,54.785962473940245,1
618521,2026-02,Roads & Highways,Ministry of Road Transport & Highways,767,427.32,-1845.0,1,55.71316818774446,1
618522,2026-02,Roads & Highways,Ministry of Road Transport & Highways,411,75.77,241.0,0,18.435523114355227,1
618523,2026-02,Roads & Highways,Ministry of Road Transport & Highways,845,232.06,-1627.0,1,27.46272189349113,1
618524,2026-02,Roads & Highways,Ministry of Road Transport & Highways,258,37.1,385.0,0,14.379844961240309,1
618525,2026-02,Roads & Highways,Ministry of Road Transport & Highways,327,5.34,599.0,0,1.6330275229357798,0
618526,2026-02,Roads & Highways,Ministry of Road Transport & Highways,666,474.59,-1674.0,1,71.25975975975976,1
618527,2026-02,Roads & Highways,Ministry of Road Transport & Highways,1195,683.18,-786.0,1,57.169874476987445,1
618529,2026-02,Roads & Highways,Ministry of Road Transport & Highways,1992,994.97,-1476.0,1,49.94829317269077,1
618530,2026-02,Roads & Highways,Ministry of Road Transport & Highways,3242,1226.45,-4373.0,1,37.83004318322023,1
618531,2026-02,Roads & Highways,Ministry of Road Transport & Highways,1054,98.83,292.0,0,9.376660341555977,0
618532,2026-02,Roads & Highways,Ministry of Road Transport & Highways,1822,585.79,-703.0,1,32.15093304061471,1
618533,2026-02,Roads & Highways,Ministry of Road Transport & Highways,1560,8.98,-3442.0,1,0.5756410256410257,1
618535,2026-02,Roads & Highways,Ministry of Road Transport & Highways,688,21.7,752.0,0,3.1540697674418605,0
618536,2026-02,Roads & Highways,Ministry of Road Transport & Highways,1604,157.34,486.0,0,9.809226932668329,0
618537,2026-02,Roads & Highways,Ministry of Road Transport & Highways,1754,355.19,98.0,0,20.250285062713797,1
618538,2026-02,Roads & Highways,Ministry of Road Transport & Highways,1793,139.93,514.0,0,7.804238706079198,0
618539,2026-02,Roads & Highways,Ministry of Road Transport & Highways,1089,36.93,570.0,0,3.391184573002755,0
618540,2026-02,Roads & Highways,Ministry of Road Transport & Highways,1089,69.75,610.0,0,6.40495867768595,1
618541,2026-02,Roads & Highways,Ministry of Road Transport & Highways,2920,1752.78,-757.0,1,60.02671232876712,1
618543,2026-02,Roads & Highways,Ministry of Road Transport & Highways,1912,328.3,-200.0,1,17.17050209205021,1
618544,2026-02,Roads & Highways,Ministry of Road Transport & Highways,1402,965.59,-631.0,1,68.87232524964337,1
618545,2026-02,Roads & Highways,Ministry of Road Transport & Highways,614,240.81,-574.0,1,39.21986970684039,1
618547,2026-02,Roads & Highways,Ministry of Road Transport & Highways,961,388.13,117.0,0,40.38813735691987,1
618549,2026-02,Roads & Highways,Ministry of Road Transport & Highways,243,638.36,-266.0,1,262.69958847736626,1
618550,2026-02,Roads & Highways,Ministry of Road Transport & Highways,856,189.56,-627.0,1,22.14485981308411,1
618551,2026-02,Roads & Highways,Ministry of Road Transport & Highways,667,36.91,502.0,0,5.533733133433283,0
618552,2026-02,Roads & Highways,Ministry of Road Transport & Highways,1755,797.54,-410.0,1,45.44387464387464,1
618553,2026-02,Roads & Highways,Ministry of Road Transport & Highways,958,758.39,-371.0,1,79.16388308977035,1
618554,2026-02,Roads & Highways,Ministry of Road Transport & Highways,879,611.57,-527.0,1,69.57565415244596,1
618555,2026-02,Roads & Highways,Ministry of Road Transport & Highways,1098,41.12,-2527.0,1,3.7449908925318756,1
618556,2026-02,Roads & Highways,Ministry of Road Transport & Highways,666,482.76,5.0,0,72.48648648648648,1
618557,2026-02,Roads & Highways,Ministry of Road Transport & Highways,1039,603.39,122.0,0,58.07410972088547,1
618558,2026-02,Roads & Highways,Ministry of Road Transport & Highways,955,427.43,-402.0,1,44.75706806282723,0
618559,2026-02,Roads & Highways,Ministry of Road Transport & Highways,522,256.53,-578.0,1,49.143678160919535,0
618560,2026-02,Roads & Highways,Ministry of Road Transport & Highways,542,72.23,-530.0,1,13.326568265682656,0
618561,2026-02,Roads & Highways,Ministry of Road Transport & Highways,905,137.39,751.0,0,15.181215469613257,0
618562,2026-02,Roads & Highways,Ministry of Road Transport & Highways,579,1.4,-6239.0,1,0.24179620034542312,0
618563,2026-02,Roads & Highways,Ministry of Road Transport & Highways,900,607.63,-1446.0,1,67.51444444444445,1
618564,2026-02,Roads & Highways,Ministry of Road Transport & Highways,1554,27.83,-63.0,1,1.7908622908622909,1
618565,2026-02,Roads & Highways,Ministry of Road Transport & Highways,526,259.66,-357.0,1,49.365019011406844,0
618566,2026-02,Roads & Highways,Ministry of Road Transport & Highways,1974,902.97,-57.0,1,45.743161094224924,1
618567,2026-02,Roads & Highways,Ministry of Road Transport & Highways,2289,132.07,677.0,0,5.769768457841852,1
618568,2026-02,Roads & Highways,Ministry of Road Transport & Highways,2541,198.69,576.0,0,7.819362455726092,0
618569,2026-02,Roads & Highways,Ministry of Road Transport & Highways,210,104.51,-760.0,1,49.76666666666667,1
618570,2026-02,Roads & Highways,Ministry of Road Transport & Highways,326,225.44,-546.0,1,69.15337423312883,1
618571,2026-02,Roads & Highways,Ministry of Road Transport & Highways,227,208.23,-79.0,1,91.73127753303964,1
618572,2026-02,Roads & Highways,Ministry of Road Transport & Highways,310,0.15,616.0,0,0.04838709677419355,0
618574,2026-02,Roads & Highways,Ministry of Road Transport & Highways,1818,443.7,458.0,0,24.405940594059405,0
618576,2026-02,Roads & Highways,Ministry of Road Transport & Highways,281,211.79,-634.0,1,75.37010676156584,0
618577,2026-02,Roads & Highways,Ministry of Road Transport & Highways,2228,928.18,-1919.0,1,41.65978456014363,1
618578,2026-02,Roads & Highways,Ministry of Road Transport & Highways,1467,1363.18,-600.0,1,92.92297205180641,1
618579,2026-02,Roads & Highways,Ministry of Road Transport & Highways,2527,240.35,-1703.0,1,9.511278195488721,1
618580,2026-02,Roads & Highways,Ministry of Road Transport & Highways,1275,501.41,-1315.0,1,39.32627450980392,1
618581,2026-02,Roads & Highways,Ministry of Road Transport & Highways,1757,927.75,-492.0,1,52.8030734206033,1
618582,2026-02,Roads & Highways,Ministry of Road Transport & Highways,1283,599.36,-781.0,1,46.71551052221356,0
618583,2026-02,Roads & Highways,Ministry of Road Transport & Highways,1359,713.95,-781.0,1,52.534952170713765,0
618584,2026-02,Roads & Highways,Ministry of Road Transport & Highways,963,9.31,659.0,0,0.9667705088265836,0
618585,2026-02,Roads & Highways,Ministry of Road Transport & Highways,857,88.54,407.0,0,10.331388564760795,1
618586,2026-02,Roads & Highways,Ministry of Road Transport & Highways,255,99.89,108.0,0,39.17254901960784,1
618588,2026-02,Roads & Highways,Ministry of Road Transport & Highways,540,464.25,-844.0,1,85.97222222222223,1
618589,2026-02,Roads & Highways,Ministry of Road Transport & Highways,1828,626.17,-223.0,1,34.254376367614874,1
618590,2026-02,Roads & Highways,Ministry of Road Transport & Highways,1959,536.21,-276.0,1,27.37161817253701,1
618591,2026-02,Roads & Highways,Ministry of Road Transport & Highways,374,82.44,293.0,0,22.0427807486631,0
618592,2026-02,Roads & Highways,Ministry of Road Transport & Highways,321,16.35,63.0,0,5.093457943925235,1
618593,2026-02,Roads & Highways,Ministry of Road Transport & Highways,263,8.76,632.0,0,3.3307984790874525,0
618594,2026-02,Roads & Highways,Ministry of Road Transport & Highways,330,183.78,-494.0,1,55.69090909090909,1
618595,2026-02,Roads & Highways,Ministry of Road Transport & Highways,1746,785.78,-684.0,1,45.00458190148912,1
618596,2026-02,Roads & Highways,Ministry of Road Transport & Highways,2715,1008.4,-643.0,1,37.141804788213626,1
618597,2026-02,Roads & Highways,Ministry of Road Transport & Highways,3206,771.49,-604.0,1,24.06394260761073,1
618598,2026-02,Roads & Highways,Ministry of Road Transport & Highways,210,70.89,-1358.0,1,33.75714285714286,1
618599,2026-02,Roads & Highways,Ministry of Road Transport & Highways,4924,1762.86,-589.0,1,35.80138099106417,1
618600,2026-02,Roads & Highways,Ministry of Road Transport & Highways,4024,1466.03,-589.0,1,36.432157057654074,1
618601,2026-02,Roads & Highways,Ministry of Road Transport & Highways,4226,646.67,-398.0,1,15.302176999526736,1
618602,2026-02,Roads & Highways,Ministry of Road Transport & Highways,4302,705.39,-379.0,1,16.396792189679218,1
618603,2026-02,Roads & Highways,Ministry of Road Transport & Highways,3466,767.68,-313.0,1,22.148874783612232,1
618604,2026-02,Roads & Highways,Ministry of Road Transport & Highways,2430,1677.4,-29.0,1,69.02880658436214,1
618605,2026-02,Roads & Highways,Ministry of Road Transport & Highways,2879,1998.42,-534.0,1,69.41368530739841,1
618606,2026-02,Roads & Highways,Ministry of Road Transport & Highways,3274,1185.17,-370.0,1,36.19945021380575,1
618607,2026-02,Roads & Highways,Ministry of Road Transport & Highways,2842,783.02,-509.0,1,27.551724137931032,1
618608,2026-02,Roads & Highways,Ministry of Road Transport & Highways,1564,880.69,-211.0,1,56.31010230179029,1
618609,2026-02,Roads & Highways,Ministry of Road Transport & Highways,463,79.19,153.0,0,17.103671706263498,1
618610,2026-02,Roads & Highways,Ministry of Road Transport & Highways,789,501.33,-202.0,1,63.539923954372625,1
618611,2026-02,Roads & Highways,Ministry of Road Transport & Highways,521,412.82,-975.0,1,79.23608445297504,1
618612,2026-02,Roads & Highways,Ministry of Road Transport & Highways,847,671.43,-932.0,1,79.27154663518299,1
618613,2026-02,Roads & Highways,Ministry of Road Transport & Highways,662,507.78,-959.0,1,76.70392749244712,1
618614,2026-02,Roads & Highways,Ministry of Road Transport & Highways,752,560.98,-934.0,1,74.59840425531915,1
618615,2026-02,Roads & Highways,Ministry of Road Transport & Highways,778,663.36,-1087.0,1,85.26478149100257,1
618616,2026-02,Roads & Highways,Ministry of Road Transport & Highways,626,76.16,339.0,0,12.166134185303514,0
618617,2026-02,Roads & Highways,Ministry of Road Transport & Highways,1229,771.63,-472.0,1,62.78519121236778,1
618618,2026-02,Roads & Highways,Ministry of Road Transport & Highways,2029,509.27,108.0,0,25.09955643173977,1
618619,2026-02,Roads & Highways,Ministry of Road Transport & Highways,999,15.92,683.0,0,1.5935935935935934,0
618620,2026-02,Roads & Highways,Ministry of Road Transport & Highways,208,108.66,-591.0,1,52.24038461538461,1
618621,2026-02,Roads & Highways,Ministry of Road Transport & Highways,1163,486.3,-409.0,1,41.814273430782464,1
618622,2026-02,Roads & Highways,Ministry of Road Transport & Highways,1002,687.71,-678.0,1,68.63373253493015,1
618623,2026-02,Roads & Highways,Ministry of Road Transport & Highways,1504,431.27,-28.0,1,28.674867021276597,1
618624,2026-02,Roads & Highways,Ministry of Road Transport & Highways,1083,180.13,-1785.0,1,16.632502308402586,0
618625,2026-02,Roads & Highways,Ministry of Road Transport & Highways,1175,1.33,-4762.0,1,0.11319148936170212,1
618626,2026-02,Roads & Highways,Ministry of Road Transport & Highways,820,104.41,228.0,0,12.732926829268292,1
618627,2026-02,Roads & Highways,Ministry of Road Transport & Highways,169,9.76,333.0,0,5.775147928994083,0
618628,2026-02,Roads & Highways,Ministry of Road Transport & Highways,150,52.83,-120.0,1,35.22,1
618629,2026-02,Roads & Highways,Ministry of Road Transport & Highways,416,63.84,-2461.0,1,15.346153846153848,1
618630,2026-02,Roads & Highways,Ministry of Road Transport & Highways,2356,824.34,-246.0,1,34.988964346349746,1
618631,2026-02,Roads & Highways,Ministry of Road Transport & Highways,1500,774.35,-291.0,1,51.623333333333335,1
618632,2026-02,Roads & Highways,Ministry of Road Transport & Highways,972,406.31,-421.0,1,41.80144032921811,1
618634,2026-02,Roads & Highways,Ministry of Road Transport & Highways,1440,685.7,-400.0,1,47.61805555555556,1
618635,2026-02,Roads & Highways,Ministry of Road Transport & Highways,1360,302.35,-401.0,1,22.231617647058822,1
618636,2026-02,Roads & Highways,Ministry of Road Transport & Highways,1371,212.1,216.0,0,15.470459518599561,1
618637,2026-02,Roads & Highways,Ministry of Road Transport & Highways,1654,1328.1,-1259.0,1,80.2962515114873,1
618638,2026-02,Roads & Highways,Ministry of Road Transport & Highways,2268,789.78,-1692.0,1,34.82275132275132,1
618639,2026-02,Roads & Highways,Ministry of Road Transport & Highways,1856,828.11,-706.0,1,44.617995689655174,1
618640,2026-02,Roads & Highways,Ministry of Road Transport & Highways,2261,830.23,161.0,0,36.71959310039806,0
618641,2026-02,Roads & Highways,Ministry of Road Transport & Highways,1326,12.69,719.0,0,0.9570135746606334,0
618642,2026-02,Roads & Highways,Ministry of Road Transport & Highways,1883,830.57,-699.0,1,44.108868826340945,1
618644,2026-02,Roads & Highways,Ministry of Road Transport & Highways,1215,769.08,-253.0,1,63.29876543209877,1
618645,2026-02,Roads & Highways,Ministry of Road Transport & Highways,1008,366.88,-248.0,1,36.39682539682539,1
618647,2026-02,Roads & Highways,Ministry of Road Transport & Highways,907,445.16,-168.0,1,49.080485115766265,1
618649,2026-02,Roads & Highways,Ministry of Road Transport & Highways,1246,197.97,265.0,0,15.8884430176565,1
618650,2026-02,Roads & Highways,Ministry of Road Transport & Highways,1364,72.94,399.0,0,5.347507331378299,1
618651,2026-02,Roads & Highways,Ministry of Road Transport & Highways,1428,400.24,365.0,0,28.028011204481796,1
618652,2026-02,Roads & Highways,Ministry of Road Transport & Highways,1241,785.13,-1802.0,1,63.265914585012084,0
618653,2026-02,Roads & Highways,Ministry of Road Transport & Highways,1236,823.79,-1802.0,1,66.64967637540454,1
618654,2026-02,Roads & Highways,Ministry of Road Transport & Highways,521,174.87,-146.0,1,33.56429942418426,1
618655,2026-02,Roads & Highways,Ministry of Road Transport & Highways,201,89.69,174.0,0,44.62189054726368,0
618661,2026-02,Roads & Highways,Ministry of Road Transport & Highways,1032,5.99,622.0,0,0.5804263565891473,0
618663,2026-02,Roads & Highways,Ministry of Road Transport & Highways,1004,342.87,-70.0,1,34.15039840637451,1
618664,2026-02,Roads & Highways,Ministry of Road Transport & Highways,525,333.98,-482.0,1,63.615238095238105,1
618665,2026-02,Roads & Highways,Ministry of Road Transport & Highways,791,437.15,-694.0,1,55.26548672566371,1
618666,2026-02,Roads & Highways,Ministry of Road Transport & Highways,711,388.63,180.0,0,54.65963431786216,1
618667,2026-02,Roads & Highways,Ministry of Road Transport & Highways,1006,44.1,606.0,0,4.383697813121272,0
618668,2026-02,Roads & Highways,Ministry of Road Transport & Highways,996,129.42,570.0,0,12.993975903614457,0
618669,2026-02,Roads & Highways,Ministry of Road Transport & Highways,1633,273.96,351.0,0,16.776484996938148,0
618671,2026-02,Roads & Highways,Ministry of Road Transport & Highways,618,3.77,660.0,0,0.610032362459547,0
618672,2026-02,Roads & Highways,Ministry of Road Transport & Highways,903,76.95,615.0,0,8.521594684385382,0
618673,2026-02,Roads & Highways,Ministry of Road Transport & Highways,1368,621.25,-518.0,1,45.41301169590643,1
618674,2026-02,Roads & Highways,Ministry of Road Transport & Highways,1471,694.45,-416.0,1,47.2093813732155,1
618675,2026-02,Roads & Highways,Ministry of Road Transport & Highways,1307,446.43,-136.0,1,34.15684774292272,1
618676,2026-02,Roads & Highways,Ministry of Road Transport & Highways,478,297.98,-707.0,1,62.33891213389122,1
618677,2026-02,Roads & Highways,Ministry of Road Transport & Highways,1540,952.14,-640.0,1,61.82727272727273,1
618678,2026-02,Roads & Highways,Ministry of Road Transport & Highways,1266,843.72,-638.0,1,66.64454976303318,1
618680,2026-02,Roads & Highways,Ministry of Road Transport & Highways,1493,988.5,-499.0,1,66.20897521768252,1
618681,2026-02,Roads & Highways,Ministry of Road Transport & Highways,1216,630.41,-701.0,1,51.84292763157895,1
618682,2026-02,Roads & Highways,Ministry of Road Transport & Highways,1113,669.27,-741.0,1,60.13207547169811,1
618684,2026-02,Roads & Highways,Ministry of Road Transport & Highways,917,459.78,7.0,0,50.13958560523446,1
618685,2026-02,Roads & Highways,Ministry of Road Transport & Highways,911,459.73,4.0,0,50.46432491767289,1
618686,2026-02,Roads & Highways,Ministry of Road Transport & Highways,613,326.81,5.0,0,53.313213703099514,1
618687,2026-02,Roads & Highways,Ministry of Road Transport & Highways,652,444.83,-360.0,1,68.22546012269939,1
618688,2026-02,Roads & Highways,Ministry of Road Transport & Highways,795,46.92,590.0,0,5.901886792452831,0
618690,2026-02,Roads & Highways,Ministry of Road Transport & Highways,1663,460.89,391.0,0,27.71437161755863,0
618691,2026-02,Roads & Highways,Ministry of Road Transport & Highways,939,95.33,544.0,0,10.152289669861554,1
618692,2026-02,Roads & Highways,Ministry of Road Transport & Highways,1227,213.84,-1363.0,1,17.427872860635695,1
618693,2026-02,Roads & Highways,Ministry of Road Transport & Highways,1345,767.85,-581.0,1,57.08921933085502,1
618694,2026-02,Roads & Highways,Ministry of Road Transport & Highways,1011,371.56,-485.0,1,36.75173095944609,1
618695,2026-02,Roads & Highways,Ministry of Road Transport & Highways,1146,566.38,-876.0,1,49.42233856893542,1
618697,2026-02,Roads & Highways,Ministry of Road Transport & Highways,626,42.5,153.0,0,6.7891373801916926,1
618698,2026-02,Roads & Highways,Ministry of Road Transport & Highways,1168,843.6,-1131.0,1,72.22602739726027,0
618699,2026-02,Roads & Highways,Ministry of Road Transport & Highways,819,188.7,-1639.0,1,23.04029304029304,0
618700,2026-02,Roads & Highways,Ministry of Road Transport & Highways,1863,1336.54,-759.0,1,71.74127750939346,1
618701,2026-02,Roads & Highways,Ministry of Road Transport & Highways,178,142.2,-956.0,1,79.8876404494382,0
618702,2026-02,Roads & Highways,Ministry of Road Transport & Highways,1660,1264.16,-829.0,1,76.15421686746988,1
618704,2026-02,Roads & Highways,Ministry of Road Transport & Highways,151,102.13,326.0,0,67.63576158940397,0
618706,2026-02,Roads & Highways,Ministry of Road Transport & Highways,3496,608.17,-1572.0,1,17.39616704805492,1
618707,2026-02,Roads & Highways,Ministry of Road Transport & Highways,738,,690.0,0,,1
618708,2026-02,Roads & Highways,Ministry of Road Transport & Highways,1187,631.69,-248.0,1,53.217354675652906,1
618709,2026-02,Roads & Highways,Ministry of Road Transport & Highways,1340,843.55,-290.0,1,62.95149253731343,1
618710,2026-02,Roads & Highways,Ministry of Road Transport & Highways,2003,1732.8,-844.0,1,86.51023464802795,1
618711,2026-02,Roads & Highways,Ministry of Road Transport & Highways,797,499.72,-482.0,1,62.700125470514436,1
618712,2026-02,Roads & Highways,Ministry of Road Transport & Highways,913,331.07,-25.0,1,36.26177437020811,1
618713,2026-02,Roads & Highways,Ministry of Road Transport & Highways,1200,178.35,-18.0,1,14.8625,1
618714,2026-02,Roads & Highways,Ministry of Road Transport & Highways,1253,297.2,-18.0,1,23.719074221867515,1
618715,2026-02,Roads & Highways,Ministry of Road Transport & Highways,1059,367.65,-25.0,1,34.71671388101983,1
618716,2026-02,Roads & Highways,Ministry of Road Transport & Highways,993,279.56,1.0,0,28.153071500503522,1
618717,2026-02,Roads & Highways,Ministry of Road Transport & Highways,751,203.15,1.0,0,27.050599201065246,1
618718,2026-02,Roads & Highways,Ministry of Road Transport & Highways,1092,118.58,344.0,0,10.85897435897436,1
618719,2026-02,Roads & Highways,Ministry of Road Transport & Highways,909,226.03,-18.0,1,24.86578657865787,1
618720,2026-02,Roads & Highways,Ministry of Road Transport & Highways,987,296.63,6.0,0,30.053698074974672,1
618721,2026-02,Roads & Highways,Ministry of Road Transport & Highways,1293,298.63,-18.0,1,23.095901005413765,1
618722,2026-02,Roads & Highways,Ministry of Road Transport & Highways,1844,636.74,-289.0,1,34.53036876355748,1
618723,2026-02,Roads & Highways,Ministry of Road Transport & Highways,1554,721.32,-288.0,1,46.41698841698842,1
618724,2026-02,Roads & Highways,Ministry of Road Transport & Highways,1719,64.54,487.0,0,3.754508435136708,0
618725,2026-02,Roads & Highways,Ministry of Road Transport & Highways,1916,0.87,552.0,0,0.04540709812108559,0
618726,2026-02,Roads & Highways,Ministry of Road Transport & Highways,1241,32.81,584.0,0,2.643835616438356,0
618727,2026-02,Roads & Highways,Ministry of Road Transport & Highways,1577,18.69,584.0,0,1.1851616994292962,0
618728,2026-02,Roads & Highways,Ministry of Road Transport & Highways,1433,332.46,269.0,0,23.200279134682482,1
618734,2026-02,Roads & Highways,Ministry of Road Transport & Highways,1154,47.59,578.0,0,4.1239168110918545,0
618735,2026-02,Roads & Highways,Ministry of Road Transport & Highways,910,399.37,-638.0,1,43.88681318681319,1
618736,2026-02,Roads & Highways,Ministry of Road Transport & Highways,936,210.52,380.0,0,22.49145299145299,0
618737,2026-02,Roads & Highways,Ministry of Road Transport & Highways,304,0.73,665.0,0,0.24013157894736842,0
618738,2026-02,Roads & Highways,Ministry of Road Transport & Highways,6292,501.89,554.0,0,7.976636999364271,1
618739,2026-02,Roads & Highways,Ministry of Road Transport & Highways,1391,342.13,-336.0,1,24.595974119338603,1
618740,2026-02,Roads & Highways,Ministry of Road Transport & Highways,1494,258.16,-240.0,1,17.279785809906294,1
618741,2026-02,Roads & Highways,Ministry of Road Transport & Highways,1858,416.49,-378.0,1,22.416038751345532,1
618743,2026-02,Roads & Highways,Ministry of Road Transport & Highways,877,66.59,-513.0,1,7.592930444697833,0
618744,2026-02,Roads & Highways,Ministry of Road Transport & Highways,1077,673.36,-372.0,1,62.52181987000929,1
618745,2026-02,Roads & Highways,Ministry of Road Transport & Highways,1318,919.66,-324.0,1,69.77693474962064,1
618746,2026-02,Roads & Highways,Ministry of Road Transport & Highways,797,570.71,-486.0,1,71.60727728983689,1
618747,2026-02,Roads & Highways,Ministry of Road Transport & Highways,830,441.32,-520.0,1,53.17108433734939,1
618748,2026-02,Roads & Highways,Ministry of Road Transport & Highways,569,355.88,-521.0,1,62.54481546572935,0
618749,2026-02,Roads & Highways,Ministry of Road Transport & Highways,712,407.99,-521.0,1,57.30196629213483,1
618751,2026-02,Roads & Highways,Ministry of Road Transport & Highways,582,230.36,-169.0,1,39.580756013745706,1
618754,2026-02,Roads & Highways,Ministry of Road Transport & Highways,538,53.91,477.0,0,10.020446096654274,0
618755,2026-02,Roads & Highways,Ministry of Road Transport & Highways,160,62.01,31.0,0,38.756249999999994,1
618756,2026-02,Roads & Highways,Ministry of Road Transport & Highways,1104,669.32,-1446.0,1,60.6268115942029,1
618757,2026-02,Roads & Highways,Ministry of Road Transport & Highways,2010,664.82,14.0,0,33.07562189054727,1
618758,2026-02,Roads & Highways,Ministry of Road Transport & Highways,1765,272.55,199.0,0,15.441926345609067,0
618759,2026-02,Roads & Highways,Ministry of Road Transport & Highways,1064,467.8,-162.0,1,43.96616541353384,1
618760,2026-02,Roads & Highways,Ministry of Road Transport & Highways,646,549.2,-607.0,1,85.015479876161,1
618761,2026-02,Roads & Highways,Ministry of Road Transport & Highways,992,815.91,-377.0,1,82.24899193548387,1
618762,2026-02,Roads & Highways,Ministry of Road Transport & Highways,950,395.04,-2199.0,1,41.58315789473684,1
618764,2026-02,Roads & Highways,Ministry of Road Transport & Highways,1033,658.21,-425.0,1,63.71829622458858,1
618765,2026-02,Roads & Highways,Ministry of Road Transport & Highways,2147,857.65,-227.0,1,39.94643688868188,1
618766,2026-02,Roads & Highways,Ministry of Road Transport & Highways,862,149.73,425.0,0,17.370069605568446,0
618769,2026-02,Roads & Highways,Ministry of Road Transport & Highways,1338,75.65,578.0,0,5.653961136023917,0
618770,2026-02,Roads & Highways,Ministry of Road Transport & Highways,516,232.93,-503.0,1,45.14147286821705,0
618771,2026-02,Roads & Highways,Ministry of Road Transport & Highways,1925,947.66,-450.0,1,49.22909090909091,1
618772,2026-02,Roads & Highways,Ministry of Road Transport & Highways,703,363.9,-122.0,1,51.76386913229018,1
618773,2026-02,Roads & Highways,Ministry of Road Transport & Highways,450,1.17,-5057.0,1,0.26,0
618774,2026-02,Roads & Highways,Ministry of Road Transport & Highways,985,798.12,-958.0,1,81.02741116751268,0
618775,2026-02,Roads & Highways,Ministry of Road Transport & Highways,226,0.49,401.0,0,0.2168141592920354,0
618776,2026-02,Roads & Highways,Ministry of Road Transport & Highways,1238,906.97,-297.0,1,73.26090468497577,1
618777,2026-02,Roads & Highways,Ministry of Road Transport & Highways,1877,246.05,-102.0,1,13.108684070324989,1
618778,2026-02,Roads & Highways,Ministry of Road Transport & Highways,1877,1105.01,-412.0,1,58.871070857751725,1
618779,2026-02,Roads & Highways,Ministry of Road Transport & Highways,1505,305.23,-585.0,1,20.28106312292359,1
618782,2026-02,Roads & Highways,Ministry of Road Transport & Highways,1394,559.19,13.0,0,40.114060258249644,1
618783,2026-02,Roads & Highways,Ministry of Road Transport & Highways,1471,407.69,13.0,0,27.715159755268527,1
618784,2026-02,Roads & Highways,Ministry of Road Transport & Highways,355,189.7,54.0,0,53.43661971830985,1
618785,2026-02,Roads & Highways,Ministry of Road Transport & Highways,1501,992.79,-378.0,1,66.14190539640241,1
618786,2026-02,Roads & Highways,Ministry of Road Transport & Highways,1196,159.94,395.0,0,13.372909698996654,1
618787,2026-02,Roads & Highways,Ministry of Road Transport & Highways,1373,751.61,-244.0,1,54.742170429715955,1
618788,2026-02,Roads & Highways,Ministry of Road Transport & Highways,927,354.55,-273.0,1,38.2470334412082,1
618791,2026-02,Roads & Highways,Ministry of Road Transport & Highways,1539,47.53,671.0,0,3.088369070825211,0
618792,2026-02,Roads & Highways,Ministry of Road Transport & Highways,1330,437.49,-73.0,1,32.893984962406016,1
618793,2026-02,Roads & Highways,Ministry of Road Transport & Highways,1410,506.87,45.0,0,35.94822695035461,1
618794,2026-02,Roads & Highways,Ministry of Road Transport & Highways,525,351.63,-895.0,1,66.97714285714285,1
618795,2026-02,Roads & Highways,Ministry of Road Transport & Highways,1475,864.5,-547.0,1,58.61016949152542,1
618796,2026-02,Roads & Highways,Ministry of Road Transport & Highways,829,227.3,-1774.0,1,27.41857659831122,1
618797,2026-02,Roads & Highways,Ministry of Road Transport & Highways,1238,0.53,658.0,0,0.04281098546042004,0
618798,2026-02,Roads & Highways,Ministry of Road Transport & Highways,2556,1245.26,-360.0,1,48.71909233176839,1
618799,2026-02,Roads & Highways,Ministry of Road Transport & Highways,456,382.36,-1179.0,1,83.85087719298245,1
618800,2026-02,Roads & Highways,Ministry of Road Transport & Highways,1617,141.23,81.0,0,8.734075448361162,1
618801,2026-02,Roads & Highways,Ministry of Road Transport & Highways,1389,150.68,81.0,0,10.84809215262779,1
618803,2026-02,Roads & Highways,Ministry of Road Transport & Highways,646,569.44,-197.0,1,88.14860681114553,1
618804,2026-02,Roads & Highways,Ministry of Road Transport & Highways,349,65.96,-1897.0,1,18.89971346704871,1
618805,2026-02,Roads & Highways,Ministry of Road Transport & Highways,977,,715.0,0,,0
618806,2026-02,Roads & Highways,Ministry of Road Transport & Highways,686,444.34,-15.0,1,64.77259475218659,1
618807,2026-02,Roads & Highways,Ministry of Road Transport & Highways,609,446.52,-157.0,1,73.32019704433496,1
618808,2026-02,Roads & Highways,Ministry of Road Transport & Highways,1213,283.87,278.0,0,23.402308326463313,1
618809,2026-02,Roads & Highways,Ministry of Road Transport & Highways,810,498.68,-252.0,1,61.56543209876544,1
618810,2026-02,Roads & Highways,Ministry of Road Transport & Highways,1003,586.56,-252.0,1,58.48055832502492,1
618811,2026-02,Roads & Highways,Ministry of Road Transport & Highways,1184,83.68,470.0,0,7.0675675675675675,1
618812,2026-02,Roads & Highways,Ministry of Road Transport & Highways,1129,31.41,470.0,0,2.7821080602302923,1
618813,2026-02,Roads & Highways,Ministry of Road Transport & Highways,1128,66.79,297.0,0,5.921099290780142,1
618814,2026-02,Roads & Highways,Ministry of Road Transport & Highways,1143,64.38,469.0,0,5.63254593175853,1
618815,2026-02,Roads & Highways,Ministry of Road Transport & Highways,1093,261.74,49.0,0,23.946935041171088,1
618816,2026-02,Roads & Highways,Ministry of Road Transport & Highways,1105,72.08,490.0,0,6.523076923076923,0
618817,2026-02,Roads & Highways,Ministry of Road Transport & Highways,973,138.15,383.0,0,14.1983556012333,1
618818,2026-02,Roads & Highways,Ministry of Road Transport & Highways,1183,0.91,433.0,0,0.07692307692307693,1
618819,2026-02,Roads & Highways,Ministry of Road Transport & Highways,183,89.36,-1450.0,1,48.830601092896174,0
618820,2026-02,Roads & Highways,Ministry of Road Transport & Highways,862,344.31,-76.0,1,39.943155452436194,1
618821,2026-02,Roads & Highways,Ministry of Road Transport & Highways,920,403.51,-76.0,1,43.85978260869565,1
618822,2026-02,Roads & Highways,Ministry of Road Transport & Highways,930,362.18,-76.0,1,38.94408602150538,1
618823,2026-02,Roads & Highways,Ministry of Road Transport & Highways,352,54.34,-17.0,1,15.437500000000002,1
618824,2026-02,Roads & Highways,Ministry of Road Transport & Highways,201,47.32,-43.0,1,23.54228855721393,1
618825,2026-02,Roads & Highways,Ministry of Road Transport & Highways,622,339.47,-1533.0,1,54.57717041800644,1
618826,2026-02,Roads & Highways,Ministry of Road Transport & Highways,908,440.84,-222.0,1,48.55066079295154,1
618827,2026-02,Roads & Highways,Ministry of Road Transport & Highways,1098,320.17,-197.0,1,29.15938069216758,1
618828,2026-02,Roads & Highways,Ministry of Road Transport & Highways,1436,826.67,-167.0,1,57.567548746518106,1
618829,2026-02,Roads & Highways,Ministry of Road Transport & Highways,1129,527.11,-876.0,1,46.688219663418955,0
618830,2026-02,Roads & Highways,Ministry of Road Transport & Highways,1518,949.61,-112.0,1,62.5566534914361,1
618831,2026-02,Roads & Highways,Ministry of Road Transport & Highways,1437,177.44,223.0,0,12.34794711203897,1
618832,2026-02,Roads & Highways,Ministry of Road Transport & Highways,1275,1.69,681.0,0,0.13254901960784313,0
618833,2026-02,Roads & Highways,Ministry of Road Transport & Highways,894,453.77,-2039.0,1,50.757270693512304,1
618834,2026-02,Roads & Highways,Ministry of Road Transport & Highways,163,162.0,-892.0,1,99.38650306748467,1
618835,2026-02,Roads & Highways,Ministry of Road Transport & Highways,698,418.41,-1253.0,1,59.94412607449857,0
618836,2026-02,Roads & Highways,Ministry of Road Transport & Highways,1985,347.25,-280.0,1,17.493702770780857,1
618837,2026-02,Roads & Highways,Ministry of Road Transport & Highways,1939,443.49,-280.0,1,22.872099020113463,1
618838,2026-02,Roads & Highways,Ministry of Road Transport & Highways,737,399.95,-549.0,1,54.267299864314786,1
618839,2026-02,Roads & Highways,Ministry of Road Transport & Highways,1309,805.89,-1482.0,1,61.56531703590527,1
618840,2026-02,Roads & Highways,Ministry of Road Transport & Highways,664,340.09,-2523.0,1,51.218373493975896,1
618841,2026-02,Roads & Highways,Ministry of Road Transport & Highways,491,333.67,-432.0,1,67.95723014256619,1
618843,2026-02,Roads & Highways,Ministry of Road Transport & Highways,198,27.57,386.0,0,13.924242424242426,1
618844,2026-02,Roads & Highways,Ministry of Road Transport & Highways,1358,402.62,-827.0,1,29.648011782032402,1
618845,2026-02,Roads & Highways,Ministry of Road Transport & Highways,1588,283.94,-837.0,1,17.88035264483627,1
618846,2026-02,Roads & Highways,Ministry of Road Transport & Highways,2566,1077.71,-771.0,1,41.9996102883866,1
618847,2026-02,Roads & Highways,Ministry of Road Transport & Highways,2900,1201.24,-1243.0,1,41.42206896551724,1
618848,2026-02,Roads & Highways,Ministry of Road Transport & Highways,649,0.09,578.0,0,0.01386748844375963,0
618849,2026-02,Roads & Highways,Ministry of Road Transport & Highways,444,394.6,-715.0,1,88.87387387387388,1
618850,2026-02,Roads & Highways,Ministry of Road Transport & Highways,1464,843.63,-2058.0,1,57.62500000000001,1
618851,2026-02,Roads & Highways,Ministry of Road Transport & Highways,3420,1850.81,-1619.0,1,54.1172514619883,1
618852,2026-02,Roads & Highways,Ministry of Road Transport & Highways,191,181.41,-624.0,1,94.97905759162305,1
618853,2026-02,Roads & Highways,Ministry of Road Transport & Highways,353,156.66,133.0,0,44.37960339943343,0
618854,2026-02,Roads & Highways,Ministry of Road Transport & Highways,706,515.53,-784.0,1,73.0212464589235,0
618855,2026-02,Roads & Highways,Ministry of Road Transport & Highways,839,560.48,-391.0,1,66.80333730631705,1
618856,2026-02,Roads & Highways,Ministry of Road Transport & Highways,1102,312.89,-101.0,1,28.39292196007259,1
618858,2026-02,Roads & Highways,Ministry of Road Transport & Highways,955,240.43,-41.0,1,25.17591623036649,1
618859,2026-02,Roads & Highways,Ministry of Road Transport & Highways,576,371.48,-493.0,1,64.49305555555556,1
618861,2026-02,Roads & Highways,Ministry of Road Transport & Highways,897,697.45,-963.0,1,77.75362318840581,1
618862,2026-02,Roads & Highways,Ministry of Road Transport & Highways,2156,1589.83,-611.0,1,73.73979591836735,1
618863,2026-02,Roads & Highways,Ministry of Road Transport & Highways,662,478.47,-574.0,1,72.27643504531723,1
618864,2026-02,Roads & Highways,Ministry of Road Transport & Highways,1722,1049.84,-346.0,1,60.96631823461092,1
618865,2026-02,Roads & Highways,Ministry of Road Transport & Highways,1385,823.04,-423.0,1,59.425270758122736,0
618866,2026-02,Roads & Highways,Ministry of Road Transport & Highways,2077,144.68,628.0,0,6.965816080885894,0
618867,2026-02,Roads & Highways,Ministry of Road Transport & Highways,2009,135.52,455.0,0,6.745644599303137,1
618868,2026-02,Roads & Highways,Ministry of Road Transport & Highways,2290,405.32,97.0,0,17.699563318777294,1
618869,2026-02,Roads & Highways,Ministry of Road Transport & Highways,1122,52.15,846.0,0,4.647950089126559,0
618870,2026-02,Roads & Highways,Ministry of Road Transport & Highways,884,60.91,398.0,0,6.89027149321267,1
618871,2026-02,Roads & Highways,Ministry of Road Transport & Highways,910,2.9,647.0,0,0.31868131868131866,1
618872,2026-02,Roads & Highways,Ministry of Road Transport & Highways,1063,92.49,425.0,0,8.700846660395108,1
618873,2026-02,Roads & Highways,Ministry of Road Transport & Highways,1273,97.25,402.0,0,7.6394344069128035,1
618874,2026-02,Roads & Highways,Ministry of Road Transport & Highways,1003,0.83,-5708.0,1,0.08275174476570289,1
618875,2026-02,Roads & Highways,Ministry of Road Transport & Highways,184,96.31,-732.0,1,52.34239130434782,1
618878,2026-02,Roads & Highways,Ministry of Road Transport & Highways,697,312.68,-155.0,1,44.86083213773314,1
618879,2026-02,Roads & Highways,Ministry of Road Transport & Highways,931,338.46,248.0,0,36.35445757250268,0
618880,2026-02,Roads & Highways,Ministry of Road Transport & Highways,816,195.95,-86.0,1,24.01348039215686,1
618881,2026-02,Roads & Highways,Ministry of Road Transport & Highways,1113,308.94,562.0,0,27.757412398921833,0
618882,2026-02,Roads & Highways,Ministry of Road Transport & Highways,532,18.6,721.0,0,3.49624060150376,0
618883,2026-02,Roads & Highways,Ministry of Road Transport & Highways,1706,799.01,-241.0,1,46.83528722157092,1
618884,2026-02,Roads & Highways,Ministry of Road Transport & Highways,1494,679.94,-125.0,1,45.51137884872825,1
618885,2026-02,Roads & Highways,Ministry of Road Transport & Highways,618,232.0,-259.0,1,37.54045307443366,1
618886,2026-02,Roads & Highways,Ministry of Road Transport & Highways,239,6.02,582.0,0,2.518828451882845,0
618887,2026-02,Roads & Highways,Ministry of Road Transport & Highways,2083,864.0,-863.0,1,41.478636581853095,1
618888,2026-02,Roads & Highways,Ministry of Road Transport & Highways,1146,293.06,-307.0,1,25.57242582897033,1
618889,2026-02,Roads & Highways,Ministry of Road Transport & Highways,1323,739.38,-428.0,1,55.88662131519274,1
618890,2026-02,Roads & Highways,Ministry of Road Transport & Highways,739,233.24,-123.0,1,31.56156968876861,1
618891,2026-02,Roads & Highways,Ministry of Road Transport & Highways,1244,59.37,438.0,0,4.772508038585209,1
618893,2026-02,Roads & Highways,Ministry of Road Transport & Highways,2967,862.58,-2336.0,1,29.07246376811594,1
618894,2026-02,Roads & Highways,Ministry of Road Transport & Highways,1772,213.53,-1183.0,1,12.050225733634312,1
618895,2026-02,Roads & Highways,Ministry of Road Transport & Highways,1319,388.15,-1135.0,1,29.4275966641395,1
618896,2026-02,Roads & Highways,Ministry of Road Transport & Highways,1386,908.94,-508.0,1,65.58008658008659,1
618897,2026-02,Roads & Highways,Ministry of Road Transport & Highways,2356,1011.27,-2024.0,1,42.923174872665534,1
618898,2026-02,Roads & Highways,Ministry of Road Transport & Highways,1163,138.72,481.0,0,11.927773000859846,0
618899,2026-02,Roads & Highways,Ministry of Road Transport & Highways,1499,271.34,-1773.0,1,18.10140093395597,1
618901,2026-02,Roads & Highways,Ministry of Road Transport & Highways,1181,847.01,-358.0,1,71.71972904318375,1
618902,2026-02,Roads & Highways,Ministry of Road Transport & Highways,662,917.26,-1532.0,1,138.55891238670694,1
618903,2026-02,Roads & Highways,Ministry of Road Transport & Highways,1028,665.99,-1905.0,1,64.78501945525292,1
618904,2026-02,Roads & Highways,Ministry of Road Transport & Highways,2128,3.78,-4602.0,1,0.17763157894736842,1
618905,2026-02,Roads & Highways,Ministry of Road Transport & Highways,470,177.55,182.0,0,37.776595744680854,1
618906,2026-02,Roads & Highways,Ministry of Road Transport & Highways,858,466.88,-619.0,1,54.41491841491841,1
618907,2026-02,Roads & Highways,Ministry of Road Transport & Highways,571,37.09,446.0,0,6.495621716287216,0
618908,2026-02,Roads & Highways,Ministry of Road Transport & Highways,154,61.82,-393.0,1,40.14285714285714,1
618909,2026-02,Roads & Highways,Ministry of Road Transport & Highways,1652,742.45,-1302.0,1,44.94249394673124,1
618910,2026-02,Roads & Highways,Ministry of Road Transport & Highways,558,446.57,-935.0,1,80.03046594982078,1
618911,2026-02,Roads & Highways,Ministry of Road Transport & Highways,646,146.15,-483.0,1,22.623839009287927,1
618912,2026-02,Roads & Highways,Ministry of Road Transport & Highways,1052,652.51,-48.0,1,62.025665399239536,1
618913,2026-02,Roads & Highways,Ministry of Road Transport & Highways,610,114.77,-1721.0,1,18.814754098360655,0
618914,2026-02,Roads & Highways,Ministry of Road Transport & Highways,4433,1227.02,192.0,0,27.67922400180465,1
618915,2026-02,Roads & Highways,Ministry of Road Transport & Highways,1637,728.91,-1208.0,1,44.527183872938295,0
618916,2026-02,Roads & Highways,Ministry of Road Transport & Highways,1077,774.78,-1193.0,1,71.93871866295264,0
618917,2026-02,Roads & Highways,Ministry of Road Transport & Highways,488,82.68,-185.0,1,16.942622950819676,1
618919,2026-02,Roads & Highways,Ministry of Road Transport & Highways,887,374.39,-98.0,1,42.20856820744081,0
618920,2026-02,Roads & Highways,Ministry of Road Transport & Highways,1347,128.38,288.0,0,9.530809205642168,1
618921,2026-02,Roads & Highways,Ministry of Road Transport & Highways,1703,924.82,52.0,0,54.30534351145039,1
618922,2026-02,Roads & Highways,Ministry of Road Transport & Highways,1956,1155.67,368.0,0,59.08333333333333,1
618923,2026-02,Roads & Highways,Ministry of Road Transport & Highways,2158,549.26,80.0,0,25.45227062094532,1
618924,2026-02,Roads & Highways,Ministry of Road Transport & Highways,189,25.55,-174.0,1,13.518518518518519,1
618925,2026-02,Roads & Highways,Ministry of Road Transport & Highways,301,247.27,-1033.0,1,82.14950166112958,1
618926,2026-02,Roads & Highways,Ministry of Road Transport & Highways,1431,98.48,264.0,0,6.881900768693222,1
618927,2026-02,Roads & Highways,Ministry of Road Transport & Highways,2007,832.92,14.0,0,41.50074738415546,1
618928,2026-02,Roads & Highways,Ministry of Road Transport & Highways,936,299.88,-167.0,1,32.03846153846154,1
618929,2026-02,Roads & Highways,Ministry of Road Transport & Highways,1842,934.13,-164.0,1,50.712812160694895,1
618931,2026-02,Roads & Highways,Ministry of Road Transport & Highways,764,7.28,636.0,0,0.9528795811518325,0
618932,2026-02,Roads & Highways,Ministry of Road Transport & Highways,1535,180.48,671.0,0,11.757654723127036,0
618933,2026-02,Roads & Highways,Ministry of Road Transport & Highways,1431,8.62,737.0,0,0.6023759608665269,0
618934,2026-02,Roads & Highways,Ministry of Road Transport & Highways,5729,2.25,1424.0,0,0.039273869785302847,0
618935,2026-02,Roads & Highways,Ministry of Road Transport & Highways,1184,452.14,-265.0,1,38.1875,1
618936,2026-02,Roads & Highways,Ministry of Road Transport & Highways,1270,651.45,-387.0,1,51.295275590551185,1
618937,2026-02,Roads & Highways,Ministry of Road Transport & Highways,1167,841.13,-854.0,1,72.07626392459298,1
618938,2026-02,Roads & Highways,Ministry of Road Transport & Highways,1013,554.08,-501.0,1,54.69693978282331,1
618939,2026-02,Roads & Highways,Ministry of Road Transport & Highways,191,17.78,512.0,0,9.30890052356021,0
618941,2026-02,Roads & Highways,Ministry of Road Transport & Highways,968,398.73,27.0,0,41.191115702479344,1
618942,2026-02,Roads & Highways,Ministry of Road Transport & Highways,227,103.98,-648.0,1,45.80616740088106,1
618943,2026-02,Roads & Highways,Ministry of Road Transport & Highways,861,18.26,-5524.0,1,2.120789779326365,1
618944,2026-02,Roads & Highways,Ministry of Road Transport & Highways,959,142.89,271.0,0,14.899895724713241,1
618945,2026-02,Roads & Highways,Ministry of Road Transport & Highways,1149,751.33,-638.0,1,65.38990426457791,1
618946,2026-02,Roads & Highways,Ministry of Road Transport & Highways,1480,866.62,-297.0,1,58.5554054054054,1
618947,2026-02,Roads & Highways,Ministry of Road Transport & Highways,1505,785.08,-970.0,1,52.16478405315614,1
618948,2026-02,Roads & Highways,Ministry of Road Transport & Highways,782,1.75,702.0,0,0.2237851662404092,0
618949,2026-02,Roads & Highways,Ministry of Road Transport & Highways,1445,643.68,-79.0,1,44.54532871972318,1
618950,2026-02,Roads & Highways,Ministry of Road Transport & Highways,1565,0.12,698.0,0,0.0076677316293929714,1
618951,2026-02,Roads & Highways,Ministry of Road Transport & Highways,1126,475.09,-730.0,1,42.19271758436945,1
618952,2026-02,Roads & Highways,Ministry of Road Transport & Highways,1955,1716.98,-485.0,1,87.82506393861892,0
618953,2026-02,Roads & Highways,Ministry of Road Transport & Highways,1200,885.21,-932.0,1,73.76750000000001,1
618954,2026-02,Roads & Highways,Ministry of Road Transport & Highways,1473,550.3,488.0,0,37.3591310251188,0
618955,2026-02,Roads & Highways,Ministry of Road Transport & Highways,638,125.18,-1577.0,1,19.620689655172416,1
618956,2026-02,Roads & Highways,Ministry of Road Transport & Highways,499,3.19,426.0,0,0.6392785571142284,0
618957,2026-02,Roads & Highways,Ministry of Road Transport & Highways,1002,570.91,-785.0,1,56.977045908183634,1
618958,2026-02,Roads & Highways,Ministry of Road Transport & Highways,1200,,-1003.0,1,,1
618959,2026-02,Roads & Highways,Ministry of Road Transport & Highways,1018,406.6,-339.0,1,39.94106090373281,0
618960,2026-02,Roads & Highways,Ministry of Road Transport & Highways,1378,349.12,107.0,0,25.335268505079828,1
618961,2026-02,Roads & Highways,Ministry of Road Transport & Highways,776,0.14,658.0,0,0.018041237113402064,0
618962,2026-02,Roads & Highways,Ministry of Road Transport & Highways,1103,36.75,535.0,0,3.3318223028105165,0
618963,2026-02,Roads & Highways,Ministry of Road Transport & Highways,784,284.02,389.0,0,36.22704081632653,0
618964,2026-02,Roads & Highways,Ministry of Road Transport & Highways,1426,11.29,680.0,0,0.7917251051893408,0
618966,2026-02,Roads & Highways,Ministry of Road Transport & Highways,1123,12.56,529.0,0,1.118432769367765,0
618967,2026-02,Roads & Highways,Ministry of Road Transport & Highways,295,131.8,158.0,0,44.67796610169492,1
618968,2026-02,Roads & Highways,Ministry of Road Transport & Highways,1428,1184.03,-544.0,1,82.91526610644257,1
618969,2026-02,Roads & Highways,Ministry of Road Transport & Highways,2156,1450.4,-374.0,1,67.27272727272727,1
618970,2026-02,Roads & Highways,Ministry of Road Transport & Highways,1335,984.58,-544.0,1,73.75131086142322,1
618971,2026-02,Urban Public Transport,Ministry of Housing & Urban Affairs,3626,1.42,1249.0,0,0.039161610590182014,0
618972,2026-02,Railways,Ministry of Railways,1457,0.0,1010.0,0,0.0,0
618976,2026-02,Electricity Generation,Ministry of Power,20446,1294.64,1492.0,0,6.331996478528808,1
618977,2026-02,Aviation & Aviation Infrastructure,Ministry of Civil Aviation,1507,27.67,598.0,0,1.8360982083609823,1
618978,2026-02,Railways,Ministry of Railways,2223,0.0,1688.0,0,0.0,0
618982,2026-02,Coal,Ministry of Coal,522,324.04,102.0,0,62.076628352490424,1
618985,2026-02,Urban Public Transport,Ministry of Housing & Urban Affairs,9858,1.34,1767.0,0,0.013593020896733617,0
618986,2026-02,Railways,Ministry of Railways,3634,0.0,1218.0,0,0.0,0
618991,2026-02,Electricity Generation,Ministry of Coal,1221,63.57,306.0,0,5.2063882063882065,0
618992,2026-02,Electricity Generation,Ministry of Coal,481,2.57,306.0,0,0.5343035343035343,0
618995,2026-02,Railways,Ministry of Railways,2865,0.0,1632.0,0,0.0,0
619003,2026-02,Roads & Highways,Ministry of Road Transport & Highways,882,566.56,-1759.0,1,64.2358276643991,1
619004,2026-02,Roads & Highways,Ministry of Road Transport & Highways,561,,658.0,0,,0
619005,2026-02,Roads & Highways,Ministry of Road Transport & Highways,235,,672.0,0,,0
619007,2026-02,Roads & Highways,Ministry of Road Transport & Highways,461,,673.0,0,,1
619008,2026-02,Roads & Highways,Ministry of Road Transport & Highways,158,,513.0,0,,0
619010,2026-02,Roads & Highways,Ministry of Road Transport & Highways,501,305.45,-296.0,1,60.968063872255485,0
619013,2026-02,Roads & Highways,Ministry of Road Transport & Highways,509,58.12,-146.0,1,11.418467583497053,1
619022,2026-02,Urban Public Transport,Ministry of Housing & Urban Affairs,5453,92.12,493.0,0,1.6893453145057766,0
619024,2026-02,Transmission & Distribution,Ministry of Power,3125,50.79,421.0,0,1.62528,0
619025,2026-02,Transmission & Distribution,Ministry of Power,25000,90.05,1238.0,0,0.36019999999999996,0
619026,2026-02,Transmission & Distribution,Ministry of Power,19000,,1383.0,0,,0
619027,2026-02,Transmission & Distribution,Ministry of Power,2000,,672.0,0,,0
619028,2026-02,Transmission & Distribution,Ministry of Power,173,1.73,539.0,0,1.0,0
619029,2026-02,Transmission & Distribution,Ministry of Power,319,19.16,2.0,0,6.006269592476489,1
619030,2026-02,Transmission & Distribution,Ministry of Power,2722,2.7,887.0,0,0.09919177075679649,0
619031,2026-02,Urban Public Transport,Ministry of Housing & Urban Affairs,12015,2.29,1037.0,0,0.019059508947149396,0
619032,2026-02,Coal,Ministry of Coal,25560,56.25,2223.0,0,0.22007042253521128,0
619033,2026-02,Education,Department of Higher Education,199,39.24,122.0,0,19.718592964824122,0
619038,2026-02,Roads & Highways,Ministry of Road Transport & Highways,497,237.9,-1105.0,1,47.8672032193159,1
619042,2026-02,Roads & Highways,Ministry of Road Transport & Highways,164,,-735.0,1,,0
619045,2026-02,Roads & Highways,Ministry of Road Transport & Highways,1205,39.06,81.0,0,3.24149377593361,1
619049,2026-02,Transmission & Distribution,Ministry of Power,4500,1876.33,183.0,0,41.69622222222222,0
619051,2026-02,Electricity Generation,Ministry of Power,29948,2034.24,1614.0,0,6.792573794577267,1
619052,2026-02,Urban Public Transport,Ministry of Housing & Urban Affairs,5801,0.0,1887.0,0,0.0,0
619053,2026-02,Coal,Ministry of Coal,1605,62.52,1492.0,0,3.8953271028037384,0
619054,2026-02,Aviation & Aviation Infrastructure,Ministry of Civil Aviation,363,35.84,337.0,0,9.8732782369146,0
619055,2026-02,Coal,Ministry of Coal,444,,2223.0,0,,0
619057,2026-02,Roads & Highways,Ministry of Road Transport & Highways,574,295.12,162.0,0,51.41463414634146,1
619059,2026-02,Roads & Highways,Ministry of Road Transport & Highways,324,65.89,-171.0,1,20.33641975308642,1
619060,2026-02,Roads & Highways,Ministry of Road Transport & Highways,345,46.37,-153.0,1,13.440579710144926,0
619063,2026-02,Roads & Highways,Ministry of Road Transport & Highways,1636,1204.74,-475.0,1,73.6393643031785,1
619064,2026-02,Roads & Highways,Ministry of Road Transport & Highways,1910,670.18,-709.0,1,35.08795811518324,1
619066,2026-02,Roads & Highways,Ministry of Road Transport & Highways,3044,1538.57,-521.0,1,50.544349540078834,1
619067,2026-02,Roads & Highways,Ministry of Road Transport & Highways,357,39.86,-2486.0,1,11.165266106442576,1
619068,2026-02,Roads & Highways,Ministry of Road Transport & Highways,2921,941.1,-252.0,1,32.21841834988018,1
619069,2026-02,Roads & Highways,Ministry of Road Transport & Highways,362,49.3,-1396.0,1,13.61878453038674,1
619070,2026-02,Roads & Highways,Ministry of Road Transport & Highways,839,0.78,-4472.0,1,0.0929678188319428,1
619071,2026-02,Roads & Highways,Ministry of Road Transport & Highways,2032,504.51,-187.0,1,24.828248031496063,0
619072,2026-02,Roads & Highways,Ministry of Road Transport & Highways,1182,775.99,-379.0,1,65.65059221658206,1
619073,2026-02,Roads & Highways,Ministry of Road Transport & Highways,1318,746.51,-1103.0,1,56.63960546282246,1
619074,2026-02,Roads & Highways,Ministry of Road Transport & Highways,1673,12.5,-4469.0,1,0.7471607890017932,1
619075,2026-02,Roads & Highways,Ministry of Road Transport & Highways,639,0.22,-4281.0,1,0.03442879499217527,1
619076,2026-02,Roads & Highways,Ministry of Road Transport & Highways,1581,694.54,-1107.0,1,43.93042378241619,1
619077,2026-02,Roads & Highways,Ministry of Road Transport & Highways,465,77.97,-2164.0,1,16.76774193548387,1
619078,2026-02,Roads & Highways,Ministry of Road Transport & Highways,1773,542.53,-1555.0,1,30.599548787366043,1
619080,2026-02,Roads & Highways,Ministry of Road Transport & Highways,1093,394.35,-141.0,1,36.07959743824337,1
619083,2026-02,Roads & Highways,Ministry of Road Transport & Highways,256,15.69,-6223.0,1,6.12890625,1
619084,2026-02,Roads & Highways,Ministry of Road Transport & Highways,462,0.29,-6162.0,1,0.06277056277056277,1
619086,2026-02,Roads & Highways,Ministry of Road Transport & Highways,852,0.33,-4741.0,1,0.03873239436619718,1
619087,2026-02,Roads & Highways,Ministry of Road Transport & Highways,2070,807.97,-155.0,1,39.03236714975846,0
619089,2026-02,Roads & Highways,Ministry of Road Transport & Highways,1910,1170.13,-44.0,1,61.26335078534032,1
619090,2026-02,Roads & Highways,Ministry of Road Transport & Highways,2068,1886.88,-1596.0,1,91.24177949709865,1
619092,2026-02,Roads & Highways,Ministry of Road Transport & Highways,994,461.48,-1316.0,1,46.42655935613682,1
619093,2026-02,Roads & Highways,Ministry of Road Transport & Highways,609,160.81,-84.0,1,26.4055829228243,1
619094,2026-02,Roads & Highways,Ministry of Road Transport & Highways,1244,589.41,-815.0,1,47.38022508038585,1
619095,2026-02,Roads & Highways,Ministry of Road Transport & Highways,546,380.82,-652.0,1,69.74725274725274,1
619096,2026-02,Roads & Highways,Ministry of Road Transport & Highways,1645,25.26,-3471.0,1,1.5355623100303952,1
619097,2026-02,Roads & Highways,Ministry of Road Transport & Highways,1181,684.47,-2099.0,1,57.95681625740898,1
619098,2026-02,Roads & Highways,Ministry of Road Transport & Highways,1425,927.08,-1103.0,1,65.05824561403509,1
619099,2026-02,Roads & Highways,Ministry of Road Transport & Highways,1801,580.27,118.0,0,32.21932259855635,1
619100,2026-02,Roads & Highways,Ministry of Road Transport & Highways,866,525.2,-940.0,1,60.646651270207855,1
619101,2026-02,Roads & Highways,Ministry of Road Transport & Highways,784,285.24,14.0,0,36.38265306122449,1
619103,2026-02,Roads & Highways,Ministry of Road Transport & Highways,1097,24.03,-2871.0,1,2.190519598906108,1
619104,2026-02,Roads & Highways,Ministry of Road Transport & Highways,1140,6.64,-2273.0,1,0.5824561403508771,0
619105,2026-02,Roads & Highways,Ministry of Road Transport & Highways,1555,138.54,578.0,0,8.909324758842443,0
619106,2026-02,Roads & Highways,Ministry of Road Transport & Highways,1142,176.76,265.0,0,15.478108581436075,1
619107,2026-02,Roads & Highways,Ministry of Road Transport & Highways,1311,4.66,577.0,0,0.35545385202135776,1
619108,2026-02,Roads & Highways,Ministry of Road Transport & Highways,1452,126.2,474.0,0,8.69146005509642,1
619109,2026-02,Roads & Highways,Ministry of Road Transport & Highways,1102,560.92,-688.0,1,50.900181488203266,1
619111,2026-02,Roads & Highways,Ministry of Road Transport & Highways,841,495.8,-701.0,1,58.95362663495839,1
619112,2026-02,Roads & Highways,Ministry of Road Transport & Highways,1013,508.13,-512.0,1,50.1609081934847,1
619114,2026-02,Roads & Highways,Ministry of Road Transport & Highways,1082,345.65,14.0,0,31.94547134935305,1
619117,2026-02,Roads & Highways,Ministry of Road Transport & Highways,1022,695.38,-2550.0,1,68.04109589041096,1
619118,2026-02,Roads & Highways,Ministry of Road Transport & Highways,2510,1194.08,-2373.0,1,47.57290836653386,1
619119,2026-02,Roads & Highways,Ministry of Road Transport & Highways,999,497.62,-2053.0,1,49.811811811811815,1
619120,2026-02,Roads & Highways,Ministry of Road Transport & Highways,2920,973.35,-1362.0,1,33.33390410958904,1
619121,2026-02,Roads & Highways,Ministry of Road Transport & Highways,2532,617.03,-2178.0,1,24.369273301737756,1
619122,2026-02,Roads & Highways,Ministry of Road Transport & Highways,1479,1327.39,-432.0,1,89.74915483434755,1
619123,2026-02,Roads & Highways,Ministry of Road Transport & Highways,814,167.91,-18.0,1,20.627764127764127,1
619124,2026-02,Roads & Highways,Ministry of Road Transport & Highways,747,204.06,-18.0,1,27.317269076305223,1
619125,2026-02,Roads & Highways,Ministry of Road Transport & Highways,1104,161.75,-17.0,1,14.65126811594203,1
619126,2026-02,Roads & Highways,Ministry of Road Transport & Highways,976,259.73,-19.0,1,26.611680327868854,1
619127,2026-02,Roads & Highways,Ministry of Road Transport & Highways,2186,373.6,10.0,0,17.09057639524245,1
619128,2026-02,Roads & Highways,Ministry of Road Transport & Highways,616,363.74,-534.0,1,59.0487012987013,1
619129,2026-02,Roads & Highways,Ministry of Road Transport & Highways,1361,552.9,-659.0,1,40.62454077883908,1
619130,2026-02,Roads & Highways,Ministry of Road Transport & Highways,1116,520.05,-85.0,1,46.59946236559139,1
619131,2026-02,Roads & Highways,Ministry of Road Transport & Highways,838,0.58,-1943.0,1,0.06921241050119331,1
619132,2026-02,Roads & Highways,Ministry of Road Transport & Highways,1810,496.01,-828.0,1,27.40386740331492,1
619134,2026-02,Roads & Highways,Ministry of Road Transport & Highways,1642,537.04,-139.0,1,32.70645554202192,1
619136,2026-02,Roads & Highways,Ministry of Road Transport & Highways,611,304.24,-28.0,1,49.79378068739771,1
619137,2026-02,Roads & Highways,Ministry of Road Transport & Highways,1025,542.11,-1301.0,1,52.88878048780488,1
619138,2026-02,Roads & Highways,Ministry of Road Transport & Highways,310,72.86,-723.0,1,23.503225806451614,1
619139,2026-02,Roads & Highways,Ministry of Road Transport & Highways,1299,123.13,81.0,0,9.478829869130099,1
619140,2026-02,Roads & Highways,Ministry of Road Transport & Highways,1399,274.15,-132.0,1,19.596140100071477,1
619141,2026-02,Roads & Highways,Ministry of Road Transport & Highways,864,294.13,-84.0,1,34.042824074074076,1
619142,2026-02,Roads & Highways,Ministry of Road Transport & Highways,217,152.33,-545.0,1,70.19815668202766,0
619143,2026-02,Roads & Highways,Ministry of Road Transport & Highways,826,68.8,391.0,0,8.329297820823244,1
619144,2026-02,Roads & Highways,Ministry of Road Transport & Highways,1520,3.02,-2754.0,1,0.1986842105263158,1
619145,2026-02,Roads & Highways,Ministry of Road Transport & Highways,878,119.99,-2396.0,1,13.666287015945331,1
619146,2026-02,Roads & Highways,Ministry of Road Transport & Highways,751,43.02,-2357.0,1,5.728362183754994,1
619147,2026-02,Roads & Highways,Ministry of Road Transport & Highways,603,230.07,-1254.0,1,38.15422885572139,1
619148,2026-02,Roads & Highways,Ministry of Road Transport & Highways,1186,53.18,-2398.0,1,4.48397976391231,0
619149,2026-02,Roads & Highways,Ministry of Road Transport & Highways,1774,685.28,-464.0,1,38.62908680947012,1
619150,2026-02,Roads & Highways,Ministry of Road Transport & Highways,2083,498.84,-2384.0,1,23.948151704272682,1
619152,2026-02,Roads & Highways,Ministry of Road Transport & Highways,1183,59.61,-2272.0,1,5.038884192730347,1
619153,2026-02,Roads & Highways,Ministry of Road Transport & Highways,1002,491.3,-652.0,1,49.031936127744515,1
619154,2026-02,Roads & Highways,Ministry of Road Transport & Highways,1494,509.37,-184.0,1,34.09437751004016,1
619155,2026-02,Roads & Highways,Ministry of Road Transport & Highways,1603,585.02,-487.0,1,36.49532127261384,1
619157,2026-02,Roads & Highways,Ministry of Road Transport & Highways,795,190.6,-1654.0,1,23.974842767295595,1
619158,2026-02,Roads & Highways,Ministry of Road Transport & Highways,789,336.11,-1299.0,1,42.59949302915083,1
619160,2026-02,Roads & Highways,Ministry of Road Transport & Highways,167,98.26,-420.0,1,58.83832335329342,1
619161,2026-02,Roads & Highways,Ministry of Road Transport & Highways,1376,133.95,302.0,0,9.734738372093023,1
619162,2026-02,Roads & Highways,Ministry of Road Transport & Highways,578,438.51,-618.0,1,75.86678200692042,1
619163,2026-02,Roads & Highways,Ministry of Road Transport & Highways,1471,910.9,-904.0,1,61.92386131883073,1
619164,2026-02,Roads & Highways,Ministry of Road Transport & Highways,1214,479.2,-1640.0,1,39.47281713344316,1
619165,2026-02,Roads & Highways,Ministry of Road Transport & Highways,177,3.61,-1117.0,1,2.0395480225988702,1
619166,2026-02,Roads & Highways,Ministry of Road Transport & Highways,768,383.1,-76.0,1,49.8828125,1
619167,2026-02,Roads & Highways,Ministry of Road Transport & Highways,865,488.21,-1183.0,1,56.440462427745665,1
619168,2026-02,Roads & Highways,Ministry of Road Transport & Highways,1602,1198.22,-544.0,1,74.7952559300874,1
619171,2026-02,Coal,Ministry of Coal,2416,1.66,2223.0,0,0.06870860927152317,0
619172,2026-02,Coal,Ministry of Coal,1859,,1127.0,0,,1
619181,2026-02,Roads & Highways,Ministry of Road Transport & Highways,882,122.77,245.0,0,13.919501133786847,1
619183,2026-02,Roads & Highways,Ministry of Road Transport & Highways,198,73.03,-14.0,1,36.88383838383839,0
619184,2026-02,Roads & Highways,Ministry of Road Transport & Highways,207,,-168.0,1,,1
619185,2026-02,Roads & Highways,Ministry of Road Transport & Highways,184,,-146.0,1,,1
619186,2026-02,Roads & Highways,Ministry of Road Transport & Highways,263,,-3.0,1,,1
619187,2026-02,Roads & Highways,Ministry of Road Transport & Highways,152,,483.0,0,,0
619191,2026-02,Oil & Gas,Ministry of Petroleum & Natural Gas,202,6.03,579.0,0,2.9851485148514856,0
619193,2026-02,Roads & Highways,Ministry of Road Transport & Highways,295,173.64,-3291.0,1,58.861016949152535,1
619196,2026-02,Oil & Gas,Ministry of Petroleum & Natural Gas,359,8.49,396.0,0,2.364902506963788,0
619197,2026-02,Roads & Highways,Ministry of Road Transport & Highways,1186,723.16,-745.0,1,60.974704890387855,1
619198,2026-02,Roads & Highways,Ministry of Road Transport & Highways,1711,742.4,-708.0,1,43.389830508474574,1
619199,2026-02,Roads & Highways,Ministry of Road Transport & Highways,1410,608.68,-507.0,1,43.168794326241134,0
619200,2026-02,Roads & Highways,Ministry of Road Transport & Highways,1642,983.87,-490.0,1,59.9190012180268,1
619201,2026-02,Roads & Highways,Ministry of Road Transport & Highways,1741,410.51,-182.0,1,23.57897759908099,1
619202,2026-02,Roads & Highways,Ministry of Road Transport & Highways,2145,1386.76,-1253.0,1,64.65081585081585,1
619203,2026-02,Roads & Highways,Ministry of Road Transport & Highways,1253,54.11,-1686.0,1,4.318435754189944,1
619205,2026-02,Roads & Highways,Ministry of Road Transport & Highways,1981,1041.05,-654.0,1,52.5517415446744,1
619206,2026-02,Roads & Highways,Ministry of Road Transport & Highways,3042,599.87,-779.0,1,19.719592373438527,1
619207,2026-02,Roads & Highways,Ministry of Road Transport & Highways,2641,867.3,-336.0,1,32.839833396440746,1
619208,2026-02,Roads & Highways,Ministry of Road Transport & Highways,3636,524.28,-406.0,1,14.41914191419142,1
619209,2026-02,Roads & Highways,Ministry of Road Transport & Highways,1710,1125.89,-667.0,1,65.84152046783626,1
619210,2026-02,Roads & Highways,Ministry of Road Transport & Highways,1412,874.58,-898.0,1,61.93909348441926,1
619211,2026-02,Roads & Highways,Ministry of Road Transport & Highways,2105,690.04,-129.0,1,32.78099762470308,1
619212,2026-02,Roads & Highways,Ministry of Road Transport & Highways,1228,489.45,-421.0,1,39.85749185667753,1
619213,2026-02,Roads & Highways,Ministry of Road Transport & Highways,791,469.42,-728.0,1,59.34513274336284,1
619214,2026-02,Roads & Highways,Ministry of Road Transport & Highways,688,415.02,-1137.0,1,60.32267441860465,1
619215,2026-02,Roads & Highways,Ministry of Road Transport & Highways,991,33.34,-2001.0,1,3.3642785065590317,1
619216,2026-02,Roads & Highways,Ministry of Road Transport & Highways,1492,644.11,-303.0,1,43.170911528150135,1
619217,2026-02,Roads & Highways,Ministry of Road Transport & Highways,1659,163.48,-2047.0,1,9.854128993369498,1
619218,2026-02,Roads & Highways,Ministry of Road Transport & Highways,1364,177.0,-1598.0,1,12.976539589442815,1
619219,2026-02,Roads & Highways,Ministry of Road Transport & Highways,1506,188.49,-1598.0,1,12.515936254980081,1
619220,2026-02,Roads & Highways,Ministry of Road Transport & Highways,1444,492.85,-1082.0,1,34.1308864265928,1
619222,2026-02,Roads & Highways,Ministry of Road Transport & Highways,468,443.83,-526.0,1,94.83547008547009,1
619223,2026-02,Oil & Gas,Ministry of Petroleum & Natural Gas,13626,26.2,1310.0,0,0.19227946572728608,0
619224,2026-02,Oil & Gas,Ministry of Petroleum & Natural Gas,844,,753.0,0,,0
619225,2026-02,Oil & Gas,Ministry of Petroleum & Natural Gas,260,,404.0,0,,0
619226,2026-02,Oil & Gas,Ministry of Petroleum & Natural Gas,258,0.65,755.0,0,0.25193798449612403,0
701101,2026-02,Aviation & Aviation Infrastructure,Ministry of Civil Aviation,1217,1192.94,92.0,0,98.02300739523419,1
701105,2026-02,Aviation & Aviation Infrastructure,Ministry of Civil Aviation,256,154.3,-1542.0,1,60.27343750000001,0
701107,2026-02,Aviation & Aviation Infrastructure,Ministry of Civil Aviation,612,523.14,-1273.0,1,85.48039215686273,1
701113,2026-02,Aviation & Aviation Infrastructure,Ministry of Civil Aviation,2870,487.14,507.0,0,16.973519163763065,0
701121,2026-02,Aviation & Aviation Infrastructure,Ministry of Civil Aviation,347,141.08,-199.0,1,40.65706051873199,1
701122,2026-02,Aviation & Aviation Infrastructure,Ministry of Civil Aviation,579,176.01,126.0,0,30.398963730569946,1
701126,2026-02,Aviation & Aviation Infrastructure,Ministry of Civil Aviation,1305,850.92,122.0,0,65.20459770114942,1
701127,2026-02,Aviation & Aviation Infrastructure,Ministry of Civil Aviation,480,335.37,31.0,0,69.86875,1
701128,2026-02,Aviation & Aviation Infrastructure,Ministry of Civil Aviation,887,479.75,10.0,0,54.08680947012401,0
701167,2026-02,Healthcare,Ministry of Health & Family Welfare,1828,1517.17,-88.0,1,82.996170678337,0
701168,2026-02,Healthcare,Ministry of Health & Family Welfare,1264,441.29,-1277.0,1,34.9121835443038,0
701170,2026-02,Healthcare,Ministry of Health & Family Welfare,1195,775.6,31.0,0,64.90376569037657,1
701171,2026-02,Healthcare,Ministry of Health & Family Welfare,1028,950.92,122.0,0,92.50194552529183,0
701172,2026-02,Healthcare,Ministry of Health & Family Welfare,1264,0.0,-516.0,1,0.0,0
701173,2026-02,Healthcare,Ministry of Health & Family Welfare,1299,574.64,306.0,0,44.23710546574288,0
701228,2026-02,Oil & Gas,Ministry of Petroleum & Natural Gas,2915,4614.8,-4807.0,1,158.31217838765008,1
701263,2026-02,Energy Storage,Ministry of Petroleum & Natural Gas,43129,66552.9,-1216.0,1,154.31125228964268,1
701289,2026-02,Oil & Gas,Ministry of Petroleum & Natural Gas,34627,26027.5,-516.0,1,75.16533341034453,1
701324,2026-02,Oil & Gas,Ministry of Petroleum & Natural Gas,14810,12283.7,-1035.0,1,82.94193112761647,0
701329,2026-02,Oil & Gas,Ministry of Petroleum & Natural Gas,18936,13097.9,-546.0,1,69.16930713983945,1
701330,2026-02,Oil & Gas,Ministry of Petroleum & Natural Gas,7392,6349.0,-608.0,1,85.89015151515152,1
701338,2026-02,Oil & Gas,Ministry of Petroleum & Natural Gas,5535,4136.42,1926.0,0,74.73206865401988,0
701343,2026-02,Energy Storage,Ministry of Petroleum & Natural Gas,2658,2300.5,-1317.0,1,86.55003762227238,0
701344,2026-02,Oil & Gas,Ministry of Petroleum & Natural Gas,1031,910.6,-1209.0,1,88.32201745877789,1
701346,2026-02,Oil & Gas,Ministry of Petroleum & Natural Gas,9265,6689.0,-699.0,1,72.19643820831084,1
701349,2026-02,Energy Storage,Ministry of Petroleum & Natural Gas,10228,10626.5,-581.0,1,103.89616738365272,1
701354,2026-02,Oil & Gas,Ministry of Petroleum & Natural Gas,7844,6940.0,-1021.0,1,88.47526772055075,1
701370,2026-02,Water Resources,"Department of Water Resources, River Development & GR",256,44.7,-1155.0,1,17.4609375,0
701372,2026-02,Water Resources,"Department of Water Resources, River Development & GR",20718,31860.9,-2251.0,1,153.7836663770634,0
701376,2026-02,Water Resources,"Department of Water Resources, River Development & GR",3808,5888.13,-2251.0,1,154.62526260504202,0
701377,2026-02,Water Resources,"Department of Water Resources, River Development & GR",770,1515.6,-2251.0,1,196.8311688311688,0
701383,2026-02,Water Resources,"Department of Water Resources, River Development & GR",1059,1557.76,-2251.0,1,147.0972615675165,0
701386,2026-02,Water Resources,"Department of Water Resources, River Development & GR",7196,14063.5,-2251.0,1,195.434963868816,0
701391,2026-02,Water Resources,"Department of Water Resources, River Development & GR",210,1705.83,-2251.0,1,812.3,0
701395,2026-02,Water Resources,"Department of Water Resources, River Development & GR",220,115.2,-59.0,1,52.36363636363637,0
701396,2026-02,Water Resources,"Department of Water Resources, River Development & GR",256,1516.11,-2251.0,1,592.23046875,0
701398,2026-02,Water Resources,"Department of Water Resources, River Development & GR",211,626.06,-2251.0,1,296.71090047393363,0
701399,2026-02,Water Resources,"Department of Water Resources, River Development & GR",382,249.06,-59.0,1,65.19895287958116,0
701400,2026-02,Water Resources,"Department of Water Resources, River Development & GR",1449,1837.91,-2251.0,1,126.83988957902001,1
701402,2026-02,Water Resources,"Department of Water Resources, River Development & GR",3056,8060.82,-2251.0,1,263.7702879581152,0
701404,2026-02,Water Resources,"Department of Water Resources, River Development & GR",989,2804.16,-2251.0,1,283.5348837209302,0
701405,2026-02,Water Resources,"Department of Water Resources, River Development & GR",8201,4665.05,-2251.0,1,56.88391659553713,0
701406,2026-02,Water Resources,"Department of Water Resources, River Development & GR",1402,1839.76,-2251.0,1,131.22396576319545,0
701408,2026-02,Water Resources,"Department of Water Resources, River Development & GR",1061,4575.74,-2251.0,1,431.26672950047123,0
701410,2026-02,Water Resources,"Department of Water Resources, River Development & GR",1441,2166.19,-1704.0,1,150.32546842470506,0
701411,2026-02,Water Resources,"Department of Water Resources, River Development & GR",2286,2184.72,-1339.0,1,95.56955380577426,1
701412,2026-02,Water Resources,"Department of Water Resources, River Development & GR",1622,172.97,-1795.0,1,10.66399506781751,0
701415,2026-02,Water Resources,"Department of Water Resources, River Development & GR",10151,26152.4,-1400.0,1,257.63373066692935,0
701530,2026-02,Water Resources,"Department of Water Resources, River Development & GR",21030,8530.86,1127.0,0,40.56519258202568,0
701565,2026-02,Inland Waterways,"Ministry of Ports, Shipping and Waterways",5369,3806.78,-790.0,1,70.90296144533433,0
701570,2026-02,Shipping,"Ministry of Ports, Shipping and Waterways",171,137.51,-882.0,1,80.41520467836257,0
701574,2026-02,Shipping,"Ministry of Ports, Shipping and Waterways",3005,1277.52,671.0,0,42.513144758735436,0
701577,2026-02,Shipping,"Ministry of Ports, Shipping and Waterways",254,9.28,-181.0,1,3.653543307086614,0
701586,2026-02,Shipping,"Ministry of Ports, Shipping and Waterways",900,65.0,256.0,0,7.222222222222221,0
701593,2026-02,Telecommunication,Department of Telecommunications,28466,8471.19,-699.0,1,29.75897562003794,0
701597,2026-02,Telecommunication,Department of Telecommunications,1255,315.0,-1035.0,1,25.099601593625497,1
701598,2026-02,Telecommunication,Department of Telecommunications,972,224.6,-1458.0,1,23.106995884773664,1
701599,2026-02,Telecommunication,Department of Telecommunications,1578,683.47,-1065.0,1,43.31242078580482,1
701602,2026-02,Telecommunication,Department of Telecommunications,3685,1357.35,-832.0,1,36.83446404341926,1
701657,2026-02,Real Estate,Department for Promotion of Industry & Internal Trade,1702,207.54,205.0,0,12.19388954171563,1
701658,2026-02,Real Estate,Department for Promotion of Industry & Internal Trade,2139,687.82,717.0,0,32.156147732585325,0
701719,2026-02,Real Estate,Ministry of Housing & Urban Affairs,539,39.63,-1332.0,1,7.3525046382189245,1
701745,2026-02,Urban Public Transport,Ministry of Housing & Urban Affairs,263,17.62,-1308.0,1,6.699619771863118,0
701766,2026-02,Real Estate,Ministry of Housing & Urban Affairs,151,18.95,-828.0,1,12.549668874172184,1
701991,2026-02,Urban Public Transport,Ministry of Housing & Urban Affairs,600,272.42,-943.0,1,45.403333333333336,1
702355,2026-02,Waste & Water,Ministry of Housing & Urban Affairs,210,,-710.0,1,,0
702625,2026-02,Urban Public Transport,Ministry of Housing & Urban Affairs,6941,4048.28,-1187.0,1,58.324160783748745,0
702626,2026-02,Urban Public Transport,Ministry of Housing & Urban Affairs,7501,4643.52,-1187.0,1,61.905345953872825,0
702627,2026-02,Urban Public Transport,Ministry of Housing & Urban Affairs,13366,4984.26,-733.0,1,37.29058805925482,0
702628,2026-02,Urban Public Transport,Ministry of Housing & Urban Affairs,11076,9095.8,-643.0,1,82.12170458649332,0
702629,2026-02,Urban Public Transport,Ministry of Housing & Urban Affairs,8380,6068.28,-643.0,1,72.41384248210024,0
702630,2026-02,Urban Public Transport,Ministry of Housing & Urban Affairs,12020,8561.27,-699.0,1,71.22520798668886,1
702632,2026-02,Urban Public Transport,Ministry of Housing & Urban Affairs,24949,19130.7,-334.0,1,76.67922562026534,0
702635,2026-02,Urban Public Transport,Ministry of Housing & Urban Affairs,26405,29753.0,-1804.0,1,112.67941677712554,0
702637,2026-02,Urban Public Transport,Ministry of Housing & Urban Affairs,23136,32923.5,-1065.0,1,142.3042012448133,0
702639,2026-02,Urban Public Transport,Ministry of Housing & Urban Affairs,10773,12337.2,-2891.0,1,114.51963241436927,1
702658,2026-02,Urban Public Transport,Ministry of Housing & Urban Affairs,6708,1595.79,671.0,0,23.789355992844364,0
702664,2026-02,Urban Public Transport,Ministry of Housing & Urban Affairs,1957,596.83,265.0,0,30.497189575881457,0
702665,2026-02,Urban Public Transport,Ministry of Housing & Urban Affairs,14788,9673.18,122.0,0,65.4123613740871,0
702668,2026-02,Urban Public Transport,Ministry of Housing & Urban Affairs,63246,31451.4,1280.0,0,49.72867849350157,0
702674,2026-02,Waste & Water,Ministry of Housing & Urban Affairs,172,88.86,-1065.0,1,51.662790697674424,1
702699,2026-02,Waste & Water,Ministry of Housing & Urban Affairs,159,93.35,-851.0,1,58.71069182389937,1
702734,2026-02,Waste & Water,Ministry of Housing & Urban Affairs,278,218.89,-882.0,1,78.73741007194243,1
702735,2026-02,Waste & Water,Ministry of Housing & Urban Affairs,213,168.14,-1065.0,1,78.93896713615023,1
702741,2026-02,Waste & Water,Ministry of Housing & Urban Affairs,217,129.16,-1065.0,1,59.52073732718895,1
702742,2026-02,Waste & Water,Ministry of Housing & Urban Affairs,159,87.5,-851.0,1,55.0314465408805,1
702746,2026-02,Waste & Water,Ministry of Housing & Urban Affairs,278,186.5,-1065.0,1,67.08633093525181,1
702760,2026-02,Waste & Water,Ministry of Housing & Urban Affairs,163,85.71,-943.0,1,52.58282208588957,1
702764,2026-02,Waste & Water,Ministry of Housing & Urban Affairs,175,93.18,-1065.0,1,53.245714285714286,1
702793,2026-02,Waste & Water,Ministry of Housing & Urban Affairs,287,252.5,-1065.0,1,87.97909407665504,1
702798,2026-02,Waste & Water,Ministry of Housing & Urban Affairs,362,324.79,-1065.0,1,89.72099447513813,1
702808,2026-02,Waste & Water,Ministry of Housing & Urban Affairs,192,192.79,-699.0,1,100.41145833333334,1
702810,2026-02,Waste & Water,Ministry of Housing & Urban Affairs,402,357.68,-1065.0,1,88.97512437810946,1
702833,2026-02,Waste & Water,Ministry of Housing & Urban Affairs,194,136.56,-851.0,1,70.3917525773196,1
702840,2026-02,Waste & Water,Ministry of Housing & Urban Affairs,205,186.13,-1065.0,1,90.79512195121951,1
702851,2026-02,Waste & Water,Ministry of Housing & Urban Affairs,236,220.77,-1065.0,1,93.54661016949153,1
702854,2026-02,Waste & Water,Ministry of Housing & Urban Affairs,180,172.22,-1065.0,1,95.67777777777778,1
702949,2026-02,Waste & Water,Ministry of Housing & Urban Affairs,562,485.91,-943.0,1,86.4608540925267,1
703021,2026-02,Waste & Water,Ministry of Housing & Urban Affairs,259,161.02,-915.0,1,62.16988416988417,1
703057,2026-02,Waste & Water,Ministry of Housing & Urban Affairs,287,213.64,-851.0,1,74.4390243902439,1
703585,2026-02,Railways,Ministry of Railways,314,165.59,-699.0,1,52.73566878980892,0
703586,2026-02,Railways,Ministry of Railways,499,681.63,-699.0,1,136.59919839679358,0
704495,2026-02,Telecommunication,Department of Telecommunications,422,152.53,-1445.0,1,36.144549763033176,0
705237,2026-02,Railways,Ministry of Railways,51101,124623.0,-1430.0,1,243.87585370149313,0
705244,2026-02,Railways,Ministry of Railways,520,192.25,-1520.0,1,36.97115384615385,0
705252,2026-02,Railways,Ministry of Railways,385,0.0,-820.0,1,0.0,0
705253,2026-02,Railways,Ministry of Railways,563,120.0,-1915.0,1,21.314387211367674,1
705298,2026-02,Railways,Ministry of Railways,274,0.0,-699.0,1,0.0,0
705356,2026-02,Railways,Ministry of Railways,2539,5107.68,31.0,0,201.16896415911776,0
705357,2026-02,Railways,Ministry of Railways,138,947.27,396.0,0,686.4275362318841,0
705358,2026-02,Railways,Ministry of Railways,3792,5464.43,306.0,0,144.10416666666669,0
705359,2026-02,Railways,Ministry of Railways,1928,2049.18,-334.0,1,106.28526970954356,0
705362,2026-02,Railways,Ministry of Railways,819,580.51,-1430.0,1,70.88034188034187,0
705364,2026-02,Railways,Ministry of Railways,614,490.43,-424.0,1,79.87459283387622,0
705366,2026-02,Railways,Ministry of Railways,2067,2018.69,-2160.0,1,97.66279632317368,1
705368,2026-02,Railways,Ministry of Railways,1605,1697.03,-699.0,1,105.73395638629283,0
705373,2026-02,Railways,Ministry of Railways,1473,2545.14,-1065.0,1,172.78615071283093,0
705375,2026-02,Railways,Ministry of Railways,1626,2176.48,-365.0,1,133.8548585485855,0
705385,2026-02,Railways,Ministry of Railways,2555,1107.03,762.0,0,43.327984344422696,0
705391,2026-02,Railways,Ministry of Railways,14323,15849.5,306.0,0,110.65768344620541,0
705392,2026-02,Railways,Ministry of Railways,6663,6082.94,-339.0,1,91.29431187152933,0
705401,2026-02,Railways,Ministry of Railways,435,828.77,-334.0,1,190.52183908045976,0
705419,2026-02,Railways,Ministry of Railways,2913,2144.59,-334.0,1,73.62135255750087,0
705424,2026-02,Railways,Ministry of Railways,1540,577.91,306.0,0,37.52662337662338,0
705428,2026-02,Railways,Ministry of Railways,13447,7412.03,306.0,0,55.12032423588904,0
705429,2026-02,Railways,Ministry of Railways,38953,27881.1,-59.0,1,71.57625856801786,0
705432,2026-02,Railways,Ministry of Railways,7877,10312.1,-3926.0,1,130.91405357369555,0
705433,2026-02,Railways,Ministry of Railways,1628,1440.85,-151.0,1,88.50429975429975,0
705434,2026-02,Railways,Ministry of Railways,2565,2190.61,-2526.0,1,85.40389863547759,0
705436,2026-02,Railways,Ministry of Railways,2501,1383.96,762.0,0,55.336265493802486,0
705437,2026-02,Railways,Ministry of Railways,1160,2694.04,396.0,0,232.2448275862069,0
705444,2026-02,Railways,Ministry of Railways,4970,4947.72,-1430.0,1,99.55171026156943,1
705450,2026-02,Railways,Ministry of Railways,402,368.62,-1430.0,1,91.69651741293534,0
705453,2026-02,Railways,Ministry of Railways,456,3976.3,365.0,0,871.9956140350878,0
705454,2026-02,Railways,Ministry of Railways,1794,1816.87,-63.0,1,101.27480490523968,0
705457,2026-02,Railways,Ministry of Railways,1656,4606.71,396.0,0,278.18297101449275,0
705458,2026-02,Railways,Ministry of Railways,484,649.25,-1795.0,1,134.14256198347107,0
705479,2026-02,Railways,Ministry of Railways,1886,768.46,396.0,0,40.745493107104984,0
705480,2026-02,Railways,Ministry of Railways,8914,6777.67,396.0,0,76.03399147408571,0
705481,2026-02,Railways,Ministry of Railways,3032,3996.02,-65.0,1,131.7948548812665,0
705482,2026-02,Railways,Ministry of Railways,747,457.84,-2557.0,1,61.290495314591695,0
705490,2026-02,Railways,Ministry of Railways,2842,1492.44,396.0,0,52.5137227304715,0
705491,2026-02,Railways,Ministry of Railways,297,145.15,122.0,0,48.872053872053876,0
705492,2026-02,Railways,Ministry of Railways,825,733.99,-243.0,1,88.96848484848485,0
705494,2026-02,Railways,Ministry of Railways,2496,1857.59,-3804.0,1,74.42267628205128,0
705495,2026-02,Railways,Ministry of Railways,1378,767.97,396.0,0,55.730769230769226,0
705496,2026-02,Railways,Ministry of Railways,1876,518.36,-2526.0,1,27.631130063965887,0
705498,2026-02,Railways,Ministry of Railways,793,1035.45,306.0,0,130.5737704918033,0
705500,2026-02,Railways,Ministry of Railways,540,803.15,-59.0,1,148.73148148148147,0
705502,2026-02,Railways,Ministry of Railways,1385,1754.28,-59.0,1,126.66281588447654,0
705503,2026-02,Railways,Ministry of Railways,4028,5180.25,-365.0,1,128.6060079443893,0
705504,2026-02,Railways,Ministry of Railways,2081,3026.08,-89.0,1,145.41470446900527,0
705505,2026-02,Railways,Ministry of Railways,638,1048.45,-59.0,1,164.33385579937305,0
705506,2026-02,Railways,Ministry of Railways,1035,1810.5,-424.0,1,174.92753623188406,1
705507,2026-02,Railways,Ministry of Railways,2450,2039.27,396.0,0,83.23551020408163,0
705510,2026-02,Railways,Ministry of Railways,1284,1325.03,-455.0,1,103.1954828660436,0
705511,2026-02,Railways,Ministry of Railways,1547,1356.59,-699.0,1,87.69166127989656,0
705512,2026-02,Railways,Ministry of Railways,2500,2123.59,-1430.0,1,84.9436,0
705513,2026-02,Railways,Ministry of Railways,2362,1923.14,641.0,0,81.41998306519899,0
705514,2026-02,Railways,Ministry of Railways,1000,443.96,-2664.0,1,44.395999999999994,1
705515,2026-02,Railways,Ministry of Railways,1173,2096.3,31.0,0,178.71270247229327,0
705526,2026-02,Railways,Ministry of Railways,519,396.78,-334.0,1,76.45086705202311,0
705527,2026-02,Railways,Ministry of Railways,1216,2092.09,-66.0,1,172.04687500000003,0
705528,2026-02,Railways,Ministry of Railways,1586,1485.37,-608.0,1,93.65510718789407,1
705562,2026-02,Railways,Ministry of Railways,963,914.38,-368.0,1,94.95119418483905,1
705567,2026-02,Railways,Ministry of Railways,1016,1039.67,-340.0,1,102.32972440944883,1
705572,2026-02,Railways,Ministry of Railways,4060,3787.41,31.0,0,93.285960591133,0
705583,2026-02,Railways,Ministry of Railways,667,291.39,-1065.0,1,43.68665667166417,0
705588,2026-02,Railways,Ministry of Railways,722,1650.58,-334.0,1,228.61218836565098,0
705598,2026-02,Railways,Ministry of Railways,2002,1893.71,-1430.0,1,94.5909090909091,0
705608,2026-02,Railways,Ministry of Railways,4330,2597.21,31.0,0,59.98175519630485,0
705610,2026-02,Railways,Ministry of Railways,302,588.42,-59.0,1,194.84105960264898,0
705612,2026-02,Railways,Ministry of Railways,1953,4629.45,-365.0,1,237.04301075268813,0
705613,2026-02,Railways,Ministry of Railways,2595,3865.25,-393.0,1,148.94990366088632,0
705616,2026-02,Railways,Ministry of Railways,2140,2233.03,-485.0,1,104.34719626168226,0
705617,2026-02,Railways,Ministry of Railways,3545,3607.2,-424.0,1,101.75458392101551,0
705628,2026-02,Railways,Ministry of Railways,3029,2569.83,-243.0,1,84.84087157477715,0
705629,2026-02,Railways,Ministry of Railways,2400,2520.47,-59.0,1,105.01958333333332,1
705632,2026-02,Railways,Ministry of Railways,647,1144.62,-412.0,1,176.9119010819165,0
705633,2026-02,Railways,Ministry of Railways,3733,5134.57,-59.0,1,137.54540583980713,0
705638,2026-02,Railways,Ministry of Railways,813,97.06,396.0,0,11.93849938499385,0
705639,2026-02,Railways,Ministry of Railways,601,299.77,762.0,0,49.87853577371048,0
705648,2026-02,Railways,Ministry of Railways,6654,6121.03,-455.0,1,91.9902314397355,0
705650,2026-02,Railways,Ministry of Railways,5060,5289.93,396.0,0,104.54407114624506,0
705659,2026-02,Railways,Ministry of Railways,500,562.48,31.0,0,112.496,0
705660,2026-02,Railways,Ministry of Railways,2445,3285.42,-64.0,1,134.37300613496933,0
705661,2026-02,Railways,Ministry of Railways,1248,1759.07,-516.0,1,140.9511217948718,1
705663,2026-02,Railways,Ministry of Railways,493,281.96,0.0,0,57.19269776876267,0
705667,2026-02,Railways,Ministry of Railways,5961,5083.99,-424.0,1,85.28753564838114,0
705668,2026-02,Railways,Ministry of Railways,3250,3266.58,-334.0,1,100.51015384615386,0
705728,2026-02,Railways,Ministry of Railways,108000,87754.9,549.0,0,81.25453703703704,0
705730,2026-02,Railways,Ministry of Railways,4835,4868.71,306.0,0,100.69720785935885,0
705735,2026-02,Railways,Ministry of Railways,905,1200.56,396.0,0,132.65856353591158,0
705741,2026-02,Railways,Ministry of Railways,748,14.27,884.0,0,1.9077540106951871,0
705742,2026-02,Railways,Ministry of Railways,2344,493.99,2710.0,0,21.074658703071673,0
705752,2026-02,Railways,Ministry of Railways,819,397.18,275.0,0,48.4957264957265,0
705761,2026-02,Railways,Ministry of Railways,1454,81.71,641.0,0,5.6196698762035755,0
705763,2026-02,Railways,Ministry of Railways,7474,2177.94,1675.0,0,29.14021942734814,0
705764,2026-02,Railways,Ministry of Railways,495,230.0,31.0,0,46.464646464646464,0
705765,2026-02,Railways,Ministry of Railways,686,608.04,26.0,0,88.63556851311954,0
705766,2026-02,Railways,Ministry of Railways,304,245.11,-424.0,1,80.6282894736842,0
705771,2026-02,Railways,Ministry of Railways,494,376.99,31.0,0,76.31376518218623,0
705772,2026-02,Railways,Ministry of Railways,2649,1824.33,306.0,0,68.86862967157418,0
705774,2026-02,Railways,Ministry of Railways,758,460.42,-393.0,1,60.74142480211082,0
705777,2026-02,Railways,Ministry of Railways,250,115.71,0.0,0,46.284,0
705780,2026-02,Railways,Ministry of Railways,2529,2080.46,-424.0,1,82.26413602214315,1
705782,2026-02,Railways,Ministry of Railways,407,383.58,-334.0,1,94.24570024570023,0
705783,2026-02,Railways,Ministry of Railways,238,137.07,-334.0,1,57.59243697478992,0
705785,2026-02,Railways,Ministry of Railways,473,292.09,122.0,0,61.75264270613108,0
705793,2026-02,Railways,Ministry of Railways,6806,9478.55,-699.0,1,139.26755803702616,0
705794,2026-02,Railways,Ministry of Railways,6685,127.03,-699.0,1,1.900224382946896,0
705799,2026-02,Railways,Ministry of Railways,1400,1472.0,-59.0,1,105.14285714285714,0
705912,2026-02,Railways,Ministry of Railways,1204,163.65,396.0,0,13.5921926910299,0
705918,2026-02,Railways,Ministry of Railways,1457,400.19,244.0,0,27.46671242278655,0
705919,2026-02,Railways,Ministry of Railways,1390,409.97,487.0,0,29.49424460431655,0
705933,2026-02,Railways,Ministry of Railways,1096,1284.91,610.0,0,117.23631386861315,0
705941,2026-02,Railways,Ministry of Railways,15767,2659.24,306.0,0,16.865859072746876,0
706718,2026-02,Aviation & Aviation Infrastructure,Ministry of Civil Aviation,499,174.89,-595.0,1,35.04809619238476,0
706724,2026-02,Aviation & Aviation Infrastructure,Ministry of Civil Aviation,1712,2591.82,-334.0,1,151.39135514018693,1
706757,2026-02,Railways,Ministry of Railways,262,354.69,-334.0,1,135.37786259541983,0
706759,2026-02,Railways,Ministry of Railways,2374,1542.83,-454.0,1,64.98862679022747,0
706763,2026-02,Railways,Ministry of Railways,1081,898.28,245.0,0,83.09713228492137,0
706775,2026-02,Telecommunication,Department of Telecommunications,61109,46431.5,-912.0,1,75.98144299530347,0
706776,2026-02,Railways,Ministry of Railways,4830,3258.95,184.0,0,67.47308488612836,0
706777,2026-02,Railways,Ministry of Railways,2298,393.02,306.0,0,17.102697998259355,0
706779,2026-02,Railways,Ministry of Railways,8087,7462.88,-4352.0,1,92.28242858909361,0
706780,2026-02,Railways,Ministry of Railways,33690,3217.51,671.0,0,9.550341347580884,0
706781,2026-02,Railways,Ministry of Railways,10947,6143.85,-1430.0,1,56.123595505617985,0
706811,2026-02,Steel,Ministry of Steel,2907,3416.06,-974.0,1,117.51152390780875,1
706835,2026-02,Railways,Ministry of Railways,1591,0.38,671.0,0,0.023884349465744813,0
706837,2026-02,Railways,Ministry of Railways,349,119.68,640.0,0,34.29226361031519,0
706854,2026-02,Railways,Ministry of Railways,1376,214.79,1583.0,0,15.609738372093023,0
706860,2026-02,Railways,Ministry of Railways,645,44.5,-211.0,1,6.899224806201551,0
706866,2026-02,Railways,Ministry of Railways,304,65.94,31.0,0,21.69078947368421,0
706898,2026-02,Railways,Ministry of Railways,268,0.0,-1795.0,1,0.0,0
706922,2026-02,Railways,Ministry of Railways,890,391.73,-2004.0,1,44.01460674157304,0
706940,2026-02,Railways,Ministry of Railways,184,0.0,-638.0,1,0.0,0
706942,2026-02,Railways,Ministry of Railways,238,0.0,-638.0,1,0.0,0
706950,2026-02,Railways,Ministry of Railways,744,1155.29,-1065.0,1,155.28091397849462,0
707020,2026-02,Healthcare,Ministry of Health & Family Welfare,250,96.21,-145.0,1,38.483999999999995,0
707021,2026-02,Healthcare,Ministry of Health & Family Welfare,250,265.0,172.0,0,106.0,0
707022,2026-02,Healthcare,Ministry of Health & Family Welfare,250,60.0,-172.0,1,24.0,0
707039,2026-02,Healthcare,Ministry of Health & Family Welfare,250,655.21,306.0,0,262.084,0
707044,2026-02,Healthcare,Ministry of Health & Family Welfare,325,164.49,306.0,0,50.61230769230769,0
707045,2026-02,Healthcare,Ministry of Health & Family Welfare,325,308.5,92.0,0,94.92307692307692,0
707046,2026-02,Healthcare,Ministry of Health & Family Welfare,325,22.0,396.0,0,6.769230769230769,0
707049,2026-02,Healthcare,Ministry of Health & Family Welfare,325,435.34,31.0,0,133.95076923076923,0
707050,2026-02,Healthcare,Ministry of Health & Family Welfare,325,924.64,-516.0,1,284.5046153846154,0
707058,2026-02,Healthcare,Ministry of Health & Family Welfare,325,164.0,-680.0,1,50.46153846153846,0
707059,2026-02,Healthcare,Ministry of Health & Family Welfare,325,69.41,39.0,0,21.356923076923078,0
707069,2026-02,Healthcare,Ministry of Health & Family Welfare,325,0.0,1037.0,0,0.0,0
707070,2026-02,Healthcare,Ministry of Health & Family Welfare,325,0.0,1037.0,0,0.0,0
707086,2026-02,Healthcare,Ministry of Health & Family Welfare,325,262.0,306.0,0,80.61538461538461,0
707087,2026-02,Healthcare,Ministry of Health & Family Welfare,325,315.08,306.0,0,96.94769230769231,0
707215,2026-02,"Tourism, Hospitality & Wellness","Ministry of Ports, Shipping and Waterways",573,545.51,-699.0,1,95.2024432809773,0
707229,2026-02,Real Estate,Ministry of Housing & Urban Affairs,210,,-1004.0,1,,1
707267,2026-02,Waste & Water,Ministry of Housing & Urban Affairs,200,100.0,-974.0,1,50.0,0
707410,2026-02,Logistics Infrastructure,Department for Promotion of Industry & Internal Trade,763,430.0,-790.0,1,56.356487549148106,0
708662,2026-02,Healthcare,"Ministry of Ports, Shipping and Waterways",693,58.0,122.0,0,8.369408369408369,0
709747,2026-02,Electricity Generation,Ministry of Power,339,317.59,-59.0,1,93.68436578171091,0
709750,2026-02,Oil & Gas,Ministry of Petroleum & Natural Gas,205,81.61,-160.0,1,39.80975609756098,0
709752,2026-02,Oil & Gas,Ministry of Petroleum & Natural Gas,160,113.71,-608.0,1,71.06875,1
709753,2026-02,Oil & Gas,Ministry of Petroleum & Natural Gas,1010,782.89,-112.0,1,77.51386138613861,1
709754,2026-02,Energy Storage,Ministry of Petroleum & Natural Gas,156,87.79,491.0,0,56.27564102564103,0
709755,2026-02,Energy Storage,Ministry of Petroleum & Natural Gas,384,190.47,491.0,0,49.6015625,0
709757,2026-02,Oil & Gas,Ministry of Petroleum & Natural Gas,1377,363.98,1583.0,0,26.432824981844593,0
709758,2026-02,Oil & Gas,Ministry of Petroleum & Natural Gas,2628,378.82,1583.0,0,14.414764079147641,0
709759,2026-02,Energy Storage,Ministry of Petroleum & Natural Gas,461,188.01,281.0,0,40.783080260303684,0
709760,2026-02,Oil & Gas,Ministry of Petroleum & Natural Gas,240,103.57,50.0,0,43.15416666666667,1
709770,2026-02,Oil & Gas,Ministry of Petroleum & Natural Gas,151,8.86,2771.0,0,5.8675496688741715,0
709771,2026-02,Oil & Gas,Ministry of Petroleum & Natural Gas,865,77.96,2040.0,0,9.012716763005779,0
709772,2026-02,Oil & Gas,Ministry of Petroleum & Natural Gas,609,61.68,1948.0,0,10.128078817733991,0
709773,2026-02,Oil & Gas,Ministry of Petroleum & Natural Gas,538,4.29,2223.0,0,0.7973977695167287,1
709774,2026-02,Oil & Gas,Ministry of Petroleum & Natural Gas,463,293.54,-59.0,1,63.39956803455724,0
709776,2026-02,Oil & Gas,Ministry of Petroleum & Natural Gas,277,207.72,214.0,0,74.98916967509025,0
709777,2026-02,Oil & Gas,Ministry of Petroleum & Natural Gas,389,93.3,-304.0,1,23.984575835475578,1
709778,2026-02,Oil & Gas,Ministry of Petroleum & Natural Gas,328,176.91,-204.0,1,53.93597560975609,1
709779,2026-02,Oil & Gas,Ministry of Petroleum & Natural Gas,768,169.13,8.0,0,22.022135416666664,0
709780,2026-02,Oil & Gas,Ministry of Petroleum & Natural Gas,341,290.82,184.0,0,85.28445747800586,0
709781,2026-02,Oil & Gas,Ministry of Petroleum & Natural Gas,260,15.2,487.0,0,5.846153846153846,0
709782,2026-02,Oil & Gas,Ministry of Petroleum & Natural Gas,165,96.16,-191.0,1,58.278787878787874,1
709783,2026-02,Oil & Gas,Ministry of Petroleum & Natural Gas,165,169.65,-974.0,1,102.81818181818183,0
709785,2026-02,Oil & Gas,Ministry of Petroleum & Natural Gas,202,63.42,-20.0,1,31.396039603960396,0
709786,2026-02,Oil & Gas,Ministry of Petroleum & Natural Gas,228,18.35,640.0,0,8.048245614035087,0
709791,2026-02,Oil & Gas,Ministry of Petroleum & Natural Gas,1017,219.93,1492.0,0,21.62536873156342,0
709792,2026-02,Oil & Gas,Ministry of Petroleum & Natural Gas,3638,451.75,1492.0,0,12.417537108301264,0
709793,2026-02,Oil & Gas,Ministry of Petroleum & Natural Gas,3919,494.8,1583.0,0,12.625669813727992,0
709794,2026-02,Oil & Gas,Ministry of Petroleum & Natural Gas,3207,383.6,1583.0,0,11.961334580604928,0
709795,2026-02,Oil & Gas,Ministry of Petroleum & Natural Gas,16654,670.55,1583.0,0,4.026360033625555,0
709796,2026-02,Oil & Gas,Ministry of Petroleum & Natural Gas,3685,274.28,1492.0,0,7.443147896879239,0
709797,2026-02,Oil & Gas,Ministry of Petroleum & Natural Gas,2585,1093.53,92.0,0,42.30290135396518,1
709798,2026-02,Oil & Gas,Ministry of Petroleum & Natural Gas,43367,2940.4,823.0,0,6.7802707127539374,0
709799,2026-02,Oil & Gas,Ministry of Petroleum & Natural Gas,4460,583.96,610.0,0,13.093273542600897,0
709800,2026-02,Oil & Gas,Ministry of Petroleum & Natural Gas,394,172.07,31.0,0,43.67258883248731,1
709811,2026-02,Railways,Ministry of Railways,190,0.0,579.0,0,0.0,0
709812,2026-02,Railways,Ministry of Railways,462,178.78,1583.0,0,38.696969696969695,0
709813,2026-02,Railways,Ministry of Railways,437,115.6,853.0,0,26.453089244851256,0
709815,2026-02,Railways,Ministry of Railways,177,4.68,337.0,0,2.6440677966101696,0
709816,2026-02,Railways,Ministry of Railways,177,1.91,365.0,0,1.07909604519774,0
709817,2026-02,Railways,Ministry of Railways,169,21.27,275.0,0,12.585798816568047,0
709818,2026-02,Railways,Ministry of Railways,328,69.76,337.0,0,21.26829268292683,0
709819,2026-02,Railways,Ministry of Railways,168,1.77,306.0,0,1.0535714285714286,0
709826,2026-02,Steel,Ministry of Steel,2719,1455.37,-28.0,1,53.52592865023905,0
709831,2026-02,Metals & Mining,Ministry of Mines,483,432.66,-273.0,1,89.5776397515528,0
709832,2026-02,Metals & Mining,Ministry of Mines,166,135.0,-334.0,1,81.32530120481928,0
709837,2026-02,Oil & Gas,Ministry of Petroleum & Natural Gas,209,78.98,-638.0,1,37.78947368421053,1
709838,2026-02,Oil & Gas,Ministry of Petroleum & Natural Gas,621,168.69,-455.0,1,27.164251207729468,0
709839,2026-02,Oil & Gas,Ministry of Petroleum & Natural Gas,4144,5339.12,-120.0,1,128.83976833976834,1
709840,2026-02,Oil & Gas,Ministry of Petroleum & Natural Gas,249,210.45,-383.0,1,84.51807228915662,1
709841,2026-02,Oil & Gas,Ministry of Petroleum & Natural Gas,173,160.38,-225.0,1,92.70520231213872,1
709842,2026-02,Oil & Gas,Ministry of Petroleum & Natural Gas,1487,940.0,396.0,0,63.214525891055814,0
709845,2026-02,Oil & Gas,Ministry of Petroleum & Natural Gas,837,377.32,184.0,0,45.08004778972521,0
709847,2026-02,Oil & Gas,Ministry of Petroleum & Natural Gas,481,227.47,58.0,0,47.29106029106029,1
709848,2026-02,Oil & Gas,Ministry of Petroleum & Natural Gas,2329,1223.5,80.0,0,52.53327608415629,1
709849,2026-02,Oil & Gas,Ministry of Petroleum & Natural Gas,2380,2140.09,0.0,0,89.91974789915967,1
709850,2026-02,Oil & Gas,Ministry of Petroleum & Natural Gas,199,75.38,77.0,0,37.87939698492462,1
709851,2026-02,Oil & Gas,Ministry of Petroleum & Natural Gas,6184,964.0,426.0,0,15.588615782664942,0
709856,2026-02,Telecommunication,Department of Telecommunications,645,377.59,-546.0,1,58.541085271317826,1
709857,2026-02,Telecommunication,Department of Telecommunications,24545,8472.04,-252.0,1,34.51635771032797,1
709859,2026-02,Telecommunication,Department of Telecommunications,248,236.91,-2203.0,1,95.52822580645162,0
709864,2026-02,Oil & Gas,Ministry of Petroleum & Natural Gas,370,286.89,-591.0,1,77.53783783783783,1
709865,2026-02,Oil & Gas,Ministry of Petroleum & Natural Gas,294,97.24,-424.0,1,33.074829931972786,1
900808,2026-02,Transmission & Distribution,Ministry of Power,3547,3511.47,-455.0,1,98.99830842965886,1
900874,2026-02,Railways,Ministry of Railways,588,1.78,762.0,0,0.30272108843537415,0
