sr_no,sector_name,line_ministry,project_code,project_name,original_cost_crore,revised_cost_crore,expenditure_crore,original_end_date,revised_date,delay_days,schedule_revised_later,source_snapshot,source_url
1,Real Estate,Department for Promotion of Industry & Internal Trade,701657,Tumakuru Node - Phase 1 - Roads and Services Development,1702,,95.0,2026-09-21,,,,,https://ipm.mospi.gov.in/Home/PublicDashboard
2,Real Estate,Department for Promotion of Industry & Internal Trade,701658,Krishnapatnam Node - Phase 1 - Roads and Services Development,2139,,327.99,2028-02-15,,,,,https://ipm.mospi.gov.in/Home/PublicDashboard
3,"Tourism, Hospitality & Wellness",Department for Promotion of Industry & Internal Trade,400429,Exhibition cum Convention Centre Dwarka [Phase I],5178,5401.0,4470.0,2019-10-20,2025-01-31,1930.0,1,,https://ipm.mospi.gov.in/Home/PublicDashboard
4,Education,Department of Higher Education,602098,"Construction of Permanent Campus for IIM Jammu Phase-1 at Jagti, Nagrota, Jammu, J&K",425,500.91,484.52,2023-06-30,2025-08-31,793.0,1,,https://ipm.mospi.gov.in/Home/PublicDashboard
5,Education,Department of Higher Education,602099,Establishment of Permanent campus Phase 1 of IIM Sirmaur,393,454.78,320.75,2023-10-31,2026-02-28,851.0,1,,https://ipm.mospi.gov.in/Home/PublicDashboard
6,Education,Department of Higher Education,605292,"Construction of Permanent Campus of Indian Institute of Management [IIM] Amritsar, Punjab, Phase-I",348,,290.39,2023-06-30,2025-12-31,915.0,1,,https://ipm.mospi.gov.in/Home/PublicDashboard
7,Education,Department of Higher Education,606013,Additional Campus  of NITPatna,499,,425.47,2024-07-31,2026-01-31,549.0,1,,https://ipm.mospi.gov.in/Home/PublicDashboard
8,Education,Department of Higher Education,606112,Tezpur University Projects,154,,288.87,2023-11-08,2025-08-31,662.0,1,,https://ipm.mospi.gov.in/Home/PublicDashboard
9,Education,Department of Higher Education,606431,CONSTRUCTION OF PERMANENT CAMPUS FOR IIT PALAKKAD UNDER PHASE 1A,1006,1217.4,615.95,2022-06-07,2026-11-30,1637.0,1,,https://ipm.mospi.gov.in/Home/PublicDashboard
10,Education,Department of Higher Education,606479,Banaras Hindu University [ Kayakalp of Institute of Medical Sciences],246,,185.83,2022-09-30,2026-03-31,1278.0,1,,https://ipm.mospi.gov.in/Home/PublicDashboard
11,Education,Department of Higher Education,609019,"HEFA projects on development of student hostels, playgrounds, departmental buildings, class room complex and other campus facilities in IIT Kharagpur",500,442.0,382.6,2023-03-31,2026-03-31,1096.0,1,,https://ipm.mospi.gov.in/Home/PublicDashboard
12,Education,Department of Higher Education,609041,"IoE Projects [Civil Works], IIT Kharagpur",287,,310.0,2023-03-31,2026-12-31,1371.0,1,,https://ipm.mospi.gov.in/Home/PublicDashboard
13,Education,Department of Higher Education,609736,"Construction of Sikkim University Campus Phase-I Package-II at Yangang, South Sikkim",314,,238.22,2025-01-04,2025-09-30,269.0,1,,https://ipm.mospi.gov.in/Home/PublicDashboard
14,Education,Department of Higher Education,609996,Construction of Precast housing and hostels at IIT Hyderabad,262,,164.4,2024-10-23,2026-01-01,435.0,1,,https://ipm.mospi.gov.in/Home/PublicDashboard
15,Education,Department of Higher Education,610315,IISER BERHAMPUR,1229,773.76,835.55,2021-03-31,2025-11-30,1705.0,1,,https://ipm.mospi.gov.in/Home/PublicDashboard
16,Education,Department of Higher Education,610940,"Additional Infrastructure at IISc Bangalore-RCC Monolithic for Men Hostel S14, Women Hostel S11 , Postdoctoral Hostel S12 2 Block , International Hostel S 12 , D&E Block S 12  2 Block FR.",420,420.41,360.72,2024-03-31,2025-09-30,548.0,1,,https://ipm.mospi.gov.in/Home/PublicDashboard
17,Education,Department of Higher Education,611957,"Phase III A works at IIT Indore [03 Hostels, 01 Studio Apartment, 01 Housing, Heavy & Sophisticated lab complex, Academic POD and  Infrastructure for center of excellence]",496,,138.6,2026-12-31,,,,,https://ipm.mospi.gov.in/Home/PublicDashboard
18,Education,Department of Higher Education,611963,"Construction & Development of Infrastructural Facilities in the main campus of NIT Uttarakhand at Sumari, Pauri Garhwal",651,,130.0,2027-09-30,,,,,https://ipm.mospi.gov.in/Home/PublicDashboard
19,Education,Department of Higher Education,612128,Hostel blocks & dining hall block,167,,72.09,2026-03-26,2026-03-26,0.0,0,,https://ipm.mospi.gov.in/Home/PublicDashboard
20,Education,Department of Higher Education,612135,Hostel 4 -Earlier Known as Hostel 20,182,,132.44,2025-09-30,,,,,https://ipm.mospi.gov.in/Home/PublicDashboard
21,Education,Department of Higher Education,612203,Academic Block 1 & 2,68,263.93,22.15,2026-07-31,2027-03-31,243.0,1,,https://ipm.mospi.gov.in/Home/PublicDashboard
22,Education,Department of Higher Education,612851,"Phase 1B - Construction of Academic Block, Hostel, Residential Tower, Directors Residence and External Development works at National Institute of Technology, Delhi Campus on Engineering, Procurement and Construction basis",333,,272.95,2025-09-30,,,,,https://ipm.mospi.gov.in/Home/PublicDashboard
23,Education,Department of Higher Education,612876,"Construction of Permanent Campus for NIT Mizoram at Lengpui, Aizawl",474,474.23,167.55,2029-12-31,2029-12-31,0.0,0,,https://ipm.mospi.gov.in/Home/PublicDashboard
24,Education,Department of Higher Education,612877,Establishment of NIT Puducherry Permanent Campus [Phase-I and Phase-II],618,544.34,509.24,2024-12-31,2025-08-31,243.0,1,,https://ipm.mospi.gov.in/Home/PublicDashboard
25,Education,Department of Higher Education,612883,Establishment of Permanent Campus of NIT SIkkim at Khamdong-Gangtok District,686,610.76,121.56,2028-02-12,2026-12-31,-408.0,0,,https://ipm.mospi.gov.in/Home/PublicDashboard
26,Education,Department of Higher Education,612885,Construction and Developement of National Institute of Technology Meghalaya Permanent Campus at Sohra,495,,413.57,2022-03-31,2025-07-31,1218.0,1,,https://ipm.mospi.gov.in/Home/PublicDashboard
27,Education,Department of Higher Education,612894,"Construction of Permanent Campus of Central University of Himachal Pradesh at Dehra, District - Kangra, [H.P.] on Engineering. Procurement and Construction [EPC Mode 1] Basis.",252,300.45,183.36,2024-11-18,2025-11-30,377.0,1,,https://ipm.mospi.gov.in/Home/PublicDashboard
28,Education,Department of Higher Education,612898,Construction of Permanent Campus of National Institute of Technology Arunachal Pradesh,593,,549.96,2026-08-31,,,,,https://ipm.mospi.gov.in/Home/PublicDashboard
29,Education,Department of Higher Education,612916,"Construction of permanent campus of Central University of Gujarat at Village kundhela, Dist. Vadodara, Gujarat.",491,,301.44,2025-03-31,2026-03-31,365.0,1,,https://ipm.mospi.gov.in/Home/PublicDashboard
30,Education,Department of Higher Education,613008,Construction of Permanent Campus of Central Tribal University of Andhra Pradesh Phase-1,305,,83.33,2027-06-26,,,,,https://ipm.mospi.gov.in/Home/PublicDashboard
31,Education,Department of Higher Education,613013,Establishment of NIT Nagaland,276,,257.82,2025-12-31,,,,,https://ipm.mospi.gov.in/Home/PublicDashboard
32,Education,Department of Higher Education,616886,Delhi University Eastern Campus at Surajmal Vihar,373,,18.03,2026-10-31,,,,,https://ipm.mospi.gov.in/Home/PublicDashboard
33,Education,Department of Higher Education,617221,"Construction of Girls Hostel 400 seater, Boys Hostel 600 seater, Academic Block, International Hostel 100 seater, VC Residence and Purchase of Equipment",211,,0.0,2027-10-03,,,,,https://ipm.mospi.gov.in/Home/PublicDashboard
34,Telecommunication,Department of Telecommunications,400013,Saturation 4G mobile coverage of Uncovered Villages through USOF,26316,30620.0,9291.8,2024-06-20,2026-03-31,649.0,1,,https://ipm.mospi.gov.in/Home/PublicDashboard
35,Telecommunication,Department of Telecommunications,701593,4G Services by BSNL,28466,19592.0,8332.52,2024-03-31,2026-03-31,730.0,1,,https://ipm.mospi.gov.in/Home/PublicDashboard
36,Telecommunication,Department of Telecommunications,701597,Provision of 4G Mobile Services in Uncovered Villages of Arunachal Pradesh and 2 Districts of Assam,1255,,284.04,2023-04-30,2025-09-30,884.0,1,,https://ipm.mospi.gov.in/Home/PublicDashboard
37,Telecommunication,Department of Telecommunications,701598,Provision of 4G based Mobile Services in Uncovered Villages and National Highways of Meghalaya,972,,208.25,2022-03-03,2025-03-31,1124.0,1,,https://ipm.mospi.gov.in/Home/PublicDashboard
38,Telecommunication,Department of Telecommunications,701599,Mobile connectivity in Left Wing Extremism [LWE] affected areas-Phase2,1578,,596.17,2023-03-31,2025-11-08,953.0,1,,https://ipm.mospi.gov.in/Home/PublicDashboard
39,Telecommunication,Department of Telecommunications,701600,354 Uncovered Villages Scheme,337,301.13,225.71,2021-10-27,2025-08-31,1404.0,1,,https://ipm.mospi.gov.in/Home/PublicDashboard
40,Telecommunication,Department of Telecommunications,701602,"Provision of 4G based mobile services in 7,287 uncovered villages of 44 Aspirational District across 5 states of Andhra Pradesh, Chhattisgarh, Jharkhand, Maharashtra & Odisha",3685,,1101.39,2023-11-19,2025-11-19,731.0,1,,https://ipm.mospi.gov.in/Home/PublicDashboard
41,Telecommunication,Department of Telecommunications,704495,"502 Aspirational District Scheme in Four states - Bihar, Madhya Pradesh, Rajastha and Uttar Pradesh",422,228.94,126.45,2022-03-16,2025-12-21,1376.0,1,,https://ipm.mospi.gov.in/Home/PublicDashboard
42,Telecommunication,Department of Telecommunications,706775,BharatNet,61109,188000.0,41486.1,2023-08-31,2027-03-31,1308.0,1,,https://ipm.mospi.gov.in/Home/PublicDashboard
43,Telecommunication,Department of Telecommunications,709749,PHASE-I OF CONSOLIDATION OF EXISTING CDR DATA CENTERS AND NIB-P3 DATA CENTERS WITH STATE OF THE ART,461,,166.02,2021-06-18,2025-12-31,1657.0,1,,https://ipm.mospi.gov.in/Home/PublicDashboard
44,Telecommunication,Department of Telecommunications,709855,SUPER EDGE ROUTERS FOR BSNL INTERNET PROTOCOL - MULTI PROTOCOL LEBEL SWITCHING [IPMPLS] NETWORK,240,,179.63,2024-03-15,2025-03-01,351.0,1,,https://ipm.mospi.gov.in/Home/PublicDashboard
45,Telecommunication,Department of Telecommunications,709856,MPLS-IP BASED ACCESS AND AGGREGATION NETWORK [MAAN] IN BSNL ALONG WITH TEST AND MEASURING EQUIPMENT,645,,522.88,2024-08-31,2025-08-31,365.0,1,,https://ipm.mospi.gov.in/Home/PublicDashboard
46,Telecommunication,Department of Telecommunications,709857,"Planning, Engineering, Supply, Installation, Testing, Commissioning, Integration & Annual Maintenance of 4G mobile network at 1 Lakh sites on PAN India basis including Mumbai & Delhi LSA on turnkey basis under Phase IX.2 Project.",24545,,8333.37,2025-06-21,2026-03-31,283.0,1,,https://ipm.mospi.gov.in/Home/PublicDashboard
47,Telecommunication,Department of Telecommunications,709858,OPTICAL TRANSPORT NETWORK [OTN] PH-4 IN BSNL,811,,741.9,2025-08-15,,,,,https://ipm.mospi.gov.in/Home/PublicDashboard
48,Telecommunication,Department of Telecommunications,709859,SETTING UP OF PHYSICAL INFRASTRUCTURE FOR THE NATIONAL INSTITUTE OF COMMUNICATION FINANCE [NICF] AT GHITORNI,248,,236.91,2020-02-17,2025-10-31,2083.0,1,,https://ipm.mospi.gov.in/Home/PublicDashboard
49,Waste & Water,"Department of Water Resources, River Development & GR",616594,Interception & Diversion with Rehabilitation of sewerage scheme at Agra under Hybrid annuity based PPP model-Namami Gange Programme,842,,208.64,2025-04-30,2025-12-31,245.0,1,,https://ipm.mospi.gov.in/Home/PublicDashboard
50,Waste & Water,"Department of Water Resources, River Development & GR",616600,Interception and Diversion and STP works in Bhagalpur  under Hybrid annuity based PPP mode-Namami Gange Programme,413,,126.67,2025-02-06,2025-12-31,328.0,1,,https://ipm.mospi.gov.in/Home/PublicDashboard
51,Waste & Water,"Department of Water Resources, River Development & GR",616604,Pollution Abatement works for River Ganga at Hooghly Chinsurah- Municipal Town  Interception & Diversion with STP,155,,96.17,2025-03-30,2025-12-31,276.0,1,,https://ipm.mospi.gov.in/Home/PublicDashboard
52,Waste & Water,"Department of Water Resources, River Development & GR",616605,Pollution Abatement Works for River Kali Meerut under Meerut Municipality  Interception & Diversion with  STP,691,,,2024-12-31,2027-05-11,861.0,1,,https://ipm.mospi.gov.in/Home/PublicDashboard
53,Waste & Water,"Department of Water Resources, River Development & GR",616611,Sewage Treatment Plant  100MLD  and Sewerage Network 288 km in Digha-Patna under Hybrid annuity based PPP mode-Namami Gange Programme,824,,385.32,2025-12-30,,,,,https://ipm.mospi.gov.in/Home/PublicDashboard
54,Waste & Water,"Department of Water Resources, River Development & GR",616612,Sewage Treatment Plant  50MLD  and Sewerage Network 150 km in Kankarbagh-Patna under Hybrid annuity based PPP mode-Namami Gange Programme,579,,165.84,2025-12-30,,,,,https://ipm.mospi.gov.in/Home/PublicDashboard
55,Waste & Water,"Department of Water Resources, River Development & GR",616615,"Sewer Network,  SPS and STP at Begusarai",230,,261.48,2025-04-30,2025-12-31,245.0,1,,https://ipm.mospi.gov.in/Home/PublicDashboard
56,Waste & Water,"Department of Water Resources, River Development & GR",616616,"Sewer Networks,  SPS and STP at Hajipur",305,,346.44,2025-06-30,2025-12-31,184.0,1,,https://ipm.mospi.gov.in/Home/PublicDashboard
57,Water Resources,"Department of Water Resources, River Development & GR",400093,Saryu Nahar CADWM Project,1673,,,2019-12-31,2026-03-31,2282.0,1,,https://ipm.mospi.gov.in/Home/PublicDashboard
58,Water Resources,"Department of Water Resources, River Development & GR",400094,J. ChokhaRao LIS CADWM Project,760,13445.4,,2019-12-31,2023-03-31,1186.0,1,,https://ipm.mospi.gov.in/Home/PublicDashboard
59,Water Resources,"Department of Water Resources, River Development & GR",400095,Gosikhurd CADWM Project,744,,252.0,2019-12-31,2026-06-30,2373.0,1,,https://ipm.mospi.gov.in/Home/PublicDashboard
60,Water Resources,"Department of Water Resources, River Development & GR",400096,Omkareshwar CADWM Project,648,648.09,172.56,2019-12-31,2026-03-31,2282.0,1,,https://ipm.mospi.gov.in/Home/PublicDashboard
61,Water Resources,"Department of Water Resources, River Development & GR",400097,Sardar Sarovar CADWM Project,5022,6670.31,4954.99,2019-12-31,2025-03-31,1917.0,1,,https://ipm.mospi.gov.in/Home/PublicDashboard
62,Water Resources,"Department of Water Resources, River Development & GR",400100,Sardar Gouthu Latchanna Thotapalli Barrage Project,353,1023.24,869.11,2019-12-31,2025-03-31,1917.0,1,,https://ipm.mospi.gov.in/Home/PublicDashboard
63,Water Resources,"Department of Water Resources, River Development & GR",400101,Gundlakamma project,397,697.39,610.89,2019-12-31,2027-03-31,2647.0,1,,https://ipm.mospi.gov.in/Home/PublicDashboard
64,Water Resources,"Department of Water Resources, River Development & GR",400102,Sri Ram Sagar Project Stage - II,736,949.87,940.7,2019-12-31,2024-12-31,1827.0,1,,https://ipm.mospi.gov.in/Home/PublicDashboard
65,Water Resources,"Department of Water Resources, River Development & GR",400103,Indiramma Flood Flow Canal Project,1331,5940.09,4491.08,2019-12-31,2025-03-31,1917.0,1,,https://ipm.mospi.gov.in/Home/PublicDashboard
66,Water Resources,"Department of Water Resources, River Development & GR",400104,Punpun Barrage Project,571,658.12,469.66,2019-12-31,2026-03-31,2282.0,1,,https://ipm.mospi.gov.in/Home/PublicDashboard
67,Water Resources,"Department of Water Resources, River Development & GR",400105,Urmodi Irrigation Project,581,895.81,713.46,2022-06-30,2025-06-30,1096.0,1,,https://ipm.mospi.gov.in/Home/PublicDashboard
68,Water Resources,"Department of Water Resources, River Development & GR",400107,Sulwade-Jamphal-Kanoli Lift Irrigation Scheme,2408,,2436.43,2023-06-30,2027-06-30,1461.0,1,,https://ipm.mospi.gov.in/Home/PublicDashboard
69,Water Resources,"Department of Water Resources, River Development & GR",400109,Purna Barrage-2 [Ner Dhamana] Medium Irrigation Project,848,888.43,690.49,2020-06-30,2025-06-30,1826.0,1,,https://ipm.mospi.gov.in/Home/PublicDashboard
70,Water Resources,"Department of Water Resources, River Development & GR",400111,Kelo Irrigation Project,460,727.04,616.93,2019-12-31,2025-06-30,2008.0,1,,https://ipm.mospi.gov.in/Home/PublicDashboard
71,Water Resources,"Department of Water Resources, River Development & GR",400112,Jigaon Irrigation Project,7223,,8501.45,2028-06-30,,,,,https://ipm.mospi.gov.in/Home/PublicDashboard
72,Water Resources,"Department of Water Resources, River Development & GR",400115,Bargi Diversion Project Phase - IV [km. 154 to km 197],751,893.35,777.99,2019-12-31,2025-07-19,2027.0,1,,https://ipm.mospi.gov.in/Home/PublicDashboard
73,Water Resources,"Department of Water Resources, River Development & GR",400116,Bargi Diversion Project Phase - III [km. 104 to km 154],1229,1399.7,1807.2,2019-12-31,2025-07-21,2029.0,1,,https://ipm.mospi.gov.in/Home/PublicDashboard
74,Water Resources,"Department of Water Resources, River Development & GR",400117,Arjun Sahayak Project,741,2465.68,3218.3,2019-12-31,2019-12-31,0.0,0,,https://ipm.mospi.gov.in/Home/PublicDashboard
75,Water Resources,"Department of Water Resources, River Development & GR",603945,Integrated Anandpur Barrage Project,567,2990.05,2629.74,2019-12-31,2025-06-30,2008.0,1,,https://ipm.mospi.gov.in/Home/PublicDashboard
76,Water Resources,"Department of Water Resources, River Development & GR",613787,Jamrani Dam Multipurpose Project,2584,,486.52,2029-06-28,,,,,https://ipm.mospi.gov.in/Home/PublicDashboard
77,Water Resources,"Department of Water Resources, River Development & GR",701370,Borolia Irrigation Project,256,,0.0,2022-12-31,2025-03-31,821.0,1,,https://ipm.mospi.gov.in/Home/PublicDashboard
78,Water Resources,"Department of Water Resources, River Development & GR",701371,Durgawati Reservoir Project,691,971.96,978.51,2019-12-31,2024-12-31,1827.0,1,,https://ipm.mospi.gov.in/Home/PublicDashboard
79,Water Resources,"Department of Water Resources, River Development & GR",701372,Sardar Sarovar Project,20718,33412.5,31767.6,2019-12-31,2025-03-31,1917.0,1,,https://ipm.mospi.gov.in/Home/PublicDashboard
80,Water Resources,"Department of Water Resources, River Development & GR",701376,"Subernarekha   Multipurpose Project, Jharkhand",3808,9579.58,5550.74,2019-12-31,2025-04-03,1920.0,1,,https://ipm.mospi.gov.in/Home/PublicDashboard
81,Water Resources,"Department of Water Resources, River Development & GR",701377,Upper Tunga Irrigation Project,770,1606.07,1511.22,2019-12-31,2025-03-31,1917.0,1,,https://ipm.mospi.gov.in/Home/PublicDashboard
82,Water Resources,"Department of Water Resources, River Development & GR",701383,Waghur Project,1059,1758.51,1530.36,2019-12-31,2026-03-31,2282.0,1,,https://ipm.mospi.gov.in/Home/PublicDashboard
83,Water Resources,"Department of Water Resources, River Development & GR",701384,Tillari Irrigation Project,368,649.6,724.36,2019-12-31,2025-01-31,1858.0,1,,https://ipm.mospi.gov.in/Home/PublicDashboard
84,Water Resources,"Department of Water Resources, River Development & GR",701386,Gosikhurd Project,7196,12770.1,13533.3,2019-12-31,2026-06-30,2373.0,1,,https://ipm.mospi.gov.in/Home/PublicDashboard
85,Water Resources,"Department of Water Resources, River Development & GR",701388,Bembla Irrigation Project,1353,2685.41,2689.7,2019-12-31,2025-06-30,2008.0,1,,https://ipm.mospi.gov.in/Home/PublicDashboard
86,Water Resources,"Department of Water Resources, River Development & GR",701390,Arjuna Medium Irrigation project,334,611.0,803.89,2019-12-31,2024-12-31,1827.0,1,,https://ipm.mospi.gov.in/Home/PublicDashboard
87,Water Resources,"Department of Water Resources, River Development & GR",701391,Aruna Medium Irrigation Project,210,1472.14,1697.94,2019-12-31,2025-01-31,1858.0,1,,https://ipm.mospi.gov.in/Home/PublicDashboard
88,Water Resources,"Department of Water Resources, River Development & GR",701392,Krishna Koyana Lift Irrigation Project,974,2774.9,1069.82,2019-12-31,2023-12-31,1461.0,1,,https://ipm.mospi.gov.in/Home/PublicDashboard
89,Water Resources,"Department of Water Resources, River Development & GR",701395,Morna [Gureghar] Irrigation Project,220,,,2023-06-30,,,,,https://ipm.mospi.gov.in/Home/PublicDashboard
90,Water Resources,"Department of Water Resources, River Development & GR",701396,Lower Pedhi Project,256,1480.7,1324.78,2019-12-31,2026-06-30,2373.0,1,,https://ipm.mospi.gov.in/Home/PublicDashboard
91,Water Resources,"Department of Water Resources, River Development & GR",701398,Nardave Medium Irrigation Project,211,781.85,623.5,2019-12-31,2025-03-31,1917.0,1,,https://ipm.mospi.gov.in/Home/PublicDashboard
92,Water Resources,"Department of Water Resources, River Development & GR",701399,Kudali Irrigation Project,382,,,2022-12-31,,,,,https://ipm.mospi.gov.in/Home/PublicDashboard
93,Water Resources,"Department of Water Resources, River Development & GR",701400,Thoubal Multipurpose Project,1449,1822.24,1837.91,2019-12-31,2026-03-31,2282.0,1,,https://ipm.mospi.gov.in/Home/PublicDashboard
94,Water Resources,"Department of Water Resources, River Development & GR",701404,Kanupur Irrigation Project,989,2301.28,2563.56,2019-12-31,2024-12-31,1827.0,1,,https://ipm.mospi.gov.in/Home/PublicDashboard
95,Water Resources,"Department of Water Resources, River Development & GR",701405,J. Chokka Rao Devadula Lift Irrigation Scheme,8201,14730.0,4558.89,2019-12-31,2025-12-31,2192.0,1,,https://ipm.mospi.gov.in/Home/PublicDashboard
96,Water Resources,"Department of Water Resources, River Development & GR",701406,Rajiv Bhima Lift Irrigation Scheme,1402,2509.66,1839.76,2019-12-31,2026-03-31,2282.0,1,,https://ipm.mospi.gov.in/Home/PublicDashboard
97,Water Resources,"Department of Water Resources, River Development & GR",701408,Madhya Ganga canal Phase-II,1061,4417.21,4415.24,2019-12-31,2024-12-31,1827.0,1,,https://ipm.mospi.gov.in/Home/PublicDashboard
98,Water Resources,"Department of Water Resources, River Development & GR",701410,Relining of  Rajasthan feeder and Sirhind Feeder canal,1441,2462.16,2962.99,2021-06-30,2025-06-30,1461.0,1,,https://ipm.mospi.gov.in/Home/PublicDashboard
99,Water Resources,"Department of Water Resources, River Development & GR",701411,Shahpur Kandi Dam Project,2286,2715.7,2072.33,2022-06-30,2025-10-31,1219.0,1,,https://ipm.mospi.gov.in/Home/PublicDashboard
100,Water Resources,"Department of Water Resources, River Development & GR",701412,North Koel Reservoir Project,1622,2430.76,142.1,2021-03-31,2026-03-31,1826.0,1,,https://ipm.mospi.gov.in/Home/PublicDashboard
101,Water Resources,"Department of Water Resources, River Development & GR",701415,Polavaram Irrigation Project,10151,55548.9,24347.8,2022-04-30,2026-03-31,1431.0,1,,https://ipm.mospi.gov.in/Home/PublicDashboard
102,Aviation & Aviation Infrastructure,Ministry of Civil Aviation,400010,"Construction of Terminal Building & Associated works at Leh Airport, Ladakh",480,640.0,427.04,2021-09-14,2025-10-31,1508.0,1,,https://ipm.mospi.gov.in/Home/PublicDashboard
103,Aviation & Aviation Infrastructure,Ministry of Civil Aviation,611047,"Construction of NTB complex including apron, taxi track and other associated civil works and electrical & mechanical installations towards Tawi River side at CA Jammu.",861,861.37,154.3,2026-06-21,2026-06-21,0.0,0,,https://ipm.mospi.gov.in/Home/PublicDashboard
104,Aviation & Aviation Infrastructure,Ministry of Civil Aviation,611440,Procurment of 30 Nos ACFTs of WT Capacity 10KL at Various Airports,215,,104.92,2025-06-30,,,,,https://ipm.mospi.gov.in/Home/PublicDashboard
105,Aviation & Aviation Infrastructure,Ministry of Civil Aviation,611495,Development of New Civil Enclave at Bagdogra Airport,1549,1549.0,262.41,2027-01-03,2027-01-03,0.0,0,,https://ipm.mospi.gov.in/Home/PublicDashboard
106,Aviation & Aviation Infrastructure,Ministry of Civil Aviation,611570,"SITC of ATM Automation System and ASMGCS [Including SMR & MLAT] for Mumbai, Navi Mumbai, MOPA [without ASMGCS], HIAL & BIAL",500,,306.21,2025-09-11,,,,,https://ipm.mospi.gov.in/Home/PublicDashboard
107,Aviation & Aviation Infrastructure,Ministry of Civil Aviation,611602,"Modernization of Chennai Airport, Phase II, Part 2",1207,,376.47,2025-07-31,2026-03-31,243.0,1,,https://ipm.mospi.gov.in/Home/PublicDashboard
108,Aviation & Aviation Infrastructure,Ministry of Civil Aviation,612063,"Construction of New Terminal Building, Second Link Taxi Track, Apron Expansion, and associated works at Prayagraj Airport- On Design & Build Basis.",219,274.38,206.33,2024-11-19,2025-08-31,285.0,1,,https://ipm.mospi.gov.in/Home/PublicDashboard
109,Aviation & Aviation Infrastructure,Ministry of Civil Aviation,612183,Development of New Civil Enclave at Bihta,1413,,0.0,2027-09-30,,,,,https://ipm.mospi.gov.in/Home/PublicDashboard
110,Aviation & Aviation Infrastructure,Ministry of Civil Aviation,612194,Development of New Civil Enclave and associated works at Darbhanga Airport,912,,133.01,2026-01-07,,,,,https://ipm.mospi.gov.in/Home/PublicDashboard
111,Aviation & Aviation Infrastructure,Ministry of Civil Aviation,612786,"Construction of New Domestic Terminal Building Building and miscellaneous works including maintenance, operations and AICMC at Kadapa Airport",266,,45.54,2026-01-27,2026-03-31,63.0,1,,https://ipm.mospi.gov.in/Home/PublicDashboard
112,Aviation & Aviation Infrastructure,Ministry of Civil Aviation,612787,Construction of New Domestic Terminal Building and Miscellaneous works at Hubli Airport,320,,56.54,2026-01-21,2026-03-31,69.0,1,,https://ipm.mospi.gov.in/Home/PublicDashboard
113,Aviation & Aviation Infrastructure,Ministry of Civil Aviation,612788,Construction of New Domestic Terminal Building and Miscellaneous Works at Belagavi Airport.,322,,115.82,2026-01-02,2026-01-02,0.0,0,,https://ipm.mospi.gov.in/Home/PublicDashboard
114,Aviation & Aviation Infrastructure,Ministry of Civil Aviation,612789,"Development of additional RESA on either end on Runway 10-28  at Calicut Airport.  Construction of embankment with slope protection, drainage system and associated works for additional RESA on either end on Runway 10-28",485,,74.67,2025-09-28,2026-03-16,169.0,1,,https://ipm.mospi.gov.in/Home/PublicDashboard
115,Aviation & Aviation Infrastructure,Ministry of Civil Aviation,612791,"Re-Construction of Rigid portions of Secondary Runway, K and  A Taxiway and Strengthening of C Taxiway at NSCBI Airport Kolkata.",328,,98.15,2025-02-10,2026-08-31,567.0,1,,https://ipm.mospi.gov.in/Home/PublicDashboard
116,Aviation & Aviation Infrastructure,Ministry of Civil Aviation,612793,"Widening of basic strip at Western Side of Runway Chainage 80m to 920m i/c slope stabilization Measures [Balance work] of uphill and Improvement of Storm Water Drainage System at Pakyong Airport, Sikkim on design & build basis [EPC] with integrated 10 years maintenance.",323,,29.69,2026-02-06,,,,,https://ipm.mospi.gov.in/Home/PublicDashboard
117,Aviation & Aviation Infrastructure,Ministry of Civil Aviation,701091,Lucknow Airport-Terminal 3- Phase 1 & Other Associated Works,3100,,0.0,2026-03-31,,,,,https://ipm.mospi.gov.in/Home/PublicDashboard
118,Aviation & Aviation Infrastructure,Ministry of Civil Aviation,701101,"Construction of New Domestic Terminal Building [Phase-I and II] and other allied structures at JPNI Airport, Patna",1217,1216.9,1046.48,2023-07-31,2025-11-30,853.0,1,,https://ipm.mospi.gov.in/Home/PublicDashboard
119,Aviation & Aviation Infrastructure,Ministry of Civil Aviation,701105,Goa Airport Terminal Building Extension Project,256,255.69,130.0,2021-12-09,2025-09-30,1391.0,1,,https://ipm.mospi.gov.in/Home/PublicDashboard
120,Aviation & Aviation Infrastructure,Ministry of Civil Aviation,701107,Construction of New Integrated Terminal Building and associated works including apron to park 3 code E type of aircraft or 6 code C type of aircraft at Vijayawada Airport.,612,611.8,464.55,2022-09-05,2025-12-31,1213.0,1,,https://ipm.mospi.gov.in/Home/PublicDashboard
121,Aviation & Aviation Infrastructure,Ministry of Civil Aviation,701113,"Development of Lal Bahadur Shastri International airport, Varanasi including C/o New Terminal Building, Apron Extension, Runway Extension, PTT and allied works.",2870,,302.3,2027-07-20,2027-07-20,0.0,0,,https://ipm.mospi.gov.in/Home/PublicDashboard
122,Aviation & Aviation Infrastructure,Ministry of Civil Aviation,701121,Construction of New  Domestic Terminal Building  at Rajahmundry Airport.,347,,81.23,2025-08-14,2025-12-31,139.0,1,,https://ipm.mospi.gov.in/Home/PublicDashboard
123,Aviation & Aviation Infrastructure,Ministry of Civil Aviation,701122,Development of New Integrated Civil Enclave at Agra Airport,579,,74.3,2026-07-04,,,,,https://ipm.mospi.gov.in/Home/PublicDashboard
124,Aviation & Aviation Infrastructure,Ministry of Civil Aviation,701126,"Development of Dholera International Greenfield Airport , Gujarat",1305,1551.0,666.42,2026-06-30,2026-06-30,0.0,0,,https://ipm.mospi.gov.in/Home/PublicDashboard
125,Aviation & Aviation Infrastructure,Ministry of Civil Aviation,701127,Construction of New Passenger Terminal Building for Domestic Operations at Jodhpur Airport.,480,480.0,254.71,2024-11-18,2025-10-31,347.0,1,,https://ipm.mospi.gov.in/Home/PublicDashboard
126,Aviation & Aviation Infrastructure,Ministry of Civil Aviation,701128,Construction of New Integrated Passenger Terminal Building at Udaipur Airport,887,887.0,312.4,2026-03-10,2026-10-03,207.0,1,,https://ipm.mospi.gov.in/Home/PublicDashboard
127,Aviation & Aviation Infrastructure,Ministry of Civil Aviation,706718,C/o NITB Imphal Airport,499,499.0,160.48,2024-07-13,2026-12-31,901.0,1,,https://ipm.mospi.gov.in/Home/PublicDashboard
128,Aviation & Aviation Infrastructure,Ministry of Civil Aviation,706724,Guwahati Airport New Integrated Terminal Building Construction Project,1712,,0.0,2025-03-31,,,,,https://ipm.mospi.gov.in/Home/PublicDashboard
129,Coal,Ministry of Coal,400018,HURA C OCP,859,,450.47,2029-03-31,,,,,https://ipm.mospi.gov.in/Home/PublicDashboard
130,Coal,Ministry of Coal,400033,BHATADI EXPANSION OC,581,,20.52,2028-03-31,,,,,https://ipm.mospi.gov.in/Home/PublicDashboard
131,Coal,Ministry of Coal,400073,KONAR EXPANSION OCP,799,,426.16,2032-03-31,,,,,https://ipm.mospi.gov.in/Home/PublicDashboard
132,Coal,Ministry of Coal,400074,KARO EXPANSION OCP,908,,251.79,2029-03-31,,,,,https://ipm.mospi.gov.in/Home/PublicDashboard
133,Coal,Ministry of Coal,400136,SANGHMITRA OC,2660,,,2032-03-31,,,,,https://ipm.mospi.gov.in/Home/PublicDashboard
134,Coal,Ministry of Coal,400138,CHANDRAGUPT OCP,974,,440.32,2032-03-31,,,,,https://ipm.mospi.gov.in/Home/PublicDashboard
135,Coal,Ministry of Coal,400139,KOTRE BASANTPUR PACHMO OCP,861,625.4,441.05,2032-03-31,,,,,https://ipm.mospi.gov.in/Home/PublicDashboard
136,Coal,Ministry of Coal,400142,Pachwara South Coal Block,2243,,1165.64,2028-09-30,,,,,https://ipm.mospi.gov.in/Home/PublicDashboard
137,Coal,Ministry of Coal,400144,PORDA CHIMTAPANI OCP [10 MTY],2310,,83.66,2029-03-31,,,,,https://ipm.mospi.gov.in/Home/PublicDashboard
138,Coal,Ministry of Coal,400145,CHHAL OC SEAM III [6 MTY],611,,577.46,2022-03-31,2025-09-30,1279.0,1,,https://ipm.mospi.gov.in/Home/PublicDashboard
139,Coal,Ministry of Coal,400147,KUSMUNDA OC EXPANSION [15 TO 50 MTY],7612,,4697.95,2023-03-31,2030-03-31,2557.0,1,,https://ipm.mospi.gov.in/Home/PublicDashboard
140,Coal,Ministry of Coal,400148,AMADAND OCP[4.0MTY],869,,274.45,2021-03-31,2027-03-31,2191.0,1,,https://ipm.mospi.gov.in/Home/PublicDashboard
141,Coal,Ministry of Coal,400149,BAROUD OC EXPANSION [3.0-10.0MTY],2310,,913.03,2029-03-31,,,,,https://ipm.mospi.gov.in/Home/PublicDashboard
142,Coal,Ministry of Coal,400150,RPR MAGADH EXP OCP,7254,,1534.64,2028-03-31,,,,,https://ipm.mospi.gov.in/Home/PublicDashboard
143,Coal,Ministry of Coal,400151,NORTH URIMARI EXPANSION OCP,779,,695.11,2029-03-31,,,,,https://ipm.mospi.gov.in/Home/PublicDashboard
144,Coal,Ministry of Coal,400152,RAMPUR BATURA OCP [4.0MTY],1249,,495.4,2026-03-31,,,,,https://ipm.mospi.gov.in/Home/PublicDashboard
145,Coal,Ministry of Coal,400153,EPR ROHINI - KARKETTA OCP,1020,,83.95,2028-03-31,,,,,https://ipm.mospi.gov.in/Home/PublicDashboard
146,Coal,Ministry of Coal,400154,EPR PUNDI OCP,713,,236.57,2027-03-31,,,,,https://ipm.mospi.gov.in/Home/PublicDashboard
147,Coal,Ministry of Coal,400155,EPR ASHOK OC,2898,,176.6,2028-03-31,,,,,https://ipm.mospi.gov.in/Home/PublicDashboard
148,Coal,Ministry of Coal,400156,EPR AMRAPALI OCP,5136,,1125.18,2028-03-31,,,,,https://ipm.mospi.gov.in/Home/PublicDashboard
149,Coal,Ministry of Coal,400160,RAJRAPPA RCE OCP,511,,488.57,2016-03-31,2027-03-31,4017.0,1,,https://ipm.mospi.gov.in/Home/PublicDashboard
150,Coal,Ministry of Coal,400162,BLOCK B EXPANSION  [3.5 TO 8.0 MTPA] OPENCAST COAL MINING PROJECT,999,,458.01,2023-03-31,2027-03-31,1461.0,1,,https://ipm.mospi.gov.in/Home/PublicDashboard
151,Coal,Ministry of Coal,400165,SUBHADRA OCP,1694,,1278.66,2029-03-31,2029-03-31,0.0,0,,https://ipm.mospi.gov.in/Home/PublicDashboard
152,Coal,Ministry of Coal,400166,SIARMAL OCP,5195,,3455.65,2029-03-31,2028-03-31,-365.0,0,,https://ipm.mospi.gov.in/Home/PublicDashboard
153,Coal,Ministry of Coal,400172,CHITRA EAST OC,514,,228.71,2026-03-31,,,,,https://ipm.mospi.gov.in/Home/PublicDashboard
154,Coal,Ministry of Coal,400173,MOHANPUR EXPANSION OC -PHASE II,889,,85.51,2026-03-31,,,,,https://ipm.mospi.gov.in/Home/PublicDashboard
155,Coal,Ministry of Coal,400177,AMALGAMATED YEKONA I & YEKONA II OC,727,,524.54,2025-03-31,2026-03-31,365.0,1,,https://ipm.mospi.gov.in/Home/PublicDashboard
156,Coal,Ministry of Coal,400178,DINESH[MAKARDHOKRA-III] OC,823,822.88,621.73,2027-03-31,,,,,https://ipm.mospi.gov.in/Home/PublicDashboard
157,Coal,Ministry of Coal,400179,BHUBANESWARI EXPANSION OCP,3145,6321.73,1250.66,2031-03-31,,,,,https://ipm.mospi.gov.in/Home/PublicDashboard
158,Coal,Ministry of Coal,400180,BONJEMEHARI EXPANSION OCP,570,570.11,81.29,2026-03-31,2026-03-31,0.0,0,,https://ipm.mospi.gov.in/Home/PublicDashboard
159,Coal,Ministry of Coal,400181,NAKRAKONDA KUMARDIH- B OCP,503,,70.97,2029-03-31,,,,,https://ipm.mospi.gov.in/Home/PublicDashboard
160,Coal,Ministry of Coal,400182,SIDULI [OC & UG],535,,5.05,2027-03-31,,,,,https://ipm.mospi.gov.in/Home/PublicDashboard
161,Coal,Ministry of Coal,400183,BALARAM EXPANSION OCP,3504,,1027.23,2029-03-31,,,,,https://ipm.mospi.gov.in/Home/PublicDashboard
162,Coal,Ministry of Coal,400185,GOPALJI KANIHA OCP [10 TO 30 MTY],8416,6107.87,1694.31,2030-03-31,,,,,https://ipm.mospi.gov.in/Home/PublicDashboard
163,Coal,Ministry of Coal,400186,TILABONI UG,749,,51.73,2029-03-31,2029-03-31,0.0,0,,https://ipm.mospi.gov.in/Home/PublicDashboard
164,Coal,Ministry of Coal,400187,INTEGRATED LAKHANPUR-BELPAHAR-LILARI OCP,2435,,1805.65,2027-03-31,,,,,https://ipm.mospi.gov.in/Home/PublicDashboard
165,Coal,Ministry of Coal,400312,JHANJRA EXPANSION UG,1210,,514.93,2029-03-31,,,,,https://ipm.mospi.gov.in/Home/PublicDashboard
166,Coal,Ministry of Coal,400313,Master Plan for Jharia and Raniganj Coalfields,2662,,787.75,2019-08-11,2028-12-31,3430.0,1,,https://ipm.mospi.gov.in/Home/PublicDashboard
167,Coal,Ministry of Coal,400315,SONEPUR BAZARI EXPANSION OCP [12 MTY],5366,,571.02,2029-03-31,,,,,https://ipm.mospi.gov.in/Home/PublicDashboard
168,Coal,Ministry of Coal,400321,NIGAHI EXPANSION [15 TO 25 MTPA] OPENCAST MINING PROJECT,1730,,772.91,2025-03-31,2028-03-31,1096.0,1,,https://ipm.mospi.gov.in/Home/PublicDashboard
169,Coal,Ministry of Coal,400352,JHARKHAND-LAIYO OCP,765,,145.81,2031-03-31,,,,,https://ipm.mospi.gov.in/Home/PublicDashboard
170,Coal,Ministry of Coal,400353,DHUPTALA OC [SASTI UG TO OC ],711,,80.33,2028-03-31,,,,,https://ipm.mospi.gov.in/Home/PublicDashboard
171,Coal,Ministry of Coal,400354,DIPKA EXPANSION OCP [40 MTY],5241,,2675.0,2029-03-31,,,,,https://ipm.mospi.gov.in/Home/PublicDashboard
172,Coal,Ministry of Coal,400369,BINA KAKRI AMALGAMATION EXPANSION OPENCAST MINING PROJECT [14 MTPA],836,,778.77,2024-03-31,2027-03-31,1095.0,1,,https://ipm.mospi.gov.in/Home/PublicDashboard
173,Coal,Ministry of Coal,400392,BHARATPUR RE-ORGANIZATION OCP,2839,,1748.9,2029-03-31,,,,,https://ipm.mospi.gov.in/Home/PublicDashboard
174,Coal,Ministry of Coal,400424,GEVRA OC [70 MTY],11816,,5328.96,2023-03-31,2026-03-31,1096.0,1,,https://ipm.mospi.gov.in/Home/PublicDashboard
175,Coal,Ministry of Coal,400425,MOONIDIH XV SEAM UG,1230,,624.17,2019-03-31,2026-05-31,2618.0,1,,https://ipm.mospi.gov.in/Home/PublicDashboard
176,Coal,Ministry of Coal,611016,2.0 MTPA BHOJUDIH NLW WASHERY,385,,353.21,2020-09-30,2025-09-30,1826.0,1,,https://ipm.mospi.gov.in/Home/PublicDashboard
177,Coal,Ministry of Coal,611017,2.5 MTPA PATHERDIH NLW WASHERY,334,,138.69,2018-04-30,2026-03-31,2892.0,1,,https://ipm.mospi.gov.in/Home/PublicDashboard
178,Coal,Ministry of Coal,611864,AMALAGAMATED NTST KUJAMA OCP 8.5MTY,4012,,398.5,2030-03-31,,,,,https://ipm.mospi.gov.in/Home/PublicDashboard
179,Coal,Ministry of Coal,612816,ITAPARA OCP,929,,65.61,2030-03-31,,,,,https://ipm.mospi.gov.in/Home/PublicDashboard
180,Coal,Ministry of Coal,612838,DIPKA OC,7580,,3091.0,2025-03-31,,,,,https://ipm.mospi.gov.in/Home/PublicDashboard
181,Coal,Ministry of Coal,613793,SHYAMSUNDARPUR UG INCLUDING SARPI,484,,55.89,2026-03-31,,,,,https://ipm.mospi.gov.in/Home/PublicDashboard
182,Coal,Ministry of Coal,613794,PARASEA-BELBAID UG PROJECT,389,,131.42,2028-03-31,,,,,https://ipm.mospi.gov.in/Home/PublicDashboard
183,Coal,Ministry of Coal,613795,JAMPALI OC RCE [2.0 MTY],279,,210.07,2025-03-31,2025-06-30,91.0,1,,https://ipm.mospi.gov.in/Home/PublicDashboard
184,Coal,Ministry of Coal,613798,AMERA OC RCE [1.0 MTY],336,,87.47,2026-03-31,,,,,https://ipm.mospi.gov.in/Home/PublicDashboard
185,Coal,Ministry of Coal,613799,AMGAON OC RCE [1.0 MTY],316,,188.53,2026-03-31,,,,,https://ipm.mospi.gov.in/Home/PublicDashboard
186,Coal,Ministry of Coal,613800,JAGANNATHPUR OC RCE PROJECT[3.0 MTY],459,,274.35,2025-03-31,2026-03-31,365.0,1,,https://ipm.mospi.gov.in/Home/PublicDashboard
187,Coal,Ministry of Coal,613801,MAHAMAYA OCP [1.50 MTY],410,,169.3,2026-03-31,,,,,https://ipm.mospi.gov.in/Home/PublicDashboard
188,Coal,Ministry of Coal,613802,KANCHAN OC EXP,371,,144.61,2026-03-31,,,,,https://ipm.mospi.gov.in/Home/PublicDashboard
189,Coal,Ministry of Coal,613803,JHIRIA WEST OCP [1.5 MTY],367,,25.07,2026-03-31,,,,,https://ipm.mospi.gov.in/Home/PublicDashboard
190,Coal,Ministry of Coal,613804,RPR TAWA-III UG 0.84 MTY,314,,5.7,2027-03-31,,,,,https://ipm.mospi.gov.in/Home/PublicDashboard
191,Coal,Ministry of Coal,613808,MURAIDIH UG PROJECT,340,,190.65,2014-04-30,2026-12-31,4628.0,1,,https://ipm.mospi.gov.in/Home/PublicDashboard
192,Coal,Ministry of Coal,615183,KHADIA EXPANSION [10 TO 16 MTPA] OPENCAST MINING PROJECT,492,,202.18,2025-03-31,2027-03-31,730.0,1,,https://ipm.mospi.gov.in/Home/PublicDashboard
193,Coal,Ministry of Coal,615184,SAONER UG MINE -1 EXPANSION 1.2 MTY,229,,139.81,2028-03-31,,,,,https://ipm.mospi.gov.in/Home/PublicDashboard
194,Coal,Ministry of Coal,615185,AMALGAMATED DHANKASA & JAMUNIA UG,399,,72.21,2027-03-31,,,,,https://ipm.mospi.gov.in/Home/PublicDashboard
195,Coal,Ministry of Coal,615186,SASTI  EXPANSION OPENCAST,319,,90.96,2026-03-31,,,,,https://ipm.mospi.gov.in/Home/PublicDashboard
196,Coal,Ministry of Coal,615187,RPR OF VISHNUPURI UG TO OC,221,,,2029-03-31,,,,,https://ipm.mospi.gov.in/Home/PublicDashboard
197,Coal,Ministry of Coal,615188,NEW MAJRI UG TO OC 3 MTY COST PLUS,402,,41.08,2027-03-31,,,,,https://ipm.mospi.gov.in/Home/PublicDashboard
198,Coal,Ministry of Coal,615189,MAKARDHOKRA EXPN OC 4.9 MTY,362,,67.64,2026-03-31,,,,,https://ipm.mospi.gov.in/Home/PublicDashboard
199,Coal,Ministry of Coal,615190,SINGHORI DEEP OC MIN 2.0 MTY,336,,26.64,2029-03-31,,,,,https://ipm.mospi.gov.in/Home/PublicDashboard
200,Coal,Ministry of Coal,615191,KATKONA RO UG MINE,329,,60.3,2029-03-31,,,,,https://ipm.mospi.gov.in/Home/PublicDashboard
201,Coal,Ministry of Coal,615192,GOKUL EXTENSION OC MINE,310,,29.85,2026-03-31,,,,,https://ipm.mospi.gov.in/Home/PublicDashboard
202,Coal,Ministry of Coal,615193,BASUNDHARA WEST EXTENSION OPENCAST PRO,479,,259.2,2027-03-31,,,,,https://ipm.mospi.gov.in/Home/PublicDashboard
203,Coal,Ministry of Coal,615194,URDHAN EXPANSION OC COST PLUS,207,,23.22,2031-03-31,,,,,https://ipm.mospi.gov.in/Home/PublicDashboard
204,Coal,Ministry of Coal,615195,SHARDA UG MINE,166,,2.78,2028-03-31,,,,,https://ipm.mospi.gov.in/Home/PublicDashboard
205,Coal,Ministry of Coal,615199,KOLGAON EXPANSION DEEP OC MINE 0.80 MTY,199,,0.71,2027-03-31,,,,,https://ipm.mospi.gov.in/Home/PublicDashboard
206,Coal,Ministry of Coal,615206,GANDHIGRAM UG MINE,414,,13.27,2026-03-31,,,,,https://ipm.mospi.gov.in/Home/PublicDashboard
207,Coal,Ministry of Coal,615330,BALLARPUR NORTH WEST OC MINE,361,,,2029-03-31,,,,,https://ipm.mospi.gov.in/Home/PublicDashboard
208,Coal,Ministry of Coal,615331,GADEGAON OC 3 MTY,497,,,2030-03-31,,,,,https://ipm.mospi.gov.in/Home/PublicDashboard
209,Coal,Ministry of Coal,615349,TAPIN SOUTH EXPN,230,,21.0,2028-03-31,,,,,https://ipm.mospi.gov.in/Home/PublicDashboard
210,Coal,Ministry of Coal,615818,Jawahar Khani Open Cast Mine,298,,46.39,2025-03-31,2027-03-31,730.0,1,,https://ipm.mospi.gov.in/Home/PublicDashboard
211,Coal,Ministry of Coal,615820,TIKAK EXTENSION OCP,160,,80.84,2031-07-04,,,,,https://ipm.mospi.gov.in/Home/PublicDashboard
212,Coal,Ministry of Coal,615821,TIRAP OCP,289,,105.47,2030-11-27,,,,,https://ipm.mospi.gov.in/Home/PublicDashboard
213,Coal,Ministry of Coal,615822,SIRKA OC,223,,139.31,2028-03-31,,,,,https://ipm.mospi.gov.in/Home/PublicDashboard
214,Coal,Ministry of Coal,615843,TETARIAKHAR OC,244,,44.64,2025-03-31,2027-03-31,730.0,1,,https://ipm.mospi.gov.in/Home/PublicDashboard
215,Coal,Ministry of Coal,615857,Naini Coal Mine,494,,491.33,2026-03-31,,,,,https://ipm.mospi.gov.in/Home/PublicDashboard
216,Coal,Ministry of Coal,615858,Kalyanikhani Opencast Project,384,,281.83,2026-03-31,,,,,https://ipm.mospi.gov.in/Home/PublicDashboard
217,Coal,Ministry of Coal,615859,Kakathiya Khani Opencast - III Project Phase - I,414,,397.55,2026-03-31,,,,,https://ipm.mospi.gov.in/Home/PublicDashboard
218,Coal,Ministry of Coal,615860,Godavarikhani Coal Mine - 5,607,,178.82,2025-03-31,2026-03-31,365.0,1,,https://ipm.mospi.gov.in/Home/PublicDashboard
219,Coal,Ministry of Coal,615861,Indaram Opencast Project,425,,402.64,2025-03-31,2026-03-31,365.0,1,,https://ipm.mospi.gov.in/Home/PublicDashboard
220,Coal,Ministry of Coal,615862,Goleti Opencast Mine,346,,73.25,2026-03-31,,,,,https://ipm.mospi.gov.in/Home/PublicDashboard
221,Coal,Ministry of Coal,615863,Venkatesh Khani Coal Mine,484,,434.44,2026-03-31,,,,,https://ipm.mospi.gov.in/Home/PublicDashboard
222,Coal,Ministry of Coal,615864,Ramagundam OC-II Extension Project,490,,405.54,2026-03-31,,,,,https://ipm.mospi.gov.in/Home/PublicDashboard
223,Coal,Ministry of Coal,615865,Kakatiyakhani OC - 2 Project,442,,203.15,2025-03-31,2026-03-31,365.0,1,,https://ipm.mospi.gov.in/Home/PublicDashboard
224,Coal,Ministry of Coal,615914,GHONSA EXPANSION DEEP OC MINE 1.5 MTY,185,,10.48,2029-03-31,,,,,https://ipm.mospi.gov.in/Home/PublicDashboard
225,Coal,Ministry of Coal,615916,AMLG GAURI PAUNI EXPANSION OC - 9.0 MTY,1225,,78.41,2030-03-31,,,,,https://ipm.mospi.gov.in/Home/PublicDashboard
226,Coal,Ministry of Coal,615917,GAURIDEEP/GAURI CENTRAL OCP 7.00 MTY CP,973,,0.11,2030-03-31,,,,,https://ipm.mospi.gov.in/Home/PublicDashboard
227,Coal,Ministry of Coal,615918,RPR OF BHANEGAON OC,405,,11.71,2028-03-31,,,,,https://ipm.mospi.gov.in/Home/PublicDashboard
228,Coal,Ministry of Coal,615919,N. EXTN. MUNGOLI NIRGUDA D OCP 6.125 MTY,1025,,165.54,2030-03-31,,,,,https://ipm.mospi.gov.in/Home/PublicDashboard
229,Coal,Ministry of Coal,615982,NILJAI EXPANSION DEEP  OCP,320,,367.6,2022-03-31,2026-03-31,1461.0,1,,https://ipm.mospi.gov.in/Home/PublicDashboard
230,Coal,Ministry of Coal,616044,UKNI DEEP OC MINE -COST PLUS,237,,159.21,2021-03-31,2026-03-31,1826.0,1,,https://ipm.mospi.gov.in/Home/PublicDashboard
231,Coal,Ministry of Coal,616050,AMALGAMATED INDER-KAMPTEE DEEP OC,236,,237.12,2024-03-31,2026-03-31,730.0,1,,https://ipm.mospi.gov.in/Home/PublicDashboard
232,Coal,Ministry of Coal,616223,ADASA UG TO OC MINE,316,,308.84,2024-03-31,2026-03-31,730.0,1,,https://ipm.mospi.gov.in/Home/PublicDashboard
233,Coal,Ministry of Coal,616225,CHUPERBHITA SIMLONG OCP MDO 6 MTY,979,,,2037-03-31,,,,,https://ipm.mospi.gov.in/Home/PublicDashboard
234,Coal,Ministry of Coal,616226,INTEGRATED KULDA GARJANBAHAL OCP 40 MTY,3564,,150.7,2033-03-31,,,,,https://ipm.mospi.gov.in/Home/PublicDashboard
235,Coal,Ministry of Coal,616229,AMAL GONDEGAON GHATROHANA EXPN OCP,669,,0.53,2030-03-31,,,,,https://ipm.mospi.gov.in/Home/PublicDashboard
236,Coal,Ministry of Coal,616230,PARASCOLE JAMBAD OCP,1194,,6.79,2037-03-31,,,,,https://ipm.mospi.gov.in/Home/PublicDashboard
237,Coal,Ministry of Coal,616231,BHUBANESWARI EXPN OCP 50 MTY,5366,,0.0,2033-03-31,,,,,https://ipm.mospi.gov.in/Home/PublicDashboard
238,Coal,Ministry of Coal,616232,HINGULA II OC EXPN PH III 15 MTY,1562,,50.15,2029-03-31,,,,,https://ipm.mospi.gov.in/Home/PublicDashboard
239,Coal,Ministry of Coal,616233,BALABHADRA OCP,978,,211.36,2030-03-31,,,,,https://ipm.mospi.gov.in/Home/PublicDashboard
240,Coal,Ministry of Coal,616234,PELMA OC MDO,1725,,15.63,2033-03-31,,,,,https://ipm.mospi.gov.in/Home/PublicDashboard
241,Coal,Ministry of Coal,616236,JARANGDIH EXPN. OCP 1.5 MTY,414,,85.6,2029-03-31,,,,,https://ipm.mospi.gov.in/Home/PublicDashboard
242,Coal,Ministry of Coal,616253,BLOCK E OCP,5851,,0.0,2029-03-31,,,,,https://ipm.mospi.gov.in/Home/PublicDashboard
243,Coal,Ministry of Coal,617233,WAGHODA UG MINE [1.02 MTY],379,,,2030-03-31,,,,,https://ipm.mospi.gov.in/Home/PublicDashboard
244,Coal,Ministry of Coal,617278,KOLARPIMPRI EXPANSION OC [2.5 MTY],630,,,2030-03-31,,,,,https://ipm.mospi.gov.in/Home/PublicDashboard
245,Coal,Ministry of Coal,617287,KUSMUNDA OC EXPANSION PROJECT 50-75 MTY,4517,,16.97,2030-03-31,,,,,https://ipm.mospi.gov.in/Home/PublicDashboard
246,Coal,Ministry of Coal,617288,MANIKPUR OC EXPANSION PROJECT 7 MTY,383,,0.86,2029-03-31,,,,,https://ipm.mospi.gov.in/Home/PublicDashboard
247,Electricity Generation,Ministry of Coal,400231,NLC Talabira Thermal Power Project,27213,,1938.68,2030-03-31,,,,,https://ipm.mospi.gov.in/Home/PublicDashboard
248,Electricity Generation,Ministry of Coal,400259,Ghatampur Thermal Power Plant 3 X 660 MW,17238,21780.9,20135.5,2020-11-26,2025-10-31,1800.0,1,,https://ipm.mospi.gov.in/Home/PublicDashboard
249,Electricity Generation,Ministry of Coal,612819,300 MW SPP part of 510 MW CPSU scheme,1813,1813.0,769.57,2024-09-27,2025-09-30,368.0,1,,https://ipm.mospi.gov.in/Home/PublicDashboard
250,Electricity Generation,Ministry of Coal,615327,50 MW Solar PP Minedout Area,218,,160.93,2025-03-31,2025-09-30,183.0,1,,https://ipm.mospi.gov.in/Home/PublicDashboard
251,Electricity Generation,Ministry of Coal,617299,50 MW Wind Power Project,384,,303.5,2025-06-30,2026-01-31,215.0,1,,https://ipm.mospi.gov.in/Home/PublicDashboard
252,Railways,Ministry of Coal,400203,Dharamjaigarh-Korba,1686,,342.96,2026-12-31,2026-08-31,-122.0,0,,https://ipm.mospi.gov.in/Home/PublicDashboard
253,Railways,Ministry of Coal,400416,Shivpur-Kathautia New Rail [BG] Line [49 km] [Package II of Tori-Shivpur-Kathautia line],1800,1799.64,1293.71,2025-06-30,,,,,https://ipm.mospi.gov.in/Home/PublicDashboard
254,Healthcare,Ministry of Health & Family Welfare,701167,AIIMS Kashmir at Awantipora Jammu & Kashmir,1828,1828.0,1504.91,2025-01-31,2025-12-02,305.0,1,,https://ipm.mospi.gov.in/Home/PublicDashboard
255,Healthcare,Ministry of Health & Family Welfare,701171,AIIMS Bibinagar,1028,1365.95,792.24,2022-09-30,2025-12-31,1188.0,1,,https://ipm.mospi.gov.in/Home/PublicDashboard
256,Healthcare,Ministry of Health & Family Welfare,701173,AIIMS Majra Rewari Haryana,1299,,349.41,2023-02-27,2026-12-31,1403.0,1,,https://ipm.mospi.gov.in/Home/PublicDashboard
257,Construction,Ministry of Housing & Urban Affairs,617282,"C/o 184 MS Flats for Hon'ble MPs at BKS Marg, New Delhi",647,646.52,518.46,2025-05-20,2025-08-31,103.0,1,,https://ipm.mospi.gov.in/Home/PublicDashboard
258,Inland Waterways,Ministry of Housing & Urban Affairs,702668,Chennai Metro Rail Phase-II Development Project,63246,,47162.7,2029-08-31,,,,,https://ipm.mospi.gov.in/Home/PublicDashboard
259,Real Estate,Ministry of Housing & Urban Affairs,400188,Redevelopment of Seven General Pool Residential Accommodation [GPRA] Colonies in Delhi,32850,,0.0,2022-12-31,2025-12-31,1096.0,1,,https://ipm.mospi.gov.in/Home/PublicDashboard
260,Real Estate,Ministry of Housing & Urban Affairs,701719,Rehablitation in Junavadaj Area Smart City Project,539,,39.63,2022-07-07,,,,,https://ipm.mospi.gov.in/Home/PublicDashboard
261,Real Estate,Ministry of Housing & Urban Affairs,701766,Green Building Development Project,151,,18.95,2023-11-23,,,,,https://ipm.mospi.gov.in/Home/PublicDashboard
262,Real Estate,Ministry of Housing & Urban Affairs,702522,In-Situ Slum Redevelopment Project in Bihar,455,,204.64,2024-03-31,,,,,https://ipm.mospi.gov.in/Home/PublicDashboard
263,Real Estate,Ministry of Housing & Urban Affairs,702524,Affordable Housing Construction Project in Chhattisgarh,3798,,2694.0,2024-03-31,,,,,https://ipm.mospi.gov.in/Home/PublicDashboard
264,Real Estate,Ministry of Housing & Urban Affairs,702540,In-Situ Slum Redevelopment Project in Gujarat,5477,,3035.81,2024-03-31,,,,,https://ipm.mospi.gov.in/Home/PublicDashboard
265,Real Estate,Ministry of Housing & Urban Affairs,702544,In-Situ Slum Redevelopment Project in Haryana,286,,127.58,2024-03-31,,,,,https://ipm.mospi.gov.in/Home/PublicDashboard
266,Real Estate,Ministry of Housing & Urban Affairs,702555,In-Situ Slum Redevelopment Project in Jharkhand,213,,41.0,2024-03-31,,,,,https://ipm.mospi.gov.in/Home/PublicDashboard
267,Real Estate,Ministry of Housing & Urban Affairs,702612,In-Situ Slum Redevelopment Project in Uttar Pradesh,577,,141.94,2024-03-31,,,,,https://ipm.mospi.gov.in/Home/PublicDashboard
268,Real Estate,Ministry of Housing & Urban Affairs,707229,"Integrated Command control Center [ICCC] - Construction and Development of Integrated Command Control Center with Security, Surveillance, ITMS, Connecting  Port, Ship Service, Smart Solid Waste Management, Smart Public Transport System",210,,0.0,2023-05-31,,,,,https://ipm.mospi.gov.in/Home/PublicDashboard
269,Urban Public Transport,Ministry of Housing & Urban Affairs,617206,Delhi Metro Rail Phase-IV [Rithala - Kundli Corridor],6231,,0.14,2029-01-02,,,,,https://ipm.mospi.gov.in/Home/PublicDashboard
270,Urban Public Transport,Ministry of Housing & Urban Affairs,617207,Delhi Metro Rail Phase-IV [2 Corridors],8400,,5.57,2029-03-27,,,,,https://ipm.mospi.gov.in/Home/PublicDashboard
271,Urban Public Transport,Ministry of Housing & Urban Affairs,617225,PCMC To Nigdi- Extension Of North South Corridor Of Phase-1,910,,110.33,2027-01-31,,,,,https://ipm.mospi.gov.in/Home/PublicDashboard
272,Urban Public Transport,Ministry of Housing & Urban Affairs,617226,Pune Metro Phase-1 Extension line towards south from Swargate to Katraj,2955,,18.66,2029-03-04,,,,,https://ipm.mospi.gov.in/Home/PublicDashboard
273,Urban Public Transport,Ministry of Housing & Urban Affairs,701745,New Suburba Station Development Project,263,,17.62,2022-07-31,,,,,https://ipm.mospi.gov.in/Home/PublicDashboard
274,Urban Public Transport,Ministry of Housing & Urban Affairs,701991,Kalyan Station Precinct Imporvement Project,600,,49.42,2023-07-31,,,,,https://ipm.mospi.gov.in/Home/PublicDashboard
275,Urban Public Transport,Ministry of Housing & Urban Affairs,702625,Bhopal Metro Rail Project,6941,,3116.75,2022-11-29,2028-06-30,2040.0,1,,https://ipm.mospi.gov.in/Home/PublicDashboard
276,Urban Public Transport,Ministry of Housing & Urban Affairs,702626,Indore Metro Rail Project,7501,,3839.27,2022-11-29,2028-12-31,2224.0,1,,https://ipm.mospi.gov.in/Home/PublicDashboard
277,Urban Public Transport,Ministry of Housing & Urban Affairs,702627,Patna Metro Rail Project,13366,13365.8,4039.77,2024-02-26,2027-06-30,1220.0,1,,https://ipm.mospi.gov.in/Home/PublicDashboard
278,Urban Public Transport,Ministry of Housing & Urban Affairs,702628,Kanpur Metro Rail Project,11076,,9079.81,2024-05-26,2027-03-31,1039.0,1,,https://ipm.mospi.gov.in/Home/PublicDashboard
279,Urban Public Transport,Ministry of Housing & Urban Affairs,702629,Agra Metro Rail Project,8380,,6055.19,2024-05-26,2027-06-30,1130.0,1,,https://ipm.mospi.gov.in/Home/PublicDashboard
280,Urban Public Transport,Ministry of Housing & Urban Affairs,702630,Surat Metro Rail Project,12020,,7386.41,2024-03-31,2026-06-30,821.0,1,,https://ipm.mospi.gov.in/Home/PublicDashboard
281,Urban Public Transport,Ministry of Housing & Urban Affairs,702631,"Ahmedabad Metro Rail Project, Phase-II",5384,,4151.57,2024-03-31,2025-12-31,640.0,1,,https://ipm.mospi.gov.in/Home/PublicDashboard
282,Urban Public Transport,Ministry of Housing & Urban Affairs,702632,DMRTS Phase - IV [3 Priority Corridors],24949,,15423.1,2025-03-31,2026-03-31,365.0,1,,https://ipm.mospi.gov.in/Home/PublicDashboard
283,Urban Public Transport,Ministry of Housing & Urban Affairs,702633,Delhi-Ghaziabad-Meerut Regional Rapid Transit System [RRTS] corridor,30274,30274.0,25812.3,2025-06-30,,,,,https://ipm.mospi.gov.in/Home/PublicDashboard
284,Urban Public Transport,Ministry of Housing & Urban Affairs,702635,Construction of Bangalore Metro Rail Project Phase 2.,26405,30695.1,29478.0,2021-03-22,2026-09-30,2018.0,1,,https://ipm.mospi.gov.in/Home/PublicDashboard
285,Urban Public Transport,Ministry of Housing & Urban Affairs,702637,Mumbai Metro Line 3,23136,23942.0,27519.1,2023-03-31,2024-06-30,457.0,1,,https://ipm.mospi.gov.in/Home/PublicDashboard
286,Urban Public Transport,Ministry of Housing & Urban Affairs,702639,Ahmedabad Metro Rail Project [Phase-I],10773,12924.5,11857.9,2018-03-31,2025-08-31,2710.0,1,,https://ipm.mospi.gov.in/Home/PublicDashboard
287,Urban Public Transport,Ministry of Housing & Urban Affairs,702658,Nagpur Metro Rail Phase II Development Project,6708,,977.38,2027-12-31,,,,,https://ipm.mospi.gov.in/Home/PublicDashboard
288,Urban Public Transport,Ministry of Housing & Urban Affairs,702664,Kochi Metro Rail Phase 2 Development  Project,1957,,306.45,2026-11-20,2026-11-20,0.0,0,,https://ipm.mospi.gov.in/Home/PublicDashboard
289,Urban Public Transport,Ministry of Housing & Urban Affairs,702665,Construction Bangalore Metro Rail Project Phase-2A & 2B,14788,14788.1,8424.54,2026-06-30,2026-06-30,0.0,0,,https://ipm.mospi.gov.in/Home/PublicDashboard
290,Waste & Water,Ministry of Housing & Urban Affairs,702355,Storm water drainag Development Project,210,,0.0,2024-03-20,,,,,https://ipm.mospi.gov.in/Home/PublicDashboard
291,Waste & Water,Ministry of Housing & Urban Affairs,707267,Upgradation of Sewerage system in Gandhinagar City,200,,100.0,2023-06-30,,,,,https://ipm.mospi.gov.in/Home/PublicDashboard
292,Construction,Ministry of Mines,617280,"Construction of Basement + Ground Floor+ 10 Storeyed building for State of the Art Director General, GSI Building at plot No.GN-40, Sector-V, Salt Lake, Kolkata",255,,78.34,2026-08-31,,,,,https://ipm.mospi.gov.in/Home/PublicDashboard
293,Metals & Mining,Ministry of Mines,400141,Expansion of Alumina Refinery Plant with addition of 5th Stream having capacity enhancement of 1.0 Million Tonee Per Annum,4103,5677.4,3913.98,2022-12-31,2025-09-30,1004.0,1,,https://ipm.mospi.gov.in/Home/PublicDashboard
294,Metals & Mining,Ministry of Mines,400299,Pottangi Bauxite Mines Project,1381,1960.77,650.04,2025-03-31,2026-05-31,426.0,1,,https://ipm.mospi.gov.in/Home/PublicDashboard
295,Metals & Mining,Ministry of Mines,400426,Expansion of Malanjkhand Copper Project,1856,,924.98,2020-04-30,2026-04-30,2191.0,1,,https://ipm.mospi.gov.in/Home/PublicDashboard
296,Metals & Mining,Ministry of Mines,611798,Rakha Underground Mining Project,2705,,,2033-03-31,,,,,https://ipm.mospi.gov.in/Home/PublicDashboard
297,Metals & Mining,Ministry of Mines,611800,Surda Underground Copper Mining Project,665,,13.33,2028-03-31,,,,,https://ipm.mospi.gov.in/Home/PublicDashboard
298,Metals & Mining,Ministry of Mines,709829,UTKAL D AND E COAL BLOCK,1022,,0.0,2025-03-31,,,,,https://ipm.mospi.gov.in/Home/PublicDashboard
299,Metals & Mining,Ministry of Mines,709830,CONVERSION OF FLAT BOTTOM SETTLERS AND WASHERS WITH A SINGLE TRAIN OF HRDS AND DCWS IN STREAMS 1 AND,355,581.0,0.0,2026-11-30,,,,,https://ipm.mospi.gov.in/Home/PublicDashboard
300,Metals & Mining,Ministry of Mines,709831,SOURCING OF BAUXITE ARRANGEMENT FOR 5TH STREAM ALUMINA REFINERY FROM SOUTH BLOCK MINING LEASE OF PANCHPATMAILI MINES,483,,403.44,2025-05-31,2026-06-30,395.0,1,,https://ipm.mospi.gov.in/Home/PublicDashboard
301,Metals & Mining,Ministry of Mines,709832,25.5 MW WIND POWER PROJECT AT KAYATHAR IN TAMILNADU,166,,135.0,2025-03-31,2026-03-31,365.0,1,,https://ipm.mospi.gov.in/Home/PublicDashboard
302,Energy Storage,Ministry of Petroleum & Natural Gas,400012,Kandla Gorakhpur LPG Pipeline,10088,,7598.13,2021-12-30,2025-12-31,1462.0,1,,https://ipm.mospi.gov.in/Home/PublicDashboard
303,Energy Storage,Ministry of Petroleum & Natural Gas,400035,"Grass Root Rail-fed Depot at Sekerkote, Agartala as resitement of existing Dharmanagar Depot",656,656.0,465.73,2025-09-30,2025-09-30,0.0,0,,https://ipm.mospi.gov.in/Home/PublicDashboard
304,Energy Storage,Ministry of Petroleum & Natural Gas,400043,Laying of POL Pipelines in Common Corridor for proposed grass root terminal at Vallur [Chennai],829,829.0,297.77,2026-05-31,2026-05-31,0.0,0,,https://ipm.mospi.gov.in/Home/PublicDashboard
305,Energy Storage,Ministry of Petroleum & Natural Gas,400077,"Grass root POL Terminal at Vallur, Chennai",827,887.71,619.5,2024-12-31,2026-03-31,455.0,1,,https://ipm.mospi.gov.in/Home/PublicDashboard
306,Energy Storage,Ministry of Petroleum & Natural Gas,400078,New Mundra Panipat Crude Oil Pipeline,9028,9028.0,7071.08,2024-12-19,2025-12-31,377.0,1,,https://ipm.mospi.gov.in/Home/PublicDashboard
307,Energy Storage,Ministry of Petroleum & Natural Gas,400235,"Setting up a common user Petroleum Terminal at Jammu, J&K for resitement of existing PSU OMC's Depots from Jammu City",677,676.89,518.22,2025-03-31,2025-09-30,183.0,1,,https://ipm.mospi.gov.in/Home/PublicDashboard
308,Energy Storage,Ministry of Petroleum & Natural Gas,400301,Multi Product Pipeline from Irugur to Devangonthi,678,1732.0,675.25,2017-02-25,2025-10-31,3170.0,1,,https://ipm.mospi.gov.in/Home/PublicDashboard
309,Energy Storage,Ministry of Petroleum & Natural Gas,604833,"Andheri Residential Towers, Mumbai",281,389.67,227.54,2025-05-31,2026-06-30,395.0,1,,https://ipm.mospi.gov.in/Home/PublicDashboard
310,Energy Storage,Ministry of Petroleum & Natural Gas,604852,"Grass-root Terminal at Mirzapur, Uttar Pradesh",980,980.45,236.22,2026-11-30,2026-11-30,0.0,0,,https://ipm.mospi.gov.in/Home/PublicDashboard
311,Energy Storage,Ministry of Petroleum & Natural Gas,616235,Construction of Aviation Fuel farm Facilities at Bhogapuram Airport,240,240.0,31.23,2026-03-31,2026-03-31,0.0,0,,https://ipm.mospi.gov.in/Home/PublicDashboard
312,Energy Storage,Ministry of Petroleum & Natural Gas,701263,Rajasthan Refinery Project,43129,72937.0,59524.4,2022-10-31,2026-03-31,1247.0,1,,https://ipm.mospi.gov.in/Home/PublicDashboard
313,Energy Storage,Ministry of Petroleum & Natural Gas,701269,"Construction of 80,000 MT LPG Cavern at Mangalore",854,854.0,712.3,2022-12-19,2025-08-31,986.0,1,,https://ipm.mospi.gov.in/Home/PublicDashboard
314,Energy Storage,Ministry of Petroleum & Natural Gas,701343,Srikakulam Angul Gas Pipeline Project,2658,2810.0,2192.68,2022-07-22,2025-12-31,1258.0,1,,https://ipm.mospi.gov.in/Home/PublicDashboard
315,Energy Storage,Ministry of Petroleum & Natural Gas,701349,Paradip-Numaligarh Crude Oil Pipeline [PNCPL] & Crude Oil Import Terminal [COIT] at Paradip,10228,11407.0,9701.95,2024-07-27,2025-09-30,430.0,1,,https://ipm.mospi.gov.in/Home/PublicDashboard
316,Energy Storage,Ministry of Petroleum & Natural Gas,709754,"Construction of LPG Facilities at Kamardanga, Assam",156,156.36,49.78,2027-07-04,2027-07-04,0.0,0,,https://ipm.mospi.gov.in/Home/PublicDashboard
317,Energy Storage,Ministry of Petroleum & Natural Gas,709755,"Setting up of new rail fed POL facility at Kamardanga, Assam",384,384.04,110.44,2027-07-04,2027-07-04,0.0,0,,https://ipm.mospi.gov.in/Home/PublicDashboard
318,Energy Storage,Ministry of Petroleum & Natural Gas,709759,"Petrochemical evacuation marketing terminal at Barmer, Rajasthan",461,461.05,111.57,2026-12-06,2026-12-06,0.0,0,,https://ipm.mospi.gov.in/Home/PublicDashboard
319,Oil & Gas,Ministry of Petroleum & Natural Gas,400087,Redevelopment of Sobhasan Complex,886,1286.67,765.43,2026-02-28,2026-02-28,0.0,0,,https://ipm.mospi.gov.in/Home/PublicDashboard
320,Oil & Gas,Ministry of Petroleum & Natural Gas,400119,Life Extension of 48 well platforms of Mumbai High & Heera Fields,3191,3375.9,3074.01,2018-04-30,2025-12-31,2802.0,1,,https://ipm.mospi.gov.in/Home/PublicDashboard
321,Oil & Gas,Ministry of Petroleum & Natural Gas,400120,KG-DWN-98/2 Cluster - II Development Project - NELP Block,34012,34012.0,35498.3,2020-06-30,2026-06-30,2191.0,1,,https://ipm.mospi.gov.in/Home/PublicDashboard
322,Oil & Gas,Ministry of Petroleum & Natural Gas,400158,Debottlenecking and Augmentation of Cryogenic facilities at Uran LPG Import Terminal,1165,1629.86,901.73,2024-02-29,2025-12-31,671.0,1,,https://ipm.mospi.gov.in/Home/PublicDashboard
323,Oil & Gas,Ministry of Petroleum & Natural Gas,400161,"PP Project, Pata",911,1299.02,1004.0,2024-01-31,2025-08-31,578.0,1,,https://ipm.mospi.gov.in/Home/PublicDashboard
324,Oil & Gas,Ministry of Petroleum & Natural Gas,400167,Redevelopment of Santhal Field [Onshore-Mehsana Asset],1163,1162.56,1156.9,2026-03-31,2026-03-31,0.0,0,,https://ipm.mospi.gov.in/Home/PublicDashboard
325,Oil & Gas,Ministry of Petroleum & Natural Gas,400168,"500 KTA PDHPP Project, Usar",8797,11256.0,6768.36,2025-04-08,2025-10-31,206.0,1,,https://ipm.mospi.gov.in/Home/PublicDashboard
326,Oil & Gas,Ministry of Petroleum & Natural Gas,400169,Redevelopment of Linch Field,631,860.04,505.07,2025-03-31,2025-10-30,213.0,1,,https://ipm.mospi.gov.in/Home/PublicDashboard
327,Oil & Gas,Ministry of Petroleum & Natural Gas,400171,2G Ethanol Biorefinery at Bathinda,1421,1421.46,1180.91,2023-02-18,2026-03-31,1137.0,1,,https://ipm.mospi.gov.in/Home/PublicDashboard
328,Oil & Gas,Ministry of Petroleum & Natural Gas,604791,Numaligarh Refinery Expansion Project,12366,22494.0,16502.4,2024-07-27,2025-12-31,522.0,1,,https://ipm.mospi.gov.in/Home/PublicDashboard
329,Oil & Gas,Ministry of Petroleum & Natural Gas,604792,"Assam Bio Refinery, ABRPL",1750,4200.0,4650.0,2021-09-30,2025-07-31,1400.0,1,,https://ipm.mospi.gov.in/Home/PublicDashboard
330,Oil & Gas,Ministry of Petroleum & Natural Gas,604795,CBR 9 MMTPA Project,31580,36354.0,1342.27,2025-06-02,2028-10-31,1247.0,1,,https://ipm.mospi.gov.in/Home/PublicDashboard
331,Oil & Gas,Ministry of Petroleum & Natural Gas,604853,"Indian Oil Technology Development and Deployment Centre at R&D Campus-II, Faridabad",2282,3200.0,1800.61,2022-12-31,2026-03-02,1157.0,1,,https://ipm.mospi.gov.in/Home/PublicDashboard
332,Oil & Gas,Ministry of Petroleum & Natural Gas,604859,Integrated Para Xylene [PX] and Purified Terephthalic Acid [PTA] Project at Paradip Refinery,13805,11783.0,8250.46,2024-01-31,2026-08-31,943.0,1,,https://ipm.mospi.gov.in/Home/PublicDashboard
333,Oil & Gas,Ministry of Petroleum & Natural Gas,604863,Development of Surface Facilities for production and evacuation of Crude Oil and Natural Gas from Nadua and East Khagorija,683,726.93,488.37,2020-02-29,2025-12-31,2132.0,1,,https://ipm.mospi.gov.in/Home/PublicDashboard
334,Oil & Gas,Ministry of Petroleum & Natural Gas,607701,"Guwahati Refinery Expansion [1.0 to 1.2 MMTPA] along with installation of CRU, Guwahati Refinery",412,577.0,430.83,2023-10-31,2026-05-31,943.0,1,,https://ipm.mospi.gov.in/Home/PublicDashboard
335,Oil & Gas,Ministry of Petroleum & Natural Gas,610984,Development of Jharia CBM Block [Phase-1],431,431.0,211.34,2024-01-21,2025-08-31,588.0,1,,https://ipm.mospi.gov.in/Home/PublicDashboard
336,Oil & Gas,Ministry of Petroleum & Natural Gas,610985,Construction of lube oil blending plant at Rasayani,423,526.26,287.49,2023-12-31,2025-12-31,731.0,1,,https://ipm.mospi.gov.in/Home/PublicDashboard
337,Oil & Gas,Ministry of Petroleum & Natural Gas,611917,Poly Butadiene Rubber plant at Panipat,1459,2531.44,1043.9,2025-03-31,2026-06-30,456.0,1,,https://ipm.mospi.gov.in/Home/PublicDashboard
338,Oil & Gas,Ministry of Petroleum & Natural Gas,612790,Power System Upgradation Project,385,385.0,132.73,2025-11-17,2025-11-17,0.0,0,,https://ipm.mospi.gov.in/Home/PublicDashboard
339,Oil & Gas,Ministry of Petroleum & Natural Gas,612853,Gurdaspur Jammu Pipeline,522,521.9,190.1,2026-07-11,2026-07-11,0.0,0,,https://ipm.mospi.gov.in/Home/PublicDashboard
340,Oil & Gas,Ministry of Petroleum & Natural Gas,612998,Bathinda Sangrur Pipeline,367,397.0,339.19,2024-05-01,2025-08-31,487.0,1,,https://ipm.mospi.gov.in/Home/PublicDashboard
341,Oil & Gas,Ministry of Petroleum & Natural Gas,616254,Visakh Raipur Pipeline Project,2212,2212.0,11.52,2027-09-10,2027-09-10,0.0,0,,https://ipm.mospi.gov.in/Home/PublicDashboard
342,Oil & Gas,Ministry of Petroleum & Natural Gas,616858,"Construction of Field Gas Gathering Station at Baghjan area for collection, processing & transportation of natural Gas to be produced from Baghjan Field",431,430.76,326.12,2024-03-31,2025-12-31,640.0,1,,https://ipm.mospi.gov.in/Home/PublicDashboard
343,Oil & Gas,Ministry of Petroleum & Natural Gas,616879,Demo Bio-ATF Project,364,364.0,22.82,2027-01-16,2027-01-16,0.0,0,,https://ipm.mospi.gov.in/Home/PublicDashboard
344,Oil & Gas,Ministry of Petroleum & Natural Gas,616933,Lube Modernization & Bottom Upgradation Project at Mumbai Refinery,4679,4679.0,188.88,2028-03-16,2028-03-16,0.0,0,,https://ipm.mospi.gov.in/Home/PublicDashboard
345,Oil & Gas,Ministry of Petroleum & Natural Gas,616950,PRP-VIII [Group-A],1486,1486.4,184.56,2026-02-28,2026-02-28,0.0,0,,https://ipm.mospi.gov.in/Home/PublicDashboard
346,Oil & Gas,Ministry of Petroleum & Natural Gas,617302,Durgapur - Haldia Pipeline [Section-3B of JHBDPL Project],1740,2493.15,2237.5,2020-12-31,2025-12-31,1826.0,1,,https://ipm.mospi.gov.in/Home/PublicDashboard
347,Oil & Gas,Ministry of Petroleum & Natural Gas,617303,"City Gas Distribution Project at Khagaria, Saharsa and Madhepura",163,163.0,95.54,2030-03-31,2030-03-31,0.0,0,,https://ipm.mospi.gov.in/Home/PublicDashboard
348,Oil & Gas,Ministry of Petroleum & Natural Gas,617304,"Setting up of LPG Plant with Rail Unloading Facility at Hathua, Dist. Gopalganj, Bihar",340,340.15,88.08,2027-03-01,2027-03-01,0.0,0,,https://ipm.mospi.gov.in/Home/PublicDashboard
349,Oil & Gas,Ministry of Petroleum & Natural Gas,701228,Kochi - Koottanad - Bangalore - Mangalore Pipeline Phase-II,2915,5909.0,4431.9,2012-12-31,2025-12-31,4748.0,1,,https://ipm.mospi.gov.in/Home/PublicDashboard
350,Oil & Gas,Ministry of Petroleum & Natural Gas,701289,Capacity Expansion of Panipat Refinery from 15 to 25 MMTPA,34627,36225.0,23977.5,2024-09-30,2025-12-31,457.0,1,,https://ipm.mospi.gov.in/Home/PublicDashboard
351,Oil & Gas,Ministry of Petroleum & Natural Gas,701324,Barauni Refinery Capacity Expansion from 6.0 to 9.0 MMTPA,14810,16724.0,11728.0,2023-04-30,2026-08-31,1219.0,1,,https://ipm.mospi.gov.in/Home/PublicDashboard
352,Oil & Gas,Ministry of Petroleum & Natural Gas,701329,Petrochemical and Lube Integration Project at Gujarat Refinery,18936,17825.0,12190.1,2024-08-31,2025-12-31,487.0,1,,https://ipm.mospi.gov.in/Home/PublicDashboard
353,Oil & Gas,Ministry of Petroleum & Natural Gas,701330,Mehsana-Bhatinda & Bhatinda-Jammu Natural Gas Pipeline,7392,7392.0,6304.0,2024-06-30,2025-12-31,549.0,1,,https://ipm.mospi.gov.in/Home/PublicDashboard
354,Oil & Gas,Ministry of Petroleum & Natural Gas,701338,City Gas Distribution Maharashtra Natural Gas Limited,5535,5535.0,3836.09,2031-06-08,2031-06-08,0.0,0,,https://ipm.mospi.gov.in/Home/PublicDashboard
355,Oil & Gas,Ministry of Petroleum & Natural Gas,701341,Multi-product Pipeline from Krishnapatnam Coastal Installation to the proposed Installation at Hyderabad [Malkapur],1932,2208.0,1552.37,2025-03-31,2025-08-31,153.0,1,,https://ipm.mospi.gov.in/Home/PublicDashboard
356,Oil & Gas,Ministry of Petroleum & Natural Gas,701344,Dhamra Haldia Pipeline Project,1031,1125.0,853.7,2022-11-07,2025-12-31,1150.0,1,,https://ipm.mospi.gov.in/Home/PublicDashboard
357,Oil & Gas,Ministry of Petroleum & Natural Gas,701346,North East Gas Grid,9265,9265.0,6375.02,2024-03-31,2026-03-31,730.0,1,,https://ipm.mospi.gov.in/Home/PublicDashboard
358,Oil & Gas,Ministry of Petroleum & Natural Gas,701350,Upgradation of Facilities of Numaligarh-Siliguri Product Pipeline [NSPL] for transportation of additional products from existing 1.72 MMTPA to 5.5 MMTPA,860,860.0,566.18,2024-12-20,2025-10-31,315.0,1,,https://ipm.mospi.gov.in/Home/PublicDashboard
359,Oil & Gas,Ministry of Petroleum & Natural Gas,701354,Mumbai Nagpur Jharsuguda Pipeline Project,7844,8255.0,6495.6,2023-05-14,2025-09-30,870.0,1,,https://ipm.mospi.gov.in/Home/PublicDashboard
360,Oil & Gas,Ministry of Petroleum & Natural Gas,709750,Laying of new 28 inch Desal Water Pipeline and 10 inch Reject Water Pipeline between CPCL Manali Refinery and CPCL Desalination plant at Ennore,205,205.0,19.86,2025-09-21,2025-12-31,101.0,1,,https://ipm.mospi.gov.in/Home/PublicDashboard
361,Oil & Gas,Ministry of Petroleum & Natural Gas,709752,HP-COAT [Crude to Olefins and Aromatics Technology] demo unit at Visakh Refinery,160,220.0,77.06,2024-06-30,2026-03-31,639.0,1,,https://ipm.mospi.gov.in/Home/PublicDashboard
362,Oil & Gas,Ministry of Petroleum & Natural Gas,709753,Haldia Panagarh Pipeline Project,1010,1010.0,627.12,2025-11-08,2025-11-08,0.0,0,,https://ipm.mospi.gov.in/Home/PublicDashboard
363,Oil & Gas,Ministry of Petroleum & Natural Gas,709757,"CGD Project in Banka, Dumka, Godda, Jamtara, Pakur, Sahibganj GA ID 11A.02",1377,1377.0,329.43,2030-06-30,2030-06-30,0.0,0,,https://ipm.mospi.gov.in/Home/PublicDashboard
364,Oil & Gas,Ministry of Petroleum & Natural Gas,709758,"CGD Project in Malda, Birbhum, Murshidabad, Dakshin Dinajpur GA ID 11A.03",2628,2628.0,332.52,2030-06-30,2030-06-30,0.0,0,,https://ipm.mospi.gov.in/Home/PublicDashboard
365,Oil & Gas,Ministry of Petroleum & Natural Gas,709760,HP TDAE Unit in Mumbai Refinery,240,240.0,34.4,2026-04-19,2026-04-19,0.0,0,,https://ipm.mospi.gov.in/Home/PublicDashboard
366,Oil & Gas,Ministry of Petroleum & Natural Gas,709761,HP Trijet Unit in Visakh Refinery,193,193.0,0.43,2027-07-28,2027-07-28,0.0,0,,https://ipm.mospi.gov.in/Home/PublicDashboard
367,Oil & Gas,Ministry of Petroleum & Natural Gas,709766,"City Gas Distribution Project at Kurnool, Guntur & Prakasam Districts",1420,1420.0,162.47,2030-03-31,2030-03-31,0.0,0,,https://ipm.mospi.gov.in/Home/PublicDashboard
368,Oil & Gas,Ministry of Petroleum & Natural Gas,709768,City Gas Distribution Project at Dharmapuri and Krishnagiri Districts,501,501.0,111.55,2030-12-31,2030-12-31,0.0,0,,https://ipm.mospi.gov.in/Home/PublicDashboard
369,Oil & Gas,Ministry of Petroleum & Natural Gas,709770,City Gas Distribution Project at Pathankot District,151,151.0,8.77,2033-09-30,2033-09-30,0.0,0,,https://ipm.mospi.gov.in/Home/PublicDashboard
370,Oil & Gas,Ministry of Petroleum & Natural Gas,709771,"City Gas Distribution Project at Beed, Jalgaon and Jalna Districts",865,865.0,68.01,2031-09-30,2031-09-30,0.0,0,,https://ipm.mospi.gov.in/Home/PublicDashboard
371,Oil & Gas,Ministry of Petroleum & Natural Gas,709772,"City Gas Distribution Project at East Mednipore, West Mednipore & Jhargram Districts",609,609.0,58.15,2031-06-30,2031-06-30,0.0,0,,https://ipm.mospi.gov.in/Home/PublicDashboard
372,Oil & Gas,Ministry of Petroleum & Natural Gas,709773,"City Gas Distribution Project at Jammu, Udhampur, Reasi, Samba and Kathua Districts",538,538.0,4.09,2032-03-31,2032-03-31,0.0,0,,https://ipm.mospi.gov.in/Home/PublicDashboard
373,Oil & Gas,Ministry of Petroleum & Natural Gas,709774,Revamping/ Augmentation of facilities at existing port terminal at Mangalore,463,500.62,264.44,2025-12-31,2025-12-31,0.0,0,,https://ipm.mospi.gov.in/Home/PublicDashboard
374,Oil & Gas,Ministry of Petroleum & Natural Gas,709776,Augmentation/Revamping of Facilities at existing Guwahati Terminal at Betkuchi,277,323.09,185.18,2026-09-30,2026-09-30,0.0,0,,https://ipm.mospi.gov.in/Home/PublicDashboard
375,Oil & Gas,Ministry of Petroleum & Natural Gas,709777,Installation of Bitumen Manufacturing Unit along with allied facilities at Barauni Refinery,389,340.0,46.94,2025-04-30,2026-10-31,549.0,1,,https://ipm.mospi.gov.in/Home/PublicDashboard
376,Oil & Gas,Ministry of Petroleum & Natural Gas,709778,Installation of new Biturox Unit along with allied facilities at Gujarat Refinery,328,287.0,144.16,2025-08-08,2026-09-30,418.0,1,,https://ipm.mospi.gov.in/Home/PublicDashboard
377,Oil & Gas,Ministry of Petroleum & Natural Gas,709779,Capacity Expansion of Digboi Refinery from 0.65 to 1.0 MMTPA,768,740.0,99.02,2026-03-08,2026-03-08,0.0,0,,https://ipm.mospi.gov.in/Home/PublicDashboard
378,Oil & Gas,Ministry of Petroleum & Natural Gas,709780,Construction of Additional Tankages and Allied Facilities at JNPT Terminal,341,436.14,279.19,2026-08-31,2026-08-31,0.0,0,,https://ipm.mospi.gov.in/Home/PublicDashboard
379,Oil & Gas,Ministry of Petroleum & Natural Gas,709781,Revamping / Augmentation of Facilities at Mathura Bitumen Plant,260,260.12,1.11,2027-06-30,2026-12-31,-181.0,0,,https://ipm.mospi.gov.in/Home/PublicDashboard
380,Oil & Gas,Ministry of Petroleum & Natural Gas,709782,ATF Pipeline from Jawaharlal Nehru Port Trust to Navi Mumbai International Airport,165,165.0,89.94,2025-08-21,2026-03-31,222.0,1,,https://ipm.mospi.gov.in/Home/PublicDashboard
381,Oil & Gas,Ministry of Petroleum & Natural Gas,709783,"Installation of Multiple Effect Evaporator [MEE] for ETP-1, 2 & 4 of Panipat Refinery and Petrochemical Complex.",165,247.69,129.27,2023-06-30,2026-06-30,1096.0,1,,https://ipm.mospi.gov.in/Home/PublicDashboard
382,Oil & Gas,Ministry of Petroleum & Natural Gas,709785,Laying of Natural Gas Pipeline from Hazaribagh to Ranchi [HRPL],202,202.07,55.46,2026-02-08,2026-02-08,0.0,0,,https://ipm.mospi.gov.in/Home/PublicDashboard
383,Oil & Gas,Ministry of Petroleum & Natural Gas,709786,"Augmentation/ Revamping of Dimapur Depot, Dimapur",228,227.62,9.01,2027-11-30,2027-11-30,0.0,0,,https://ipm.mospi.gov.in/Home/PublicDashboard
384,Oil & Gas,Ministry of Petroleum & Natural Gas,709789,Installation of Independent De- Aromatized Solvents [DAS] production facilities at MR,405,343.0,201.28,2025-07-31,2025-12-31,153.0,1,,https://ipm.mospi.gov.in/Home/PublicDashboard
385,Oil & Gas,Ministry of Petroleum & Natural Gas,709790,Replacement and Extension of Jetty Pipelines [REJP] at KR,622,621.87,192.66,2026-03-31,2026-03-31,0.0,0,,https://ipm.mospi.gov.in/Home/PublicDashboard
386,Oil & Gas,Ministry of Petroleum & Natural Gas,709791,City Gas Distribution Projects at Alipurduar and Cooch Behar,1017,1017.0,176.15,2030-03-31,2030-03-31,0.0,0,,https://ipm.mospi.gov.in/Home/PublicDashboard
387,Oil & Gas,Ministry of Petroleum & Natural Gas,709792,"City Gas Distribution Projects at Darbhanga, Madhubani, Supaul, Sitamarhi and Sheohar districts",3638,3638.0,396.42,2030-03-31,2030-03-31,0.0,0,,https://ipm.mospi.gov.in/Home/PublicDashboard
388,Oil & Gas,Ministry of Petroleum & Natural Gas,709793,"City Gas Distribution Projects at Gopalganj, Siwan, West Champaran, East Champaran and Deoria districts",3919,3919.0,392.59,2030-06-30,2030-06-30,0.0,0,,https://ipm.mospi.gov.in/Home/PublicDashboard
389,Oil & Gas,Ministry of Petroleum & Natural Gas,709794,"City Gas Distribution Projects at Fazilka [except area already authorized], Ganganagar and Hanumangarh districts",3207,3207.0,334.82,2030-06-30,2030-06-30,0.0,0,,https://ipm.mospi.gov.in/Home/PublicDashboard
390,Oil & Gas,Ministry of Petroleum & Natural Gas,709795,"City Gas Distribution Projects at Lakhimpur Kheri , Sitapur, Bahraich, Shravasti,Balrampur, Siddharth Nagar & Maharajganj districts",16654,16654.0,603.21,2030-06-30,2030-06-30,0.0,0,,https://ipm.mospi.gov.in/Home/PublicDashboard
391,Oil & Gas,Ministry of Petroleum & Natural Gas,709796,City Gas Distribution Projects at the Nilgiris and Erode districts,3685,3685.0,234.12,2030-03-31,2030-03-31,0.0,0,,https://ipm.mospi.gov.in/Home/PublicDashboard
392,Oil & Gas,Ministry of Petroleum & Natural Gas,709797,POL & LOBS Installations with Receipt Pipelines at Rasayani,2585,2585.0,564.58,2026-05-31,2026-05-31,0.0,0,,https://ipm.mospi.gov.in/Home/PublicDashboard
393,Oil & Gas,Ministry of Petroleum & Natural Gas,709798,Ethylene Cracker Project at Bina Refinery including downstream Petrochemical Plants and expansion of Refinery,43367,43367.0,1788.6,2028-05-31,2028-05-31,0.0,0,,https://ipm.mospi.gov.in/Home/PublicDashboard
394,Oil & Gas,Ministry of Petroleum & Natural Gas,709799,Setting up Polypropylene Unit at Kochi Refinery,4460,4460.0,255.64,2027-10-31,2027-10-31,0.0,0,,https://ipm.mospi.gov.in/Home/PublicDashboard
395,Oil & Gas,Ministry of Petroleum & Natural Gas,709800,"CUF POL Depot at Sadashibpur [Meramundali], Odisha",394,393.54,100.39,2026-03-31,2026-03-31,0.0,0,,https://ipm.mospi.gov.in/Home/PublicDashboard
396,Oil & Gas,Ministry of Petroleum & Natural Gas,709801,71 MWp [DC] Solar power project at Prayagraj,308,,183.37,2025-08-02,,,,,https://ipm.mospi.gov.in/Home/PublicDashboard
397,Oil & Gas,Ministry of Petroleum & Natural Gas,709837,"Creation of Gas Dehydration  Facilities, Tripura Asset",209,131.51,65.97,2024-05-31,2025-12-31,579.0,1,,https://ipm.mospi.gov.in/Home/PublicDashboard
398,Oil & Gas,Ministry of Petroleum & Natural Gas,709838,Commercial Polymer Flooding Project in Bechraji field,621,621.4,137.71,2024-11-30,2025-11-30,365.0,1,,https://ipm.mospi.gov.in/Home/PublicDashboard
399,Oil & Gas,Ministry of Petroleum & Natural Gas,709839,Daman Upside Development Project,4144,6406.9,3770.15,2025-10-31,2026-02-28,120.0,1,,https://ipm.mospi.gov.in/Home/PublicDashboard
400,Oil & Gas,Ministry of Petroleum & Natural Gas,709840,"Restoration of Gas Terminal, Phase-I [Part-A], Hazira",249,249.43,209.42,2025-02-10,2025-12-31,324.0,1,,https://ipm.mospi.gov.in/Home/PublicDashboard
401,Oil & Gas,Ministry of Petroleum & Natural Gas,709841,Old Pipe Line Replacement [OPRP] Group-A,173,169.84,148.0,2025-07-18,2026-03-17,242.0,1,,https://ipm.mospi.gov.in/Home/PublicDashboard
402,Oil & Gas,Ministry of Petroleum & Natural Gas,709842,"Kalol Redevelopment Project, Ahmedabad Asset",1487,1487.41,776.61,2027-03-31,2027-03-31,0.0,0,,https://ipm.mospi.gov.in/Home/PublicDashboard
403,Oil & Gas,Ministry of Petroleum & Natural Gas,709845,"Revamping of SV Stations, Gas Terminal & Kribhco Terminal",837,837.34,205.78,2026-08-31,2026-08-31,0.0,0,,https://ipm.mospi.gov.in/Home/PublicDashboard
404,Oil & Gas,Ministry of Petroleum & Natural Gas,709846,Part Replacement Pipeline Project  [PRPP],1219,1145.1,745.24,2024-05-15,2025-11-30,564.0,1,,https://ipm.mospi.gov.in/Home/PublicDashboard
405,Oil & Gas,Ministry of Petroleum & Natural Gas,709847,Pipeline Network Project Rudrasagar,345,344.99,210.89,2026-04-27,2026-04-27,0.0,0,,https://ipm.mospi.gov.in/Home/PublicDashboard
406,Oil & Gas,Ministry of Petroleum & Natural Gas,709848,MHN TCPP PGC BGC Project [MTPBP],2329,2354.23,820.24,2026-05-19,2026-05-19,0.0,0,,https://ipm.mospi.gov.in/Home/PublicDashboard
407,Oil & Gas,Ministry of Petroleum & Natural Gas,709849,PRP-VIII Group B [NH & BS Asset],2380,3165.53,1652.62,2026-02-28,2026-02-28,0.0,0,,https://ipm.mospi.gov.in/Home/PublicDashboard
408,Oil & Gas,Ministry of Petroleum & Natural Gas,709850,Borholla GGS Life Extension Project [BLEP],199,198.7,36.78,2026-05-16,2026-05-16,0.0,0,,https://ipm.mospi.gov.in/Home/PublicDashboard
409,Oil & Gas,Ministry of Petroleum & Natural Gas,709851,Integrated Development of 4 Contract Areas under DSF-II,6184,6183.79,360.0,2027-04-30,2027-04-30,0.0,0,,https://ipm.mospi.gov.in/Home/PublicDashboard
410,Oil & Gas,Ministry of Petroleum & Natural Gas,709864,DCU Revamp Project,370,370.0,249.41,2024-07-17,2025-10-31,471.0,1,,https://ipm.mospi.gov.in/Home/PublicDashboard
411,Oil & Gas,Ministry of Petroleum & Natural Gas,709865,Power Recovery Turbine [PRT] in PFCCU unit as an Energy Conservation Scheme,294,293.5,97.22,2024-12-31,2025-10-31,304.0,1,,https://ipm.mospi.gov.in/Home/PublicDashboard
412,Healthcare,"Ministry of Ports, Shipping and Waterways",708662,Establishment of 600 bed super specialty hospital with optional development of Medical college and further expansion on PPP basis.,693,693.0,58.0,2026-06-30,2027-12-31,549.0,1,,https://ipm.mospi.gov.in/Home/PublicDashboard
413,Inland Waterways,"Ministry of Ports, Shipping and Waterways",609424,"Development of Container Terminal at Tuna-Tekra, Deendayal Port on BOT Basis Under PPP Mode",4244,,346.2,2026-12-26,,,,,https://ipm.mospi.gov.in/Home/PublicDashboard
414,Inland Waterways,"Ministry of Ports, Shipping and Waterways",701565,Jal Marg Vikas Project,5369,5061.15,3432.34,2023-12-31,2025-12-31,731.0,1,,https://ipm.mospi.gov.in/Home/PublicDashboard
415,Shipping,"Ministry of Ports, Shipping and Waterways",701574,Deepening and Optimization of Inner Harbour facilities including development of Western Dock on BOT basis to handle Cape size vessels,3005,,1149.79,2027-12-31,2028-10-16,290.0,1,,https://ipm.mospi.gov.in/Home/PublicDashboard
416,Shipping,"Ministry of Ports, Shipping and Waterways",701576,Berth No. 2 [previously Berth 3] of HDC Mechanization Project,298,298.26,399.52,2025-09-30,2026-01-13,105.0,1,,https://ipm.mospi.gov.in/Home/PublicDashboard
417,Shipping,"Ministry of Ports, Shipping and Waterways",701577,Shalukkhali Liquid Cargo Handling Facility Development Project,254,253.65,9.28,2025-08-31,,,,,https://ipm.mospi.gov.in/Home/PublicDashboard
418,Shipping,"Ministry of Ports, Shipping and Waterways",701586,Setting up of a Floating Storage and Regasification Unit [FSRU] - Mumbai,900,,65.0,2026-11-11,2026-11-11,0.0,0,,https://ipm.mospi.gov.in/Home/PublicDashboard
419,Shipping,"Ministry of Ports, Shipping and Waterways",708655,Operationalization of Coastal Berth & Shallow Water Berth through PPP,367,,188.46,2026-01-31,,,,,https://ipm.mospi.gov.in/Home/PublicDashboard
420,"Tourism, Hospitality & Wellness","Ministry of Ports, Shipping and Waterways",707215,National Maritime Heritage Complex [NMHC] Phase-I,573,1238.05,487.35,2024-03-31,2025-09-30,548.0,1,,https://ipm.mospi.gov.in/Home/PublicDashboard
421,Coal,Ministry of Power,400192,Tubed Coal Mine,1581,,599.18,2026-05-31,2026-05-31,0.0,0,,https://ipm.mospi.gov.in/Home/PublicDashboard
422,Coal,Ministry of Power,603293,Badam Coal Mining project of NTPC,502,784.0,302.2,2056-12-31,2027-04-01,-10867.0,0,,https://ipm.mospi.gov.in/Home/PublicDashboard
423,Electricity Generation,Ministry of Power,400062,"Raghunathpur Thermal Power Station Phase II [2X660 MW] at Raghunathpur, Purulia, West Bengal",17673,,1183.7,2029-06-30,,,,,https://ipm.mospi.gov.in/Home/PublicDashboard
424,Electricity Generation,Ministry of Power,400261,Patratu Thermal Power Station Expansion Project Phase-I [3x800 MW],17112,20302.0,17365.0,2023-03-31,2026-11-30,1340.0,1,,https://ipm.mospi.gov.in/Home/PublicDashboard
425,Electricity Generation,Ministry of Power,602096,Subansiri Lower HE Project [2000 MW],6285,26075.5,24685.1,2010-09-08,2026-05-31,5744.0,1,,https://ipm.mospi.gov.in/Home/PublicDashboard
426,Electricity Generation,Ministry of Power,602181,"TEESTA-VI HE PROJECT, SIKKIM [500 MW], executed by LANCO TEESTA HYDRO POWER LIMITED [A wholly owned Subsidiary of NHPC LTD. acquired through NCLT]",5748,5748.04,4495.28,2024-03-07,2027-12-31,1394.0,1,,https://ipm.mospi.gov.in/Home/PublicDashboard
427,Electricity Generation,Ministry of Power,602182,Dibang Multipurpose Project,31876,,3436.38,2032-02-26,2032-02-26,0.0,0,,https://ipm.mospi.gov.in/Home/PublicDashboard
428,Electricity Generation,Ministry of Power,602184,Rammam-III HEPP [3x40 MW],1382,,1266.0,2019-09-30,2029-03-31,3470.0,1,,https://ipm.mospi.gov.in/Home/PublicDashboard
429,Electricity Generation,Ministry of Power,602185,Tapovan-Vishnugad HEP [4x130 MW],2978,10907.3,7123.58,2013-03-31,2029-04-30,5874.0,1,,https://ipm.mospi.gov.in/Home/PublicDashboard
430,Electricity Generation,Ministry of Power,602193,Tehri Pumped Storage Plant Project [4x250 MW],4826,8339.0,7939.82,2022-06-16,2025-11-15,1248.0,1,,https://ipm.mospi.gov.in/Home/PublicDashboard
431,Electricity Generation,Ministry of Power,602194,Khurja super Thermal Power Plant [2X660 MW],11089,13276.2,12429.0,2024-02-02,2025-08-31,576.0,1,,https://ipm.mospi.gov.in/Home/PublicDashboard
432,Electricity Generation,Ministry of Power,602195,Vishnugad Pipalkoti Hydro Electric Project [444 MW],3860,6823.72,4828.89,2022-12-15,2027-03-31,1567.0,1,,https://ipm.mospi.gov.in/Home/PublicDashboard
433,Electricity Generation,Ministry of Power,602525,"Pakal Dul [Drangdhuran] Hydroelectric Project, 1000 MW",8112,,6916.1,2020-04-27,2026-09-28,2345.0,1,,https://ipm.mospi.gov.in/Home/PublicDashboard
434,Electricity Generation,Ministry of Power,602532,Kiru HE Project,4288,,3055.87,2023-09-07,2026-03-24,929.0,1,,https://ipm.mospi.gov.in/Home/PublicDashboard
435,Electricity Generation,Ministry of Power,602535,"Ratle HE Project - 850 MW, Ratle Hydroelectric Power Corporation Limited.",5282,,1009.79,2026-02-10,2029-08-22,1289.0,1,,https://ipm.mospi.gov.in/Home/PublicDashboard
436,Electricity Generation,Ministry of Power,602538,Installation of FGD for 4x210 & 2x250 MW MTPS U 1-6,1037,1106.0,1085.39,2024-01-22,2025-12-31,709.0,1,,https://ipm.mospi.gov.in/Home/PublicDashboard
437,Electricity Generation,Ministry of Power,602579,Buxar Thermal Power Project [1320 MW],10439,13756.6,11971.0,2024-01-08,2025-11-30,692.0,1,,https://ipm.mospi.gov.in/Home/PublicDashboard
438,Electricity Generation,Ministry of Power,602582,Dhaulasidh Hydro Electric Project [66 MW],688,1511.87,908.65,2025-11-05,2027-03-31,511.0,1,,https://ipm.mospi.gov.in/Home/PublicDashboard
439,Electricity Generation,Ministry of Power,602593,Luhri Stage-I Hydro Electric Project [210 MW],1811,3584.53,1742.92,2026-01-19,2029-08-31,1320.0,1,,https://ipm.mospi.gov.in/Home/PublicDashboard
440,Electricity Generation,Ministry of Power,602633,382 MW Sunni Dam HEP,2615,,495.57,2027-03-31,,,,,https://ipm.mospi.gov.in/Home/PublicDashboard
441,Electricity Generation,Ministry of Power,602961,Talcher Thermal Power Station Stage III [2 x 660 MW] Expansion,11844,12543.0,3975.0,2027-05-31,2028-03-31,305.0,1,,https://ipm.mospi.gov.in/Home/PublicDashboard
442,Electricity Generation,Ministry of Power,605155,Kwar HE Project,4526,,1078.61,2026-11-10,,,,,https://ipm.mospi.gov.in/Home/PublicDashboard
443,Electricity Generation,Ministry of Power,605156,Rangit-IV HE Project [120 MW]  executed by Jal Power Corporation Ltd. [JPCL] -A wholly owned subsidiary of NHPC Ltd. acquired through NCLT,938,1828.11,1554.15,2024-05-29,2025-12-28,578.0,1,,https://ipm.mospi.gov.in/Home/PublicDashboard
444,Electricity Generation,Ministry of Power,611509,"Koderma Thermal Power Station Phase II [2X800 MW] At Koderma, Jharkhand",14358,,1116.7,2029-03-14,,,,,https://ipm.mospi.gov.in/Home/PublicDashboard
445,Electricity Generation,Ministry of Power,611586,Sunni Dam Hydro Electric Project [382 MW],2615,4540.71,956.76,2028-04-03,2028-12-31,272.0,1,,https://ipm.mospi.gov.in/Home/PublicDashboard
446,Electricity Generation,Ministry of Power,611698,240MW Heo HE Project,1939,,49.31,2029-07-29,,,,,https://ipm.mospi.gov.in/Home/PublicDashboard
447,Electricity Generation,Ministry of Power,611699,186 MW Tato-I H E Project,1750,,102.79,2029-07-29,,,,,https://ipm.mospi.gov.in/Home/PublicDashboard
448,Electricity Generation,Ministry of Power,611930,Lara Super Thermal Power Project Stage-II [2 x 800 MW],15530,,2288.0,2028-06-30,,,,,https://ipm.mospi.gov.in/Home/PublicDashboard
449,Electricity Generation,Ministry of Power,612142,"Singrauli Super Thermal Power Project, Stage-III [2x800 MW]",17195,,1626.0,2030-02-28,,,,,https://ipm.mospi.gov.in/Home/PublicDashboard
450,Electricity Generation,Ministry of Power,617188,"Sipat Super Thermal Power Project, Stage-III [1x800 MW]",9791,,,2029-09-30,,,,,https://ipm.mospi.gov.in/Home/PublicDashboard
451,Electricity Generation,Ministry of Power,709747,Bagodara Solar Power Project,339,,317.59,2025-12-31,2025-12-31,0.0,0,,https://ipm.mospi.gov.in/Home/PublicDashboard
452,Electricity Generation,Ministry of Power,709748,BIKANER SOLAR POWER PROJECT,5492,,4606.84,2024-04-04,2025-12-31,636.0,1,,https://ipm.mospi.gov.in/Home/PublicDashboard
453,Electricity Generation,Ministry of Power,709820,OMKARESHWAR FLOATING SOLAR POWER PROJECT [90 MW],646,,0.0,2024-08-31,,,,,https://ipm.mospi.gov.in/Home/PublicDashboard
454,Transmission & Distribution,Ministry of Power,400005,Transmission Network Expansion in Gujarat to increase its ATC from ISTS Part B,4546,,4148.46,2023-06-12,2025-12-31,933.0,1,,https://ipm.mospi.gov.in/Home/PublicDashboard
455,Transmission & Distribution,Ministry of Power,602223,Comprehensive Scheme for Strengthening of Transmission and Distribution [T&D] Systems [CSST&DS] in Arunachal Pradesh and Sikkim,4754,,7321.07,2018-12-19,2027-03-31,3024.0,1,,https://ipm.mospi.gov.in/Home/PublicDashboard
456,Transmission & Distribution,Ministry of Power,606781,Transmission System for Strengthening of Srinagar-Leh Tr. System,289,,202.1,2024-12-31,2025-09-30,273.0,1,,https://ipm.mospi.gov.in/Home/PublicDashboard
457,Transmission & Distribution,Ministry of Power,607709,NORTH EASTERN REGION POWER SYSTEM IMPROVEMENT PROJECT [NERPSIP],5111,6700.0,5253.47,2018-12-31,2025-09-30,2465.0,1,,https://ipm.mospi.gov.in/Home/PublicDashboard
458,Transmission & Distribution,Ministry of Power,608301,Transmission system strengthening scheme for evacuation of power from solar energy zones in Rajasthan 8.1 GW under Phase II- Part- G1,359,,330.71,2023-09-30,2025-11-30,792.0,1,,https://ipm.mospi.gov.in/Home/PublicDashboard
459,Transmission & Distribution,Ministry of Power,608302,Transmission system for evacuation of Power from Pakaldul HEP in Chenab Valley HEPs - LTA System,318,,286.31,2025-04-30,2025-08-31,123.0,1,,https://ipm.mospi.gov.in/Home/PublicDashboard
460,Transmission & Distribution,Ministry of Power,608922,Transmission System Strengthening Scheme for evacuation of power from SEZ in Rajasthan 8.1 GW under Phase II Part G,1666,2218.0,2139.28,2023-11-30,2025-11-30,731.0,1,,https://ipm.mospi.gov.in/Home/PublicDashboard
461,Transmission & Distribution,Ministry of Power,611656,Transmission scheme for evacuation of 4.5GW RE injection at Khavda PS under Phase II- Part B,1168,1167.0,1013.39,2025-03-31,2025-10-31,214.0,1,,https://ipm.mospi.gov.in/Home/PublicDashboard
462,Transmission & Distribution,Ministry of Power,611657,Transmission scheme for evacuation of 4.5GW RE injection at Khavda PS under Phase II- Part C,2821,,2454.26,2025-03-31,2025-11-30,244.0,1,,https://ipm.mospi.gov.in/Home/PublicDashboard
463,Transmission & Distribution,Ministry of Power,611659,Transmission system strengthening scheme for evacuation of power from solar energy zones in Rajasthan[8.1 GW] under phase-II- Part E,1433,1433.0,1341.7,2024-09-30,2025-10-31,396.0,1,,https://ipm.mospi.gov.in/Home/PublicDashboard
464,Transmission & Distribution,Ministry of Power,611660,Establishment of Khavda Pooling Station-2 KPS2 in Khavda RE Park KPS2 TRANSMISSION SYSTEM LIMITED,967,,894.76,2024-12-31,2025-08-31,243.0,1,,https://ipm.mospi.gov.in/Home/PublicDashboard
465,Transmission & Distribution,Ministry of Power,611735,Transmission system for evacuation of power from REZ in Rajasthan 20GW under Phase-III Part J,331,,75.92,2025-03-31,2026-04-30,395.0,1,,https://ipm.mospi.gov.in/Home/PublicDashboard
466,Transmission & Distribution,Ministry of Power,611737,Western Region Expansion Scheme-XXV,386,,378.16,2023-11-30,2025-09-30,670.0,1,,https://ipm.mospi.gov.in/Home/PublicDashboard
467,Transmission & Distribution,Ministry of Power,611947,Transmission System for Evacuation of Power from REZ in Rajasthan 20GW under Phase III- Part E2,428,,107.07,2025-06-15,2025-09-30,107.0,1,,https://ipm.mospi.gov.in/Home/PublicDashboard
468,Transmission & Distribution,Ministry of Power,611948,Transmission system for evacuation of power from REZ in Rajasthan 20 GW under Phase-III part H,2211,,1780.53,2025-04-30,2025-12-31,245.0,1,,https://ipm.mospi.gov.in/Home/PublicDashboard
469,Transmission & Distribution,Ministry of Power,611949,Transmission system for evacuation of power from REZ in Rajasthan 20 GW under Phase-III part C1,1796,,1201.17,2025-04-30,2025-10-31,184.0,1,,https://ipm.mospi.gov.in/Home/PublicDashboard
470,Transmission & Distribution,Ministry of Power,611950,Transmission system for evacuation of power from REZ in Rajasthan 20 GW under Phase-III part B1,2191,,1740.6,2025-04-30,2025-12-31,245.0,1,,https://ipm.mospi.gov.in/Home/PublicDashboard
471,Transmission & Distribution,Ministry of Power,611951,Transmission system for evacuation of power from REZ in Rajasthan 20GW under Phase-III Part E1,689,,585.42,2025-02-28,2025-09-30,214.0,1,,https://ipm.mospi.gov.in/Home/PublicDashboard
472,Transmission & Distribution,Ministry of Power,611966,Transmission System for Evacuation of power from Potential RE Zone in Khavda Area of Gujarat under phase IV 7GW-Part E4,224,,22.44,2025-07-09,2025-11-30,144.0,1,,https://ipm.mospi.gov.in/Home/PublicDashboard
473,Transmission & Distribution,Ministry of Power,611967,Transmission Scheme for Solar Energy Zone in Ananthpuram 2500MW and Kurnool 1000MW,1249,,820.26,2025-09-30,2026-04-30,212.0,1,,https://ipm.mospi.gov.in/Home/PublicDashboard
474,Transmission & Distribution,Ministry of Power,612132,Transmission Scheme for Evacuation of power from REZ in Rajasthan [20 GW] under Phase-III Part D [Sikar Khetri Transmission Ltd],2000,,1314.8,2025-08-08,2026-05-31,296.0,1,,https://ipm.mospi.gov.in/Home/PublicDashboard
475,Transmission & Distribution,Ministry of Power,612133,Transmission System for Evacuation of power from Rajasthan REZ Ph-IV [Part-1] [Bikaner Complex] Part D [Neemrana Bareilly Transmission Ltd],2056,,1336.4,2025-12-26,2026-06-30,186.0,1,,https://ipm.mospi.gov.in/Home/PublicDashboard
476,Transmission & Distribution,Ministry of Power,612134,Transmission System for Evacuation of power from Rajasthan REZ Ph-IV [Part-1] [Bikaner Complex] Part A [Bikaner Neemrana  Transmission Ltd],2998,,1592.11,2025-12-26,2026-03-31,95.0,1,,https://ipm.mospi.gov.in/Home/PublicDashboard
477,Transmission & Distribution,Ministry of Power,612138,"Transmission Scheme for Solar Energy Zone in Bidar [2500 MW], Karnataka [Bidar Transmission Ltd]",2148,,1068.65,2026-02-08,,,,,https://ipm.mospi.gov.in/Home/PublicDashboard
478,Transmission & Distribution,Ministry of Power,612139,Transmission system for Evacuation of Additional 7 GW RE power from Khavda RE park under Phase-III Part B [Vataman Transmission Limited],3752,,1500.72,2025-12-25,2026-06-30,187.0,1,,https://ipm.mospi.gov.in/Home/PublicDashboard
479,Transmission & Distribution,Ministry of Power,612140,Transmission Scheme for Integration of Renewable Energy Zone [Phase II] in Koppal II [Phase A&B] and gadag II[Phase A] in Karnataka [POWERGRID KOPPAL GADAG TRANSMISSION LIMITED],2889,,1154.31,2025-12-25,,,,,https://ipm.mospi.gov.in/Home/PublicDashboard
480,Transmission & Distribution,Ministry of Power,612151,Transmission System for Evacuation of Power from potential Renewable Energy zone in Khavda Area of Gujarat under Phase IV [7 GW] Part E3,334,,70.44,2025-07-31,2025-10-31,92.0,1,,https://ipm.mospi.gov.in/Home/PublicDashboard
481,Transmission & Distribution,Ministry of Power,612855,Transmission System for Evacuation of Power from Potential Energy Renewable Zone in Khavda Area of Gujarat under Ph-IV [7GW] Part E2,679,,81.48,2026-05-30,2026-02-28,-91.0,0,,https://ipm.mospi.gov.in/Home/PublicDashboard
482,Transmission & Distribution,Ministry of Power,612856,Augmentation of 1x1500 MVA 3rd  765/400 kV transformation capacity at Kurnool New Substation,164,,50.72,2025-09-26,2025-11-30,65.0,1,,https://ipm.mospi.gov.in/Home/PublicDashboard
483,Transmission & Distribution,Ministry of Power,615332,Transmission System for Evacuation of Power from Rajasthan REZ Ph-IV [Part-2 5.5 GW][Jaisalmer/Barmer Complex] Part B [SPV Name  POWERGRID Sirohi Transmission Limited],3279,,547.59,2026-08-22,,,,,https://ipm.mospi.gov.in/Home/PublicDashboard
484,Transmission & Distribution,Ministry of Power,615333,Transmission System for Evacuation of Power from Rajasthan REZ Ph-IV [Part-2 5.5 GW] [Jaisalmer/Barmer Complex] Part D [SPV Name POWERGRID Beawar Mandsaur Transmission Limited],2227,,534.48,2026-08-21,,,,,https://ipm.mospi.gov.in/Home/PublicDashboard
485,Transmission & Distribution,Ministry of Power,615334,Transmission System for Evacuation of Power from Rajasthan REZ Ph-IV [Part-2 5.5 GW] [Jaisalmer/Barmer Complex] Part E [SPV Name POWERGRID Mewar Transmission Limited],3251,,685.96,2026-08-18,,,,,https://ipm.mospi.gov.in/Home/PublicDashboard
486,Transmission & Distribution,Ministry of Power,615335,Transmission System Strengthening for Interconnections of  Bhadla-III & Bikaner III Complex [SPV Name POWERGRID BHADLA BIKANER TRANSMISSION LIMITED],1382,,41.46,2026-08-29,,,,,https://ipm.mospi.gov.in/Home/PublicDashboard
487,Transmission & Distribution,Ministry of Power,615337,Additional Transmission System for evacuation of Power from Bhadla-III PS as part of Rajasthan REZ Phase III Scheme [20 GW] [SPV Name POWERGRID Bhadla-III Power Transmission Limited],369,,17.82,2026-02-27,,,,,https://ipm.mospi.gov.in/Home/PublicDashboard
488,Transmission & Distribution,Ministry of Power,615338,TRANSMISSION SYSTEM FOR EVACUATION OF POWER FROM RAJASTHAN REZ PH -IV [PART-2 5.5 GW] [JAISALMER/BARMER COMPLEX] PART F [SPV Name POWERGRID BARMER I TRANSMISSION LIMITED],2735,,81.42,2026-11-06,,,,,https://ipm.mospi.gov.in/Home/PublicDashboard
489,Transmission & Distribution,Ministry of Power,615339,Transmission system for evacuation of power from Rajasthan REZ Ph-IV [Part-3/6GW] [Bikaner complex] Part A [SPV Name POWERGRID Bikaner IV Transmission Limited],5969,,167.13,2026-11-11,,,,,https://ipm.mospi.gov.in/Home/PublicDashboard
490,Transmission & Distribution,Ministry of Power,615340,TRANSMISSION SYSTEM FOR EVACUATION OF POWER FROM RAJASTHAN REZ PH-IV [PART-3/ 6 GW] [BIKANER COMPLEX] PART B [SPV Name POWERGRID Siwani Transmission Limited],5357,,267.85,2026-11-11,,,,,https://ipm.mospi.gov.in/Home/PublicDashboard
491,Transmission & Distribution,Ministry of Power,615342,Augmentation of Transformation Capacity at jam Khambhaliya PS [GIS] [SPV Name POWERGRID Jam Khambhaliya Transmission Limited],329,,9.97,2026-07-14,,,,,https://ipm.mospi.gov.in/Home/PublicDashboard
492,Transmission & Distribution,Ministry of Power,615343,Provision of Dynamic Reactive Compensation at Khavda pooling Station 1 [KPS1] and Khavda Pooling station 3 [KPS3],501,,5.01,2026-11-06,,,,,https://ipm.mospi.gov.in/Home/PublicDashboard
493,Transmission & Distribution,Ministry of Power,615344,Transmission System for Evacuation of Power from Rajasthan REZ Ph-IV [Part-2  5.5GW] [Jaisalmer/Barmer Complex] Part H1 [POWERGRID KURAWAR TRANSMISSION LIMITED],3674,,408.18,2026-10-14,,,,,https://ipm.mospi.gov.in/Home/PublicDashboard
494,Transmission & Distribution,Ministry of Power,615345,Transmission System for Evacuation of Power from Potential Renewable Energy Zone in Khavda area of Gujarat under Phase-IV [7GW] Part B [SPV Name POWERGRID South Olpad Transmission Limited],4766,,513.29,2026-10-14,,,,,https://ipm.mospi.gov.in/Home/PublicDashboard
495,Transmission & Distribution,Ministry of Power,615346,Transmission System for Evacuation of Power from Rajasthan REZ Ph-IV [Part-2 5.5 GW] [Jaisalmer/Barmer Complex] Part C [SPV Name POWERGRID Mandsaur Transmission Limited],2708,,649.92,2026-08-18,,,,,https://ipm.mospi.gov.in/Home/PublicDashboard
496,Transmission & Distribution,Ministry of Power,615347,TRANSMISSION SYSTEM FOR EVACUATION OF POWER FROM POTENTIAL RENEWABLE ENERGY ZONE IN KHAVDA AREA OF GUJARAT UNDER PHASE-V [8 GW] PART A   [SPV Name POWERGRID West Central Transmission Limited],24819,,1489.14,2029-05-18,,,,,https://ipm.mospi.gov.in/Home/PublicDashboard
497,Transmission & Distribution,Ministry of Power,616670,Transmission System for evacuation of Power from Rajasthan REZ Ph-IV [Part-4 3.5 GW] Part A  [SPV name POWERGRID Ghiror Transmission Limited],5846,,236.18,2026-12-30,,,,,https://ipm.mospi.gov.in/Home/PublicDashboard
498,Transmission & Distribution,Ministry of Power,616671,Transmission System under ISTS for evacuation of Power from Kudankulam Unit-3&4 [2x1000 MW]  [SPV Name POWERGRID Kudankulam Tarnsmission Limited],548,,10.96,2026-12-31,2026-12-31,0.0,0,,https://ipm.mospi.gov.in/Home/PublicDashboard
499,Transmission & Distribution,Ministry of Power,616672,System Strengthening at Koppal-II and GadagII for integration of RE generation projects [SPV Name POWERGRID Koppal Gadag Augmentation Transmission Limited],1354,,16.65,2027-06-01,,,,,https://ipm.mospi.gov.in/Home/PublicDashboard
500,Transmission & Distribution,Ministry of Power,617068,"Augmentation of Transformation Capacity by 3x500 MVA, 400/220 KV ICTS [6th-8th] and 1x1500 MVA, 765/400 KV ICT [4th] at Bidar PS  [SPV Name- POWERGRID Bidar Augmentation Transmission Limited]",288,,5.76,2027-06-30,,,,,https://ipm.mospi.gov.in/Home/PublicDashboard
501,Transmission & Distribution,Ministry of Power,617069,Augmentation of Transformation Capacity at KPS1 [GIS] and KPS2 [GIS] [Phase-V Part B1 and Part B2 Scheme]  [SPV Name- POWERGRID KPS1 and 2 Augmentation Transmission Limited],466,,6.99,2027-02-17,,,,,https://ipm.mospi.gov.in/Home/PublicDashboard
502,Transmission & Distribution,Ministry of Power,617179,Transmission Scheme for evacuation of Power from Ratle HEP [850 MW] & kiru [624 MW] Part B,219,,,2026-07-14,,,,,https://ipm.mospi.gov.in/Home/PublicDashboard
503,Transmission & Distribution,Ministry of Power,617181,"Augmentation at Fatehgarh-II PS, Fatehgarh-IV PS [Section-II] and Barmer-I PS [POWERGRID Fatehgarh Barmer Augmentation Transmission Limited]",404,,4.04,2026-12-20,,,,,https://ipm.mospi.gov.in/Home/PublicDashboard
504,Transmission & Distribution,Ministry of Power,617182,Augmentation of Banaskantha [Raghanesda] PS [GIS] [POWERGRID Banaskantha Transco Limited],172,,1.72,2027-03-23,,,,,https://ipm.mospi.gov.in/Home/PublicDashboard
505,Transmission & Distribution,Ministry of Power,617183,Transmission system strengthening at Kurnool- III PS for integration of additional RE generation projects [POWERGRID Kurnool III PS RE Transmission Limited],2886,,28.86,2027-12-31,,,,,https://ipm.mospi.gov.in/Home/PublicDashboard
506,Transmission & Distribution,Ministry of Power,617184,Transmission Scheme for integration of Davanagere/ Chitradurga and Bellary REZ in Karnataka  [POWERGRID Chitradurga Bellary REZ Transmission Limited],3453,,20.7,2027-09-20,,,,,https://ipm.mospi.gov.in/Home/PublicDashboard
507,Transmission & Distribution,Ministry of Power,617185,Transmission System for Integration of Kurnool-IV REZ  Phase-I [for 4.5 GW] [POWERGRID Kurnool-IV Transmission Limited],5550,,111.0,2027-03-23,,,,,https://ipm.mospi.gov.in/Home/PublicDashboard
508,Transmission & Distribution,Ministry of Power,617186,Rajasthan REZ Ph-V [Part-1- 4 GW] [Sirohi/Nagaur] Complex [Rajasthan V Power Transmission Limited],5028,,139.2,2027-03-23,,,,,https://ipm.mospi.gov.in/Home/PublicDashboard
509,Transmission & Distribution,Ministry of Power,617269,Transmission System for Strengthening to facilitate evacuation of power from Bhadla/Bikaner Complex,213,,0.2,2026-06-09,,,,,https://ipm.mospi.gov.in/Home/PublicDashboard
510,Transmission & Distribution,Ministry of Power,617270,Eastern Region  Expansion Scheme-44 [ERES-44],409,,0.2,2026-05-24,,,,,https://ipm.mospi.gov.in/Home/PublicDashboard
511,Transmission & Distribution,Ministry of Power,617271,Eastern Region  Expansion Scheme-43 [ERES-43],343,,0.2,2026-03-01,,,,,https://ipm.mospi.gov.in/Home/PublicDashboard
512,Transmission & Distribution,Ministry of Power,617272,Implementation of LILO of both circuits of 400KV vindhyachal PS-Sasan D/C Line at Hindalco Switchyard,370,,1.0,2026-12-06,,,,,https://ipm.mospi.gov.in/Home/PublicDashboard
513,Transmission & Distribution,Ministry of Power,617279,Transmission System for evacuation of power from Mahan Energen Limited Generating Station in Madhya Pradesh [SPV Name - POWERGRID MEL Power Transmission Limited],558,,5.58,2027-12-04,,,,,https://ipm.mospi.gov.in/Home/PublicDashboard
514,Transmission & Distribution,Ministry of Power,900808,Transmission System for Kurnool Wind Energy Zone/ Solar Energy Zone  Part-A and Part-B,3547,,3121.3,2024-11-30,2025-12-31,396.0,1,,https://ipm.mospi.gov.in/Home/PublicDashboard
515,Inland Waterways,Ministry of Railways,705515,3rd & 4th Railway Line Project from Salegaon to Budhapank via Rajathgarh.,1173,2092.0,1971.0,2026-03-31,2026-03-31,0.0,0,,https://ipm.mospi.gov.in/Home/PublicDashboard
516,Inland Waterways,Ministry of Railways,705741,Jeypore-Navarangpur New  Rail Line Project,748,748.0,10.43,2028-07-31,2029-12-31,518.0,1,,https://ipm.mospi.gov.in/Home/PublicDashboard
517,Inland Waterways,Ministry of Railways,705742,Jeypore-Malkanagiri New Railway Line Project,2344,2344.0,196.75,2033-07-31,2033-07-31,0.0,0,,https://ipm.mospi.gov.in/Home/PublicDashboard
518,Railways,Ministry of Railways,400019,DHULE [BORVIHIR] - NARDANA NEW LINE [50.60 KMS],493,1171.0,234.48,2026-12-31,2027-09-30,273.0,1,,https://ipm.mospi.gov.in/Home/PublicDashboard
519,Railways,Ministry of Railways,400022,Taranga Hill-Abu Road via Ambaji,2798,2798.0,1891.9,2030-07-31,2030-07-31,0.0,0,,https://ipm.mospi.gov.in/Home/PublicDashboard
520,Railways,Ministry of Railways,400023,Construction of New BG line between Hassan to Belur [27 Km],749,749.0,,2028-04-30,2027-04-30,-366.0,0,,https://ipm.mospi.gov.in/Home/PublicDashboard
521,Railways,Ministry of Railways,400045,Proposed 6 nos Road Over Bridge [ROB] at different locations under MCL Talcher Under Deposit Scheme.,168,,69.85,2025-03-31,2025-01-31,-59.0,0,,https://ipm.mospi.gov.in/Home/PublicDashboard
522,Railways,Ministry of Railways,400204,Bahraich-Shravasti-Balrampur-Siddharthnagar -Santkabir nagar,4940,4939.78,1217.13,2030-10-30,2030-10-31,1.0,1,,https://ipm.mospi.gov.in/Home/PublicDashboard
523,Railways,Ministry of Railways,400205,Sahjanwa-Dohrighat,1320,1319.75,457.35,2029-03-31,2029-03-31,0.0,0,,https://ipm.mospi.gov.in/Home/PublicDashboard
524,Railways,Ministry of Railways,400220,Kharsia-Dharamjaygarh with Spur line [East Corridor-Phase 1],3055,3438.0,2574.54,2018-09-30,2026-03-31,2739.0,1,,https://ipm.mospi.gov.in/Home/PublicDashboard
525,Railways,Ministry of Railways,400223,Nagapattinam-Tiruturaipundi and Karaikal-Peralam New Line,713,981.0,598.38,2026-03-31,2027-03-31,365.0,1,,https://ipm.mospi.gov.in/Home/PublicDashboard
526,Railways,Ministry of Railways,400232,Brundamal-Jharsuguda- flyover connection for joining downline,297,297.0,193.22,2026-12-31,2026-12-31,0.0,0,,https://ipm.mospi.gov.in/Home/PublicDashboard
527,Railways,Ministry of Railways,400234,Third Railway Line between Patratu-Sonnagar [281 kms],8975,8975.0,4950.0,2026-03-31,2026-07-31,122.0,1,,https://ipm.mospi.gov.in/Home/PublicDashboard
528,Railways,Ministry of Railways,400247,Kalinarayanpur-Krishnanagar Doubling Alongwith Krishnanagar - Chapra New Line And Naihati-Ranaghat 3rd Line.,1000,1000.0,1029.97,2027-02-28,2027-02-28,0.0,0,,https://ipm.mospi.gov.in/Home/PublicDashboard
529,Railways,Ministry of Railways,400253,Vizianagaram - Titlagarh 3rd line  [272 Km including By - pass line of 7.68 KM],4803,6670.0,5722.01,2026-12-31,2026-12-31,0.0,0,,https://ipm.mospi.gov.in/Home/PublicDashboard
530,Railways,Ministry of Railways,400254,Sakri -Hasanpur [via Harnagar - Kusheshwar Asthan] New Railway line,735,,585.09,2024-12-31,2027-03-31,820.0,1,,https://ipm.mospi.gov.in/Home/PublicDashboard
531,Railways,Ministry of Railways,400271,Wardha-Nanded Via Yavatmal New BG Line,3445,3445.0,3002.93,2028-03-31,2028-03-31,0.0,0,,https://ipm.mospi.gov.in/Home/PublicDashboard
532,Railways,Ministry of Railways,400273,Tarakeshwar-Bishnupur New Line [82.47 km],1189,1542.0,1287.05,2019-03-31,2026-02-28,2526.0,1,,https://ipm.mospi.gov.in/Home/PublicDashboard
533,Railways,Ministry of Railways,400275,Tindivanam-Nagari New Line Project [184.5 km],3631,3631.0,1113.53,2016-09-30,2028-03-31,4200.0,1,,https://ipm.mospi.gov.in/Home/PublicDashboard
534,Railways,Ministry of Railways,400277,Dum Dum Airport-New Garia via Rajarhat-Construction of Metro Railway,8964,8964.0,8097.47,2025-12-31,2026-03-31,90.0,1,,https://ipm.mospi.gov.in/Home/PublicDashboard
535,Railways,Ministry of Railways,400280,Ph II extension of MRTS from Velachery to St Thomas Mount,734,982.0,475.73,2024-07-31,2025-08-31,396.0,1,,https://ipm.mospi.gov.in/Home/PublicDashboard
536,Railways,Ministry of Railways,400291,Doubling of Kirandul-Jagdalpur Line [150 km],1589,1798.0,1541.7,2020-03-31,2025-12-31,2101.0,1,,https://ipm.mospi.gov.in/Home/PublicDashboard
537,Railways,Ministry of Railways,400298,Nadikudi - Srikalahasti New Line,2312,5200.0,2179.0,2027-05-31,2028-03-31,305.0,1,,https://ipm.mospi.gov.in/Home/PublicDashboard
538,Railways,Ministry of Railways,602792,Gauge Conversion of Kendri-Dhamtari  including Abhanpur - Rajim Branch line 67.20 Kms - 2nd Material Modification to Raipur Titlagarh doubling.,1171,1171.0,848.0,2025-02-28,2025-11-30,275.0,1,,https://ipm.mospi.gov.in/Home/PublicDashboard
539,Railways,Ministry of Railways,602797,"Sainthia, Sitarampur, Mughalsarai, Allahabad & Etawah - Bypass Line Project",462,461.64,178.45,2027-03-31,2027-03-27,-4.0,0,,https://ipm.mospi.gov.in/Home/PublicDashboard
540,Railways,Ministry of Railways,611452,MUMBAI CENTRAL VIRAR VADODARA AHMEDABAAD TRAIN PROTECTION SYSTEM 500 RKM,311,311.0,208.0,2025-12-31,2025-06-26,-188.0,0,,https://ipm.mospi.gov.in/Home/PublicDashboard
541,Railways,Ministry of Railways,611614,Dedicated Test Track for RDSO Phase II,819,967.06,471.0,2026-11-30,2026-11-26,-4.0,0,,https://ipm.mospi.gov.in/Home/PublicDashboard
542,Railways,Ministry of Railways,611615,Malugur- Palasamudram New Line Project [17.975 Km],342,342.14,,2027-11-30,2027-12-31,31.0,1,,https://ipm.mospi.gov.in/Home/PublicDashboard
543,Railways,Ministry of Railways,611669,NER Provision of Automatic Block Signalling on Gorakhpur Cantt[Excl]  Chhapra Gramin & Burhwal Jn [Excl]  Sitapur Jn section of high density routes,380,,24.53,2027-03-31,,,,,https://ipm.mospi.gov.in/Home/PublicDashboard
544,Railways,Ministry of Railways,611751,AURANGABAD-ANKAI - DOUBLING PROJECT 98.25 Km,961,,0.0,2027-03-31,,,,,https://ipm.mospi.gov.in/Home/PublicDashboard
545,Railways,Ministry of Railways,611752,GOOTY-PENDEKALLU DOUBLING  29.225 Km,352,351.83,18.0,2027-03-31,2027-03-27,-4.0,0,,https://ipm.mospi.gov.in/Home/PublicDashboard
546,Railways,Ministry of Railways,611754,GUNTAKAL WEST-MALLAPPA GATE RAIL OVER RAIL - ROR TRACK,293,,0.0,2026-07-31,,,,,https://ipm.mospi.gov.in/Home/PublicDashboard
547,Railways,Ministry of Railways,611849,Devgarh Madariya - Nathdwara Gauge Conversion [82.54 Km] part of Marwar - Mavli Gauge Conversion [152 Km],969,969.0,411.0,2028-06-30,2028-06-28,-2.0,0,,https://ipm.mospi.gov.in/Home/PublicDashboard
548,Railways,Ministry of Railways,611861,Rewari - Kathuwas Doubling Project [27.72 Km],352,352.0,239.01,2027-06-30,2027-06-27,-3.0,0,,https://ipm.mospi.gov.in/Home/PublicDashboard
549,Railways,Ministry of Railways,611884,Bhiwani - Dobh Bahali Doubling Project [42.30 Km],471,471.0,187.33,2028-02-29,2028-02-28,-1.0,0,,https://ipm.mospi.gov.in/Home/PublicDashboard
550,Railways,Ministry of Railways,611918,Kosamba Umarpada 70 Km,468,,20.0,2027-03-30,,,,,https://ipm.mospi.gov.in/Home/PublicDashboard
551,Railways,Ministry of Railways,611927,Kurnool - Setting up facilities for coach midlife rehabilitation workshop,561,,276.66,2023-12-31,,,,,https://ipm.mospi.gov.in/Home/PublicDashboard
552,Railways,Ministry of Railways,611929,Maintenance cum workshop depot for Vande Bharat Sleeper Trains as per conditions under WTA 527,167,,0.0,2024-12-29,,,,,https://ipm.mospi.gov.in/Home/PublicDashboard
553,Railways,Ministry of Railways,611937,Adraj Moti Vijapur 40 Kms,418,417.53,223.0,2026-05-31,2026-05-31,0.0,0,,https://ipm.mospi.gov.in/Home/PublicDashboard
554,Railways,Ministry of Railways,611938,Vijapur Ambliyasan 42 km,415,415.38,364.0,2026-05-31,2026-05-31,0.0,0,,https://ipm.mospi.gov.in/Home/PublicDashboard
555,Railways,Ministry of Railways,611939,Himatnagar Khedbrahma  55 km,482,482.42,461.0,2001-06-30,2026-06-30,9131.0,1,,https://ipm.mospi.gov.in/Home/PublicDashboard
556,Railways,Ministry of Railways,611943,New broad gauge line between Naliya Jakhau Port 25 Kms,410,410.26,6.0,2028-01-31,2028-01-28,-3.0,0,,https://ipm.mospi.gov.in/Home/PublicDashboard
557,Railways,Ministry of Railways,611944,Quadrupling between Gandhidham Adipur with Y connection at Adipur for providing direct entry towards Mundra Port and Bhuj and high level platform at Gopalpur 11Kms,152,152.44,20.0,2026-03-31,2026-03-26,-5.0,0,,https://ipm.mospi.gov.in/Home/PublicDashboard
558,Railways,Ministry of Railways,611945,Petlad Bhadran 23 Kms,307,307.11,82.0,2030-05-31,2030-05-30,-1.0,0,,https://ipm.mospi.gov.in/Home/PublicDashboard
559,Railways,Ministry of Railways,611969,Choranda Motikoral 18 Kms,246,,0.0,2026-10-30,,,,,https://ipm.mospi.gov.in/Home/PublicDashboard
560,Railways,Ministry of Railways,611970,Samlaya Timba Road 54 km,670,670.17,102.0,2030-03-31,2030-03-30,-1.0,0,,https://ipm.mospi.gov.in/Home/PublicDashboard
561,Railways,Ministry of Railways,611971,Samni Jambusar 24 km,350,349.93,87.0,2030-03-31,2030-03-30,-1.0,0,,https://ipm.mospi.gov.in/Home/PublicDashboard
562,Railways,Ministry of Railways,611972,Jambusar Kavi 26 Kms,318,,0.0,2026-12-30,,,,,https://ipm.mospi.gov.in/Home/PublicDashboard
563,Railways,Ministry of Railways,611973,miyagam karjan Choranda maalsar 37 kms,450,,0.0,2026-12-25,,,,,https://ipm.mospi.gov.in/Home/PublicDashboard
564,Railways,Ministry of Railways,611974,Western Railway Samakhiali Gandhidham Quadrupiling 53 Kms,1430,,0.0,2026-12-30,,,,,https://ipm.mospi.gov.in/Home/PublicDashboard
565,Railways,Ministry of Railways,611975,Western Railway Vasai bypass double line between Naigaon  Juchandra 6 km,176,,0.0,2026-03-30,,,,,https://ipm.mospi.gov.in/Home/PublicDashboard
566,Railways,Ministry of Railways,611976,Jogeshwari AT Development of JOS-AT as Trainset Maintenance Depot for energy efficient Vande Bharat Sleeper Trains,221,,0.0,2025-10-30,,,,,https://ipm.mospi.gov.in/Home/PublicDashboard
567,Railways,Ministry of Railways,611977,Dahod Creation of Infrastructure facilities for 9000 HP Electric locomotives Manufacturing  at,487,,108.69,2025-02-28,,,,,https://ipm.mospi.gov.in/Home/PublicDashboard
568,Railways,Ministry of Railways,611978,Dahod Rolling Stock Workshop Provision of Infrastructure for CBS at,158,,47.31,2025-03-31,,,,,https://ipm.mospi.gov.in/Home/PublicDashboard
569,Railways,Ministry of Railways,611979,Sabarmati  Setting up of Maintenance Facilities for Train Sets Phase ii,250,,0.0,2025-06-30,,,,,https://ipm.mospi.gov.in/Home/PublicDashboard
570,Railways,Ministry of Railways,611980,Junagarh Visavadar 42 Kms,493,492.83,3.0,2028-09-30,2028-09-28,-2.0,0,,https://ipm.mospi.gov.in/Home/PublicDashboard
571,Railways,Ministry of Railways,612072,4th LINE BETWEEN BAREJADI NANDEJ-SANAND-AHMEDABAD BYPASS,962,961.67,132.63,2027-03-31,2027-03-27,-4.0,0,,https://ipm.mospi.gov.in/Home/PublicDashboard
572,Railways,Ministry of Railways,612096,Construction of Balurghat-Hilli new BG Line,1209,1209.0,405.31,2027-03-31,2025-03-27,-734.0,0,,https://ipm.mospi.gov.in/Home/PublicDashboard
573,Railways,Ministry of Railways,612815,4th line between Nipania Bhatapara 14.4 Km,170,,,2027-03-31,,,,,https://ipm.mospi.gov.in/Home/PublicDashboard
574,Railways,Ministry of Railways,612827,Flyover between Pendurthi and Simhachalam North to avoid surface crossing at Simhachalam  7.135 km    PB 73 of 2023  24 NR,184,,4.16,2027-04-30,,,,,https://ipm.mospi.gov.in/Home/PublicDashboard
575,Railways,Ministry of Railways,612834,3rd & 4th line between Sarla - Sason [8 km] [PB 73/2023-24/NR],252,,79.55,2025-12-28,,,,,https://ipm.mospi.gov.in/Home/PublicDashboard
576,Railways,Ministry of Railways,613002,Redevelopment of Chennai Egmore Station,842,,340.0,2026-03-31,,,,,https://ipm.mospi.gov.in/Home/PublicDashboard
577,Railways,Ministry of Railways,613003,Dharamjaigarh-Korba 63 km,1686,,288.83,2026-08-31,,,,,https://ipm.mospi.gov.in/Home/PublicDashboard
578,Railways,Ministry of Railways,613015,Redevelopment of Chhatrapati Shivaji Maharaj Terminus [CSMT] and construction of associated infrastructure,1813,,525.2,2027-03-31,,,,,https://ipm.mospi.gov.in/Home/PublicDashboard
579,Railways,Ministry of Railways,613785,Redevelopment of New Delhi Railway Station and construction of associated infrastructure,4744,,31.77,2028-12-31,,,,,https://ipm.mospi.gov.in/Home/PublicDashboard
580,Railways,Ministry of Railways,613786,"Redevelopment of Ahmedabad railway station and associated infrastructure on engineering, procurement and construction mode",2379,,607.69,2028-03-31,,,,,https://ipm.mospi.gov.in/Home/PublicDashboard
581,Railways,Ministry of Railways,613788,AGTHORI KAMAKHYA SECTION WITH CONSTRUCTION OF NEW RAIL CUM-ROAD BRIDGE AT SARAIGHAT - 7.062KM,1474,,0.0,2029-12-31,,,,,https://ipm.mospi.gov.in/Home/PublicDashboard
582,Railways,Ministry of Railways,616227,Chandil - Anara - Damodar - 3rd line [121.26 km],1932,,0.03,2029-09-30,,,,,https://ipm.mospi.gov.in/Home/PublicDashboard
583,Railways,Ministry of Railways,616586,Bangriposi-Gorumahisani new line [ 85.60 km ],2269,,,2029-12-31,,,,,https://ipm.mospi.gov.in/Home/PublicDashboard
584,Railways,Ministry of Railways,616587,Badampahar-Kendujhargarh new line [82.06 km],1876,,,2029-12-31,,,,,https://ipm.mospi.gov.in/Home/PublicDashboard
585,Railways,Ministry of Railways,616588,Buramara-Chakulia new line [59.96 km],1459,,1.04,2029-12-31,,,,,https://ipm.mospi.gov.in/Home/PublicDashboard
586,Railways,Ministry of Railways,616694,Flyover between Siju and Paradeep coaching Yard to avoid Surface crossing of trains,201,,,2028-07-31,,,,,https://ipm.mospi.gov.in/Home/PublicDashboard
587,Railways,Ministry of Railways,616695,Paradeep - Badabandha 3rd & 4th Line / 18.51kms,300,,0.01,2028-11-30,,,,,https://ipm.mospi.gov.in/Home/PublicDashboard
588,Railways,Ministry of Railways,616696,RINGUS KHATUSHYAMJI NEW LINE,254,,1.65,2028-03-31,,,,,https://ipm.mospi.gov.in/Home/PublicDashboard
589,Railways,Ministry of Railways,616697,3rd & 4th line between Vadlapudi -Gate Jn. cabin and Tie line between Gate Junction to Gangavaram port,154,,10.79,2026-06-30,,,,,https://ipm.mospi.gov.in/Home/PublicDashboard
590,Railways,Ministry of Railways,616699,Multi tracking of Son Nagar-Andal [374.53 rkm & 814.38 tkm],12334,,444.74,2028-03-31,,,,,https://ipm.mospi.gov.in/Home/PublicDashboard
591,Railways,Ministry of Railways,616701,Lumding Furkating Doubling Project 140 km,2124,,13.74,2028-02-29,,,,,https://ipm.mospi.gov.in/Home/PublicDashboard
592,Railways,Ministry of Railways,616702,Malkangiri Pandurangapuram new railway line project,3592,,,2031-11-26,,,,,https://ipm.mospi.gov.in/Home/PublicDashboard
593,Railways,Ministry of Railways,616840,RAS- MERTA CITY NEW LINE INCL BYPASS AT MERTA ROAD,947,,1.36,2028-03-31,,,,,https://ipm.mospi.gov.in/Home/PublicDashboard
594,Railways,Ministry of Railways,616841,PUSHKAR- MERTA CITY NEW LINE,800,,13.91,2026-12-31,,,,,https://ipm.mospi.gov.in/Home/PublicDashboard
595,Railways,Ministry of Railways,616842,LUNI- SAMDARI- BHILDI DOUBLING,3086,,154.46,2027-07-31,,,,,https://ipm.mospi.gov.in/Home/PublicDashboard
596,Railways,Ministry of Railways,616843,AJMER- CHANDERIYA DOUBLING,1635,,59.51,2027-06-30,,,,,https://ipm.mospi.gov.in/Home/PublicDashboard
597,Railways,Ministry of Railways,616856,Doubling between Bhadrachalam Road and Dornakal,770,,0.0,2029-04-13,,,,,https://ipm.mospi.gov.in/Home/PublicDashboard
598,Railways,Ministry of Railways,616857,Doubling between Motumari  Vishnupuram - 88.81 Km and Rail over Rail - RoR at Motumari - 10.877 Km,1596,,7.69,2029-03-31,,,,,https://ipm.mospi.gov.in/Home/PublicDashboard
599,Railways,Ministry of Railways,617200,KHARSIA- NAYA RAIPUR-PARMALKASA 5th and 6th Line [278KM],7854,,,2031-03-31,,,,,https://ipm.mospi.gov.in/Home/PublicDashboard
600,Railways,Ministry of Railways,617201,Gondia-Balharshah [Chanda Fort] Doubling [240 Km],4373,,,2030-04-09,,,,,https://ipm.mospi.gov.in/Home/PublicDashboard
601,Railways,Ministry of Railways,617210,Tiupati Katpadi 104.39 kms,1216,,0.0,2029-03-31,,,,,https://ipm.mospi.gov.in/Home/PublicDashboard
602,Railways,Ministry of Railways,617211,Doubling of Guntur Bibinagar 239 Km,2853,,43.88,2029-03-31,,,,,https://ipm.mospi.gov.in/Home/PublicDashboard
603,Railways,Ministry of Railways,617212,Doubling between Mudkhed  Medchal & Mahbubnagar  Dhone section 417.88 Km,4686,,0.0,2029-03-31,,,,,https://ipm.mospi.gov.in/Home/PublicDashboard
604,Railways,Ministry of Railways,617214,Rail Connectivity to Errupalem Amravati Namburu 57 Km,2047,,0.0,2027-03-31,,,,,https://ipm.mospi.gov.in/Home/PublicDashboard
605,Railways,Ministry of Railways,617215,Doubling between Parbhani  Parli Vaijanath stations  64.71 Km,770,,0.0,2028-03-31,,,,,https://ipm.mospi.gov.in/Home/PublicDashboard
606,Railways,Ministry of Railways,617216,3rd Line between Gudur Renigunta 83.17 Km,877,,2.97,2027-03-31,,,,,https://ipm.mospi.gov.in/Home/PublicDashboard
607,Railways,Ministry of Railways,617224,Gorakhpur-Valmikinagar Doubling project,1120,,181.86,2027-12-30,,,,,https://ipm.mospi.gov.in/Home/PublicDashboard
608,Railways,Ministry of Railways,617231,Construction of Bulb line at Nabinagar  Ankorah of East Central Railway,612,,,2028-06-30,,,,,https://ipm.mospi.gov.in/Home/PublicDashboard
609,Railways,Ministry of Railways,617240,Murarai - Barharwa 3rd line,935,,,2028-05-06,,,,,https://ipm.mospi.gov.in/Home/PublicDashboard
610,Railways,Ministry of Railways,617252,Anandnagar - Ghugli via Maharajganj 50 km,958,,432.01,2028-03-21,,,,,https://ipm.mospi.gov.in/Home/PublicDashboard
611,Railways,Ministry of Railways,617284,Chunar-Chopan doubling project,1424,,26.0,2028-03-31,,,,,https://ipm.mospi.gov.in/Home/PublicDashboard
612,Railways,Ministry of Railways,617322,Kalipahari Bakhtarnagar 5th line,350,350.46,,2027-06-30,2027-06-27,-3.0,0,,https://ipm.mospi.gov.in/Home/PublicDashboard
613,Railways,Ministry of Railways,703585,Yeshvanthpur - Channasandra Doubling Project [21.70 Km],314,314.0,144.0,2024-12-31,2026-06-26,542.0,1,,https://ipm.mospi.gov.in/Home/PublicDashboard
614,Railways,Ministry of Railways,703586,Baiyyappanahalli - Hosur Doubling Project [48 km],499,499.0,595.0,2024-12-31,2026-01-26,391.0,1,,https://ipm.mospi.gov.in/Home/PublicDashboard
615,Railways,Ministry of Railways,705237,Western Dedicated Freight Corridor,51101,124005.0,124623.0,2022-03-31,2025-12-31,1371.0,1,,https://ipm.mospi.gov.in/Home/PublicDashboard
616,Railways,Ministry of Railways,705244,Coach Production Factory Upgradation Project,520,,192.25,2021-12-31,,,,,https://ipm.mospi.gov.in/Home/PublicDashboard
617,Railways,Ministry of Railways,705298,North Region Video Surveillance Project,274,,0.0,2024-03-31,,,,,https://ipm.mospi.gov.in/Home/PublicDashboard
618,Railways,Ministry of Railways,705300,Western Region Video Surveillance Project,228,,0.0,2023-12-31,,,,,https://ipm.mospi.gov.in/Home/PublicDashboard
619,Railways,Ministry of Railways,705356,Ahmednagar - Beed - Parli - Vaijnath  New Broad Gauge Line Railway Project [261.3 km],2539,4957.0,4725.34,2026-03-31,2026-03-31,0.0,0,,https://ipm.mospi.gov.in/Home/PublicDashboard
620,Railways,Ministry of Railways,705357,Baramati Lonand New Line Project,736,1844.0,712.0,2027-03-31,2027-03-31,0.0,0,,https://ipm.mospi.gov.in/Home/PublicDashboard
621,Railways,Ministry of Railways,705358,Khurda-Bolangir New Broad Gauge Rail Link [301km],3792,5089.0,4983.45,2026-12-31,2026-12-31,0.0,0,,https://ipm.mospi.gov.in/Home/PublicDashboard
622,Railways,Ministry of Railways,705359,Talcher-Bimlagarh New Railway Line,1928,1928.0,1902.91,2025-03-31,2027-03-31,730.0,1,,https://ipm.mospi.gov.in/Home/PublicDashboard
623,Railways,Ministry of Railways,705362,"Jaynagar-Bijalpura, incl. extn. Bet, Bijalpura-Bardibas [Nepal]",819,819.0,588.32,2022-03-31,2026-03-31,1461.0,1,,https://ipm.mospi.gov.in/Home/PublicDashboard
624,Railways,Ministry of Railways,705363,Sakri-Hasanpur Road New  Rail Line Project,735,735.0,605.0,2024-12-31,2025-03-27,86.0,1,,https://ipm.mospi.gov.in/Home/PublicDashboard
625,Railways,Ministry of Railways,705364,Khagaria-Kusheshwar Asthan [42Km] new line project,614,1384.0,479.22,2024-12-31,2027-03-31,820.0,1,,https://ipm.mospi.gov.in/Home/PublicDashboard
626,Railways,Ministry of Railways,705366,Hajipur-Sagauli New line,2067,2087.0,1908.49,2020-03-31,2026-12-31,2466.0,1,,https://ipm.mospi.gov.in/Home/PublicDashboard
627,Railways,Ministry of Railways,705368,Araria Supaul New BG Line,1605,2514.0,1311.39,2024-03-31,2027-01-31,1036.0,1,,https://ipm.mospi.gov.in/Home/PublicDashboard
628,Railways,Ministry of Railways,705373,"Fatuha-Islampur incl. MM for extn.of NL from Neora to Daniawan , Daniawan to  Biharsharif, Biharsharif to Barbigha , Barbigha to Shekhpura",1473,2882.0,2824.8,2023-03-31,2025-08-31,884.0,1,,https://ipm.mospi.gov.in/Home/PublicDashboard
629,Railways,Ministry of Railways,705375,Koderma-Tilaiya New Line,1626,2020.0,2060.97,2025-02-28,2026-02-28,365.0,1,,https://ipm.mospi.gov.in/Home/PublicDashboard
630,Railways,Ministry of Railways,705385,Pirpainti - Jasidih [100.52 Km] New BG line,2555,2555.0,763.08,2028-03-31,2028-03-31,0.0,0,,https://ipm.mospi.gov.in/Home/PublicDashboard
631,Railways,Ministry of Railways,705392,Dimapur [Dhansiri]-Sukhobi Kohima [Zubza] NL [82.5 Km],6663,6663.0,5202.29,2025-03-26,2025-12-29,278.0,1,,https://ipm.mospi.gov.in/Home/PublicDashboard
632,Railways,Ministry of Railways,705400,New B.G. Railway Line- Araria to Galgalia  [Thakurgunj],2650,4412.0,4152.4,2024-12-31,2025-07-11,192.0,1,,https://ipm.mospi.gov.in/Home/PublicDashboard
633,Railways,Ministry of Railways,705401,Murkongselek-Pasighat,435,1250.0,901.0,2025-03-31,2025-12-31,275.0,1,,https://ipm.mospi.gov.in/Home/PublicDashboard
634,Railways,Ministry of Railways,705410,Nangal Dam-Talwara New Broad Gauge Line [84 KM] and Taking Over Siding Mukerian-Talwara [29 KM],2018,2018.0,1848.0,2025-12-31,2027-01-31,396.0,1,,https://ipm.mospi.gov.in/Home/PublicDashboard
635,Railways,Ministry of Railways,705419,Gwalior - Seopurkala with extension to Kota [Gauge Conversion],2913,2913.0,2751.0,2025-03-31,2026-02-28,334.0,1,,https://ipm.mospi.gov.in/Home/PublicDashboard
636,Railways,Ministry of Railways,705424,Chandigarh-Baddi New Rail Line- 36 km,1540,1540.0,506.73,2026-12-31,2026-12-31,0.0,0,,https://ipm.mospi.gov.in/Home/PublicDashboard
637,Railways,Ministry of Railways,705428,Bhanupalli-Bilaspur-Beri New Railway Line Project,13447,13447.0,6391.15,2026-12-31,2027-12-30,364.0,1,,https://ipm.mospi.gov.in/Home/PublicDashboard
638,Railways,Ministry of Railways,705429,Rishikesh-Karnaprayag New Rail Line- 125 km,38953,38953.0,24645.2,2025-12-31,2027-03-31,455.0,1,,https://ipm.mospi.gov.in/Home/PublicDashboard
639,Railways,Ministry of Railways,705432,Sivok-Rangpo New Rail Line,7877,12133.0,8883.6,2015-05-31,2027-12-31,4597.0,1,,https://ipm.mospi.gov.in/Home/PublicDashboard
640,Railways,Ministry of Railways,705433,Dallirajhra- Rowghat New Railway Line - Phase I [95 km],1628,1628.0,1440.85,2025-09-30,2025-12-31,92.0,1,,https://ipm.mospi.gov.in/Home/PublicDashboard
641,Railways,Ministry of Railways,705434,New Railway Line between Ginigera and Raichur [165.57 km],2565,3034.98,2063.57,2019-03-31,2027-03-31,2922.0,1,,https://ipm.mospi.gov.in/Home/PublicDashboard
642,Railways,Ministry of Railways,705436,Kotapalli - Narasapur New Line,2501,2501.0,1264.18,2028-03-31,2028-03-31,0.0,0,,https://ipm.mospi.gov.in/Home/PublicDashboard
643,Railways,Ministry of Railways,705437,Manoharabad-Kothapalli New Rail Line [151 km],1160,2781.0,1713.38,2027-03-31,2027-12-31,275.0,1,,https://ipm.mospi.gov.in/Home/PublicDashboard
644,Railways,Ministry of Railways,705444,Gevra Road-Pendra Road New Railway Line [135 km],4970,,4271.55,2022-03-31,2025-12-31,1371.0,1,,https://ipm.mospi.gov.in/Home/PublicDashboard
645,Railways,Ministry of Railways,705450,Jogbani-Biratnagar New Rail Line project,402,486.0,361.0,2022-03-31,2026-12-31,1736.0,1,,https://ipm.mospi.gov.in/Home/PublicDashboard
646,Railways,Ministry of Railways,705453,"New line Dahod-Indore via Sardarpur, Jabuwa and Dhar",1942,2691.0,3412.98,2027-02-28,2027-02-28,0.0,0,,https://ipm.mospi.gov.in/Home/PublicDashboard
647,Railways,Ministry of Railways,705454,Chhota Udaipur - Dhar New Line Project [157 km],1794,1794.0,1800.85,2025-12-27,2025-12-27,0.0,0,,https://ipm.mospi.gov.in/Home/PublicDashboard
648,Railways,Ministry of Railways,705457,Ratlam-Mhow-Khandwa-Akola Gauge Conversion,5678,6531.9,4314.0,2027-03-31,2028-09-30,549.0,1,,https://ipm.mospi.gov.in/Home/PublicDashboard
649,Railways,Ministry of Railways,705458,Miyagam-Karjan-Dabhoi-Samlaya [GC],844,1600.0,693.0,2021-03-31,2026-12-31,2101.0,1,,https://ipm.mospi.gov.in/Home/PublicDashboard
650,Railways,Ministry of Railways,705479,Wadsa-Gadchiroli,1886,1886.0,706.28,2027-03-31,2027-03-31,0.0,0,,https://ipm.mospi.gov.in/Home/PublicDashboard
651,Railways,Ministry of Railways,705480,"Lalitpur-Satna, Rewa-Singrauli & Mahoba-Khajuraho",8914,8914.0,4971.65,2027-03-31,2027-12-31,275.0,1,,https://ipm.mospi.gov.in/Home/PublicDashboard
652,Railways,Ministry of Railways,705481,Ramganjmandi-Bhopal New Line Project [262 km],3032,5073.0,3592.92,2025-12-25,2027-12-31,736.0,1,,https://ipm.mospi.gov.in/Home/PublicDashboard
653,Railways,Ministry of Railways,705482,Dholpur - Sirmuttra Gauge Conversion,747,747.0,392.0,2019-02-28,2027-02-28,2922.0,1,,https://ipm.mospi.gov.in/Home/PublicDashboard
654,Railways,Ministry of Railways,705490,Gadag-Wadi New Railway Line [257 km],2842,6700.0,1721.14,2027-03-31,2027-12-31,275.0,1,,https://ipm.mospi.gov.in/Home/PublicDashboard
655,Railways,Ministry of Railways,705491,Marikuppam - Kuppam New Line Project [23.70 Km],297,297.0,123.17,2026-06-30,2026-06-30,0.0,0,,https://ipm.mospi.gov.in/Home/PublicDashboard
656,Railways,Ministry of Railways,705492,Kadur - Chickamagalur - Sakleshpur [93km],825,825.0,770.18,2025-06-30,2025-12-31,184.0,1,,https://ipm.mospi.gov.in/Home/PublicDashboard
657,Railways,Ministry of Railways,705494,Rayadurg-Tumkur via Kalyandurg New Line [207 km],2496,2496.0,1691.88,2015-09-30,2028-02-29,4535.0,1,,https://ipm.mospi.gov.in/Home/PublicDashboard
658,Railways,Ministry of Railways,705495,Bagalkot-Kudachi New Railway Line [142 km],1378,1649.0,670.74,2027-03-31,2027-01-31,-59.0,0,,https://ipm.mospi.gov.in/Home/PublicDashboard
659,Railways,Ministry of Railways,705496,Tumkur-Chitradurga-Davangere New Rail Line Project [191 km],1876,1876.0,516.17,2019-03-31,2027-12-31,3197.0,1,,https://ipm.mospi.gov.in/Home/PublicDashboard
660,Railways,Ministry of Railways,705498,3rd Line Kalyan - Kasara [67.35 Kilometres],793,1432.0,894.16,2026-12-31,2026-12-31,0.0,0,,https://ipm.mospi.gov.in/Home/PublicDashboard
661,Railways,Ministry of Railways,705500,3rd Line Wardha - Sewagram - Nagpur,540,698.0,724.75,2025-12-31,2025-12-31,0.0,0,,https://ipm.mospi.gov.in/Home/PublicDashboard
662,Railways,Ministry of Railways,705502,3rd Line Wardha - Ballarshah [132 Kilometres],1385,1385.0,1102.48,2025-12-31,2026-02-28,59.0,1,,https://ipm.mospi.gov.in/Home/PublicDashboard
663,Railways,Ministry of Railways,705503,Pune - Miraj-Londa  [467 Kilometres],3627,6689.0,6548.0,2025-02-28,2025-08-31,184.0,1,,https://ipm.mospi.gov.in/Home/PublicDashboard
664,Railways,Ministry of Railways,705504,Doubling of Daund Manmad Line [247.6 km],2081,3075.0,2769.0,2025-12-31,2025-12-31,0.0,0,,https://ipm.mospi.gov.in/Home/PublicDashboard
665,Railways,Ministry of Railways,705505,4th Line Wardha - Nagpur [78.7 Kilometres],638,1137.0,969.0,2025-12-31,2026-02-28,59.0,1,,https://ipm.mospi.gov.in/Home/PublicDashboard
666,Railways,Ministry of Railways,705506,3rd Line Manmad - Jalgaon [160 Kilometres],1035,1559.0,1692.0,2024-12-31,2025-08-31,243.0,1,,https://ipm.mospi.gov.in/Home/PublicDashboard
667,Railways,Ministry of Railways,705507,Itarsi - Nagpur Third Railway Line [280 km],2450,2450.0,1815.49,2027-03-31,2027-03-31,0.0,0,,https://ipm.mospi.gov.in/Home/PublicDashboard
668,Railways,Ministry of Railways,705510,Bhadrak-Nergundi Third Line,1284,1284.0,1298.0,2024-11-30,2026-01-31,427.0,1,,https://ipm.mospi.gov.in/Home/PublicDashboard
669,Railways,Ministry of Railways,705511,Jagdalpur-Koraput,1547,1547.0,1308.2,2024-03-31,2026-12-31,1005.0,1,,https://ipm.mospi.gov.in/Home/PublicDashboard
670,Railways,Ministry of Railways,705512,Doubling of Kottavalasa-Koraput Rail Line [189 KM],2500,2500.0,2033.31,2022-03-31,2028-03-31,2192.0,1,,https://ipm.mospi.gov.in/Home/PublicDashboard
671,Railways,Ministry of Railways,705513,Koraput - Singapur Railway Doubling,2362,2362.0,1787.49,2027-12-01,2028-03-30,120.0,1,,https://ipm.mospi.gov.in/Home/PublicDashboard
672,Railways,Ministry of Railways,705514,Jarapada- Budhapank with flyover at Talcher road 3rd and 4th Line,1000,810.02,401.61,2018-11-13,2026-03-31,2695.0,1,,https://ipm.mospi.gov.in/Home/PublicDashboard
673,Railways,Ministry of Railways,705526,Samastipur-Darbhanga Doubling Railway Project,519,519.0,337.03,2025-03-31,2025-10-31,214.0,1,,https://ipm.mospi.gov.in/Home/PublicDashboard
674,Railways,Ministry of Railways,705527,Sagauli-Valmiknagar,1216,2222.0,2039.0,2025-12-24,2025-12-25,1.0,1,,https://ipm.mospi.gov.in/Home/PublicDashboard
675,Railways,Ministry of Railways,705528,Muzaffarpur-Sugauli,1586,1586.0,1586.82,2024-06-30,2025-08-31,427.0,1,,https://ipm.mospi.gov.in/Home/PublicDashboard
676,Railways,Ministry of Railways,705562,Chhapra-Ballia Patch Doubling,963,1046.0,906.0,2025-02-28,2026-03-31,396.0,1,,https://ipm.mospi.gov.in/Home/PublicDashboard
677,Railways,Ministry of Railways,705566,Domingarh-Gorakhpur-Gorakhpur Cantt.-Kusumhi - 3rd Railway Line Project,351,521.47,494.0,2025-02-01,2025-09-30,241.0,1,,https://ipm.mospi.gov.in/Home/PublicDashboard
678,Railways,Ministry of Railways,705567,Burhwal Gonda 3rd line,1016,1118.0,1113.75,2025-03-31,2025-09-30,183.0,1,,https://ipm.mospi.gov.in/Home/PublicDashboard
679,Railways,Ministry of Railways,705572,Doubling of New Bonggigaon to Kamakhya via Goalpara - 176 km,4060,4961.0,3683.75,2026-03-31,2026-03-31,0.0,0,,https://ipm.mospi.gov.in/Home/PublicDashboard
680,Railways,Ministry of Railways,705588,Janghai-Pratapgarh- Amethi,722,1194.0,1100.0,2025-03-31,2026-03-31,365.0,1,,https://ipm.mospi.gov.in/Home/PublicDashboard
681,Railways,Ministry of Railways,705598,Jhansi - Bina Third Railway Line [153 Km],2002,2002.0,1884.84,2022-03-31,2026-03-31,1461.0,1,,https://ipm.mospi.gov.in/Home/PublicDashboard
682,Railways,Ministry of Railways,705608,Jhansi-Khairar-Manikpur & Khirar-Bhimsen,4330,4330.0,1989.0,2026-03-31,2026-03-31,0.0,0,,https://ipm.mospi.gov.in/Home/PublicDashboard
683,Railways,Ministry of Railways,705610,"Renigunta, Wadi & Gooty Bypass Railway Project",302,543.0,381.0,2025-12-31,2025-12-25,-6.0,0,,https://ipm.mospi.gov.in/Home/PublicDashboard
684,Railways,Ministry of Railways,705612,Kazipet-Vijayawada 3rd line with electrification [220 km],1953,3363.0,2915.49,2025-02-28,2025-12-31,306.0,1,,https://ipm.mospi.gov.in/Home/PublicDashboard
685,Railways,Ministry of Railways,705613,Third Line [new] between Kazipet - Balharshah  with electrification [201.04 Km],2595,3071.0,3142.35,2025-01-31,2025-11-30,303.0,1,,https://ipm.mospi.gov.in/Home/PublicDashboard
686,Railways,Ministry of Railways,705616,Jharsuguda-Bilaspur Fourth Railway Line [206 km],2140,2979.0,2124.15,2024-10-31,2025-12-31,426.0,1,,https://ipm.mospi.gov.in/Home/PublicDashboard
687,Railways,Ministry of Railways,705617,Rajnandgaon - Nagpur [Kalumna] Third Railway Line [228.30 km],3545,3545.0,3163.08,2024-12-31,2026-06-30,546.0,1,,https://ipm.mospi.gov.in/Home/PublicDashboard
688,Railways,Ministry of Railways,705628,Doubling of Hatia [Ranchi]-Bondamunda Rail Line - 159 km,3029,3029.0,2458.15,2025-06-30,2026-06-30,365.0,1,,https://ipm.mospi.gov.in/Home/PublicDashboard
689,Railways,Ministry of Railways,705629,Narayangarh-Bhadrak 3rd line,2400,2400.0,2188.0,2025-12-31,2026-06-30,181.0,1,,https://ipm.mospi.gov.in/Home/PublicDashboard
690,Railways,Ministry of Railways,705632,Vijayawada - Kazipet Byepass line,647,904.0,870.0,2025-01-12,2025-12-31,353.0,1,,https://ipm.mospi.gov.in/Home/PublicDashboard
691,Railways,Ministry of Railways,705633,Guntur-Guntakal Doubling Project,3733,4295.0,4112.59,2025-12-31,2026-12-31,365.0,1,,https://ipm.mospi.gov.in/Home/PublicDashboard
692,Railways,Ministry of Railways,705635,Trivandrum- Kanyakumari,1432,3785.0,2451.0,2024-03-31,2027-12-31,1370.0,1,,https://ipm.mospi.gov.in/Home/PublicDashboard
693,Railways,Ministry of Railways,705638,Kumbalam-Turavur doubling project [15.59 Km],813,813.0,292.15,2027-03-31,2027-03-31,0.0,0,,https://ipm.mospi.gov.in/Home/PublicDashboard
694,Railways,Ministry of Railways,705639,Ernakulam-Kumbalam doubling project [7.71 Km],601,601.0,283.0,2028-03-31,2028-03-31,0.0,0,,https://ipm.mospi.gov.in/Home/PublicDashboard
695,Railways,Ministry of Railways,705648,Vijaywada-Gudur 3rd Line,6654,6654.0,5922.0,2024-11-30,2025-12-31,396.0,1,,https://ipm.mospi.gov.in/Home/PublicDashboard
696,Railways,Ministry of Railways,705650,Hospet - Tinaighat - Vasco Rail Doubling Project,5060,5060.0,5007.82,2027-03-31,2027-12-30,274.0,1,,https://ipm.mospi.gov.in/Home/PublicDashboard
697,Railways,Ministry of Railways,705651,Katni - Bina Third Railway Line [279 km],2478,4127.23,3295.49,2022-03-31,2025-12-31,1371.0,1,,https://ipm.mospi.gov.in/Home/PublicDashboard
698,Railways,Ministry of Railways,705659,Satna-Rewa Railway Line Doubling Project,500,584.0,561.26,2026-03-31,2026-03-31,0.0,0,,https://ipm.mospi.gov.in/Home/PublicDashboard
699,Railways,Ministry of Railways,705660,Doubling of Katni - Singrauli Railway Line [261 km],2445,4377.0,3122.0,2026-12-31,2027-12-31,365.0,1,,https://ipm.mospi.gov.in/Home/PublicDashboard
700,Railways,Ministry of Railways,705661,Katni Grade Separator/Bye Pass,1248,1248.0,1537.77,2024-09-30,2026-03-31,547.0,1,,https://ipm.mospi.gov.in/Home/PublicDashboard
701,Railways,Ministry of Railways,705662,Hotgi-Kudgi-Gadag Doubling Project,1878,2459.0,2628.8,2024-12-31,2026-03-31,455.0,1,,https://ipm.mospi.gov.in/Home/PublicDashboard
702,Railways,Ministry of Railways,705667,Mathura-Jhansi Third Railway Line [274 Km],5961,5961.0,4928.62,2024-12-31,2026-12-31,730.0,1,,https://ipm.mospi.gov.in/Home/PublicDashboard
703,Railways,Ministry of Railways,705668,KHARAGPUR-ADITYAPUR THIRD RAIL LINE- 132 KM,3250,3250.0,3176.46,2025-03-31,2025-12-31,275.0,1,,https://ipm.mospi.gov.in/Home/PublicDashboard
704,Railways,Ministry of Railways,705694,Provision of Work-site Tampers [WST] Railway Project,188,,141.91,2023-12-31,2026-01-31,762.0,1,,https://ipm.mospi.gov.in/Home/PublicDashboard
705,Railways,Ministry of Railways,705708,WST Machine Procurement Project,176,,0.0,2024-03-31,2027-12-31,1370.0,1,,https://ipm.mospi.gov.in/Home/PublicDashboard
706,Railways,Ministry of Railways,705710,PCT Machine Procurement Project,336,,74.32,2024-04-01,2027-06-30,1185.0,1,,https://ipm.mospi.gov.in/Home/PublicDashboard
707,Railways,Ministry of Railways,705712,RBMV Machine Procurement Project,480,,0.33,2024-06-30,2027-12-31,1279.0,1,,https://ipm.mospi.gov.in/Home/PublicDashboard
708,Railways,Ministry of Railways,705717,SRGM Machine Procurement Project,440,,390.03,2023-12-31,2026-03-31,821.0,1,,https://ipm.mospi.gov.in/Home/PublicDashboard
709,Railways,Ministry of Railways,705720,WST Machine Procurement Project,384,,0.0,2024-04-01,2026-12-31,1004.0,1,,https://ipm.mospi.gov.in/Home/PublicDashboard
710,Railways,Ministry of Railways,705721,DTS Machine Procurement Project,448,,0.0,2024-12-31,2026-12-31,730.0,1,,https://ipm.mospi.gov.in/Home/PublicDashboard
711,Railways,Ministry of Railways,705722,BRM Machine Procurement Project,210,,0.02,2024-06-30,2027-12-31,1279.0,1,,https://ipm.mospi.gov.in/Home/PublicDashboard
712,Railways,Ministry of Railways,705726,Track Machine Procurement Project,6339,,4166.47,2025-03-01,2028-01-31,1066.0,1,,https://ipm.mospi.gov.in/Home/PublicDashboard
713,Railways,Ministry of Railways,705728,Mumbai-Ahmedabad High Speed Rail Project- 508 km,108000,108000.0,78690.9,2027-08-31,2029-12-31,853.0,1,,https://ipm.mospi.gov.in/Home/PublicDashboard
714,Railways,Ministry of Railways,705730,Joka-BBD Bag new metro project,4835,10362.0,4361.23,2026-12-31,2028-12-31,731.0,1,,https://ipm.mospi.gov.in/Home/PublicDashboard
715,Railways,Ministry of Railways,705735,Solapur-tuljapur-Osmanabad,905,3296.0,1150.0,2028-03-31,2028-03-28,-3.0,0,,https://ipm.mospi.gov.in/Home/PublicDashboard
716,Railways,Ministry of Railways,705743,Talcher-Angul  New Line with Y-Connection at Talcher,495,495.0,29.5,2027-05-31,2028-05-31,366.0,1,,https://ipm.mospi.gov.in/Home/PublicDashboard
717,Railways,Ministry of Railways,705752,Gudha-Thatha Mithri Construction of Railway Track Project,819,967.06,471.0,2026-11-30,2026-11-30,0.0,0,,https://ipm.mospi.gov.in/Home/PublicDashboard
718,Railways,Ministry of Railways,705755,Morappur - Dharmpuri New Railway Line Project,359,359.0,40.0,2028-03-31,2028-03-28,-3.0,0,,https://ipm.mospi.gov.in/Home/PublicDashboard
719,Railways,Ministry of Railways,705756,Chirimiri-Nagpur Halt New Railway Line Project,241,656.52,71.0,2030-06-30,2030-06-30,0.0,0,,https://ipm.mospi.gov.in/Home/PublicDashboard
720,Railways,Ministry of Railways,705761,SHIMOGA - SHIKARIPURA - RANEBENNUR [96 Km],1454,1454.0,69.58,2027-12-01,2028-06-30,212.0,1,,https://ipm.mospi.gov.in/Home/PublicDashboard
721,Railways,Ministry of Railways,705763,Indore - Budni New Railway Line [198 kms],7474,7474.0,1658.03,2030-09-30,2030-09-30,0.0,0,,https://ipm.mospi.gov.in/Home/PublicDashboard
722,Railways,Ministry of Railways,705764,Nimach-Badi Sadri  New Rail Line Project,495,825.0,306.0,2026-03-31,2025-12-26,-95.0,0,,https://ipm.mospi.gov.in/Home/PublicDashboard
723,Railways,Ministry of Railways,705765,Gomoh - Flyover for DN trains,686,686.0,536.04,2026-03-26,2026-03-26,0.0,0,,https://ipm.mospi.gov.in/Home/PublicDashboard
724,Railways,Ministry of Railways,705766,Lalitpur-Birari with flyover at Lalitpur- 16 Km,304,356.0,214.0,2024-12-31,2025-11-30,334.0,1,,https://ipm.mospi.gov.in/Home/PublicDashboard
725,Railways,Ministry of Railways,705767,Baghuapal Flyover  Construction Project,258,258.0,0.83,2028-03-31,2028-03-31,0.0,0,,https://ipm.mospi.gov.in/Home/PublicDashboard
726,Railways,Ministry of Railways,705772,"Mughalsarai-Allahabad, 3rd line",2649,2649.0,1399.0,2026-12-31,2027-03-31,90.0,1,,https://ipm.mospi.gov.in/Home/PublicDashboard
727,Railways,Ministry of Railways,705774,Aligarh -Daud Khan Flyover Construction & 3rd Railway Line Project,758,779.49,315.37,2025-01-31,2027-03-31,789.0,1,,https://ipm.mospi.gov.in/Home/PublicDashboard
728,Railways,Ministry of Railways,705777,Bhandai Flyover Construction Project,250,250.18,118.0,2026-02-28,2027-02-28,365.0,1,,https://ipm.mospi.gov.in/Home/PublicDashboard
729,Railways,Ministry of Railways,705779,"Phephna-Indara, Mau-Shahganj doubling excluding Indara-Mau",1178,1777.0,1489.5,2024-12-31,2026-03-31,455.0,1,,https://ipm.mospi.gov.in/Home/PublicDashboard
730,Railways,Ministry of Railways,705780,Bhatni-Aurnihar with electrification excluding Indara-Mau,2529,2529.46,2051.69,2024-12-31,2025-10-31,304.0,1,,https://ipm.mospi.gov.in/Home/PublicDashboard
731,Railways,Ministry of Railways,705782,Barabanki-Malhaur 3rd & 4th Railway Line Project,407,407.0,317.0,2025-03-31,2026-03-31,365.0,1,,https://ipm.mospi.gov.in/Home/PublicDashboard
732,Railways,Ministry of Railways,705783,Ludhiana- Killa Raipur Railway  Doubling Project,238,237.64,118.0,2025-03-31,2026-03-31,365.0,1,,https://ipm.mospi.gov.in/Home/PublicDashboard
733,Railways,Ministry of Railways,705784,Janghai-Phaphamau Doubling Rail Line Project,357,978.77,579.0,2025-03-31,2025-03-31,0.0,0,,https://ipm.mospi.gov.in/Home/PublicDashboard
734,Railways,Ministry of Railways,705785,Lodhma - Piska - Link Line bypassing Hatia/Ranchi with Y connection,473,473.0,284.26,2026-06-30,2027-05-31,335.0,1,,https://ipm.mospi.gov.in/Home/PublicDashboard
735,Railways,Ministry of Railways,705789,Penukonda - Dharmavaram Doubling Project [41.5 Km],308,307.66,267.83,2026-03-31,2026-03-31,0.0,0,,https://ipm.mospi.gov.in/Home/PublicDashboard
736,Railways,Ministry of Railways,705793,New Delhi- Mumbai Speed Booster[160Kmph] Project,6806,,135.65,2024-03-31,,,,,https://ipm.mospi.gov.in/Home/PublicDashboard
737,Railways,Ministry of Railways,705794,New Delhi- Howrah Speed Booster[160Kmph] Project,6685,,127.03,2024-03-31,,,,,https://ipm.mospi.gov.in/Home/PublicDashboard
738,Railways,Ministry of Railways,705799,Nagpur- Nagbhir Railway Line Gauge Conversion Project,1400,1400.0,1472.0,2025-12-31,2025-12-25,-6.0,0,,https://ipm.mospi.gov.in/Home/PublicDashboard
739,Railways,Ministry of Railways,705863,Bahraich - Nanpara - Nepalganj Road Gauge Conversion,950,950.0,507.02,2025-07-31,2025-08-31,31.0,1,,https://ipm.mospi.gov.in/Home/PublicDashboard
740,Railways,Ministry of Railways,705912,Sawai Madhopur-Jaipur Railway Line Project,1204,,35.05,2027-03-31,,,,,https://ipm.mospi.gov.in/Home/PublicDashboard
741,Railways,Ministry of Railways,705918,Allahabad division - Aligarh - Harduaganj Flyover,1457,1457.0,50.0,2026-06-30,2027-03-31,274.0,1,,https://ipm.mospi.gov.in/Home/PublicDashboard
742,Railways,Ministry of Railways,705919,Agra Fort-Bandikui Doubling Line Project,1390,1390.0,123.0,2027-06-30,2027-06-27,-3.0,0,,https://ipm.mospi.gov.in/Home/PublicDashboard
743,Railways,Ministry of Railways,705933,Nimach-Ratlam Doubling [133 Km],1096,1095.88,1056.18,2027-10-31,2027-10-31,0.0,0,,https://ipm.mospi.gov.in/Home/PublicDashboard
744,Railways,Ministry of Railways,706757,Modasa-Shamlaji Road Railway Line Project,262,262.0,203.0,2025-03-31,2027-03-31,730.0,1,,https://ipm.mospi.gov.in/Home/PublicDashboard
745,Railways,Ministry of Railways,706759,Rampur Dumra-Tal-Rajendrapul Additional Bridge and Railway Line Doubling,2374,2374.0,1777.0,2024-12-31,2025-12-31,365.0,1,,https://ipm.mospi.gov.in/Home/PublicDashboard
746,Railways,Ministry of Railways,706763,Rajkot - Kanalus Doubling Project [111.2 Kms],1081,1080.58,731.0,2026-10-31,2026-10-31,0.0,0,,https://ipm.mospi.gov.in/Home/PublicDashboard
747,Railways,Ministry of Railways,706776,Noapara-Barasat via Bimanbandar - Construction of Metro railway [18 km],4830,4830.0,2764.13,2026-08-31,2029-03-31,943.0,1,,https://ipm.mospi.gov.in/Home/PublicDashboard
748,Railways,Ministry of Railways,706779,Mumbai Urban Transport Project [MUTP] - PHASE II,8087,8087.0,7364.0,2014-03-31,2027-12-31,5023.0,1,,https://ipm.mospi.gov.in/Home/PublicDashboard
749,Railways,Ministry of Railways,706780,Mumbai Urban Transport Project [MUTP]  Phase-IIIA,33690,33690.0,2246.15,2027-12-31,2027-12-31,0.0,0,,https://ipm.mospi.gov.in/Home/PublicDashboard
750,Railways,Ministry of Railways,706781,Mumbai Urban Transport Project Phase-III,10947,10947.0,5057.67,2022-03-31,2026-12-31,1736.0,1,,https://ipm.mospi.gov.in/Home/PublicDashboard
751,Railways,Ministry of Railways,706835,Belgaum-Dharwad via Kittur [73.10Km],1591,1591.0,0.75,2027-12-31,2029-03-31,456.0,1,,https://ipm.mospi.gov.in/Home/PublicDashboard
752,Railways,Ministry of Railways,706854,Boridand - Ambikapur Doubling Line Project,1376,1576.23,218.0,2030-06-30,2030-06-30,0.0,0,,https://ipm.mospi.gov.in/Home/PublicDashboard
753,Railways,Ministry of Railways,706856,Rourkela - Bondamunda 5th Line Doubling Project,245,245.0,82.0,2026-09-30,2026-09-26,-4.0,0,,https://ipm.mospi.gov.in/Home/PublicDashboard
754,Railways,Ministry of Railways,706866,Sawaimadhopur Bye Pass Line Project,304,304.0,134.0,2026-03-31,2027-05-27,422.0,1,,https://ipm.mospi.gov.in/Home/PublicDashboard
755,Railways,Ministry of Railways,706898,Khurda Road - Balangir Electrification of Railway Track Project,268,,0.0,2021-03-31,,,,,https://ipm.mospi.gov.in/Home/PublicDashboard
756,Railways,Ministry of Railways,706922,Guwahati-Dibrugarh via Tinsukia & Simaluguri-Dibrugarh,890,889.36,391.73,2020-09-03,2024-06-30,1396.0,1,,https://ipm.mospi.gov.in/Home/PublicDashboard
757,Railways,Ministry of Railways,706950,Hospet-Hubli-Vasco da Gama Line Electrification Project,744,1122.62,969.05,2023-03-31,2024-03-31,366.0,1,,https://ipm.mospi.gov.in/Home/PublicDashboard
758,Railways,Ministry of Railways,709808,PACHORA-JAMNER WITH EXTENSION UPTO MALKAPUR NG TO BG,955,2094.0,118.0,2027-08-31,2028-03-28,210.0,1,,https://ipm.mospi.gov.in/Home/PublicDashboard
759,Railways,Ministry of Railways,709809,KALYAN-MURBAD VIA ULHASNAGAR  [UMBRELLA WORK],836,836.0,9.29,2027-03-31,2027-03-27,-4.0,0,,https://ipm.mospi.gov.in/Home/PublicDashboard
760,Railways,Ministry of Railways,709810,KODINGAMALI BAUXITE MINES TO SINGARAM RAILWAY STATION,191,,,2027-08-31,2027-08-27,-4.0,0,,https://ipm.mospi.gov.in/Home/PublicDashboard
761,Railways,Ministry of Railways,709811,GANDHAMARDAN IRON ORE MINES TO GOALDIH STATION/12.76kms,190,190.0,,2027-09-30,2027-09-27,-3.0,0,,https://ipm.mospi.gov.in/Home/PublicDashboard
762,Railways,Ministry of Railways,709812,NADIAD-PETLAD [37.26 KM],462,461.91,75.0,2030-06-30,2030-06-30,0.0,0,,https://ipm.mospi.gov.in/Home/PublicDashboard
763,Railways,Ministry of Railways,709813,NEW BG LINE INTERSECTION [5 NOS] BETWEEN GERATPUR-SANAND & BOTAD-AHMEDABAD [16.51 KM]  [PB#29/NR/202,437,437.21,43.0,2027-10-31,2027-10-27,-4.0,0,,https://ipm.mospi.gov.in/Home/PublicDashboard
764,Railways,Ministry of Railways,709814,NIPANIA-BHATAPRA [14.4 KM] 4TH LINE [PB-72/NR/2022-23],170,184.0,,2026-12-31,2026-12-31,0.0,0,,https://ipm.mospi.gov.in/Home/PublicDashboard
765,Railways,Ministry of Railways,709815,4TH LINE - BHATAPARA-HATHBAND [8.8 KM] [PB-72/NR/2022-23],177,177.03,,2027-01-31,2027-12-31,334.0,1,,https://ipm.mospi.gov.in/Home/PublicDashboard
766,Railways,Ministry of Railways,709816,4TH LINE - BHILAI-BHILAI NAGAR [8.8 KM] [PB-72/NR/2022-23],177,177.34,0.76,2027-02-28,2027-02-28,0.0,0,,https://ipm.mospi.gov.in/Home/PublicDashboard
767,Railways,Ministry of Railways,709817,4TH LINE - DADHAPARA-BELHA [9.2 KM] [PB-72/NR/2022-23],169,169.06,10.13,2026-11-30,2026-11-26,-4.0,0,,https://ipm.mospi.gov.in/Home/PublicDashboard
768,Railways,Ministry of Railways,709818,4TH LINE RAJNANDGAON-DONGARHGARH [31.2 KM] [PB-72/NR/2022-23],328,328.34,48.02,2027-01-31,2027-01-31,0.0,0,,https://ipm.mospi.gov.in/Home/PublicDashboard
769,Railways,Ministry of Railways,709819,3RD AND 4TH LINE - SARAGBUNDIA AND MADWARANI,177,177.0,,2026-12-31,2026-12-31,0.0,0,,https://ipm.mospi.gov.in/Home/PublicDashboard
770,Real Estate,Ministry of Railways,705663,Bangalore-Whitefield-Bangalore City-Krishnarajapuram [23.08 km] - Quadrupling,493,493.0,252.45,2026-02-28,2026-02-28,0.0,0,,https://ipm.mospi.gov.in/Home/PublicDashboard
771,Urban Public Transport,Ministry of Railways,706777,Baranagar-Barrackpore and Dakshineshwar- Construction of Metro Railway,2298,2734.0,393.0,2026-12-31,2025-12-26,-370.0,0,,https://ipm.mospi.gov.in/Home/PublicDashboard
772,Metals & Mining,Ministry of Steel,615202,Capacity expansion of Deposit-14 and 14 NMZ at Kirandul,1700,1756.2,65.44,2028-12-31,2028-03-27,-279.0,0,,https://ipm.mospi.gov.in/Home/PublicDashboard
773,Steel,Ministry of Steel,400065,Installation of 4th Slab Caster along with its Auxiliaries and a New Ladle Furnace in SMS-II at Rourkela Steel Plant,1105,,736.47,2025-05-15,2025-07-15,61.0,1,,https://ipm.mospi.gov.in/Home/PublicDashboard
774,Steel,Ministry of Steel,400121,"Construction of Screening Plant-II for Donimalai and Kumaraswamy Iron Ore Mining Complex of NMDC Limited at Ballari Dt, Karnataka.",1044,,214.48,2026-08-25,,,,,https://ipm.mospi.gov.in/Home/PublicDashboard
775,Steel,Ministry of Steel,400174,"New Sinter Plant at BSL, SAIL",1034,1752.3,883.23,2017-10-31,2027-06-30,3529.0,1,,https://ipm.mospi.gov.in/Home/PublicDashboard
776,Steel,Ministry of Steel,612781,Rebuilding of COB 4 at Durgapur Steel Plant,917,,118.63,2026-12-08,,,,,https://ipm.mospi.gov.in/Home/PublicDashboard
777,Steel,Ministry of Steel,617242,Installation of New Bar Mill at Durgapur Steel Plant,2115,,206.67,2027-06-30,,,,,https://ipm.mospi.gov.in/Home/PublicDashboard
778,Steel,Ministry of Steel,617243,Replacement of Hot Leveller No.1 of Plate Mill at Bhilai Steel Plant,199,,10.53,2026-07-29,,,,,https://ipm.mospi.gov.in/Home/PublicDashboard
779,Steel,Ministry of Steel,617246,Up-gradation of Blast Furnace No. 3 at Durgapur Steel Plant,758,,53.31,2026-06-07,,,,,https://ipm.mospi.gov.in/Home/PublicDashboard
780,Steel,Ministry of Steel,617248,Third Ladle Furnace in Secondary Refinery Unit at IISCO Steel Plant,228,,16.24,2026-07-17,,,,,https://ipm.mospi.gov.in/Home/PublicDashboard
781,Steel,Ministry of Steel,617249,Replacement of existing Grinders in CRM-I & II at Bokaro Steel Plant,212,,7.52,2027-01-27,,,,,https://ipm.mospi.gov.in/Home/PublicDashboard
782,Steel,Ministry of Steel,617250,Secondary Emission Control in Converters of SMS-II at Bokaro Steel Plant,207,,7.91,2026-10-25,,,,,https://ipm.mospi.gov.in/Home/PublicDashboard
783,Steel,Ministry of Steel,617251,Revamping of Air Pollution Control Systems of SP-1 at Durgapur Steel Plant,196,,0.19,2026-05-27,,,,,https://ipm.mospi.gov.in/Home/PublicDashboard
784,Steel,Ministry of Steel,617253,Revamping of old sub-systems of Blast Furnace 3 at Bokaro Steel Plant,514,,220.42,2025-07-03,2025-11-30,150.0,1,,https://ipm.mospi.gov.in/Home/PublicDashboard
785,Steel,Ministry of Steel,617254,Replacement of remaining 04 sets  of Battery Cyclones with 04 Nos. of ESPs in Sinter Plant-1 at Bokaro Steel Plant,260,,44.22,2026-06-29,,,,,https://ipm.mospi.gov.in/Home/PublicDashboard
786,Steel,Ministry of Steel,617255,"Replacement of Converter Vessels, Trunnion Rings, Support System & Installation of Secondary Emission at Bhilai Steel Plant",472,,111.75,2026-06-14,,,,,https://ipm.mospi.gov.in/Home/PublicDashboard
787,Steel,Ministry of Steel,617256,Rebuilding of Coke Oven Battery No.7 & 8 at Bhilai Steel Plant,884,,453.2,2025-10-31,,,,,https://ipm.mospi.gov.in/Home/PublicDashboard
788,Steel,Ministry of Steel,617257,Rebuilding of Coke Oven Battery No.6 at Bokaro Steel Plant,627,,88.21,2026-11-15,,,,,https://ipm.mospi.gov.in/Home/PublicDashboard
789,Steel,Ministry of Steel,706811,NMDC Slurry Pipeline Project Phase-1,2907,5427.0,3012.02,2023-06-30,2025-12-31,915.0,1,,https://ipm.mospi.gov.in/Home/PublicDashboard
790,Steel,Ministry of Steel,709826,SCREENING PLANT-III AT KIRANDUL,2719,,1327.11,2026-01-31,,,,,https://ipm.mospi.gov.in/Home/PublicDashboard
791,Steel,Ministry of Steel,709827,CONSTRUCTION OF RESIDENTIAL TOWERS AT BIOM KIRANDUL COMPLEX,350,,247.42,2025-12-31,,,,,https://ipm.mospi.gov.in/Home/PublicDashboard
