sr_no,sector_name,line_ministry,project_code,project_name,original_cost_crore,revised_cost_crore,expenditure_crore,original_end_date,revised_date,delay_days,schedule_revised_later,source_snapshot,source_url
1,Logistics Infrastructure,Department for Promotion of Industry & Internal Trade,707410,Integrated Multi Modal Logistics Hub at Nangal Chaudhary in Haryana - Other Trunk Infrastructure Development Phase 1,763,,430.0,2023-12-31,2028-05-15,1597.0,1,,https://ipm.mospi.gov.in/Home/PublicDashboard
2,Real Estate,Department for Promotion of Industry & Internal Trade,701657,Tumakuru Node - Phase 1 - Roads and Services Development,1702,,278.35,2026-09-21,,,,,https://ipm.mospi.gov.in/Home/PublicDashboard
3,Real Estate,Department for Promotion of Industry & Internal Trade,701658,Krishnapatnam Node - Phase 1 - Roads and Services Development,2139,,754.36,2028-02-15,,,,,https://ipm.mospi.gov.in/Home/PublicDashboard
4,Education,Department of Higher Education,602098,"Construction of Permanent Campus for IIM Jammu Phase-1 at Jagti, Nagrota, Jammu, J&K",425,500.91,484.52,2023-06-30,2025-11-30,884.0,1,,https://ipm.mospi.gov.in/Home/PublicDashboard
5,Education,Department of Higher Education,602099,Establishment of Permanent campus Phase 1 of IIM Sirmaur,393,454.78,335.33,2023-10-31,2026-04-30,912.0,1,,https://ipm.mospi.gov.in/Home/PublicDashboard
6,Education,Department of Higher Education,605292,"Construction of Permanent Campus of Indian Institute of Management [IIM] Amritsar, Punjab, Phase-I",348,,292.88,2023-06-30,2026-09-30,1188.0,1,,https://ipm.mospi.gov.in/Home/PublicDashboard
7,Education,Department of Higher Education,606013,Additional Campus  of NITPatna,499,,449.39,2024-07-31,2026-01-31,549.0,1,,https://ipm.mospi.gov.in/Home/PublicDashboard
8,Education,Department of Higher Education,606112,Tezpur University Projects,154,,137.84,2023-11-08,2025-12-31,784.0,1,,https://ipm.mospi.gov.in/Home/PublicDashboard
9,Education,Department of Higher Education,606431,CONSTRUCTION OF PERMANENT CAMPUS FOR IIT PALAKKAD UNDER PHASE 1A,1006,1217.4,672.46,2022-06-07,2026-06-30,1484.0,1,,https://ipm.mospi.gov.in/Home/PublicDashboard
10,Education,Department of Higher Education,606479,Banaras Hindu University [ Kayakalp of Institute of Medical Sciences],246,,207.02,2022-09-30,2026-03-31,1278.0,1,,https://ipm.mospi.gov.in/Home/PublicDashboard
11,Education,Department of Higher Education,609019,"HEFA projects on development of student hostels, playgrounds, departmental buildings, class room complex and other campus facilities in IIT Kharagpur",500,442.0,411.4,2023-03-31,2026-03-31,1096.0,1,,https://ipm.mospi.gov.in/Home/PublicDashboard
12,Education,Department of Higher Education,609736,"Construction of Sikkim University Campus Phase-I Package-II at Yangang, South Sikkim",314,,292.0,2025-01-04,2026-03-31,451.0,1,,https://ipm.mospi.gov.in/Home/PublicDashboard
13,Education,Department of Higher Education,609996,Construction of Precast housing and hostels at IIT Hyderabad,262,,210.23,2024-10-23,2026-01-01,435.0,1,,https://ipm.mospi.gov.in/Home/PublicDashboard
14,Education,Department of Higher Education,610315,IISER BERHAMPUR,1229,843.09,874.09,2021-03-31,2026-06-30,1917.0,1,,https://ipm.mospi.gov.in/Home/PublicDashboard
15,Education,Department of Higher Education,611957,"Phase III A works at IIT Indore [03 Hostels, 01 Studio Apartment, 01 Housing, Heavy & Sophisticated lab complex, Academic POD and  Infrastructure for center of excellence]",496,,78.35,2027-02-19,,,,,https://ipm.mospi.gov.in/Home/PublicDashboard
16,Education,Department of Higher Education,611963,"Construction & Development of Infrastructural Facilities in the main campus of NIT Uttarakhand at Sumari, Pauri Garhwal",651,,355.83,2027-09-30,,,,,https://ipm.mospi.gov.in/Home/PublicDashboard
17,Education,Department of Higher Education,612128,Hostel blocks & dining hall block,167,,122.26,2026-03-26,2026-07-31,127.0,1,,https://ipm.mospi.gov.in/Home/PublicDashboard
18,Education,Department of Higher Education,612851,"Phase 1B - Construction of Academic Block, Hostel, Residential Tower, Directors Residence and External Development works at National Institute of Technology, Delhi Campus on Engineering, Procurement and Construction basis",333,336.42,321.76,2025-09-30,2026-01-31,123.0,1,,https://ipm.mospi.gov.in/Home/PublicDashboard
19,Education,Department of Higher Education,612876,"Construction of Permanent Campus for NIT Mizoram at Lengpui, Aizawl",474,474.23,167.55,2029-12-31,2022-03-31,-2832.0,0,,https://ipm.mospi.gov.in/Home/PublicDashboard
20,Education,Department of Higher Education,612877,Establishment of NIT Puducherry Permanent Campus [Phase-I and Phase-II],618,544.34,543.74,2024-12-31,2026-05-31,516.0,1,,https://ipm.mospi.gov.in/Home/PublicDashboard
21,Education,Department of Higher Education,612883,Establishment of Permanent Campus of NIT SIkkim at Khamdong-Gangtok District,686,610.76,283.56,2028-02-12,2026-12-31,-408.0,0,,https://ipm.mospi.gov.in/Home/PublicDashboard
22,Education,Department of Higher Education,612885,Construction and Developement of National Institute of Technology Meghalaya Permanent Campus at Sohra,495,429.7,367.48,2022-03-31,2026-10-31,1675.0,1,,https://ipm.mospi.gov.in/Home/PublicDashboard
23,Education,Department of Higher Education,612894,"Construction of Permanent Campus of Central University of Himachal Pradesh at Dehra, District - Kangra, [H.P.] on Engineering. Procurement and Construction [EPC Mode 1] Basis.",252,300.45,223.21,2024-11-18,2026-03-25,492.0,1,,https://ipm.mospi.gov.in/Home/PublicDashboard
24,Education,Department of Higher Education,612898,Construction of Permanent Campus of National Institute of Technology Arunachal Pradesh,593,,551.3,2026-08-31,2024-08-31,-730.0,0,,https://ipm.mospi.gov.in/Home/PublicDashboard
25,Education,Department of Higher Education,612916,"Construction of permanent campus of Central University of Gujarat at Village kundhela, Dist. Vadodara, Gujarat.",491,,329.53,2025-03-31,2026-03-31,365.0,1,,https://ipm.mospi.gov.in/Home/PublicDashboard
26,Education,Department of Higher Education,613008,Construction of Permanent Campus of Central Tribal University of Andhra Pradesh Phase-1,305,,63.37,2027-06-26,,,,,https://ipm.mospi.gov.in/Home/PublicDashboard
27,Education,Department of Higher Education,613013,Establishment of NIT Nagaland,276,,262.53,2025-12-31,,,,,https://ipm.mospi.gov.in/Home/PublicDashboard
28,Education,Department of Higher Education,616886,Delhi University Eastern Campus at Surajmal Vihar,373,,27.63,2026-10-31,,,,,https://ipm.mospi.gov.in/Home/PublicDashboard
29,Education,Department of Higher Education,617221,"Construction of Girls Hostel 400 seater, Boys Hostel 600 seater, Academic Block, International Hostel 100 seater, VC Residence and Purchase of Equipment",211,,91.95,2027-10-03,,,,,https://ipm.mospi.gov.in/Home/PublicDashboard
30,Education,Department of Higher Education,617877,Phase B Construction of Permanent Campus of IIT Bhilai,1189,,0.0,2028-10-31,,,,,https://ipm.mospi.gov.in/Home/PublicDashboard
31,Education,Department of Higher Education,617878,Phase B of Construction of Permanent Campus of IIT Palakkad,1527,,9.8,2028-10-31,,,,,https://ipm.mospi.gov.in/Home/PublicDashboard
32,Education,Department of Higher Education,619033,"1000 seater Boys hostel, 500 seater Girls hostel, 1.5 MLD Sewage Treatment Plant and Faculty Residence - 72 nos. Flats",199,,42.55,2026-06-30,,,,,https://ipm.mospi.gov.in/Home/PublicDashboard
33,Education,Department of Sports,400081,"National Sports University [NSU], Imphal [Manipur]",906,611.74,571.72,2024-08-26,2026-08-08,712.0,1,,https://ipm.mospi.gov.in/Home/PublicDashboard
34,Telecommunication,Department of Telecommunications,400013,Saturation 4G mobile coverage of Uncovered Villages through USOF,26316,30620.0,9791.8,2024-06-20,2026-03-31,649.0,1,,https://ipm.mospi.gov.in/Home/PublicDashboard
35,Telecommunication,Department of Telecommunications,617413,Mobile connectivity in Left Wing Extremism [LWE] affected areas-Phase 1 Upgradation,1885,,376.8,2025-05-08,2026-03-31,327.0,1,,https://ipm.mospi.gov.in/Home/PublicDashboard
36,Telecommunication,Department of Telecommunications,701593,4G Services by BSNL,28466,19592.0,8471.19,2024-03-31,2026-03-31,730.0,1,,https://ipm.mospi.gov.in/Home/PublicDashboard
37,Telecommunication,Department of Telecommunications,701597,Provision of 4G Mobile Services in Uncovered Villages of Arunachal Pradesh and 2 Districts of Assam,1255,,332.43,2023-04-30,2026-03-31,1066.0,1,,https://ipm.mospi.gov.in/Home/PublicDashboard
38,Telecommunication,Department of Telecommunications,701598,Provision of 4G based Mobile Services in Uncovered Villages and National Highways of Meghalaya,972,,224.6,2022-03-03,2026-03-31,1489.0,1,,https://ipm.mospi.gov.in/Home/PublicDashboard
39,Telecommunication,Department of Telecommunications,701599,Mobile connectivity in Left Wing Extremism [LWE] affected areas-Phase2,1578,,701.66,2023-03-31,2026-03-30,1095.0,1,,https://ipm.mospi.gov.in/Home/PublicDashboard
40,Telecommunication,Department of Telecommunications,701602,"Provision of 4G based mobile services in 7,287 uncovered villages of 44 Aspirational District across 5 states of Andhra Pradesh, Chhattisgarh, Jharkhand, Maharashtra & Odisha",3685,,1451.43,2023-11-19,2026-05-19,912.0,1,,https://ipm.mospi.gov.in/Home/PublicDashboard
41,Telecommunication,Department of Telecommunications,704495,"502 Aspirational District Scheme in Four states - Bihar, Madhya Pradesh, Rajastha and Uttar Pradesh",422,228.94,152.96,2022-03-16,2026-06-21,1558.0,1,,https://ipm.mospi.gov.in/Home/PublicDashboard
42,Telecommunication,Department of Telecommunications,706775,BharatNet,61109,188000.0,46431.5,2023-08-31,2027-03-31,1308.0,1,,https://ipm.mospi.gov.in/Home/PublicDashboard
43,Telecommunication,Department of Telecommunications,709856,MPLS-IP BASED ACCESS AND AGGREGATION NETWORK [MAAN] IN BSNL ALONG WITH TEST AND MEASURING EQUIPMENT,645,,377.59,2024-08-31,2026-06-30,668.0,1,,https://ipm.mospi.gov.in/Home/PublicDashboard
44,Telecommunication,Department of Telecommunications,709857,"Planning, Engineering, Supply, Installation, Testing, Commissioning, Integration & Annual Maintenance of 4G mobile network at 1 Lakh sites on PAN India basis including Mumbai & Delhi LSA on turnkey basis under Phase IX.2 Project.",24545,,8472.04,2025-06-21,2026-09-30,466.0,1,,https://ipm.mospi.gov.in/Home/PublicDashboard
45,Telecommunication,Department of Telecommunications,709859,SETTING UP OF PHYSICAL INFRASTRUCTURE FOR THE NATIONAL INSTITUTE OF COMMUNICATION FINANCE [NICF] AT GHITORNI,248,,236.91,2020-02-17,2026-06-30,2325.0,1,,https://ipm.mospi.gov.in/Home/PublicDashboard
46,Waste & Water,"Department of Water Resources, River Development & GR",616594,Interception & Diversion with Rehabilitation of sewerage scheme at Agra under Hybrid annuity based PPP model-Namami Gange Programme,842,,208.64,2025-04-30,2026-12-31,610.0,1,,https://ipm.mospi.gov.in/Home/PublicDashboard
47,Waste & Water,"Department of Water Resources, River Development & GR",616600,Interception and Diversion and STP works in Bhagalpur  under Hybrid annuity based PPP mode-Namami Gange Programme,413,,126.67,2025-02-06,2026-12-31,693.0,1,,https://ipm.mospi.gov.in/Home/PublicDashboard
48,Waste & Water,"Department of Water Resources, River Development & GR",616604,Pollution Abatement works for River Ganga at Hooghly Chinsurah- Municipal Town  Interception & Diversion with STP,155,,96.17,2025-03-30,2026-08-31,519.0,1,,https://ipm.mospi.gov.in/Home/PublicDashboard
49,Waste & Water,"Department of Water Resources, River Development & GR",616605,Pollution Abatement Works for River Kali Meerut under Meerut Municipality  Interception & Diversion with  STP,691,,34.79,2024-12-31,2027-05-11,861.0,1,,https://ipm.mospi.gov.in/Home/PublicDashboard
50,Waste & Water,"Department of Water Resources, River Development & GR",616611,Sewage Treatment Plant  100MLD  and Sewerage Network 288 km in Digha-Patna under Hybrid annuity based PPP mode-Namami Gange Programme,824,,396.71,2025-12-30,2026-09-30,274.0,1,,https://ipm.mospi.gov.in/Home/PublicDashboard
51,Waste & Water,"Department of Water Resources, River Development & GR",616612,Sewage Treatment Plant  50MLD  and Sewerage Network 150 km in Kankarbagh-Patna under Hybrid annuity based PPP mode-Namami Gange Programme,579,,171.79,2025-12-30,,,,,https://ipm.mospi.gov.in/Home/PublicDashboard
52,Waste & Water,"Department of Water Resources, River Development & GR",616615,"Sewer Network,  SPS and STP at Begusarai",230,,261.82,2025-04-30,2025-12-31,245.0,1,,https://ipm.mospi.gov.in/Home/PublicDashboard
53,Waste & Water,"Department of Water Resources, River Development & GR",616616,"Sewer Networks,  SPS and STP at Hajipur",305,,346.46,2025-06-30,2025-12-31,184.0,1,,https://ipm.mospi.gov.in/Home/PublicDashboard
54,Water Resources,"Department of Water Resources, River Development & GR",400093,Saryu Nahar CADWM Project,1673,,22.24,2019-12-31,2026-03-31,2282.0,1,,https://ipm.mospi.gov.in/Home/PublicDashboard
55,Water Resources,"Department of Water Resources, River Development & GR",400095,Gosikhurd CADWM Project,744,,458.42,2019-12-31,2026-06-30,2373.0,1,,https://ipm.mospi.gov.in/Home/PublicDashboard
56,Water Resources,"Department of Water Resources, River Development & GR",400096,Omkareshwar CADWM Project,648,648.09,208.06,2019-12-31,2027-06-30,2738.0,1,,https://ipm.mospi.gov.in/Home/PublicDashboard
57,Water Resources,"Department of Water Resources, River Development & GR",400097,Sardar Sarovar CADWM Project,5022,6670.31,4956.98,2019-12-31,2026-03-31,2282.0,1,,https://ipm.mospi.gov.in/Home/PublicDashboard
58,Water Resources,"Department of Water Resources, River Development & GR",400100,Sardar Gouthu Latchanna Thotapalli Barrage Project,353,1023.24,872.65,2019-12-31,2026-06-30,2373.0,1,,https://ipm.mospi.gov.in/Home/PublicDashboard
59,Water Resources,"Department of Water Resources, River Development & GR",400101,Gundlakamma project,397,697.39,619.46,2019-12-31,2027-03-31,2647.0,1,,https://ipm.mospi.gov.in/Home/PublicDashboard
60,Water Resources,"Department of Water Resources, River Development & GR",400102,Sri Ram Sagar Project Stage - II,736,949.87,971.47,2019-12-31,2025-12-31,2192.0,1,,https://ipm.mospi.gov.in/Home/PublicDashboard
61,Water Resources,"Department of Water Resources, River Development & GR",400103,Indiramma Flood Flow Canal Project,1331,5940.09,4491.08,2019-12-31,2026-12-31,2557.0,1,,https://ipm.mospi.gov.in/Home/PublicDashboard
62,Water Resources,"Department of Water Resources, River Development & GR",400104,Punpun Barrage Project,571,658.12,447.68,2019-12-31,2026-03-31,2282.0,1,,https://ipm.mospi.gov.in/Home/PublicDashboard
63,Water Resources,"Department of Water Resources, River Development & GR",400105,Urmodi Irrigation Project,581,895.81,713.46,2022-06-30,2026-12-31,1645.0,1,,https://ipm.mospi.gov.in/Home/PublicDashboard
64,Water Resources,"Department of Water Resources, River Development & GR",400107,Sulwade-Jamphal-Kanoli Lift Irrigation Scheme,2408,,2778.84,2023-06-30,2027-06-30,1461.0,1,,https://ipm.mospi.gov.in/Home/PublicDashboard
65,Water Resources,"Department of Water Resources, River Development & GR",400109,Purna Barrage-2 [Ner Dhamana] Medium Irrigation Project,848,888.43,690.49,2020-06-30,2026-06-30,2191.0,1,,https://ipm.mospi.gov.in/Home/PublicDashboard
66,Water Resources,"Department of Water Resources, River Development & GR",400111,Kelo Irrigation Project,460,727.04,618.85,2019-12-31,2026-06-30,2373.0,1,,https://ipm.mospi.gov.in/Home/PublicDashboard
67,Water Resources,"Department of Water Resources, River Development & GR",400112,Jigaon Irrigation Project,7223,,9587.99,2028-06-30,,,,,https://ipm.mospi.gov.in/Home/PublicDashboard
68,Water Resources,"Department of Water Resources, River Development & GR",400115,Bargi Diversion Project Phase - IV [km. 154 to km 197],751,893.35,814.02,2019-12-31,2026-03-31,2282.0,1,,https://ipm.mospi.gov.in/Home/PublicDashboard
69,Water Resources,"Department of Water Resources, River Development & GR",400116,Bargi Diversion Project Phase - III [km. 104 to km 154],1229,1399.7,2155.66,2019-12-31,2026-12-31,2557.0,1,,https://ipm.mospi.gov.in/Home/PublicDashboard
70,Water Resources,"Department of Water Resources, River Development & GR",603945,Integrated Anandpur Barrage Project,567,2990.05,2776.23,2019-12-31,2026-06-30,2373.0,1,,https://ipm.mospi.gov.in/Home/PublicDashboard
71,Water Resources,"Department of Water Resources, River Development & GR",613787,Jamrani Dam Multipurpose Project,2584,,1267.4,2029-06-28,,,,,https://ipm.mospi.gov.in/Home/PublicDashboard
72,Water Resources,"Department of Water Resources, River Development & GR",617422,Bodwad Parisar Sinchan Yojna,1924,,1874.37,2027-07-31,,,,,https://ipm.mospi.gov.in/Home/PublicDashboard
73,Water Resources,"Department of Water Resources, River Development & GR",701370,Borolia Irrigation Project,256,,44.7,2022-12-31,2026-03-31,1186.0,1,,https://ipm.mospi.gov.in/Home/PublicDashboard
74,Water Resources,"Department of Water Resources, River Development & GR",701372,Sardar Sarovar Project,20718,33412.5,31860.9,2019-12-31,2026-03-31,2282.0,1,,https://ipm.mospi.gov.in/Home/PublicDashboard
75,Water Resources,"Department of Water Resources, River Development & GR",701376,"Subernarekha   Multipurpose Project, Jharkhand",3808,9579.58,5999.8,2019-12-31,2026-03-31,2282.0,1,,https://ipm.mospi.gov.in/Home/PublicDashboard
76,Water Resources,"Department of Water Resources, River Development & GR",701377,Upper Tunga Irrigation Project,770,1606.07,1515.6,2019-12-31,2026-03-31,2282.0,1,,https://ipm.mospi.gov.in/Home/PublicDashboard
77,Water Resources,"Department of Water Resources, River Development & GR",701383,Waghur Project,1059,1758.51,1634.21,2019-12-31,2026-03-31,2282.0,1,,https://ipm.mospi.gov.in/Home/PublicDashboard
78,Water Resources,"Department of Water Resources, River Development & GR",701386,Gosikhurd Project,7196,12770.1,14302.6,2019-12-31,2028-06-30,3104.0,1,,https://ipm.mospi.gov.in/Home/PublicDashboard
79,Water Resources,"Department of Water Resources, River Development & GR",701391,Aruna Medium Irrigation Project,210,1472.14,1734.71,2019-12-31,2025-12-31,2192.0,1,,https://ipm.mospi.gov.in/Home/PublicDashboard
80,Water Resources,"Department of Water Resources, River Development & GR",701395,Morna [Gureghar] Irrigation Project,220,,115.2,2025-12-31,,,,,https://ipm.mospi.gov.in/Home/PublicDashboard
81,Water Resources,"Department of Water Resources, River Development & GR",701396,Lower Pedhi Project,256,1480.7,1516.11,2019-12-31,2026-06-30,2373.0,1,,https://ipm.mospi.gov.in/Home/PublicDashboard
82,Water Resources,"Department of Water Resources, River Development & GR",701398,Nardave Medium Irrigation Project,211,781.85,626.06,2019-12-31,2026-06-30,2373.0,1,,https://ipm.mospi.gov.in/Home/PublicDashboard
83,Water Resources,"Department of Water Resources, River Development & GR",701399,Kudali Irrigation Project,382,,249.06,2025-12-31,2026-03-31,90.0,1,,https://ipm.mospi.gov.in/Home/PublicDashboard
84,Water Resources,"Department of Water Resources, River Development & GR",701400,Thoubal Multipurpose Project,1449,1822.24,1837.91,2019-12-31,2026-03-31,2282.0,1,,https://ipm.mospi.gov.in/Home/PublicDashboard
85,Water Resources,"Department of Water Resources, River Development & GR",701402,"Subernarekha Project, Odisha",3056,7023.19,8060.82,2019-12-31,2026-03-31,2282.0,1,,https://ipm.mospi.gov.in/Home/PublicDashboard
86,Water Resources,"Department of Water Resources, River Development & GR",701404,Kanupur Irrigation Project,989,2301.28,2804.16,2019-12-31,2026-06-30,2373.0,1,,https://ipm.mospi.gov.in/Home/PublicDashboard
87,Water Resources,"Department of Water Resources, River Development & GR",701405,J. Chokka Rao Devadula Lift Irrigation Scheme,8201,14730.0,4784.54,2019-12-31,2025-12-31,2192.0,1,,https://ipm.mospi.gov.in/Home/PublicDashboard
88,Water Resources,"Department of Water Resources, River Development & GR",701406,Rajiv Bhima Lift Irrigation Scheme,1402,2509.66,1839.76,2019-12-31,2026-03-31,2282.0,1,,https://ipm.mospi.gov.in/Home/PublicDashboard
89,Water Resources,"Department of Water Resources, River Development & GR",701408,Madhya Ganga canal Phase-II,1061,4417.21,4575.74,2019-12-31,2025-12-31,2192.0,1,,https://ipm.mospi.gov.in/Home/PublicDashboard
90,Water Resources,"Department of Water Resources, River Development & GR",701410,Relining of  Rajasthan feeder and Sirhind Feeder canal,1441,2462.16,2201.29,2021-06-30,2026-06-30,1826.0,1,,https://ipm.mospi.gov.in/Home/PublicDashboard
91,Water Resources,"Department of Water Resources, River Development & GR",701411,Shahpur Kandi Dam Project,2286,2715.7,2201.94,2022-06-30,2026-06-30,1461.0,1,,https://ipm.mospi.gov.in/Home/PublicDashboard
92,Water Resources,"Department of Water Resources, River Development & GR",701412,North Koel Reservoir Project,1622,2430.76,172.97,2021-03-31,2026-03-31,1826.0,1,,https://ipm.mospi.gov.in/Home/PublicDashboard
93,Water Resources,"Department of Water Resources, River Development & GR",701415,Polavaram Irrigation Project,10151,55548.9,26640.4,2022-04-30,2026-03-31,1431.0,1,,https://ipm.mospi.gov.in/Home/PublicDashboard
94,Water Resources,"Department of Water Resources, River Development & GR",701530,Ken-Betwa Linking Development Project,21030,,8530.86,2029-03-31,,,,,https://ipm.mospi.gov.in/Home/PublicDashboard
95,Aviation & Aviation Infrastructure,Ministry of Civil Aviation,400010,"Construction of Terminal Building & Associated works at Leh Airport, Ladakh",480,640.0,501.81,2021-09-14,2026-07-31,1781.0,1,,https://ipm.mospi.gov.in/Home/PublicDashboard
96,Aviation & Aviation Infrastructure,Ministry of Civil Aviation,611047,"Construction of NTB complex including apron, taxi track and other associated civil works and electrical & mechanical installations towards Tawi River side at CA Jammu.",861,861.37,316.6,2026-06-21,2026-11-30,162.0,1,,https://ipm.mospi.gov.in/Home/PublicDashboard
97,Aviation & Aviation Infrastructure,Ministry of Civil Aviation,611495,Development of New Civil Enclave at Bagdogra Airport,1549,1549.0,437.74,2027-03-07,2027-01-03,-63.0,0,,https://ipm.mospi.gov.in/Home/PublicDashboard
98,Aviation & Aviation Infrastructure,Ministry of Civil Aviation,611570,"SITC of ATM Automation System and ASMGCS [Including SMR & MLAT] for Mumbai, Navi Mumbai, Jewar [earlier MOPA, without ASMGCS], HIAL & BIAL",500,,380.97,2025-09-11,2026-08-31,354.0,1,,https://ipm.mospi.gov.in/Home/PublicDashboard
99,Aviation & Aviation Infrastructure,Ministry of Civil Aviation,611602,"Modernization of Chennai Airport, Phase II, Part 2",1207,,268.02,2025-07-31,2026-12-31,518.0,1,,https://ipm.mospi.gov.in/Home/PublicDashboard
100,Aviation & Aviation Infrastructure,Ministry of Civil Aviation,612183,Development of New Civil Enclave at Bihta,1413,,7.64,2027-03-31,,,,,https://ipm.mospi.gov.in/Home/PublicDashboard
101,Aviation & Aviation Infrastructure,Ministry of Civil Aviation,612194,Development of New Civil Enclave and associated works at Darbhanga Airport,912,,352.16,2026-07-11,,,,,https://ipm.mospi.gov.in/Home/PublicDashboard
102,Aviation & Aviation Infrastructure,Ministry of Civil Aviation,612786,"Construction of New Domestic Terminal Building Building and miscellaneous works including maintenance, operations and AICMC at Kadapa Airport",266,,120.19,2026-01-27,2026-05-31,124.0,1,,https://ipm.mospi.gov.in/Home/PublicDashboard
103,Aviation & Aviation Infrastructure,Ministry of Civil Aviation,612787,Construction of New Domestic Terminal Building and Miscellaneous works at Hubli Airport,320,,141.4,2026-01-21,2026-06-30,160.0,1,,https://ipm.mospi.gov.in/Home/PublicDashboard
104,Aviation & Aviation Infrastructure,Ministry of Civil Aviation,612788,Construction of New Domestic Terminal Building and Miscellaneous Works at Belagavi Airport.,322,,198.0,2026-02-01,2026-04-30,88.0,1,,https://ipm.mospi.gov.in/Home/PublicDashboard
105,Aviation & Aviation Infrastructure,Ministry of Civil Aviation,612789,"Development of additional RESA on either end on Runway 10-28  at Calicut Airport.  Construction of embankment with slope protection, drainage system and associated works for additional RESA on either end on Runway 10-28",485,,204.6,2025-09-28,2026-12-31,459.0,1,,https://ipm.mospi.gov.in/Home/PublicDashboard
106,Aviation & Aviation Infrastructure,Ministry of Civil Aviation,612791,"Re-Construction of Rigid portions of Secondary Runway, K and  A Taxiway and Strengthening of C Taxiway at NSCBI Airport Kolkata.",328,,130.5,2025-10-02,2026-08-31,333.0,1,,https://ipm.mospi.gov.in/Home/PublicDashboard
107,Aviation & Aviation Infrastructure,Ministry of Civil Aviation,612793,"Widening of basic strip at Western Side of Runway Chainage 80m to 920m i/c slope stabilization Measures [Balance work] of uphill and Improvement of Storm Water Drainage System at Pakyong Airport, Sikkim on design & build basis [EPC] with integrated 10 years maintenance.",323,,80.84,2026-06-02,,,,,https://ipm.mospi.gov.in/Home/PublicDashboard
108,Aviation & Aviation Infrastructure,Ministry of Civil Aviation,618977,"Development of New Greenfield Airport at Bundi, Kota Rajasthan.",1507,,34.69,2027-10-19,,,,,https://ipm.mospi.gov.in/Home/PublicDashboard
109,Aviation & Aviation Infrastructure,Ministry of Civil Aviation,619054,Development of Keshod Airport.,363,,87.88,2027-01-31,,,,,https://ipm.mospi.gov.in/Home/PublicDashboard
110,Aviation & Aviation Infrastructure,Ministry of Civil Aviation,701101,"Construction of New Domestic Terminal Building [Phase-I and II] and other allied structures at JPNI Airport, Patna",1217,1216.9,1196.4,2026-05-31,2026-05-31,0.0,0,,https://ipm.mospi.gov.in/Home/PublicDashboard
111,Aviation & Aviation Infrastructure,Ministry of Civil Aviation,701105,Goa Airport Terminal Building Extension Project,256,255.69,156.7,2021-12-09,2026-04-30,1603.0,1,,https://ipm.mospi.gov.in/Home/PublicDashboard
112,Aviation & Aviation Infrastructure,Ministry of Civil Aviation,701107,Construction of New Integrated Terminal Building and associated works including apron to park 3 code E type of aircraft or 6 code C type of aircraft at Vijayawada Airport.,612,611.8,523.14,2022-09-04,2026-07-31,1426.0,1,,https://ipm.mospi.gov.in/Home/PublicDashboard
113,Aviation & Aviation Infrastructure,Ministry of Civil Aviation,701113,"Development of Lal Bahadur Shastri International airport, Varanasi including C/o New Terminal Building, Apron Extension, Runway Extension, PTT and allied works.",2870,,544.48,2027-07-20,2027-07-20,0.0,0,,https://ipm.mospi.gov.in/Home/PublicDashboard
114,Aviation & Aviation Infrastructure,Ministry of Civil Aviation,701121,Construction of New  Domestic Terminal Building  at Rajahmundry Airport.,347,,165.11,2025-08-13,2026-04-30,260.0,1,,https://ipm.mospi.gov.in/Home/PublicDashboard
115,Aviation & Aviation Infrastructure,Ministry of Civil Aviation,701122,Development of New Integrated Civil Enclave at Agra Airport,579,,193.18,2026-07-04,2026-11-30,149.0,1,,https://ipm.mospi.gov.in/Home/PublicDashboard
116,Aviation & Aviation Infrastructure,Ministry of Civil Aviation,701126,"Development of Dholera International Greenfield Airport , Gujarat",1305,1551.0,874.24,2026-06-30,2026-06-30,0.0,0,,https://ipm.mospi.gov.in/Home/PublicDashboard
117,Aviation & Aviation Infrastructure,Ministry of Civil Aviation,701127,Construction of New Passenger Terminal Building for Domestic Operations at Jodhpur Airport.,480,480.0,339.22,2026-03-31,2026-04-30,30.0,1,,https://ipm.mospi.gov.in/Home/PublicDashboard
118,Aviation & Aviation Infrastructure,Ministry of Civil Aviation,701128,Construction of New Integrated Passenger Terminal Building at Udaipur Airport,887,887.0,523.61,2026-03-10,2026-09-26,200.0,1,,https://ipm.mospi.gov.in/Home/PublicDashboard
119,Aviation & Aviation Infrastructure,Ministry of Civil Aviation,706718,C/o NITB Imphal Airport,499,499.0,201.99,2024-07-13,2026-12-31,901.0,1,,https://ipm.mospi.gov.in/Home/PublicDashboard
120,Aviation & Aviation Infrastructure,Ministry of Civil Aviation,706724,Guwahati Airport New Integrated Terminal Building Construction Project,1712,2520.0,2602.19,2025-03-31,2026-06-30,456.0,1,,https://ipm.mospi.gov.in/Home/PublicDashboard
121,Coal,Ministry of Coal,400018,HURA C OCP,859,,455.31,2029-03-31,,,,,https://ipm.mospi.gov.in/Home/PublicDashboard
122,Coal,Ministry of Coal,400033,BHATADI EXPANSION OC,581,,111.65,2028-03-31,,,,,https://ipm.mospi.gov.in/Home/PublicDashboard
123,Coal,Ministry of Coal,400073,KONAR EXPANSION OCP,799,,429.61,2032-03-31,,,,,https://ipm.mospi.gov.in/Home/PublicDashboard
124,Coal,Ministry of Coal,400074,KARO EXPANSION OCP,908,,283.86,2029-03-31,,,,,https://ipm.mospi.gov.in/Home/PublicDashboard
125,Coal,Ministry of Coal,400136,SANGHMITRA OC,2660,,9.36,2032-03-31,,,,,https://ipm.mospi.gov.in/Home/PublicDashboard
126,Coal,Ministry of Coal,400138,CHANDRAGUPT OCP,974,,440.75,2032-03-31,,,,,https://ipm.mospi.gov.in/Home/PublicDashboard
127,Coal,Ministry of Coal,400139,KOTRE BASANTPUR PACHMO OCP,861,625.4,464.57,2032-03-31,,,,,https://ipm.mospi.gov.in/Home/PublicDashboard
128,Coal,Ministry of Coal,400142,Pachwara South Coal Block,2243,,1326.95,2028-09-30,,,,,https://ipm.mospi.gov.in/Home/PublicDashboard
129,Coal,Ministry of Coal,400144,PORDA CHIMTAPANI OCP [10 MTY],2310,,113.45,2029-03-31,,,,,https://ipm.mospi.gov.in/Home/PublicDashboard
130,Coal,Ministry of Coal,400148,AMADAND OCP[4.0MTY],869,,325.4,2021-03-31,2027-03-31,2191.0,1,,https://ipm.mospi.gov.in/Home/PublicDashboard
131,Coal,Ministry of Coal,400149,BAROUD OC EXPANSION [3.0-10.0M,2310,,993.49,2029-03-31,,,,,https://ipm.mospi.gov.in/Home/PublicDashboard
132,Coal,Ministry of Coal,400150,RPR MAGADH EXP OCP,7254,,1700.48,2028-03-31,,,,,https://ipm.mospi.gov.in/Home/PublicDashboard
133,Coal,Ministry of Coal,400151,NORTH URIMARI EXPANSION OCP,779,,605.0,2029-03-31,,,,,https://ipm.mospi.gov.in/Home/PublicDashboard
134,Coal,Ministry of Coal,400153,EPR ROHINI - KARKETTA OCP,1020,,85.45,2028-03-31,,,,,https://ipm.mospi.gov.in/Home/PublicDashboard
135,Coal,Ministry of Coal,400154,EPR PUNDI OCP,713,,236.58,2027-03-31,,,,,https://ipm.mospi.gov.in/Home/PublicDashboard
136,Coal,Ministry of Coal,400155,EPR ASHOK OC,2898,,186.16,2031-03-31,,,,,https://ipm.mospi.gov.in/Home/PublicDashboard
137,Coal,Ministry of Coal,400156,EPR AMRAPALI OCP,5136,,1324.96,2028-03-31,,,,,https://ipm.mospi.gov.in/Home/PublicDashboard
138,Coal,Ministry of Coal,400160,RAJRAPPA RCE OCP,511,,488.71,2016-03-31,2027-03-31,4017.0,1,,https://ipm.mospi.gov.in/Home/PublicDashboard
139,Coal,Ministry of Coal,400162,BLOCK B EXPANSION  [3.5 TO 8.0,999,,517.68,2023-03-31,2027-03-31,1461.0,1,,https://ipm.mospi.gov.in/Home/PublicDashboard
140,Coal,Ministry of Coal,400165,SUBHADRA OCP,1694,,1329.01,2032-04-23,,,,,https://ipm.mospi.gov.in/Home/PublicDashboard
141,Coal,Ministry of Coal,400166,SIARMAL OCP,5195,,3489.68,2029-03-31,,,,,https://ipm.mospi.gov.in/Home/PublicDashboard
142,Coal,Ministry of Coal,400172,CHITRA EAST OC,514,,234.28,2026-03-31,2028-03-31,731.0,1,,https://ipm.mospi.gov.in/Home/PublicDashboard
143,Coal,Ministry of Coal,400173,MOHANPUR EXPANSION OC -PHASE I,889,,139.57,2026-03-31,2030-03-31,1461.0,1,,https://ipm.mospi.gov.in/Home/PublicDashboard
144,Coal,Ministry of Coal,400177,AMALGAMATED YEKONA I & YEKONA,727,,544.08,2025-03-31,2026-03-31,365.0,1,,https://ipm.mospi.gov.in/Home/PublicDashboard
145,Coal,Ministry of Coal,400178,DINESH[MAKARDHOKRA-III] OC,823,,631.34,2027-03-31,,,,,https://ipm.mospi.gov.in/Home/PublicDashboard
146,Coal,Ministry of Coal,400180,BONJEMEHARI EXPANSION OCP,570,570.11,88.17,2026-03-31,2030-03-31,1461.0,1,,https://ipm.mospi.gov.in/Home/PublicDashboard
147,Coal,Ministry of Coal,400181,NAKRAKONDA KUMARDIH- B OCP,503,502.67,83.16,2029-03-31,,,,,https://ipm.mospi.gov.in/Home/PublicDashboard
148,Coal,Ministry of Coal,400182,SIDULI [OC & UG],535,535.17,5.71,2027-03-31,2030-03-31,1096.0,1,,https://ipm.mospi.gov.in/Home/PublicDashboard
149,Coal,Ministry of Coal,400183,BALARAM EXPANSION OCP,3504,,955.87,2029-03-31,,,,,https://ipm.mospi.gov.in/Home/PublicDashboard
150,Coal,Ministry of Coal,400185,GOPALJI KANIHA OCP [10 TO 30 M,8416,6107.87,1769.22,2030-03-31,,,,,https://ipm.mospi.gov.in/Home/PublicDashboard
151,Coal,Ministry of Coal,400186,TILABONI UG,749,749.07,53.17,2029-03-31,,,,,https://ipm.mospi.gov.in/Home/PublicDashboard
152,Coal,Ministry of Coal,400187,INTEGRATED LAKHANPUR-BELPAHAR-,2435,,1995.95,2027-03-31,,,,,https://ipm.mospi.gov.in/Home/PublicDashboard
153,Coal,Ministry of Coal,400312,JHANJRA EXPANSION UG,1210,,615.85,2029-03-31,,,,,https://ipm.mospi.gov.in/Home/PublicDashboard
154,Coal,Ministry of Coal,400313,Master Plan for Jharia and Raniganj Coalfields,2662,,799.12,2019-08-11,2028-12-31,3430.0,1,,https://ipm.mospi.gov.in/Home/PublicDashboard
155,Coal,Ministry of Coal,400315,SONEPUR BAZARI EXPANSION OCP [,5366,,622.69,2029-03-31,,,,,https://ipm.mospi.gov.in/Home/PublicDashboard
156,Coal,Ministry of Coal,400321,NIGAHI EXPANSION [15 TO 25 MTP,1730,,920.75,2025-03-31,2028-03-31,1096.0,1,,https://ipm.mospi.gov.in/Home/PublicDashboard
157,Coal,Ministry of Coal,400352,JHARKHAND-LAIYO OCP,765,,145.81,2031-03-31,,,,,https://ipm.mospi.gov.in/Home/PublicDashboard
158,Coal,Ministry of Coal,400353,DHUPTALA OC [SASTI UG TO OC ],711,,174.41,2028-03-31,,,,,https://ipm.mospi.gov.in/Home/PublicDashboard
159,Coal,Ministry of Coal,400354,DIPKA EXPANSION OCP [40 MTY],5241,,2905.11,2029-03-31,,,,,https://ipm.mospi.gov.in/Home/PublicDashboard
160,Coal,Ministry of Coal,400369,BINA KAKRI AMALGAMATION EXPANS,836,,835.34,2024-03-31,2027-03-31,1095.0,1,,https://ipm.mospi.gov.in/Home/PublicDashboard
161,Coal,Ministry of Coal,400392,BHARATPUR RE-ORGANIZATION OCP,2839,,1711.62,2029-03-31,,,,,https://ipm.mospi.gov.in/Home/PublicDashboard
162,Coal,Ministry of Coal,400424,GEVRA OC [70 MTY],11816,,6905.46,2023-03-31,2027-03-31,1461.0,1,,https://ipm.mospi.gov.in/Home/PublicDashboard
163,Coal,Ministry of Coal,400425,MOONIDIH XV SEAM UG,1230,,657.71,2019-03-31,2026-08-31,2710.0,1,,https://ipm.mospi.gov.in/Home/PublicDashboard
164,Coal,Ministry of Coal,611016,2.0 MTPA BHOJUDIH NLW WASHERY,385,,360.66,2020-09-30,2026-04-30,2038.0,1,,https://ipm.mospi.gov.in/Home/PublicDashboard
165,Coal,Ministry of Coal,611017,2.5 MTPA PATHERDIH NLW WASHERY,334,,161.5,2018-04-30,2026-12-31,3167.0,1,,https://ipm.mospi.gov.in/Home/PublicDashboard
166,Coal,Ministry of Coal,611864,AMALAGAMATED NTST KUJAMA OCP 8.5MTY,4012,,414.93,2030-03-31,,,,,https://ipm.mospi.gov.in/Home/PublicDashboard
167,Coal,Ministry of Coal,612816,ITAPARA OCP,929,,71.23,2030-03-31,,,,,https://ipm.mospi.gov.in/Home/PublicDashboard
168,Coal,Ministry of Coal,613793,SHYAMSUNDARPUR UG INCLUDING SA,484,,69.92,2026-03-31,2028-03-31,731.0,1,,https://ipm.mospi.gov.in/Home/PublicDashboard
169,Coal,Ministry of Coal,613794,PARASEA-BELBAID UG PROJECT,389,,132.48,2028-03-31,,,,,https://ipm.mospi.gov.in/Home/PublicDashboard
170,Coal,Ministry of Coal,613798,AMERA OC RCE [1.0 MTY],336,,90.88,2026-03-31,,,,,https://ipm.mospi.gov.in/Home/PublicDashboard
171,Coal,Ministry of Coal,613799,AMGAON OC RCE [1.0 MTY],316,,191.5,2026-03-31,,,,,https://ipm.mospi.gov.in/Home/PublicDashboard
172,Coal,Ministry of Coal,613800,JAGANNATHPUR OC RCE PROJECT,459,,275.97,2025-03-31,2027-03-31,730.0,1,,https://ipm.mospi.gov.in/Home/PublicDashboard
173,Coal,Ministry of Coal,613801,MAHAMAYA OCP [1.50 MTY],410,,187.54,2026-03-31,2028-03-31,731.0,1,,https://ipm.mospi.gov.in/Home/PublicDashboard
174,Coal,Ministry of Coal,613802,KANCHAN OC EXP,371,,148.08,2026-03-31,2028-03-31,731.0,1,,https://ipm.mospi.gov.in/Home/PublicDashboard
175,Coal,Ministry of Coal,613803,JHIRIA WEST OCP [1.5 MTY],367,,35.57,2029-03-31,,,,,https://ipm.mospi.gov.in/Home/PublicDashboard
176,Coal,Ministry of Coal,613804,RPR TAWA-III UG 0.84 MTY,314,,16.38,2027-03-31,,,,,https://ipm.mospi.gov.in/Home/PublicDashboard
177,Coal,Ministry of Coal,613808,MURAIDIH UG PROJECT,340,,191.0,2014-04-30,2026-12-31,4628.0,1,,https://ipm.mospi.gov.in/Home/PublicDashboard
178,Coal,Ministry of Coal,615183,KHADIA EXPANSION [10 TO 16 MTP,492,,276.75,2025-03-31,2027-03-31,730.0,1,,https://ipm.mospi.gov.in/Home/PublicDashboard
179,Coal,Ministry of Coal,615184,SAONER UG MINE -1 EXPANSION 1.,229,,149.21,2028-03-31,,,,,https://ipm.mospi.gov.in/Home/PublicDashboard
180,Coal,Ministry of Coal,615185,AMALGAMATED DHANKASA & JAMUNIA,399,,99.3,2027-03-31,,,,,https://ipm.mospi.gov.in/Home/PublicDashboard
181,Coal,Ministry of Coal,615186,SASTI  EXPANSION OPENCAST,319,,98.84,2026-03-31,,,,,https://ipm.mospi.gov.in/Home/PublicDashboard
182,Coal,Ministry of Coal,615187,RPR OF VISHNUPURI UG TO OC,221,,,2029-03-31,,,,,https://ipm.mospi.gov.in/Home/PublicDashboard
183,Coal,Ministry of Coal,615188,NEW MAJRI UG TO OC 3 MTY COST,402,,67.74,2027-03-31,,,,,https://ipm.mospi.gov.in/Home/PublicDashboard
184,Coal,Ministry of Coal,615189,MAKARDHOKRA EXPN OC 4.9 MTY,362,,88.69,2026-03-31,,,,,https://ipm.mospi.gov.in/Home/PublicDashboard
185,Coal,Ministry of Coal,615190,SINGHORI DEEP OC MIN 2.0 MTY,336,,45.04,2029-03-31,,,,,https://ipm.mospi.gov.in/Home/PublicDashboard
186,Coal,Ministry of Coal,615191,KATKONA RO UG MINE,329,,62.03,2029-03-31,,,,,https://ipm.mospi.gov.in/Home/PublicDashboard
187,Coal,Ministry of Coal,615192,GOKUL EXTENSION OC MINE,310,,51.32,2026-03-31,,,,,https://ipm.mospi.gov.in/Home/PublicDashboard
188,Coal,Ministry of Coal,615193,BASUNDHARA WEST EXTENSION OPEN,479,,281.62,2019-03-31,2029-03-31,3653.0,1,,https://ipm.mospi.gov.in/Home/PublicDashboard
189,Coal,Ministry of Coal,615194,URDHAN EXPANSION OC COST PLUS,207,,27.19,2031-03-31,,,,,https://ipm.mospi.gov.in/Home/PublicDashboard
190,Coal,Ministry of Coal,615195,SHARDA UG MINE,166,,5.4,2028-03-31,,,,,https://ipm.mospi.gov.in/Home/PublicDashboard
191,Coal,Ministry of Coal,615199,KOLGAON EXPANSION DEEP OC MINE,199,,22.77,2027-03-31,,,,,https://ipm.mospi.gov.in/Home/PublicDashboard
192,Coal,Ministry of Coal,615206,GANDHIGRAM UG MINE,414,,20.59,2026-03-31,,,,,https://ipm.mospi.gov.in/Home/PublicDashboard
193,Coal,Ministry of Coal,615330,BALLARPUR NORTH WEST OC MINE,361,,0.02,2029-03-31,,,,,https://ipm.mospi.gov.in/Home/PublicDashboard
194,Coal,Ministry of Coal,615331,GADEGAON OC 3 MTY,497,,17.06,2030-03-31,,,,,https://ipm.mospi.gov.in/Home/PublicDashboard
195,Coal,Ministry of Coal,615349,TAPIN SOUTH EXPN,230,,22.02,2028-03-31,,,,,https://ipm.mospi.gov.in/Home/PublicDashboard
196,Coal,Ministry of Coal,615818,Jawahar Khani Open Cast Mine,298,,47.48,2025-03-31,2027-03-31,730.0,1,,https://ipm.mospi.gov.in/Home/PublicDashboard
197,Coal,Ministry of Coal,615820,TIKAK EXTENSION OCP,160,,92.47,2031-07-04,,,,,https://ipm.mospi.gov.in/Home/PublicDashboard
198,Coal,Ministry of Coal,615821,TIRAP OCP,289,,105.61,2030-11-27,,,,,https://ipm.mospi.gov.in/Home/PublicDashboard
199,Coal,Ministry of Coal,615822,SIRKA OC,223,,140.72,2028-03-31,,,,,https://ipm.mospi.gov.in/Home/PublicDashboard
200,Coal,Ministry of Coal,615843,TETARIAKHAR OC,244,,50.82,2025-03-31,2027-03-31,730.0,1,,https://ipm.mospi.gov.in/Home/PublicDashboard
201,Coal,Ministry of Coal,615857,Naini Coal Mine,494,,491.33,2026-03-31,,,,,https://ipm.mospi.gov.in/Home/PublicDashboard
202,Coal,Ministry of Coal,615858,Kalyanikhani Opencast Project,384,,286.03,2026-03-31,,,,,https://ipm.mospi.gov.in/Home/PublicDashboard
203,Coal,Ministry of Coal,615860,Godavarikhani Coal Mine - 5,607,,197.43,2025-03-31,2026-03-31,365.0,1,,https://ipm.mospi.gov.in/Home/PublicDashboard
204,Coal,Ministry of Coal,615861,Indaram Opencast Project,425,,405.76,2025-03-31,2026-03-31,365.0,1,,https://ipm.mospi.gov.in/Home/PublicDashboard
205,Coal,Ministry of Coal,615862,Goleti Opencast Mine,346,,100.62,2026-03-31,,,,,https://ipm.mospi.gov.in/Home/PublicDashboard
206,Coal,Ministry of Coal,615863,Venkatesh Khani Coal Mine,484,,477.14,2026-03-31,,,,,https://ipm.mospi.gov.in/Home/PublicDashboard
207,Coal,Ministry of Coal,615865,Kakatiyakhani OC - 2 Project,442,,234.21,2025-03-31,2026-03-31,365.0,1,,https://ipm.mospi.gov.in/Home/PublicDashboard
208,Coal,Ministry of Coal,615914,GHONSA EXPANSION DEEP OC MINE,185,,15.35,2029-03-31,,,,,https://ipm.mospi.gov.in/Home/PublicDashboard
209,Coal,Ministry of Coal,615916,AMLG GAURI PAUNI EXPANSION OC,1225,,85.32,2030-03-31,,,,,https://ipm.mospi.gov.in/Home/PublicDashboard
210,Coal,Ministry of Coal,615917,GAURIDEEP/GAURI CENTRAL OCP 7.,973,,1.37,2030-03-31,,,,,https://ipm.mospi.gov.in/Home/PublicDashboard
211,Coal,Ministry of Coal,615918,RPR OF BHANEGAON OC,405,,32.82,2028-03-31,,,,,https://ipm.mospi.gov.in/Home/PublicDashboard
212,Coal,Ministry of Coal,615919,N. EXTN. MUNGOLI NIRGUDA D OCP,1025,,211.13,2029-03-31,,,,,https://ipm.mospi.gov.in/Home/PublicDashboard
213,Coal,Ministry of Coal,615982,NILJAI EXPANSION DEEP  OCP,320,,194.87,2022-03-31,2026-03-31,1461.0,1,,https://ipm.mospi.gov.in/Home/PublicDashboard
214,Coal,Ministry of Coal,616044,UKNI DEEP OC MINE -COST PLUS,237,,166.09,2021-03-31,2026-03-31,1826.0,1,,https://ipm.mospi.gov.in/Home/PublicDashboard
215,Coal,Ministry of Coal,616050,AMALGAMATED INDER-KAMPTEE DEEP,236,,127.21,2024-03-31,2026-03-31,730.0,1,,https://ipm.mospi.gov.in/Home/PublicDashboard
216,Coal,Ministry of Coal,616223,ADASA UG TO OC MINE,316,,209.24,2024-03-31,2026-03-31,730.0,1,,https://ipm.mospi.gov.in/Home/PublicDashboard
217,Coal,Ministry of Coal,616225,CHUPERBHITA SIMLONG OCP MDO 6,979,,,2037-03-31,,,,,https://ipm.mospi.gov.in/Home/PublicDashboard
218,Coal,Ministry of Coal,616226,INTEGRATED KULDA GARJANBAHAL O,3564,,660.13,2033-03-31,,,,,https://ipm.mospi.gov.in/Home/PublicDashboard
219,Coal,Ministry of Coal,616229,AMAL GONDEGAON GHATROHANA EXPN,669,,2.94,2029-03-31,,,,,https://ipm.mospi.gov.in/Home/PublicDashboard
220,Coal,Ministry of Coal,616230,PARASCOLE JAMBAD OCP,1194,,11.35,2037-03-31,,,,,https://ipm.mospi.gov.in/Home/PublicDashboard
221,Coal,Ministry of Coal,616231,BHUBANESWARI EXPN OCP 50 MTY,5366,,473.42,2033-03-31,,,,,https://ipm.mospi.gov.in/Home/PublicDashboard
222,Coal,Ministry of Coal,616232,HINGULA II OC EXPN PH III 15 M,1562,,278.91,2029-03-31,,,,,https://ipm.mospi.gov.in/Home/PublicDashboard
223,Coal,Ministry of Coal,616233,BALABHADRA OCP,978,,249.93,2030-03-31,,,,,https://ipm.mospi.gov.in/Home/PublicDashboard
224,Coal,Ministry of Coal,616234,PELMA OC MDO,1725,,16.71,2033-03-31,,,,,https://ipm.mospi.gov.in/Home/PublicDashboard
225,Coal,Ministry of Coal,616236,JARANGDIH EXPN. OCP 1.5 MTY,414,,85.6,2029-03-31,,,,,https://ipm.mospi.gov.in/Home/PublicDashboard
226,Coal,Ministry of Coal,616253,BLOCK E OCP,5851,,20.32,2029-03-31,,,,,https://ipm.mospi.gov.in/Home/PublicDashboard
227,Coal,Ministry of Coal,617233,WAGHODA UG MINE [1.02 MTY],379,,,2030-03-31,,,,,https://ipm.mospi.gov.in/Home/PublicDashboard
228,Coal,Ministry of Coal,617278,KOLARPIMPRI EXPANSION OC [2.5,630,,0.24,2030-03-31,,,,,https://ipm.mospi.gov.in/Home/PublicDashboard
229,Coal,Ministry of Coal,617287,KUSMUNDA OC EXPANSION PROJECT,4517,,816.56,2030-03-31,,,,,https://ipm.mospi.gov.in/Home/PublicDashboard
230,Coal,Ministry of Coal,617288,MANIKPUR OC EXPANSION PROJECT,383,,116.09,2029-03-31,,,,,https://ipm.mospi.gov.in/Home/PublicDashboard
231,Coal,Ministry of Coal,617416,"Revised Jharia Master Plan for Dealing with Fire, Subsidence & Rehabilitation of affected families in Jharia Coalfield- Reg.",5940,,255.01,2028-12-31,,,,,https://ipm.mospi.gov.in/Home/PublicDashboard
232,Coal,Ministry of Coal,618982,Talabira II & III OCP - FMC,522,,324.74,2026-06-10,,,,,https://ipm.mospi.gov.in/Home/PublicDashboard
233,Coal,Ministry of Coal,619032,JAYANT EXPN. [20 TO 38 MTPA],25560,,94.23,2032-03-31,,,,,https://ipm.mospi.gov.in/Home/PublicDashboard
234,Coal,Ministry of Coal,619053,RPR FOR RAMPUR BATURA OCP,1605,,74.71,2030-03-31,,,,,https://ipm.mospi.gov.in/Home/PublicDashboard
235,Coal,Ministry of Coal,619055,SAONER-III EXPN UG MINE 1.54,444,,,2032-03-31,,,,,https://ipm.mospi.gov.in/Home/PublicDashboard
236,Coal,Ministry of Coal,619171,RPR FOR DURGAPUR OCP 10 MTY,2416,,2.25,2032-03-31,,,,,https://ipm.mospi.gov.in/Home/PublicDashboard
237,Coal,Ministry of Coal,619172,MADANNAGAR OCP 12 MTY - MDO,1859,,0.45,2029-03-31,,,,,https://ipm.mospi.gov.in/Home/PublicDashboard
238,Electricity Generation,Ministry of Coal,400231,NLC Talabira Thermal Power Project,27213,,3450.52,2030-03-31,,,,,https://ipm.mospi.gov.in/Home/PublicDashboard
239,Electricity Generation,Ministry of Coal,400259,Ghatampur Thermal Power Plant 3 X 660 MW,17238,21780.9,21129.1,2020-11-26,2026-03-25,1945.0,1,,https://ipm.mospi.gov.in/Home/PublicDashboard
240,Electricity Generation,Ministry of Coal,612819,300 MW SPP part of 510 MW CPSU scheme,1813,1813.0,1753.07,2024-09-27,2025-12-31,460.0,1,,https://ipm.mospi.gov.in/Home/PublicDashboard
241,Electricity Generation,Ministry of Coal,615327,50 MW Solar PP Minedout Area,218,,169.95,2025-03-31,2025-12-31,275.0,1,,https://ipm.mospi.gov.in/Home/PublicDashboard
242,Electricity Generation,Ministry of Coal,617299,50 MW Wind Power Project,384,,328.56,2025-06-30,2026-01-31,215.0,1,,https://ipm.mospi.gov.in/Home/PublicDashboard
243,Electricity Generation,Ministry of Coal,617730,600 MW Khavda Solar Power Project,3336,,2095.54,2026-06-30,,,,,https://ipm.mospi.gov.in/Home/PublicDashboard
244,Electricity Generation,Ministry of Coal,618991,200 MW SPP part of 510 MW CPSU scheme,1221,,64.03,2026-12-31,,,,,https://ipm.mospi.gov.in/Home/PublicDashboard
245,Electricity Generation,Ministry of Coal,618992,100 MW SPP part of SECI 150 MW Hybrid,481,,2.62,2026-12-31,,,,,https://ipm.mospi.gov.in/Home/PublicDashboard
246,Railways,Ministry of Coal,400203,Dharamjaigarh-Korba,1686,2438.53,618.64,2026-12-31,2026-08-31,-122.0,0,,https://ipm.mospi.gov.in/Home/PublicDashboard
247,Railways,Ministry of Coal,400416,Shivpur-Kathautia New Rail [BG] Line [49 km] [Package II of Tori-Shivpur-Kathautia line],1800,2564.34,1663.13,2025-06-30,2026-06-30,365.0,1,,https://ipm.mospi.gov.in/Home/PublicDashboard
248,Healthcare,Ministry of Health & Family Welfare,617882,"Setting up IT Infrastructure including Network Security and Hosting at AIIMS, New Delhi",358,,0.0,2026-09-10,,,,,https://ipm.mospi.gov.in/Home/PublicDashboard
249,Healthcare,Ministry of Health & Family Welfare,617883,"Redevelopment of Residential colonies at Ayur Vigyan Nagar and West Ansari Nagar campuses of AIIMS, New Delhi",4441,,24.68,2027-06-02,,,,,https://ipm.mospi.gov.in/Home/PublicDashboard
250,Healthcare,Ministry of Health & Family Welfare,701167,AIIMS Kashmir at Awantipora Jammu & Kashmir,1828,2160.84,1545.05,2025-12-02,2026-12-31,394.0,1,,https://ipm.mospi.gov.in/Home/PublicDashboard
251,Healthcare,Ministry of Health & Family Welfare,701168,ALL India Institute of Medical Sciences-AIIMS  Madurai,1264,2021.51,485.02,2022-08-31,2026-10-31,1522.0,1,,https://ipm.mospi.gov.in/Home/PublicDashboard
252,Healthcare,Ministry of Health & Family Welfare,701170,AIIMS Rajkot,1195,,775.6,2026-03-31,2026-03-31,0.0,0,,https://ipm.mospi.gov.in/Home/PublicDashboard
253,Healthcare,Ministry of Health & Family Welfare,701171,AIIMS Bibinagar,1028,1365.95,989.98,2026-06-30,2026-06-30,0.0,0,,https://ipm.mospi.gov.in/Home/PublicDashboard
254,Healthcare,Ministry of Health & Family Welfare,701172,AIIMS Darbhanga,1264,,0.0,2024-09-30,,,,,https://ipm.mospi.gov.in/Home/PublicDashboard
255,Healthcare,Ministry of Health & Family Welfare,701173,AIIMS Majra Rewari Haryana,1299,1646.43,651.42,2026-12-31,2026-12-31,0.0,0,,https://ipm.mospi.gov.in/Home/PublicDashboard
256,Healthcare,Ministry of Health & Family Welfare,707020,Establishment of new GMC Jamui,250,500.0,100.21,2025-10-06,,,,,https://ipm.mospi.gov.in/Home/PublicDashboard
257,Healthcare,Ministry of Health & Family Welfare,707021,Establishment of new GMC Koderma,250,504.8,269.0,2026-08-19,,,,,https://ipm.mospi.gov.in/Home/PublicDashboard
258,Healthcare,Ministry of Health & Family Welfare,707022,Establishment of new GMC Chaibasa [Singhbhum],250,454.1,63.0,2025-09-09,,,,,https://ipm.mospi.gov.in/Home/PublicDashboard
259,Healthcare,Ministry of Health & Family Welfare,707039,Establishment of new GMC Gangtok,250,635.21,658.21,2026-12-31,,,,,https://ipm.mospi.gov.in/Home/PublicDashboard
260,Healthcare,Ministry of Health & Family Welfare,707044,Establishment of new GMC Korba,325,322.85,167.49,2026-12-31,,,,,https://ipm.mospi.gov.in/Home/PublicDashboard
261,Healthcare,Ministry of Health & Family Welfare,707045,Establishment of new GMC Mahasamund,325,,311.5,2026-05-31,,,,,https://ipm.mospi.gov.in/Home/PublicDashboard
262,Healthcare,Ministry of Health & Family Welfare,707046,Establishment of new GMC Kanker,325,325.0,25.0,2027-03-31,,,,,https://ipm.mospi.gov.in/Home/PublicDashboard
263,Healthcare,Ministry of Health & Family Welfare,707049,Establishment of new GMC Panchmahal,325,663.5,438.34,2026-03-31,,,,,https://ipm.mospi.gov.in/Home/PublicDashboard
264,Healthcare,Ministry of Health & Family Welfare,707050,Establishment of new GMC Porbandar,325,618.98,928.64,2024-09-30,,,,,https://ipm.mospi.gov.in/Home/PublicDashboard
265,Healthcare,Ministry of Health & Family Welfare,707058,Establishment of new GMC Rajgarh,325,,168.0,2024-04-19,,,,,https://ipm.mospi.gov.in/Home/PublicDashboard
266,Healthcare,Ministry of Health & Family Welfare,707059,Establishment of new GMC Mandla,325,,72.41,2026-04-08,,,,,https://ipm.mospi.gov.in/Home/PublicDashboard
267,Healthcare,Ministry of Health & Family Welfare,707069,Establishment of new GMC Kapurthala,325,550.0,0.0,2028-12-31,,,,,https://ipm.mospi.gov.in/Home/PublicDashboard
268,Healthcare,Ministry of Health & Family Welfare,707070,Establishment of new GMC Hoshiarpur,325,374.75,1.0,2028-12-31,,,,,https://ipm.mospi.gov.in/Home/PublicDashboard
269,Healthcare,Ministry of Health & Family Welfare,707086,Establishment of new GMC Rudrapur,325,,264.0,2026-12-31,,,,,https://ipm.mospi.gov.in/Home/PublicDashboard
270,Healthcare,Ministry of Health & Family Welfare,707087,Establishment of new GMC Pithoragarh,325,768.89,319.08,2026-12-31,,,,,https://ipm.mospi.gov.in/Home/PublicDashboard
271,Construction,Ministry of Housing & Urban Affairs,617412,"Construction of One Tower of Office Complex  and another Tower of Residential quarters  consisting of 10Nos. Type-V, 10Nos. Type-VI & 1No.Type-VII Quarters i/c internal water supply, sanitary installation and all development and bulk services, Horticulture works on EPC Mode-I basis i/c comprehensive operation  and maintenance of Civil, E&M services for 7 years after completion of original construction work for Ranga Reddy, Secunderabad, Medchal, AuditI, Audit-II Commissionerates of Central Tax at Khajaguda, Serilingampally, Hyderabad.",644,,161.57,2027-09-27,,,,,https://ipm.mospi.gov.in/Home/PublicDashboard
272,Real Estate,Ministry of Housing & Urban Affairs,400188,Redevelopment of Seven General Pool Residential Accommodation [GPRA] Colonies in Delhi,32850,32841.0,13885.7,2025-12-31,2025-12-31,0.0,0,,https://ipm.mospi.gov.in/Home/PublicDashboard
273,Real Estate,Ministry of Housing & Urban Affairs,701719,Rehablitation in Junavadaj Area Smart City Project,539,,39.63,2022-07-07,,,,,https://ipm.mospi.gov.in/Home/PublicDashboard
274,Real Estate,Ministry of Housing & Urban Affairs,701766,Green Building Development Project,151,,18.95,2023-11-23,,,,,https://ipm.mospi.gov.in/Home/PublicDashboard
275,Real Estate,Ministry of Housing & Urban Affairs,707229,"Integrated Command control Center [ICCC] - Construction and Development of Integrated Command Control Center with Security, Surveillance, ITMS, Connecting  Port, Ship Service, Smart Solid Waste Management, Smart Public Transport System",210,,,2023-05-31,,,,,https://ipm.mospi.gov.in/Home/PublicDashboard
276,Urban Public Transport,Ministry of Housing & Urban Affairs,617206,Delhi Metro Rail Phase-IV [Rithala - Kundli Corridor],6231,,72.89,2029-01-02,,,,,https://ipm.mospi.gov.in/Home/PublicDashboard
277,Urban Public Transport,Ministry of Housing & Urban Affairs,617207,Delhi Metro Rail Phase-IV [2 Corridors],8400,,89.43,2029-03-27,,,,,https://ipm.mospi.gov.in/Home/PublicDashboard
278,Urban Public Transport,Ministry of Housing & Urban Affairs,617225,PCMC To Nigdi- Extension Of North South Corridor Of Phase-1,910,960.18,263.93,2027-01-31,,,,,https://ipm.mospi.gov.in/Home/PublicDashboard
279,Urban Public Transport,Ministry of Housing & Urban Affairs,617226,Pune Metro Phase-1 Extension line towards south from Swargate to Katraj,2955,,45.69,2029-03-04,,,,,https://ipm.mospi.gov.in/Home/PublicDashboard
280,Urban Public Transport,Ministry of Housing & Urban Affairs,617327,Thane Integral Ring Metro Rail Project,12200,,79.3,2029-09-30,,,,,https://ipm.mospi.gov.in/Home/PublicDashboard
281,Urban Public Transport,Ministry of Housing & Urban Affairs,618971,Pune Metro Rail Project Phase-2 Corridor 2A Vanaz to Chandani Chowk and Corridor 2B Ramwadi to Wagholi/Vitthalwadi,3626,,2.19,2029-07-31,,,,,https://ipm.mospi.gov.in/Home/PublicDashboard
282,Urban Public Transport,Ministry of Housing & Urban Affairs,618985,Pune Metro Rail Project Phase-2 Line-4 Kharadi to Khadakwasla with Spur Line 4A Nal Stop - Warje - Manikbaug,9858,,2.97,2030-12-31,,,,,https://ipm.mospi.gov.in/Home/PublicDashboard
283,Urban Public Transport,Ministry of Housing & Urban Affairs,619022,"Metro connectivity from Millennium  City Centre to Cyber City with Spur to Dwarka Expressway, Gurugram.",5453,,92.12,2027-07-06,,,,,https://ipm.mospi.gov.in/Home/PublicDashboard
284,Urban Public Transport,Ministry of Housing & Urban Affairs,619031,Delhi Metro Rail Phase V A,12015,,17.31,2028-12-31,,,,,https://ipm.mospi.gov.in/Home/PublicDashboard
285,Urban Public Transport,Ministry of Housing & Urban Affairs,619052,LUCKNOW METRO RAIL PROJECT PHASE-1B EAST WEST CORRIDOR,5801,,0.0,2031-04-30,,,,,https://ipm.mospi.gov.in/Home/PublicDashboard
286,Urban Public Transport,Ministry of Housing & Urban Affairs,701745,New Suburba Station Development Project,263,,17.62,2022-07-31,,,,,https://ipm.mospi.gov.in/Home/PublicDashboard
287,Urban Public Transport,Ministry of Housing & Urban Affairs,701991,Kalyan Station Precinct Imporvement Project,600,,272.42,2023-07-31,,,,,https://ipm.mospi.gov.in/Home/PublicDashboard
288,Urban Public Transport,Ministry of Housing & Urban Affairs,702625,Bhopal Metro Rail Project,6941,,4250.95,2022-11-29,2028-06-30,2040.0,1,,https://ipm.mospi.gov.in/Home/PublicDashboard
289,Urban Public Transport,Ministry of Housing & Urban Affairs,702626,Indore Metro Rail Project,7501,,4866.16,2022-11-29,2028-12-31,2224.0,1,,https://ipm.mospi.gov.in/Home/PublicDashboard
290,Urban Public Transport,Ministry of Housing & Urban Affairs,702627,Patna Metro Rail Project,13366,13365.8,5068.37,2024-02-26,2027-06-30,1220.0,1,,https://ipm.mospi.gov.in/Home/PublicDashboard
291,Urban Public Transport,Ministry of Housing & Urban Affairs,702628,Kanpur Metro Rail Project,11076,,9098.65,2024-05-26,2027-03-31,1039.0,1,,https://ipm.mospi.gov.in/Home/PublicDashboard
292,Urban Public Transport,Ministry of Housing & Urban Affairs,702629,Agra Metro Rail Project,8380,,6069.78,2024-05-26,2027-06-30,1130.0,1,,https://ipm.mospi.gov.in/Home/PublicDashboard
293,Urban Public Transport,Ministry of Housing & Urban Affairs,702630,Surat Metro Rail Project,12020,,8898.74,2024-03-31,2026-06-30,821.0,1,,https://ipm.mospi.gov.in/Home/PublicDashboard
294,Urban Public Transport,Ministry of Housing & Urban Affairs,702632,DMRTS Phase - IV [3 Priority Corridors],24949,,20109.7,2025-03-31,2026-12-31,640.0,1,,https://ipm.mospi.gov.in/Home/PublicDashboard
295,Urban Public Transport,Ministry of Housing & Urban Affairs,702635,Construction of Bangalore Metro Rail Project Phase 2.,26405,30695.1,29783.0,2021-03-22,2026-09-30,2018.0,1,,https://ipm.mospi.gov.in/Home/PublicDashboard
296,Urban Public Transport,Ministry of Housing & Urban Affairs,702637,Mumbai Metro Line 3,23136,37276.0,33308.9,2023-03-31,2025-08-31,884.0,1,,https://ipm.mospi.gov.in/Home/PublicDashboard
297,Urban Public Transport,Ministry of Housing & Urban Affairs,702639,Ahmedabad Metro Rail Project [Phase-I],10773,12924.5,12410.8,2018-03-31,2026-04-30,2952.0,1,,https://ipm.mospi.gov.in/Home/PublicDashboard
298,Urban Public Transport,Ministry of Housing & Urban Affairs,702658,Nagpur Metro Rail Phase II Development Project,6708,,1876.99,2027-12-31,,,,,https://ipm.mospi.gov.in/Home/PublicDashboard
299,Urban Public Transport,Ministry of Housing & Urban Affairs,702664,Kochi Metro Rail Phase 2 Development  Project,1957,,641.83,2026-11-20,2026-11-20,0.0,0,,https://ipm.mospi.gov.in/Home/PublicDashboard
300,Urban Public Transport,Ministry of Housing & Urban Affairs,702665,Construction Bangalore Metro Rail Project Phase-2A & 2B,14788,14788.1,10341.3,2026-06-30,2026-06-30,0.0,0,,https://ipm.mospi.gov.in/Home/PublicDashboard
301,Urban Public Transport,Ministry of Housing & Urban Affairs,702668,Chennai Metro Rail Phase-II Development Project,63246,,32503.4,2029-08-31,,,,,https://ipm.mospi.gov.in/Home/PublicDashboard
302,Waste & Water,Ministry of Housing & Urban Affairs,702355,Storm water drainag Development Project,210,,,2024-03-20,,,,,https://ipm.mospi.gov.in/Home/PublicDashboard
303,Waste & Water,Ministry of Housing & Urban Affairs,702674,"ESR - 8 nos., distribution system - 216 Km, new house service connections - 38760 nos. upgrading of feeder mains, pumping station etc. - Phase II",172,,88.86,2023-03-31,2026-06-30,1187.0,1,,https://ipm.mospi.gov.in/Home/PublicDashboard
304,Waste & Water,Ministry of Housing & Urban Affairs,702699,Muzaffarpur Storm Water Drainage Phase-I Project,159,,93.35,2023-10-31,2026-06-30,973.0,1,,https://ipm.mospi.gov.in/Home/PublicDashboard
305,Waste & Water,Ministry of Housing & Urban Affairs,702734,Sewerage Management Scheme Part-3 Implementation,278,,228.49,2023-09-30,2026-09-30,1096.0,1,,https://ipm.mospi.gov.in/Home/PublicDashboard
306,Waste & Water,Ministry of Housing & Urban Affairs,702735,Sewerage Management Scheme Part-3 Implementation,213,,180.32,2023-03-31,2026-05-31,1157.0,1,,https://ipm.mospi.gov.in/Home/PublicDashboard
307,Waste & Water,Ministry of Housing & Urban Affairs,702741,Dhanbad Water Supply Infrastructure Project,217,,129.16,2023-03-31,2026-06-30,1187.0,1,,https://ipm.mospi.gov.in/Home/PublicDashboard
308,Waste & Water,Ministry of Housing & Urban Affairs,702742,SAAP-3 Water Supply Infrastructure SAAP-3 Project,159,,87.5,2023-10-31,2026-06-30,973.0,1,,https://ipm.mospi.gov.in/Home/PublicDashboard
309,Waste & Water,Ministry of Housing & Urban Affairs,702746,Augmentation and Strenghthning of Urban Water Supply Phase 1 - SAAP 3,278,,186.5,2023-03-31,2026-06-30,1187.0,1,,https://ipm.mospi.gov.in/Home/PublicDashboard
310,Waste & Water,Ministry of Housing & Urban Affairs,702760,Belgavi Improvement in Sewerage System Project,163,,79.5,2023-07-31,2026-06-30,1065.0,1,,https://ipm.mospi.gov.in/Home/PublicDashboard
311,Waste & Water,Ministry of Housing & Urban Affairs,702764,24/7 water supply under AMRUT for Davanagere,175,,103.73,2023-03-31,2026-05-31,1157.0,1,,https://ipm.mospi.gov.in/Home/PublicDashboard
312,Waste & Water,Ministry of Housing & Urban Affairs,702793,Indore Water Supply Infrastructure Project,287,,252.5,2023-03-31,2026-05-31,1157.0,1,,https://ipm.mospi.gov.in/Home/PublicDashboard
313,Waste & Water,Ministry of Housing & Urban Affairs,702798,Jabalpur Sewerage Management and Treatment Infrastructure Project,362,,332.05,2023-03-31,2026-06-30,1187.0,1,,https://ipm.mospi.gov.in/Home/PublicDashboard
314,Waste & Water,Ministry of Housing & Urban Affairs,702808,Satna Sewerage Management and Treatment Infrastructure Project,192,215.89,200.32,2024-03-31,2026-05-31,791.0,1,,https://ipm.mospi.gov.in/Home/PublicDashboard
315,Waste & Water,Ministry of Housing & Urban Affairs,702810,Singrauli Sewerage Management and Treatment Infrastructure Project,402,438.1,357.68,2023-03-31,2026-05-31,1157.0,1,,https://ipm.mospi.gov.in/Home/PublicDashboard
316,Waste & Water,Ministry of Housing & Urban Affairs,702833,Kalyan-Dombivali Water Supply Infrastructure Project,194,,136.56,2023-10-31,2026-06-30,973.0,1,,https://ipm.mospi.gov.in/Home/PublicDashboard
317,Waste & Water,Ministry of Housing & Urban Affairs,702840,Mira-Bhayandar Water Supply Infrastructure Project,205,,186.13,2023-03-31,2026-05-31,1157.0,1,,https://ipm.mospi.gov.in/Home/PublicDashboard
318,Waste & Water,Ministry of Housing & Urban Affairs,702851,Pune Water Supply Infrastructure Project,236,,220.77,2023-03-31,2026-05-31,1157.0,1,,https://ipm.mospi.gov.in/Home/PublicDashboard
319,Waste & Water,Ministry of Housing & Urban Affairs,702854,Solapur Sewerage Management Infrastructure Project,180,,172.22,2023-03-31,2026-05-31,1157.0,1,,https://ipm.mospi.gov.in/Home/PublicDashboard
320,Waste & Water,Ministry of Housing & Urban Affairs,702949,Jhansi Water Supply Infrastructure Phase-II Project,562,,485.91,2023-07-31,2026-05-31,1035.0,1,,https://ipm.mospi.gov.in/Home/PublicDashboard
321,Waste & Water,Ministry of Housing & Urban Affairs,703021,Jalandhar Water Supply Infrastructure Project,259,266.64,161.02,2023-08-28,2026-06-30,1037.0,1,,https://ipm.mospi.gov.in/Home/PublicDashboard
322,Waste & Water,Ministry of Housing & Urban Affairs,703057,Patiala Water Supply Infrastructure Part-2 Project,287,,213.64,2023-10-31,2026-05-31,943.0,1,,https://ipm.mospi.gov.in/Home/PublicDashboard
323,Waste & Water,Ministry of Housing & Urban Affairs,707267,Upgradation of Sewerage system in Gandhinagar City,200,,100.0,2023-06-30,,,,,https://ipm.mospi.gov.in/Home/PublicDashboard
324,Healthcare,Ministry of Labour and Employment,612167,"Construction of 350 beds + 50 Super Specialty beds ESIC Hospital Sheelanagar, Visakhapatnam, Andhra Pradesh",384,,253.37,2025-10-09,2026-03-31,173.0,1,,https://ipm.mospi.gov.in/Home/PublicDashboard
325,Healthcare,Ministry of Labour and Employment,612178,"Construction of 100 Bedded ESIC Hospital building and 32 Nos Residential Quarters at Vallam Vadangal, SIPCOT, Sriperumbudur",153,177.01,127.22,2025-06-12,2026-03-31,292.0,1,,https://ipm.mospi.gov.in/Home/PublicDashboard
326,Healthcare,Ministry of Labour and Employment,612186,350 Bedded [Upgradable to 500 beds] ESI Hospital at Sanand,558,,55.81,2026-03-04,2027-05-08,430.0,1,,https://ipm.mospi.gov.in/Home/PublicDashboard
327,Healthcare,Ministry of Labour and Employment,612188,"Construction of 200 Bedded [Upgradable to 500 Bedded including 50 beds of SST] ESIC Hospital at Bibewadi, Pune",429,,323.98,2025-09-19,2026-08-31,346.0,1,,https://ipm.mospi.gov.in/Home/PublicDashboard
328,Healthcare,Ministry of Labour and Employment,612201,"Construction of 200 bedded ESIC Hospital with 62 Nos Staff quarters , Beltola",143,154.75,130.08,2025-04-12,2026-04-30,383.0,1,,https://ipm.mospi.gov.in/Home/PublicDashboard
329,Healthcare,Ministry of Labour and Employment,612211,"Demolition, Construction and upgradation of ESI Hospital, Kalol, Gujarat from 50 beds to 150 beds.",206,,51.73,2025-10-05,2026-06-30,268.0,1,,https://ipm.mospi.gov.in/Home/PublicDashboard
330,Healthcare,Ministry of Labour and Employment,612213,"Construction of 200 Bedded ESIC Hospital at Butibori, Nagpur, Maharashtra.",195,196.7,114.39,2025-08-31,2026-09-30,395.0,1,,https://ipm.mospi.gov.in/Home/PublicDashboard
331,Healthcare,Ministry of Labour and Employment,612259,CONSTRUCTION OF 300 BEDDED HOSPITAL AT HARIDWAR,102,297.63,334.82,2024-10-30,2026-03-31,517.0,1,,https://ipm.mospi.gov.in/Home/PublicDashboard
332,Healthcare,Ministry of Labour and Employment,612513,"Construction of 100 Bedded ESI Hospital at Duburi, Odisha.",165,,16.4,2027-06-09,,,,,https://ipm.mospi.gov.in/Home/PublicDashboard
333,Healthcare,Ministry of Labour and Employment,612745,"Construction of 200 bed ESI Hospital at Bommasandra, Karnataka",278,,68.23,2027-01-12,2027-05-28,136.0,1,,https://ipm.mospi.gov.in/Home/PublicDashboard
334,Healthcare,Ministry of Labour and Employment,612748,"Construction of 100 bed ESI Hospital and Staff Quarters [32 Nos.] at Harohalli, Karnataka",151,,6.76,2027-02-28,,,,,https://ipm.mospi.gov.in/Home/PublicDashboard
335,Healthcare,Ministry of Labour and Employment,616691,"Upgradation & Extension of ESIC Hospital and Construction of PG Hostel / Staff Housing for ESIC Hospital at Andheri, Mumbai",260,,210.12,2025-08-15,2026-09-30,411.0,1,,https://ipm.mospi.gov.in/Home/PublicDashboard
336,Construction,Ministry of Mines,617280,"Construction of Basement + Ground Floor+ 10 Storeyed building for State of the Art Director General, GSI Building at plot No.GN-40, Sector-V, Salt Lake, Kolkata",255,,98.92,2026-08-31,,,,,https://ipm.mospi.gov.in/Home/PublicDashboard
337,Metals & Mining,Ministry of Mines,400141,Expansion of Alumina Refinery Plant with addition of 5th Stream having capacity enhancement of 1.0 Million Tonee Per Annum,4103,5677.4,4840.66,2022-12-31,2026-06-30,1277.0,1,,https://ipm.mospi.gov.in/Home/PublicDashboard
338,Metals & Mining,Ministry of Mines,400299,Pottangi Bauxite Mines Project,1381,1960.77,770.08,2025-03-31,2026-05-31,426.0,1,,https://ipm.mospi.gov.in/Home/PublicDashboard
339,Metals & Mining,Ministry of Mines,400426,Expansion of Malanjkhand Copper Project,1856,,962.65,2020-04-30,2026-04-30,2191.0,1,,https://ipm.mospi.gov.in/Home/PublicDashboard
340,Metals & Mining,Ministry of Mines,709831,SOURCING OF BAUXITE ARRANGEMENT FOR 5TH STREAM ALUMINA REFINERY FROM SOUTH BLOCK MINING LEASE OF PANCHPATMAILI MINES,483,,446.12,2025-05-31,2026-06-30,395.0,1,,https://ipm.mospi.gov.in/Home/PublicDashboard
341,Metals & Mining,Ministry of Mines,709832,25.5 MW WIND POWER PROJECT AT KAYATHAR IN TAMILNADU,166,,135.0,2025-03-31,2026-03-31,365.0,1,,https://ipm.mospi.gov.in/Home/PublicDashboard
342,Energy Storage,Ministry of Petroleum & Natural Gas,400012,Kandla Gorakhpur LPG Pipeline,10088,10088.0,8213.84,2021-12-30,2026-06-30,1643.0,1,,https://ipm.mospi.gov.in/Home/PublicDashboard
343,Energy Storage,Ministry of Petroleum & Natural Gas,400035,"Grass Root Rail-fed Depot at Sekerkote, Agartala as resitement of existing Dharmanagar Depot",656,656.0,537.17,2025-09-30,2026-06-30,273.0,1,,https://ipm.mospi.gov.in/Home/PublicDashboard
344,Energy Storage,Ministry of Petroleum & Natural Gas,400043,Laying of POL Pipelines in Common Corridor for proposed grass root terminal at Vallur [Chennai],829,829.0,350.21,2026-05-31,2026-05-31,0.0,0,,https://ipm.mospi.gov.in/Home/PublicDashboard
345,Energy Storage,Ministry of Petroleum & Natural Gas,400078,New Mundra Panipat Crude Oil Pipeline,9028,9028.0,7132.48,2024-12-19,2026-06-30,558.0,1,,https://ipm.mospi.gov.in/Home/PublicDashboard
346,Energy Storage,Ministry of Petroleum & Natural Gas,400301,Multi Product Pipeline from Irugur to Devangonthi,678,1732.0,1087.93,2017-02-25,2026-09-30,3504.0,1,,https://ipm.mospi.gov.in/Home/PublicDashboard
347,Energy Storage,Ministry of Petroleum & Natural Gas,604833,"Andheri Residential Towers, Mumbai",281,389.67,265.21,2025-05-31,2026-06-30,395.0,1,,https://ipm.mospi.gov.in/Home/PublicDashboard
348,Energy Storage,Ministry of Petroleum & Natural Gas,604852,"Grass-root Terminal at Mirzapur, Uttar Pradesh",980,980.45,289.03,2026-11-30,2026-11-30,0.0,0,,https://ipm.mospi.gov.in/Home/PublicDashboard
349,Energy Storage,Ministry of Petroleum & Natural Gas,617829,LPG Bottling Plant at Mualkhang,226,225.71,19.82,2028-10-10,2027-11-03,-342.0,0,,https://ipm.mospi.gov.in/Home/PublicDashboard
350,Energy Storage,Ministry of Petroleum & Natural Gas,617839,Capacity Augmentation of Kandla LPG Import Terminal [KLIT] from 0.6 MMTPA to 2.5 MMTPA,357,304.4,63.42,2026-07-31,2026-07-31,0.0,0,,https://ipm.mospi.gov.in/Home/PublicDashboard
351,Energy Storage,Ministry of Petroleum & Natural Gas,701263,Rajasthan Refinery Project,43129,79459.0,68837.7,2022-10-31,2026-06-30,1338.0,1,,https://ipm.mospi.gov.in/Home/PublicDashboard
352,Energy Storage,Ministry of Petroleum & Natural Gas,701343,Srikakulam Angul Gas Pipeline Project,2658,2810.0,2310.2,2022-07-22,2026-06-30,1439.0,1,,https://ipm.mospi.gov.in/Home/PublicDashboard
353,Energy Storage,Ministry of Petroleum & Natural Gas,701349,Paradip-Numaligarh Crude Oil Pipeline [PNCPL] & Crude Oil Import Terminal [COIT] at Paradip,10228,11407.0,10771.2,2024-07-27,2026-10-31,826.0,1,,https://ipm.mospi.gov.in/Home/PublicDashboard
354,Energy Storage,Ministry of Petroleum & Natural Gas,709754,"Construction of LPG Facilities at Kamardanga, Assam",156,156.36,95.86,2027-07-04,2027-07-04,0.0,0,,https://ipm.mospi.gov.in/Home/PublicDashboard
355,Energy Storage,Ministry of Petroleum & Natural Gas,709755,"Setting up of new rail fed POL facility at Kamardanga, Assam",384,384.04,212.07,2027-07-04,2027-07-04,0.0,0,,https://ipm.mospi.gov.in/Home/PublicDashboard
356,Energy Storage,Ministry of Petroleum & Natural Gas,709759,"Petrochemical evacuation marketing terminal at Barmer, Rajasthan",461,461.05,216.91,2026-12-06,2026-12-06,0.0,0,,https://ipm.mospi.gov.in/Home/PublicDashboard
357,Oil & Gas,Ministry of Petroleum & Natural Gas,400087,Redevelopment of Sobhasan Complex,886,1347.61,944.4,2027-03-31,2027-03-27,-4.0,0,,https://ipm.mospi.gov.in/Home/PublicDashboard
358,Oil & Gas,Ministry of Petroleum & Natural Gas,400119,Life Extension of 48 well platforms of Mumbai High & Heera Fields,3191,3375.9,3123.2,2018-04-30,2026-08-31,3045.0,1,,https://ipm.mospi.gov.in/Home/PublicDashboard
359,Oil & Gas,Ministry of Petroleum & Natural Gas,400120,KG-DWN-98/2 Cluster - II Development Project - NELP Block,34012,34012.0,32994.9,2020-06-30,2026-06-30,2191.0,1,,https://ipm.mospi.gov.in/Home/PublicDashboard
360,Oil & Gas,Ministry of Petroleum & Natural Gas,400167,Redevelopment of Santhal Field [Onshore-Mehsana Asset],1163,1162.56,1152.0,2026-03-31,2026-04-30,30.0,1,,https://ipm.mospi.gov.in/Home/PublicDashboard
361,Oil & Gas,Ministry of Petroleum & Natural Gas,400168,"500 KTA PDHPP Project, Usar",8797,11256.0,7920.66,2025-04-08,2027-04-30,752.0,1,,https://ipm.mospi.gov.in/Home/PublicDashboard
362,Oil & Gas,Ministry of Petroleum & Natural Gas,400169,Redevelopment of Linch Field,631,860.04,603.43,2025-03-31,2026-07-25,481.0,1,,https://ipm.mospi.gov.in/Home/PublicDashboard
363,Oil & Gas,Ministry of Petroleum & Natural Gas,400171,2G Ethanol Biorefinery at Bathinda,1421,1421.46,1249.81,2023-02-18,2026-12-31,1412.0,1,,https://ipm.mospi.gov.in/Home/PublicDashboard
364,Oil & Gas,Ministry of Petroleum & Natural Gas,604791,Numaligarh Refinery Expansion Project,12366,22494.0,19418.0,2024-07-27,2027-03-31,977.0,1,,https://ipm.mospi.gov.in/Home/PublicDashboard
365,Oil & Gas,Ministry of Petroleum & Natural Gas,604795,CBR 9 MMTPA Project,31580,36354.0,1544.96,2025-06-02,2028-10-31,1247.0,1,,https://ipm.mospi.gov.in/Home/PublicDashboard
366,Oil & Gas,Ministry of Petroleum & Natural Gas,604853,"Indian Oil Technology Development and Deployment Centre at R&D Campus-II, Faridabad",2282,3200.0,1879.93,2022-12-31,2026-10-31,1400.0,1,,https://ipm.mospi.gov.in/Home/PublicDashboard
367,Oil & Gas,Ministry of Petroleum & Natural Gas,604859,Integrated Para Xylene [PX] and Purified Terephthalic Acid [PTA] Project at Paradip Refinery,13805,11783.0,8386.06,2024-01-31,2026-08-31,943.0,1,,https://ipm.mospi.gov.in/Home/PublicDashboard
368,Oil & Gas,Ministry of Petroleum & Natural Gas,604863,Development of Surface Facilities for production and evacuation of Crude Oil and Natural Gas from Nadua and East Khagorija,683,726.93,597.74,2020-02-29,2026-06-30,2313.0,1,,https://ipm.mospi.gov.in/Home/PublicDashboard
369,Oil & Gas,Ministry of Petroleum & Natural Gas,607701,"Guwahati Refinery Expansion [1.0 to 1.2 MMTPA] along with installation of CRU, Guwahati Refinery",412,577.0,462.41,2023-10-31,2026-05-31,943.0,1,,https://ipm.mospi.gov.in/Home/PublicDashboard
370,Oil & Gas,Ministry of Petroleum & Natural Gas,610984,Development of Jharia CBM Block [Phase-1],431,431.0,258.33,2024-01-21,2026-05-31,861.0,1,,https://ipm.mospi.gov.in/Home/PublicDashboard
371,Oil & Gas,Ministry of Petroleum & Natural Gas,611917,Poly Butadiene Rubber plant at Panipat,1459,2531.44,1517.82,2025-03-31,2026-06-30,456.0,1,,https://ipm.mospi.gov.in/Home/PublicDashboard
372,Oil & Gas,Ministry of Petroleum & Natural Gas,612790,Power System Upgradation Project,385,385.0,260.92,2025-11-17,2026-05-12,176.0,1,,https://ipm.mospi.gov.in/Home/PublicDashboard
373,Oil & Gas,Ministry of Petroleum & Natural Gas,612853,Gurdaspur Jammu Pipeline,522,521.9,288.9,2026-07-11,2026-07-11,0.0,0,,https://ipm.mospi.gov.in/Home/PublicDashboard
374,Oil & Gas,Ministry of Petroleum & Natural Gas,616254,Visakh Raipur Pipeline Project,2212,2212.0,481.17,2027-09-10,2027-09-10,0.0,0,,https://ipm.mospi.gov.in/Home/PublicDashboard
375,Oil & Gas,Ministry of Petroleum & Natural Gas,616858,"Construction of Field Gas Gathering Station at Baghjan area for collection, processing & transportation of natural Gas to be produced from Baghjan Field",431,430.76,346.88,2024-03-31,2026-06-30,821.0,1,,https://ipm.mospi.gov.in/Home/PublicDashboard
376,Oil & Gas,Ministry of Petroleum & Natural Gas,616879,Demo Bio-ATF Project,364,364.0,65.73,2027-01-16,2027-01-16,0.0,0,,https://ipm.mospi.gov.in/Home/PublicDashboard
377,Oil & Gas,Ministry of Petroleum & Natural Gas,616933,Lube Modernization & Bottom Upgradation Project at Mumbai Refinery,4679,4679.0,252.41,2028-03-16,2028-03-16,0.0,0,,https://ipm.mospi.gov.in/Home/PublicDashboard
378,Oil & Gas,Ministry of Petroleum & Natural Gas,616950,PRP-VIII [Group-A],1486,1486.4,394.85,2026-02-28,2026-12-31,306.0,1,,https://ipm.mospi.gov.in/Home/PublicDashboard
379,Oil & Gas,Ministry of Petroleum & Natural Gas,617302,Durgapur - Haldia Pipeline [Section-3B of JHBDPL Project],1740,2493.15,2351.6,2020-12-31,2026-09-30,2099.0,1,,https://ipm.mospi.gov.in/Home/PublicDashboard
380,Oil & Gas,Ministry of Petroleum & Natural Gas,617304,"Setting up of LPG Plant with Rail Unloading Facility at Hathua, Dist. Gopalganj, Bihar",340,340.15,162.23,2027-03-01,2027-03-01,0.0,0,,https://ipm.mospi.gov.in/Home/PublicDashboard
381,Oil & Gas,Ministry of Petroleum & Natural Gas,617818,"City Gas Distribution [CGD] Project in Gajapati, Kandhamal, Boudh, & Sonepur GA",515,514.91,22.08,2030-02-27,2031-12-31,672.0,1,,https://ipm.mospi.gov.in/Home/PublicDashboard
382,Oil & Gas,Ministry of Petroleum & Natural Gas,617819,"City Gas Distribution [CGD] Project in Kondagaon, Bastar, Sukma, Narayanpur, Bijapur & Dantewada GA",557,557.04,7.8,2030-06-12,2030-06-12,0.0,0,,https://ipm.mospi.gov.in/Home/PublicDashboard
383,Oil & Gas,Ministry of Petroleum & Natural Gas,617822,ATF Pipeline from BPCLs Malkapur POL Installation to  Hyderabad International airport,215,,45.41,2027-09-24,,,,,https://ipm.mospi.gov.in/Home/PublicDashboard
384,Oil & Gas,Ministry of Petroleum & Natural Gas,617827,"Pipeline Rehabilitation Project, Phase-II",680,680.0,7.64,2029-12-17,2029-12-17,0.0,0,,https://ipm.mospi.gov.in/Home/PublicDashboard
385,Oil & Gas,Ministry of Petroleum & Natural Gas,617828,Siliguri-Jhapa Pipeline Project,267,267.0,1.77,2029-03-29,2029-03-29,0.0,0,,https://ipm.mospi.gov.in/Home/PublicDashboard
386,Oil & Gas,Ministry of Petroleum & Natural Gas,617830,C2/C3 Vijaipur Pata Pipeline,1792,1792.0,468.1,2027-01-15,2027-01-15,0.0,0,,https://ipm.mospi.gov.in/Home/PublicDashboard
387,Oil & Gas,Ministry of Petroleum & Natural Gas,617836,Coke Drum Structure Package,635,635.28,412.7,2025-12-31,2026-09-30,273.0,1,,https://ipm.mospi.gov.in/Home/PublicDashboard
388,Oil & Gas,Ministry of Petroleum & Natural Gas,617837,Siliguri Marketing Terminal [SMT] Capacity Augmentation Project,484,484.0,307.82,2025-12-31,2026-09-30,273.0,1,,https://ipm.mospi.gov.in/Home/PublicDashboard
389,Oil & Gas,Ministry of Petroleum & Natural Gas,617838,Augmentation of CCKPL and IDPL Pipelines capacity along with setting up of Palakkad TOP,1130,1130.0,250.7,2028-08-31,2028-08-31,0.0,0,,https://ipm.mospi.gov.in/Home/PublicDashboard
390,Oil & Gas,Ministry of Petroleum & Natural Gas,619191,Kanpur LPG Bottling Plant,202,,124.96,2027-09-30,,,,,https://ipm.mospi.gov.in/Home/PublicDashboard
391,Oil & Gas,Ministry of Petroleum & Natural Gas,619196,Change of service of existing Mundra-Panipat Pipeline [Panipat - Churwa section] from Crude oil to Product,359,,9.17,2027-03-31,,,,,https://ipm.mospi.gov.in/Home/PublicDashboard
392,Oil & Gas,Ministry of Petroleum & Natural Gas,619223,Petro Resid Fluidized Catalytic Cracking [PRFCC] Unit and its associated facilities at Mumbai Refinery,13626,,41.13,2029-09-30,,,,,https://ipm.mospi.gov.in/Home/PublicDashboard
393,Oil & Gas,Ministry of Petroleum & Natural Gas,619224,Augmentation of DUPL-DPPL Pipeline,844,,0.0,2028-03-22,,,,,https://ipm.mospi.gov.in/Home/PublicDashboard
394,Oil & Gas,Ministry of Petroleum & Natural Gas,619225,Installation of Compression facility at GAIL Usar,260,,0.0,2027-04-08,,,,,https://ipm.mospi.gov.in/Home/PublicDashboard
395,Oil & Gas,Ministry of Petroleum & Natural Gas,619226,Provision of four bitumen tanks with capacity of 5 TMT each at Visakh Refinery,258,,1.54,2028-03-24,,,,,https://ipm.mospi.gov.in/Home/PublicDashboard
396,Oil & Gas,Ministry of Petroleum & Natural Gas,701228,Kochi - Koottanad - Bangalore - Mangalore Pipeline Phase-II,2915,5909.0,4623.3,2012-12-31,2026-09-30,5021.0,1,,https://ipm.mospi.gov.in/Home/PublicDashboard
397,Oil & Gas,Ministry of Petroleum & Natural Gas,701289,Capacity Expansion of Panipat Refinery from 15 to 25 MMTPA,34627,36225.0,26553.1,2024-09-30,2026-12-31,822.0,1,,https://ipm.mospi.gov.in/Home/PublicDashboard
398,Oil & Gas,Ministry of Petroleum & Natural Gas,701324,Barauni Refinery Capacity Expansion from 6.0 to 9.0 MMTPA,14810,16724.0,12666.9,2023-04-30,2026-08-31,1219.0,1,,https://ipm.mospi.gov.in/Home/PublicDashboard
399,Oil & Gas,Ministry of Petroleum & Natural Gas,701329,Petrochemical and Lube Integration Project at Gujarat Refinery,18936,17825.0,13474.6,2024-08-31,2026-06-30,668.0,1,,https://ipm.mospi.gov.in/Home/PublicDashboard
400,Oil & Gas,Ministry of Petroleum & Natural Gas,701330,Mehsana-Bhatinda & Bhatinda-Jammu Natural Gas Pipeline,7392,7392.0,6349.0,2024-06-30,2026-04-30,669.0,1,,https://ipm.mospi.gov.in/Home/PublicDashboard
401,Oil & Gas,Ministry of Petroleum & Natural Gas,701338,City Gas Distribution Maharashtra Natural Gas Limited,5535,5535.0,4224.31,2031-06-08,2031-06-08,0.0,0,,https://ipm.mospi.gov.in/Home/PublicDashboard
402,Oil & Gas,Ministry of Petroleum & Natural Gas,701344,Dhamra Haldia Pipeline Project,1031,1125.0,915.3,2022-11-07,2026-09-30,1423.0,1,,https://ipm.mospi.gov.in/Home/PublicDashboard
403,Oil & Gas,Ministry of Petroleum & Natural Gas,701346,North East Gas Grid,9265,9265.0,6739.27,2024-03-31,2026-07-31,852.0,1,,https://ipm.mospi.gov.in/Home/PublicDashboard
404,Oil & Gas,Ministry of Petroleum & Natural Gas,701354,Mumbai Nagpur Jharsuguda Pipeline Project,7844,8255.0,6969.7,2023-05-14,2026-06-30,1143.0,1,,https://ipm.mospi.gov.in/Home/PublicDashboard
405,Oil & Gas,Ministry of Petroleum & Natural Gas,709750,Laying of new 28 inch Desal Water Pipeline and 10 inch Reject Water Pipeline between CPCL Manali Refinery and CPCL Desalination plant at Ennore,205,205.0,87.72,2025-09-21,2026-12-31,466.0,1,,https://ipm.mospi.gov.in/Home/PublicDashboard
406,Oil & Gas,Ministry of Petroleum & Natural Gas,709752,HP-COAT [Crude to Olefins and Aromatics Technology] demo unit at Visakh Refinery,160,220.0,132.39,2024-06-30,2027-02-28,973.0,1,,https://ipm.mospi.gov.in/Home/PublicDashboard
407,Oil & Gas,Ministry of Petroleum & Natural Gas,709753,Haldia Panagarh Pipeline Project,1010,1107.0,808.43,2025-11-08,2026-05-31,204.0,1,,https://ipm.mospi.gov.in/Home/PublicDashboard
408,Oil & Gas,Ministry of Petroleum & Natural Gas,709757,"CGD Project in Banka, Dumka, Godda, Jamtara, Pakur, Sahibganj GA ID 11A.02",1377,1377.0,365.39,2030-06-30,2030-06-30,0.0,0,,https://ipm.mospi.gov.in/Home/PublicDashboard
409,Oil & Gas,Ministry of Petroleum & Natural Gas,709758,"CGD Project in Malda, Birbhum, Murshidabad, Dakshin Dinajpur GA ID 11A.03",2628,2628.0,567.65,2030-06-30,2030-06-30,0.0,0,,https://ipm.mospi.gov.in/Home/PublicDashboard
410,Oil & Gas,Ministry of Petroleum & Natural Gas,709760,HP TDAE Unit in Mumbai Refinery,240,240.0,139.9,2026-04-19,2026-06-17,59.0,1,,https://ipm.mospi.gov.in/Home/PublicDashboard
411,Oil & Gas,Ministry of Petroleum & Natural Gas,709770,City Gas Distribution Project at Pathankot District,151,151.0,8.89,2033-09-30,2033-09-30,0.0,0,,https://ipm.mospi.gov.in/Home/PublicDashboard
412,Oil & Gas,Ministry of Petroleum & Natural Gas,709771,"City Gas Distribution Project at Beed, Jalgaon and Jalna Districts",865,865.0,78.67,2031-09-30,2031-09-30,0.0,0,,https://ipm.mospi.gov.in/Home/PublicDashboard
413,Oil & Gas,Ministry of Petroleum & Natural Gas,709772,"City Gas Distribution Project at East Mednipore, West Mednipore & Jhargram Districts",609,609.0,62.42,2031-06-30,2031-06-30,0.0,0,,https://ipm.mospi.gov.in/Home/PublicDashboard
414,Oil & Gas,Ministry of Petroleum & Natural Gas,709773,"City Gas Distribution Project at Jammu, Udhampur, Reasi, Samba and Kathua Districts",538,538.0,4.32,2032-03-31,2034-09-30,913.0,1,,https://ipm.mospi.gov.in/Home/PublicDashboard
415,Oil & Gas,Ministry of Petroleum & Natural Gas,709774,Revamping/ Augmentation of facilities at existing port terminal at Mangalore,463,500.62,299.46,2025-12-31,2027-06-30,546.0,1,,https://ipm.mospi.gov.in/Home/PublicDashboard
416,Oil & Gas,Ministry of Petroleum & Natural Gas,709776,Augmentation/Revamping of Facilities at existing Guwahati Terminal at Betkuchi,277,323.09,226.36,2026-09-30,2026-09-30,0.0,0,,https://ipm.mospi.gov.in/Home/PublicDashboard
417,Oil & Gas,Ministry of Petroleum & Natural Gas,709777,Installation of Bitumen Manufacturing Unit along with allied facilities at Barauni Refinery,389,340.0,111.81,2025-04-30,2026-10-31,549.0,1,,https://ipm.mospi.gov.in/Home/PublicDashboard
418,Oil & Gas,Ministry of Petroleum & Natural Gas,709778,Installation of new Biturox Unit along with allied facilities at Gujarat Refinery,328,344.36,188.4,2025-08-08,2026-12-31,510.0,1,,https://ipm.mospi.gov.in/Home/PublicDashboard
419,Oil & Gas,Ministry of Petroleum & Natural Gas,709779,Capacity Expansion of Digboi Refinery from 0.65 to 1.0 MMTPA,768,740.0,180.91,2026-03-08,2027-07-31,510.0,1,,https://ipm.mospi.gov.in/Home/PublicDashboard
420,Oil & Gas,Ministry of Petroleum & Natural Gas,709780,Construction of Additional Tankages and Allied Facilities at JNPT Terminal,341,436.14,301.94,2026-08-31,2026-08-31,0.0,0,,https://ipm.mospi.gov.in/Home/PublicDashboard
421,Oil & Gas,Ministry of Petroleum & Natural Gas,709781,Revamping / Augmentation of Facilities at Mathura Bitumen Plant,260,260.12,19.19,2027-06-30,2026-12-31,-181.0,0,,https://ipm.mospi.gov.in/Home/PublicDashboard
422,Oil & Gas,Ministry of Petroleum & Natural Gas,709782,ATF Pipeline from Jawaharlal Nehru Port Trust to Navi Mumbai International Airport,165,165.0,99.04,2025-08-21,2026-06-30,313.0,1,,https://ipm.mospi.gov.in/Home/PublicDashboard
423,Oil & Gas,Ministry of Petroleum & Natural Gas,709783,"Installation of Multiple Effect Evaporator [MEE] for ETP-1, 2 & 4 of Panipat Refinery and Petrochemical Complex.",165,247.69,174.74,2023-06-30,2026-06-30,1096.0,1,,https://ipm.mospi.gov.in/Home/PublicDashboard
424,Oil & Gas,Ministry of Petroleum & Natural Gas,709785,Laying of Natural Gas Pipeline from Hazaribagh to Ranchi [HRPL],202,202.07,64.35,2026-02-08,2027-03-31,416.0,1,,https://ipm.mospi.gov.in/Home/PublicDashboard
425,Oil & Gas,Ministry of Petroleum & Natural Gas,709786,"Augmentation/ Revamping of Dimapur Depot, Dimapur",228,227.62,25.76,2027-11-30,2027-11-30,0.0,0,,https://ipm.mospi.gov.in/Home/PublicDashboard
426,Oil & Gas,Ministry of Petroleum & Natural Gas,709791,City Gas Distribution Projects at Alipurduar and Cooch Behar,1017,1017.0,224.72,2030-03-31,2030-03-31,0.0,0,,https://ipm.mospi.gov.in/Home/PublicDashboard
427,Oil & Gas,Ministry of Petroleum & Natural Gas,709792,"City Gas Distribution Projects at Darbhanga, Madhubani, Supaul, Sitamarhi and Sheohar districts",3638,3638.0,465.62,2030-03-31,2030-03-31,0.0,0,,https://ipm.mospi.gov.in/Home/PublicDashboard
428,Oil & Gas,Ministry of Petroleum & Natural Gas,709793,"City Gas Distribution Projects at Gopalganj, Siwan, West Champaran, East Champaran and Deoria districts",3919,3919.0,503.73,2030-06-30,2030-06-30,0.0,0,,https://ipm.mospi.gov.in/Home/PublicDashboard
429,Oil & Gas,Ministry of Petroleum & Natural Gas,709794,"City Gas Distribution Projects at Fazilka [except area already authorized], Ganganagar and Hanumangarh districts",3207,3207.0,409.92,2030-06-30,2030-06-30,0.0,0,,https://ipm.mospi.gov.in/Home/PublicDashboard
430,Oil & Gas,Ministry of Petroleum & Natural Gas,709795,"City Gas Distribution Projects at Lakhimpur Kheri , Sitapur, Bahraich, Shravasti,Balrampur, Siddharth Nagar & Maharajganj districts",16654,16654.0,697.88,2030-06-30,2030-06-30,0.0,0,,https://ipm.mospi.gov.in/Home/PublicDashboard
431,Oil & Gas,Ministry of Petroleum & Natural Gas,709796,City Gas Distribution Projects at the Nilgiris and Erode districts,3685,3685.0,280.64,2030-03-31,2030-03-31,0.0,0,,https://ipm.mospi.gov.in/Home/PublicDashboard
432,Oil & Gas,Ministry of Petroleum & Natural Gas,709797,POL & LOBS Installations with Receipt Pipelines at Rasayani,2585,2585.0,1205.5,2026-05-31,2026-05-31,0.0,0,,https://ipm.mospi.gov.in/Home/PublicDashboard
433,Oil & Gas,Ministry of Petroleum & Natural Gas,709798,Ethylene Cracker Project at Bina Refinery including downstream Petrochemical Plants and expansion of Refinery,43367,43367.0,4552.5,2028-05-31,2028-05-31,0.0,0,,https://ipm.mospi.gov.in/Home/PublicDashboard
434,Oil & Gas,Ministry of Petroleum & Natural Gas,709799,Setting up Polypropylene Unit at Kochi Refinery,4460,4460.0,802.13,2027-10-31,2027-10-31,0.0,0,,https://ipm.mospi.gov.in/Home/PublicDashboard
435,Oil & Gas,Ministry of Petroleum & Natural Gas,709800,"CUF POL Depot at Sadashibpur [Meramundali], Odisha",394,393.54,214.0,2026-03-31,2026-06-30,91.0,1,,https://ipm.mospi.gov.in/Home/PublicDashboard
436,Oil & Gas,Ministry of Petroleum & Natural Gas,709837,"Creation of Gas Dehydration  Facilities, Tripura Asset",209,131.51,78.98,2024-05-31,2026-08-31,822.0,1,,https://ipm.mospi.gov.in/Home/PublicDashboard
437,Oil & Gas,Ministry of Petroleum & Natural Gas,709838,Commercial Polymer Flooding Project in Bechraji field,621,739.02,191.64,2024-11-30,2027-05-31,912.0,1,,https://ipm.mospi.gov.in/Home/PublicDashboard
438,Oil & Gas,Ministry of Petroleum & Natural Gas,709839,Daman Upside Development Project,4144,6406.9,5632.94,2025-10-31,2026-05-31,212.0,1,,https://ipm.mospi.gov.in/Home/PublicDashboard
439,Oil & Gas,Ministry of Petroleum & Natural Gas,709840,"Restoration of Gas Terminal, Phase-I [Part-A], Hazira",249,249.43,210.5,2025-02-10,2026-04-30,444.0,1,,https://ipm.mospi.gov.in/Home/PublicDashboard
440,Oil & Gas,Ministry of Petroleum & Natural Gas,709841,Old Pipe Line Replacement [OPRP] Group-A,173,169.84,160.52,2025-07-18,2026-07-16,363.0,1,,https://ipm.mospi.gov.in/Home/PublicDashboard
441,Oil & Gas,Ministry of Petroleum & Natural Gas,709842,"Kalol Redevelopment Project, Ahmedabad Asset",1487,1487.41,940.5,2027-03-31,2027-03-31,0.0,0,,https://ipm.mospi.gov.in/Home/PublicDashboard
442,Oil & Gas,Ministry of Petroleum & Natural Gas,709845,"Revamping of SV Stations, Gas Terminal & Kribhco Terminal",837,837.34,415.09,2026-08-31,2026-08-31,0.0,0,,https://ipm.mospi.gov.in/Home/PublicDashboard
443,Oil & Gas,Ministry of Petroleum & Natural Gas,709847,Pipeline Network Project Rudrasagar,481,481.03,230.22,2026-04-27,2027-04-30,368.0,1,,https://ipm.mospi.gov.in/Home/PublicDashboard
444,Oil & Gas,Ministry of Petroleum & Natural Gas,709848,MHN TCPP PGC BGC Project [MTPBP],2329,2354.23,1613.16,2026-05-19,2026-05-19,0.0,0,,https://ipm.mospi.gov.in/Home/PublicDashboard
445,Oil & Gas,Ministry of Petroleum & Natural Gas,709849,PRP-VIII Group B [NH & BS Asset],2380,3165.53,2653.0,2026-02-28,2026-05-15,76.0,1,,https://ipm.mospi.gov.in/Home/PublicDashboard
446,Oil & Gas,Ministry of Petroleum & Natural Gas,709850,Borholla GGS Life Extension Project [BLEP],199,198.7,90.21,2026-05-16,2026-09-30,137.0,1,,https://ipm.mospi.gov.in/Home/PublicDashboard
447,Oil & Gas,Ministry of Petroleum & Natural Gas,709851,Integrated Development of 4 Contract Areas under DSF-II,6184,6183.79,1555.0,2027-04-30,2027-04-30,0.0,0,,https://ipm.mospi.gov.in/Home/PublicDashboard
448,Oil & Gas,Ministry of Petroleum & Natural Gas,709864,DCU Revamp Project,370,370.0,280.44,2024-07-17,2026-10-31,836.0,1,,https://ipm.mospi.gov.in/Home/PublicDashboard
449,Oil & Gas,Ministry of Petroleum & Natural Gas,709865,Power Recovery Turbine [PRT] in PFCCU unit as an Energy Conservation Scheme,294,293.5,97.24,2024-12-31,2026-09-30,638.0,1,,https://ipm.mospi.gov.in/Home/PublicDashboard
450,Healthcare,"Ministry of Ports, Shipping and Waterways",708662,Establishment of 600 bed super specialty hospital with optional development of Medical college and further expansion on PPP basis.,693,693.0,58.0,2026-06-30,2027-12-31,549.0,1,,https://ipm.mospi.gov.in/Home/PublicDashboard
451,Inland Waterways,"Ministry of Ports, Shipping and Waterways",611142,Fairway Development in West Bengal Farakka - Kahelgaon,177,197.0,383.41,2023-07-31,2024-04-21,265.0,1,,https://ipm.mospi.gov.in/Home/PublicDashboard
452,Inland Waterways,"Ministry of Ports, Shipping and Waterways",701565,Jal Marg Vikas Project,5369,5061.15,3956.59,2023-12-31,2025-12-31,731.0,1,,https://ipm.mospi.gov.in/Home/PublicDashboard
453,Shipping,"Ministry of Ports, Shipping and Waterways",400382,Rewas Port Project,6000,,5999.89,2023-03-31,,,,,https://ipm.mospi.gov.in/Home/PublicDashboard
454,Shipping,"Ministry of Ports, Shipping and Waterways",609424,"Development of Container Terminal at Tuna-Tekra, Deendayal Port on BOT Basis Under PPP Mode",4244,,1428.0,2027-03-13,2027-09-30,201.0,1,,https://ipm.mospi.gov.in/Home/PublicDashboard
455,Shipping,"Ministry of Ports, Shipping and Waterways",617804,Mechanization of Berth No.14 for handling Containers and other cargo on DBFOT basis - Phase II,153,,58.93,2027-03-31,,,,,https://ipm.mospi.gov.in/Home/PublicDashboard
456,Shipping,"Ministry of Ports, Shipping and Waterways",701570,"Replacement and revamping of pipeline projects in oil jetty area, Kandla",171,211.61,149.5,2023-09-30,2025-03-31,548.0,1,,https://ipm.mospi.gov.in/Home/PublicDashboard
457,Shipping,"Ministry of Ports, Shipping and Waterways",701574,Deepening and Optimization of Inner Harbour facilities including development of Western Dock on BOT basis to handle Cape size vessels,3005,,2060.12,2027-12-31,2028-10-16,290.0,1,,https://ipm.mospi.gov.in/Home/PublicDashboard
458,Shipping,"Ministry of Ports, Shipping and Waterways",701577,Shalukkhali Liquid Cargo Handling Facility Development Project,254,253.65,9.28,2025-08-31,,,,,https://ipm.mospi.gov.in/Home/PublicDashboard
459,Shipping,"Ministry of Ports, Shipping and Waterways",701586,Setting up of a Floating Storage and Regasification Unit [FSRU] - Mumbai,900,,65.0,2026-11-11,2026-11-11,0.0,0,,https://ipm.mospi.gov.in/Home/PublicDashboard
460,"Tourism, Hospitality & Wellness","Ministry of Ports, Shipping and Waterways",707215,National Maritime Heritage Complex [NMHC] Phase-I,573,1238.05,611.24,2024-03-31,2026-03-31,730.0,1,,https://ipm.mospi.gov.in/Home/PublicDashboard
461,Coal,Ministry of Power,400192,Tubed Coal Mine,1581,,600.47,2026-05-31,2026-05-31,0.0,0,,https://ipm.mospi.gov.in/Home/PublicDashboard
462,Coal,Ministry of Power,603293,Badam Coal Mining project of NTPC,502,784.0,406.86,2056-12-31,2027-04-01,-10867.0,0,,https://ipm.mospi.gov.in/Home/PublicDashboard
463,Electricity Generation,Ministry of Power,400062,"Raghunathpur Thermal Power Station Phase II [2X660 MW] at Raghunathpur, Purulia, West Bengal",17673,,1791.7,2029-06-30,,,,,https://ipm.mospi.gov.in/Home/PublicDashboard
464,Electricity Generation,Ministry of Power,400261,Patratu Thermal Power Station Expansion Project Phase-I [3x800 MW],18668,20302.0,18630.0,2023-03-31,2027-02-28,1430.0,1,,https://ipm.mospi.gov.in/Home/PublicDashboard
465,Electricity Generation,Ministry of Power,602096,Subansiri Lower HE Project [2000 MW],6285,26075.5,26119.3,2010-09-08,2026-05-31,5744.0,1,,https://ipm.mospi.gov.in/Home/PublicDashboard
466,Electricity Generation,Ministry of Power,602181,"TEESTA-VI HE PROJECT, SIKKIM [500 MW], executed by LANCO TEESTA HYDRO POWER LIMITED [A wholly owned Subsidiary of NHPC LTD. acquired through NCLT]",5748,5748.04,4298.28,2024-03-07,2027-12-31,1394.0,1,,https://ipm.mospi.gov.in/Home/PublicDashboard
467,Electricity Generation,Ministry of Power,602182,Dibang Multipurpose Project,31876,,4540.83,2032-02-26,2032-02-26,0.0,0,,https://ipm.mospi.gov.in/Home/PublicDashboard
468,Electricity Generation,Ministry of Power,602184,Rammam-III HEPP [3x40 MW],1382,2865.56,1550.11,2019-09-30,2029-03-31,3470.0,1,,https://ipm.mospi.gov.in/Home/PublicDashboard
469,Electricity Generation,Ministry of Power,602185,Tapovan-Vishnugad HEP [4x130 MW],2978,10907.3,7608.82,2013-03-31,2029-04-30,5874.0,1,,https://ipm.mospi.gov.in/Home/PublicDashboard
470,Electricity Generation,Ministry of Power,602195,Vishnugad Pipalkoti Hydro Electric Project [444 MW],3860,6405.08,5366.01,2022-12-15,2027-09-30,1750.0,1,,https://ipm.mospi.gov.in/Home/PublicDashboard
471,Electricity Generation,Ministry of Power,602525,"Pakal Dul [Drangdhuran] Hydroelectric Project, 1000 MW",8112,12728.0,8871.22,2020-04-27,2026-12-31,2439.0,1,,https://ipm.mospi.gov.in/Home/PublicDashboard
472,Electricity Generation,Ministry of Power,602532,Kiru HE Project,4288,5409.0,3681.19,2023-09-07,2026-12-31,1211.0,1,,https://ipm.mospi.gov.in/Home/PublicDashboard
473,Electricity Generation,Ministry of Power,602535,"Ratle HE Project - 850 MW, Ratle Hydroelectric Power Corporation Limited.",5282,,1526.09,2026-02-10,2028-11-28,1022.0,1,,https://ipm.mospi.gov.in/Home/PublicDashboard
474,Electricity Generation,Ministry of Power,602538,Installation of FGD for 4x210 & 2x250 MW MTPS U 1-6,1037,1106.0,1129.14,2024-01-22,2026-05-31,860.0,1,,https://ipm.mospi.gov.in/Home/PublicDashboard
475,Electricity Generation,Ministry of Power,602579,Buxar Thermal Power Project [1320 MW],10439,13756.6,13253.0,2024-01-08,2026-05-30,873.0,1,,https://ipm.mospi.gov.in/Home/PublicDashboard
476,Electricity Generation,Ministry of Power,602582,Dhaulasidh Hydro Electric Project [66 MW],688,1561.21,1091.0,2025-11-05,2027-03-31,511.0,1,,https://ipm.mospi.gov.in/Home/PublicDashboard
477,Electricity Generation,Ministry of Power,602593,Luhri Stage-I Hydro Electric Project [210 MW],1811,4681.64,1916.37,2026-01-19,2030-02-28,1501.0,1,,https://ipm.mospi.gov.in/Home/PublicDashboard
478,Electricity Generation,Ministry of Power,602961,Talcher Thermal Power Station Stage III [2 x 660 MW] Expansion,11844,12543.0,6222.91,2027-05-31,2028-03-31,305.0,1,,https://ipm.mospi.gov.in/Home/PublicDashboard
479,Electricity Generation,Ministry of Power,605155,Kwar HE Project,4526,,1516.68,2026-11-10,2028-03-31,507.0,1,,https://ipm.mospi.gov.in/Home/PublicDashboard
480,Electricity Generation,Ministry of Power,605156,Rangit-IV HE Project [120 MW]  executed by Jal Power Corporation Ltd. [JPCL] - A wholly owned subsidiary of NHPC Ltd. acquired through NCLT,938,1828.11,1620.15,2024-05-29,2025-12-28,578.0,1,,https://ipm.mospi.gov.in/Home/PublicDashboard
481,Electricity Generation,Ministry of Power,611509,"Koderma Thermal Power Station Phase II [2X800 MW] At Koderma, Jharkhand",14358,,1777.92,2029-03-14,,,,,https://ipm.mospi.gov.in/Home/PublicDashboard
482,Electricity Generation,Ministry of Power,611586,Sunni Dam Hydro Electric Project [382 MW],2615,4925.87,1075.31,2028-04-03,2029-12-31,637.0,1,,https://ipm.mospi.gov.in/Home/PublicDashboard
483,Electricity Generation,Ministry of Power,611698,240MW Heo HE Project,1939,,96.6,2029-07-29,,,,,https://ipm.mospi.gov.in/Home/PublicDashboard
484,Electricity Generation,Ministry of Power,611699,186 MW Tato-I H E Project,1750,,73.67,2029-07-29,,,,,https://ipm.mospi.gov.in/Home/PublicDashboard
485,Electricity Generation,Ministry of Power,611930,Lara Super Thermal Power Project Stage-II [2 x 800 MW],15530,16106.0,4606.12,2028-06-30,2028-09-30,92.0,1,,https://ipm.mospi.gov.in/Home/PublicDashboard
486,Electricity Generation,Ministry of Power,612142,"Singrauli Super Thermal Power Project, Stage-III [2x800 MW]",17195,,3131.62,2030-02-28,,,,,https://ipm.mospi.gov.in/Home/PublicDashboard
487,Electricity Generation,Ministry of Power,617188,"Sipat Super Thermal Power Project, Stage-III [1x800 MW]",9791,,1556.39,2029-09-30,,,,,https://ipm.mospi.gov.in/Home/PublicDashboard
488,Electricity Generation,Ministry of Power,618976,"Gadarwara Super Thermal Power Project, Stage-II [2x800 MW]",20446,,1617.84,2030-03-31,,,,,https://ipm.mospi.gov.in/Home/PublicDashboard
489,Electricity Generation,Ministry of Power,619051,"Nabinagar Super Thermal Power Project, Stage-II [3x800 MW]",29948,,2547.19,2030-07-31,,,,,https://ipm.mospi.gov.in/Home/PublicDashboard
490,Electricity Generation,Ministry of Power,709747,Bagodara Solar Power Project,339,,370.0,2025-12-31,2025-12-31,0.0,0,,https://ipm.mospi.gov.in/Home/PublicDashboard
491,Transmission & Distribution,Ministry of Power,400005,Transmission Network Expansion in Gujarat to increase its ATC from ISTS Part B,4546,,4523.49,2023-06-12,2026-05-31,1084.0,1,,https://ipm.mospi.gov.in/Home/PublicDashboard
492,Transmission & Distribution,Ministry of Power,602223,Comprehensive Scheme for Strengthening of Transmission and Distribution [T&D] Systems [CSST&DS] in Arunachal Pradesh and Sikkim,4754,9129.32,8033.8,2018-12-19,2027-03-31,3024.0,1,,https://ipm.mospi.gov.in/Home/PublicDashboard
493,Transmission & Distribution,Ministry of Power,607709,NORTH EASTERN REGION POWER SYSTEM IMPROVEMENT PROJECT [NERPSIP],5111,6700.0,5577.75,2018-12-31,2027-03-31,3012.0,1,,https://ipm.mospi.gov.in/Home/PublicDashboard
494,Transmission & Distribution,Ministry of Power,611735,Transmission system for evacuation of power from REZ in Rajasthan 20GW under Phase-III Part J,331,,195.29,2025-03-31,2026-12-31,640.0,1,,https://ipm.mospi.gov.in/Home/PublicDashboard
495,Transmission & Distribution,Ministry of Power,611947,Transmission System for Evacuation of Power from REZ in Rajasthan 20GW under Phase III- Part E2,428,,406.88,2025-06-15,2026-06-30,380.0,1,,https://ipm.mospi.gov.in/Home/PublicDashboard
496,Transmission & Distribution,Ministry of Power,611948,Transmission system for evacuation of power from REZ in Rajasthan 20 GW under Phase-III part H,2211,,2122.84,2025-04-30,2026-06-30,426.0,1,,https://ipm.mospi.gov.in/Home/PublicDashboard
497,Transmission & Distribution,Ministry of Power,611949,Transmission system for evacuation of power from REZ in Rajasthan 20 GW under Phase-III part C1,1796,,1724.17,2025-04-30,2026-05-31,396.0,1,,https://ipm.mospi.gov.in/Home/PublicDashboard
498,Transmission & Distribution,Ministry of Power,611951,Transmission system for evacuation of power from REZ in Rajasthan 20GW under Phase-III Part E1,689,,686.67,2025-02-28,2026-04-30,426.0,1,,https://ipm.mospi.gov.in/Home/PublicDashboard
499,Transmission & Distribution,Ministry of Power,611966,Transmission System for Evacuation of power from Potential RE Zone in Khavda Area of Gujarat under phase IV 7GW-Part E4,224,,197.47,2025-07-09,2026-04-30,295.0,1,,https://ipm.mospi.gov.in/Home/PublicDashboard
500,Transmission & Distribution,Ministry of Power,611967,Transmission Scheme for Solar Energy Zone in Ananthpuram 2500MW and Kurnool 1000MW,1249,,1198.74,2025-09-30,2026-04-30,212.0,1,,https://ipm.mospi.gov.in/Home/PublicDashboard
501,Transmission & Distribution,Ministry of Power,612132,Transmission Scheme for Evacuation of power from REZ in Rajasthan [20 GW] under Phase-III Part D Phase I [Sikar Khetri Transmission Ltd],2000,,1640.0,2025-08-08,2026-09-30,418.0,1,,https://ipm.mospi.gov.in/Home/PublicDashboard
502,Transmission & Distribution,Ministry of Power,612133,Transmission System for Evacuation of power from Rajasthan REZ Ph-IV [Part-1] [Bikaner Complex] Part D [Neemrana Bareilly Transmission Ltd],2056,,1706.48,2025-12-26,2026-12-31,370.0,1,,https://ipm.mospi.gov.in/Home/PublicDashboard
503,Transmission & Distribution,Ministry of Power,612134,Transmission System for Evacuation of power from Rajasthan REZ Ph-IV [Part-1] [Bikaner Complex] Part A [Bikaner Neemrana  Transmission Ltd],2998,,2278.73,2025-12-26,2026-12-31,370.0,1,,https://ipm.mospi.gov.in/Home/PublicDashboard
504,Transmission & Distribution,Ministry of Power,612138,"Transmission Scheme for Solar Energy Zone in Bidar [2500 MW], Karnataka [Bidar Transmission Ltd]",2148,,1825.47,2026-02-08,2026-06-30,142.0,1,,https://ipm.mospi.gov.in/Home/PublicDashboard
505,Transmission & Distribution,Ministry of Power,612139,Transmission system for Evacuation of Additional 7 GW RE power from Khavda RE park under Phase-III Part B [Vataman Transmission Limited],3752,,2194.81,2025-12-25,2026-12-31,371.0,1,,https://ipm.mospi.gov.in/Home/PublicDashboard
506,Transmission & Distribution,Ministry of Power,612140,Transmission Scheme for Integration of Renewable Energy Zone [Phase II] in Koppal II [Phase A&B] and gadag II[Phase A] in Karnataka [POWERGRID KOPPAL GADAG TRANSMISSION LIMITED],2889,,2224.83,2025-12-25,2026-09-30,279.0,1,,https://ipm.mospi.gov.in/Home/PublicDashboard
507,Transmission & Distribution,Ministry of Power,612151,Transmission System for Evacuation of Power from potential Renewable Energy zone in Khavda Area of Gujarat under Phase IV [7 GW] Part E3,334,,327.32,2025-07-31,2026-04-30,273.0,1,,https://ipm.mospi.gov.in/Home/PublicDashboard
508,Transmission & Distribution,Ministry of Power,612855,Transmission System for Evacuation of Power from Potential Energy Renewable Zone in Khavda Area of Gujarat under Ph-IV [7GW] Part E2,679,,291.97,2026-05-30,2026-06-30,31.0,1,,https://ipm.mospi.gov.in/Home/PublicDashboard
509,Transmission & Distribution,Ministry of Power,615332,Transmission System for Evacuation of Power from Rajasthan REZ Ph-IV [Part-2 5.5 GW][Jaisalmer/Barmer Complex] Part B [SPV Name  POWERGRID Sirohi Transmission Limited],3279,,1442.76,2026-08-22,2027-03-31,221.0,1,,https://ipm.mospi.gov.in/Home/PublicDashboard
510,Transmission & Distribution,Ministry of Power,615333,Transmission System for Evacuation of Power from Rajasthan REZ Ph-IV [Part-2 5.5 GW] [Jaisalmer/Barmer Complex] Part D [SPV Name POWERGRID Beawar Mandsaur Transmission Limited],2227,,957.61,2026-08-21,2026-12-31,132.0,1,,https://ipm.mospi.gov.in/Home/PublicDashboard
511,Transmission & Distribution,Ministry of Power,615334,Transmission System for Evacuation of Power from Rajasthan REZ Ph-IV [Part-2 5.5 GW] [Jaisalmer/Barmer Complex] Part E [SPV Name POWERGRID Mewar Transmission Limited],3251,,1592.99,2026-08-18,2027-04-30,255.0,1,,https://ipm.mospi.gov.in/Home/PublicDashboard
512,Transmission & Distribution,Ministry of Power,615335,Transmission System Strengthening for Interconnections of  Bhadla-III & Bikaner III Complex [SPV Name POWERGRID BHADLA BIKANER TRANSMISSION LIMITED],1382,,511.34,2026-08-29,2027-03-31,214.0,1,,https://ipm.mospi.gov.in/Home/PublicDashboard
513,Transmission & Distribution,Ministry of Power,615337,Additional Transmission System for evacuation of Power from Bhadla-III PS as part of Rajasthan REZ Phase III Scheme [20 GW] [SPV Name POWERGRID Bhadla-III Power Transmission Limited],369,,206.64,2026-02-27,2026-09-30,215.0,1,,https://ipm.mospi.gov.in/Home/PublicDashboard
514,Transmission & Distribution,Ministry of Power,615338,TRANSMISSION SYSTEM FOR EVACUATION OF POWER FROM RAJASTHAN REZ PH -IV [PART-2 5.5 GW] [JAISALMER/BARMER COMPLEX] PART F [SPV Name POWERGRID BARMER I TRANSMISSION LIMITED],2735,,847.85,2026-11-06,2027-06-30,236.0,1,,https://ipm.mospi.gov.in/Home/PublicDashboard
515,Transmission & Distribution,Ministry of Power,615339,Transmission system for evacuation of power from Rajasthan REZ Ph-IV [Part-3/6GW] [Bikaner complex] Part A [SPV Name POWERGRID Bikaner IV Transmission Limited],5969,,1193.8,2026-11-11,2027-04-30,170.0,1,,https://ipm.mospi.gov.in/Home/PublicDashboard
516,Transmission & Distribution,Ministry of Power,615340,TRANSMISSION SYSTEM FOR EVACUATION OF POWER FROM RAJASTHAN REZ PH-IV [PART-3/ 6 GW] [BIKANER COMPLEX] PART B [SPV Name POWERGRID Siwani Transmission Limited],5357,,1339.25,2026-11-11,2027-06-30,231.0,1,,https://ipm.mospi.gov.in/Home/PublicDashboard
517,Transmission & Distribution,Ministry of Power,615342,Augmentation of Transformation Capacity at jam Khambhaliya PS [GIS] [SPV Name POWERGRID Jam Khambhaliya Transmission Limited],329,,23.03,2026-07-14,2027-04-30,290.0,1,,https://ipm.mospi.gov.in/Home/PublicDashboard
518,Transmission & Distribution,Ministry of Power,615343,Provision of Dynamic Reactive Compensation at Khavda pooling Station 1 [KPS1] and Khavda Pooling station 3 [KPS3],501,,20.04,2026-11-06,,,,,https://ipm.mospi.gov.in/Home/PublicDashboard
519,Transmission & Distribution,Ministry of Power,615344,Transmission System for Evacuation of Power from Rajasthan REZ Ph-IV [Part-2  5.5GW] [Jaisalmer/Barmer Complex] Part H1 [POWERGRID KURAWAR TRANSMISSION LIMITED],3674,,1304.27,2026-10-14,2027-06-30,259.0,1,,https://ipm.mospi.gov.in/Home/PublicDashboard
520,Transmission & Distribution,Ministry of Power,615345,Transmission System for Evacuation of Power from Potential Renewable Energy Zone in Khavda area of Gujarat under Phase-IV [7GW] Part B [SPV Name POWERGRID South Olpad Transmission Limited],4766,,1167.67,2026-10-14,2027-10-31,382.0,1,,https://ipm.mospi.gov.in/Home/PublicDashboard
521,Transmission & Distribution,Ministry of Power,615346,Transmission System for Evacuation of Power from Rajasthan REZ Ph-IV [Part-2 5.5 GW] [Jaisalmer/Barmer Complex] Part C [SPV Name POWERGRID Mandsaur Transmission Limited],2708,,1462.32,2026-08-18,2027-02-28,194.0,1,,https://ipm.mospi.gov.in/Home/PublicDashboard
522,Transmission & Distribution,Ministry of Power,615347,TRANSMISSION SYSTEM FOR EVACUATION OF POWER FROM POTENTIAL RENEWABLE ENERGY ZONE IN KHAVDA AREA OF GUJARAT UNDER PHASE-V [8 GW] PART A   [SPV Name POWERGRID West Central Transmission Limited],24819,,2258.53,2029-05-18,,,,,https://ipm.mospi.gov.in/Home/PublicDashboard
523,Transmission & Distribution,Ministry of Power,616670,Transmission System for evacuation of Power from Rajasthan REZ Ph-IV [Part-4 3.5 GW] Part A  [SPV name POWERGRID Ghiror Transmission Limited],5846,,1461.5,2026-12-30,2027-06-30,182.0,1,,https://ipm.mospi.gov.in/Home/PublicDashboard
524,Transmission & Distribution,Ministry of Power,616671,Transmission System under ISTS for evacuation of Power from Kudankulam Unit-3&4 [2x1000 MW]  [SPV Name POWERGRID Kudankulam Tarnsmission Limited],548,,117.82,2026-12-31,2027-03-31,90.0,1,,https://ipm.mospi.gov.in/Home/PublicDashboard
525,Transmission & Distribution,Ministry of Power,616672,System Strengthening at Koppal-II and GadagII for integration of RE generation projects [SPV Name POWERGRID Koppal Gadag Augmentation Transmission Limited],1354,,203.1,2027-06-01,,,,,https://ipm.mospi.gov.in/Home/PublicDashboard
526,Transmission & Distribution,Ministry of Power,617068,"Augmentation of Transformation Capacity by 3x500 MVA, 400/220 KV ICTS [6th-8th] and 1x1500 MVA, 765/400 KV ICT [4th] at Bidar PS  [SPV Name- POWERGRID Bidar Augmentation Transmission Limited]",288,,14.4,2027-06-30,,,,,https://ipm.mospi.gov.in/Home/PublicDashboard
527,Transmission & Distribution,Ministry of Power,617069,Augmentation of Transformation Capacity at KPS1 [GIS] and KPS2 [GIS] [Phase-V Part B1 and Part B2 Scheme]  [SPV Name- POWERGRID KPS1 and 2 Augmentation Transmission Limited],466,,69.9,2027-02-17,,,,,https://ipm.mospi.gov.in/Home/PublicDashboard
528,Transmission & Distribution,Ministry of Power,617179,Transmission Scheme for evacuation of Power from Ratle HEP [850 MW] & kiru [624 MW] Part B,219,,3.28,2026-07-14,2027-06-30,351.0,1,,https://ipm.mospi.gov.in/Home/PublicDashboard
529,Transmission & Distribution,Ministry of Power,617181,"Augmentation at Fatehgarh-II PS, Fatehgarh-IV PS [Section-II] and Barmer-I PS [POWERGRID Fatehgarh Barmer Augmentation Transmission Limited]",404,,26.26,2026-12-20,2027-06-30,192.0,1,,https://ipm.mospi.gov.in/Home/PublicDashboard
530,Transmission & Distribution,Ministry of Power,617182,Augmentation of Banaskantha [Raghanesda] PS [GIS] [POWERGRID Banaskantha Transco Limited],172,,48.16,2027-03-23,,,,,https://ipm.mospi.gov.in/Home/PublicDashboard
531,Transmission & Distribution,Ministry of Power,617183,Transmission system strengthening at Kurnool- III PS for integration of additional RE generation projects [POWERGRID Kurnool III PS RE Transmission Limited],2886,,519.48,2027-12-31,,,,,https://ipm.mospi.gov.in/Home/PublicDashboard
532,Transmission & Distribution,Ministry of Power,617184,Transmission Scheme for integration of Davanagere/ Chitradurga and Bellary REZ in Karnataka  [POWERGRID Chitradurga Bellary REZ Transmission Limited],3453,,345.3,2027-09-20,,,,,https://ipm.mospi.gov.in/Home/PublicDashboard
533,Transmission & Distribution,Ministry of Power,617185,Transmission System for Integration of Kurnool-IV REZ  Phase-I [for 4.5 GW] [POWERGRID Kurnool-IV Transmission Limited],5550,,860.25,2027-03-23,2027-09-30,191.0,1,,https://ipm.mospi.gov.in/Home/PublicDashboard
534,Transmission & Distribution,Ministry of Power,617186,Rajasthan REZ Ph-V [Part-1- 4 GW] [Sirohi/Nagaur] Complex [Rajasthan V Power Transmission Limited],5028,,754.2,2027-03-23,2027-06-30,99.0,1,,https://ipm.mospi.gov.in/Home/PublicDashboard
535,Transmission & Distribution,Ministry of Power,617269,Transmission System for Strengthening to facilitate evacuation of power from Bhadla/Bikaner Complex,213,,5.32,2026-06-09,2026-08-31,83.0,1,,https://ipm.mospi.gov.in/Home/PublicDashboard
536,Transmission & Distribution,Ministry of Power,617270,Eastern Region  Expansion Scheme-44 [ERES-44],409,,4.09,2026-05-24,2027-06-30,402.0,1,,https://ipm.mospi.gov.in/Home/PublicDashboard
537,Transmission & Distribution,Ministry of Power,617271,Eastern Region  Expansion Scheme-43 [ERES-43],343,,97.66,2026-03-01,2026-06-30,121.0,1,,https://ipm.mospi.gov.in/Home/PublicDashboard
538,Transmission & Distribution,Ministry of Power,617272,Implementation of LILO of both circuits of 400KV vindhyachal PS-Sasan D/C Line at Hindalco Switchyard,370,,101.75,2026-12-06,,,,,https://ipm.mospi.gov.in/Home/PublicDashboard
539,Transmission & Distribution,Ministry of Power,617279,Transmission System for evacuation of power from Mahan Energen Limited Generating Station in Madhya Pradesh [SPV Name - POWERGRID MEL Power Transmission Limited],558,,41.85,2027-12-04,,,,,https://ipm.mospi.gov.in/Home/PublicDashboard
540,Transmission & Distribution,Ministry of Power,617326,Implementation of Transmission Systems in the State of Jharkhand consisting of 400/220/132/33 kV transmission lines and substations under Jharkhand Consultancy Project,1842,,1648.05,2026-03-31,2026-08-31,153.0,1,,https://ipm.mospi.gov.in/Home/PublicDashboard
541,Transmission & Distribution,Ministry of Power,617375,North Eastern Region Expansion Scheme-XXIII [NERES-XXIII],209,,2.09,2028-02-03,,,,,https://ipm.mospi.gov.in/Home/PublicDashboard
542,Transmission & Distribution,Ministry of Power,617391,Augmentation of Transformation Capacity at Bhuj-II PS [GIS],488,,4.88,2026-11-23,2027-06-30,219.0,1,,https://ipm.mospi.gov.in/Home/PublicDashboard
543,Transmission & Distribution,Ministry of Power,617405,Jamnagar Transmission Limited,4000,,540.0,2026-10-14,,,,,https://ipm.mospi.gov.in/Home/PublicDashboard
544,Transmission & Distribution,Ministry of Power,617801,Provision of ICT Augmentation & Bus Reactor at Bhuj-II PS,582,,6.98,2026-12-18,2027-06-30,194.0,1,,https://ipm.mospi.gov.in/Home/PublicDashboard
545,Transmission & Distribution,Ministry of Power,617802,Augmentation of Transformation Capacity and Implementation of Line Bays at  Mandsaur S/S for RE Interconnection [SPV Name- POWERGRID Mandsaur I RE Transmission Limited],319,,10.21,2028-03-30,,,,,https://ipm.mospi.gov.in/Home/PublicDashboard
546,Transmission & Distribution,Ministry of Power,617803,Transmission System Strengthening at Davanagere for Integration of RE Generation [SPV Name - POWERGRID Davanagere Power Transmission Limited],379,,15.91,2027-09-24,,,,,https://ipm.mospi.gov.in/Home/PublicDashboard
547,Transmission & Distribution,Ministry of Power,617806,Transmission System for Integration of Ananthapur 2 REZ Phase 1 for 4.5 GW. SPV Name Anantapuram 2 REZ Transmission Ltd,4536,,677.57,2027-03-30,,,,,https://ipm.mospi.gov.in/Home/PublicDashboard
548,Transmission & Distribution,Ministry of Power,617807,Inter-regional [NR-WR] Transmission System strengthening to relieve the loading of 765 kV Vindhyachal-Varanasi D/c line,2368,,28.41,2027-10-16,,,,,https://ipm.mospi.gov.in/Home/PublicDashboard
549,Transmission & Distribution,Ministry of Power,617808,Inter-Regional Strengthening between SR Grid and WR Grid,1007,,18.1,2027-10-17,,,,,https://ipm.mospi.gov.in/Home/PublicDashboard
550,Transmission & Distribution,Ministry of Power,619024,Mahan Transmission Limited,3125,,260.79,2027-04-25,,,,,https://ipm.mospi.gov.in/Home/PublicDashboard
551,Transmission & Distribution,Ministry of Power,619025,RAJASTHAN PART I POWER TRANSMISSION LIMITED,25000,,227.05,2029-07-20,,,,,https://ipm.mospi.gov.in/Home/PublicDashboard
552,Transmission & Distribution,Ministry of Power,619026,KPSIII HVDC Transmission Limited,19000,,0.0,2029-12-12,,,,,https://ipm.mospi.gov.in/Home/PublicDashboard
553,Transmission & Distribution,Ministry of Power,619027,WRNES Talegaon Power Transmission Limited,2000,,1.0,2028-01-01,,,,,https://ipm.mospi.gov.in/Home/PublicDashboard
554,Transmission & Distribution,Ministry of Power,619028,Augmentation of 1x500 MVA 400/220kV ICT [3rd] at Thrissur VSC HVDC Station in Kerala,173,,1.73,2027-08-21,,,,,https://ipm.mospi.gov.in/Home/PublicDashboard
555,Transmission & Distribution,Ministry of Power,619029,Transmission System for Reliable Power Supply to Dholera,319,,46.31,2026-03-02,2026-12-31,304.0,1,,https://ipm.mospi.gov.in/Home/PublicDashboard
556,Transmission & Distribution,Ministry of Power,619030,Inter-Regional Strengthening between SR Grid and ER Grid,2722,,5.4,2028-08-03,,,,,https://ipm.mospi.gov.in/Home/PublicDashboard
557,Transmission & Distribution,Ministry of Power,619049,Khavda IVA Power Transmission Limited,4500,,2352.01,2026-08-30,,,,,https://ipm.mospi.gov.in/Home/PublicDashboard
558,Transmission & Distribution,Ministry of Power,900808,Transmission System for Kurnool Wind Energy Zone/ Solar Energy Zone  Part-A and Part-B,3547,,3529.2,2024-11-30,2026-05-31,547.0,1,,https://ipm.mospi.gov.in/Home/PublicDashboard
559,Railways,Ministry of Railways,400006,Jharsuguda-Barpali-Sardega Ph II Works- Rail Connectivity for Coal Loading Bulb at Barpali.,809,,596.45,2025-10-31,2026-12-31,426.0,1,,https://ipm.mospi.gov.in/Home/PublicDashboard
560,Railways,Ministry of Railways,400019,DHULE [BORVIHIR] - NARDANA NEW LINE [50.60 KMS],493,1170.83,480.92,2026-12-31,2027-09-30,273.0,1,,https://ipm.mospi.gov.in/Home/PublicDashboard
561,Railways,Ministry of Railways,400022,Taranga Hill-Abu Road via Ambaji,2798,2798.0,2321.81,2030-07-31,2030-07-31,0.0,0,,https://ipm.mospi.gov.in/Home/PublicDashboard
562,Railways,Ministry of Railways,400023,Construction of New BG line between Hassan to Belur [27 Km],749,,0.94,2028-04-30,2027-04-30,-366.0,0,,https://ipm.mospi.gov.in/Home/PublicDashboard
563,Railways,Ministry of Railways,400045,Proposed 6 nos Road Over Bridge [ROB] at different locations under MCL Talcher Under Deposit Scheme.,168,,69.85,2025-03-31,2025-01-31,-59.0,0,,https://ipm.mospi.gov.in/Home/PublicDashboard
564,Railways,Ministry of Railways,400047,Doubling of Lingaraj SILO connectivity of NTPC line and augmentation of NTPC exchange yard and NTPC Block Cabin.,210,,38.26,2024-12-31,2026-12-31,730.0,1,,https://ipm.mospi.gov.in/Home/PublicDashboard
565,Railways,Ministry of Railways,400048,Doubling of lines connecting the loading spurs in Talcher Yard.,186,,96.77,2024-12-31,2026-04-30,485.0,1,,https://ipm.mospi.gov.in/Home/PublicDashboard
566,Railways,Ministry of Railways,400204,Bahraich-Shravasti-Balrampur-Siddharthnagar -Santkabir nagar,4940,4939.78,971.79,2030-10-30,2030-10-31,1.0,1,,https://ipm.mospi.gov.in/Home/PublicDashboard
567,Railways,Ministry of Railways,400205,Sahjanwa-Dohrighat,1320,1319.75,482.55,2029-03-31,2029-03-31,0.0,0,,https://ipm.mospi.gov.in/Home/PublicDashboard
568,Railways,Ministry of Railways,400220,Kharsia-Dharamjaygarh with Spur line [East Corridor-Phase 1],3055,3407.09,2688.26,2018-09-30,2026-03-31,2739.0,1,,https://ipm.mospi.gov.in/Home/PublicDashboard
569,Railways,Ministry of Railways,400223,Nagapattinam-Tiruturaipundi and Karaikal-Peralam New Line,713,981.0,633.24,2027-03-26,2028-03-31,371.0,1,,https://ipm.mospi.gov.in/Home/PublicDashboard
570,Railways,Ministry of Railways,400232,Brundamal-Jharsuguda- flyover connection for joining downline,297,297.0,224.43,2026-12-26,2026-12-26,0.0,0,,https://ipm.mospi.gov.in/Home/PublicDashboard
571,Railways,Ministry of Railways,400247,Kalinarayanpur-Krishnanagar Doubling Alongwith Krishnanagar - Chapra New Line And Naihati-Ranaghat 3rd Line.,1000,1000.0,1060.84,2027-02-28,2028-03-31,397.0,1,,https://ipm.mospi.gov.in/Home/PublicDashboard
572,Railways,Ministry of Railways,400253,Vizianagaram - Titlagarh 3rd line  [272 Km including By - pass line of 7.68 KM],4803,6669.91,6194.54,2025-12-26,2026-12-31,370.0,1,,https://ipm.mospi.gov.in/Home/PublicDashboard
573,Railways,Ministry of Railways,400254,Sakri -Hasanpur [via Harnagar - Kusheshwar Asthan] New Railway line,735,,589.37,2024-12-31,2027-03-31,820.0,1,,https://ipm.mospi.gov.in/Home/PublicDashboard
574,Railways,Ministry of Railways,400271,Wardha-Nanded Via Yavatmal New BG Line,3445,3445.0,3002.93,2025-03-28,2026-12-31,643.0,1,,https://ipm.mospi.gov.in/Home/PublicDashboard
575,Railways,Ministry of Railways,400273,Tarakeshwar-Bishnupur New Line [82.47 km],1189,1542.0,1367.58,2019-03-31,2026-02-28,2526.0,1,,https://ipm.mospi.gov.in/Home/PublicDashboard
576,Railways,Ministry of Railways,400275,Tindivanam-Nagari New Line Project [184.5 km],3631,3631.0,1222.79,2025-09-16,2028-03-31,927.0,1,,https://ipm.mospi.gov.in/Home/PublicDashboard
577,Railways,Ministry of Railways,400277,Dum Dum Airport-New Garia via Rajarhat-Construction of Metro Railway,8964,8964.0,8617.5,2025-12-31,2027-12-31,730.0,1,,https://ipm.mospi.gov.in/Home/PublicDashboard
578,Railways,Ministry of Railways,400280,Phase II extension of MRTS from Velachery to St Thomas Mount,734,734.01,484.91,2025-07-24,2025-09-30,68.0,1,,https://ipm.mospi.gov.in/Home/PublicDashboard
579,Railways,Ministry of Railways,400291,Doubling of Kirandul-Jagdalpur Line [150 km],1589,1798.0,1637.5,2020-03-31,2026-05-31,2252.0,1,,https://ipm.mospi.gov.in/Home/PublicDashboard
580,Railways,Ministry of Railways,400298,Nadikudi - Srikalahasti New Line,2312,5932.0,3016.32,2027-05-31,2028-03-31,305.0,1,,https://ipm.mospi.gov.in/Home/PublicDashboard
581,Railways,Ministry of Railways,602792,Gauge Conversion of Kendri-Dhamtari  including Abhanpur - Rajim Branch line 67.20 Kms - 2nd Material Modification to Raipur Titlagarh doubling.,1171,1171.0,391.2,2025-02-28,2026-06-30,487.0,1,,https://ipm.mospi.gov.in/Home/PublicDashboard
582,Railways,Ministry of Railways,602797,"Sainthia, Sitarampur, Mughalsarai, Allahabad & Etawah - Bypass Line Project",462,461.64,238.93,2027-03-31,2027-03-27,-4.0,0,,https://ipm.mospi.gov.in/Home/PublicDashboard
583,Railways,Ministry of Railways,611452,MUMBAI CENTRAL VIRAR VADODARA AHMEDABAAD TRAIN PROTECTION SYSTEM 500 RKM,311,311.0,263.42,2025-12-31,2026-12-31,365.0,1,,https://ipm.mospi.gov.in/Home/PublicDashboard
584,Railways,Ministry of Railways,611669,NER Provision of Automatic Block Signalling on Gorakhpur Cantt[Excl]  Chhapra Gramin & Burhwal Jn [Excl]  Sitapur Jn section of high density routes,380,,248.51,2027-03-31,2028-03-31,366.0,1,,https://ipm.mospi.gov.in/Home/PublicDashboard
585,Railways,Ministry of Railways,611751,AURANGABAD-ANKAI - DOUBLING PROJECT 98.25 Km,961,,1281.74,2027-03-31,,,,,https://ipm.mospi.gov.in/Home/PublicDashboard
586,Railways,Ministry of Railways,611752,GOOTY-PENDEKALLU DOUBLING  29.225 Km,352,351.83,320.5,2027-03-31,2027-03-27,-4.0,0,,https://ipm.mospi.gov.in/Home/PublicDashboard
587,Railways,Ministry of Railways,611754,GUNTAKAL WEST-MALLAPPA GATE RAIL OVER RAIL - ROR TRACK,293,,259.11,2026-07-31,,,,,https://ipm.mospi.gov.in/Home/PublicDashboard
588,Railways,Ministry of Railways,611849,Devgarh Madariya - Nathdwara Gauge Conversion [82.54 Km] part of Marwar - Mavli Gauge Conversion [152 Km],969,,275.74,2028-06-01,2028-06-28,27.0,1,,https://ipm.mospi.gov.in/Home/PublicDashboard
589,Railways,Ministry of Railways,611855,Devgarh Madariya - Nathdwara Gauge Conversion [82.54 Km] part of Marwar - Mavli Gauge Conversion [152 Km],969,,656.32,2027-01-31,,,,,https://ipm.mospi.gov.in/Home/PublicDashboard
590,Railways,Ministry of Railways,611861,Rewari - Kathuwas Doubling Project [27.72 Km],352,352.0,306.87,2027-06-30,2027-06-27,-3.0,0,,https://ipm.mospi.gov.in/Home/PublicDashboard
591,Railways,Ministry of Railways,611884,Bhiwani - Dobh Bahali Doubling Project [42.30 Km],471,471.0,250.47,2028-02-29,2028-02-28,-1.0,0,,https://ipm.mospi.gov.in/Home/PublicDashboard
592,Railways,Ministry of Railways,611918,Kosamba Umarpada 70 Km,468,,20.28,2027-03-30,,,,,https://ipm.mospi.gov.in/Home/PublicDashboard
593,Railways,Ministry of Railways,611927,Kurnool - Setting up facilities for coach midlife rehabilitation workshop,561,,276.66,2023-12-31,,,,,https://ipm.mospi.gov.in/Home/PublicDashboard
594,Railways,Ministry of Railways,611929,Maintenance cum workshop depot for Vande Bharat Sleeper Trains as per conditions under WTA 527,167,,0.0,2024-12-29,,,,,https://ipm.mospi.gov.in/Home/PublicDashboard
595,Railways,Ministry of Railways,611943,New Broad Gauge line between Naliya to Jakhau Port,410,410.26,10.04,2028-01-31,2027-06-30,-215.0,0,,https://ipm.mospi.gov.in/Home/PublicDashboard
596,Railways,Ministry of Railways,611945,Petlad Bhadran 23 Kms,307,307.11,14.2,2030-05-31,2030-05-30,-1.0,0,,https://ipm.mospi.gov.in/Home/PublicDashboard
597,Railways,Ministry of Railways,611970,Samlaya Timba Road 54 km,670,670.17,45.21,2030-03-31,2030-03-30,-1.0,0,,https://ipm.mospi.gov.in/Home/PublicDashboard
598,Railways,Ministry of Railways,611971,Samni Jambusar 24 km,350,349.93,71.05,2030-03-31,2030-03-30,-1.0,0,,https://ipm.mospi.gov.in/Home/PublicDashboard
599,Railways,Ministry of Railways,611974,Western Railway Samakhiali Gandhidham Quadrupiling 53 Kms,1430,,407.94,2026-12-30,2027-12-31,366.0,1,,https://ipm.mospi.gov.in/Home/PublicDashboard
600,Railways,Ministry of Railways,611977,Dahod Creation of Infrastructure facilities for 9000 HP Electric locomotives Manufacturing  at,487,,222.88,2025-02-28,,,,,https://ipm.mospi.gov.in/Home/PublicDashboard
601,Railways,Ministry of Railways,611978,Dahod Rolling Stock Workshop Provision of Infrastructure for CBS at,158,,51.87,2025-03-31,,,,,https://ipm.mospi.gov.in/Home/PublicDashboard
602,Railways,Ministry of Railways,611979,Sabarmati  Setting up of Maintenance Facilities for Train Sets Phase ii,250,,134.97,2025-06-30,2026-05-31,335.0,1,,https://ipm.mospi.gov.in/Home/PublicDashboard
603,Railways,Ministry of Railways,612072,4th LINE BETWEEN BAREJADI NANDEJ-SANAND-AHMEDABAD BYPASS,962,961.67,496.02,2027-03-31,2028-07-31,488.0,1,,https://ipm.mospi.gov.in/Home/PublicDashboard
604,Railways,Ministry of Railways,612096,Construction of Balurghat-Hilli new BG Line,1209,1181.57,449.29,2027-03-31,2027-03-31,0.0,0,,https://ipm.mospi.gov.in/Home/PublicDashboard
605,Railways,Ministry of Railways,612815,4th line between Nipania Bhatapara 14.4 Km,170,,9.56,2027-03-31,,,,,https://ipm.mospi.gov.in/Home/PublicDashboard
606,Railways,Ministry of Railways,612827,Flyover between Pendurthi and Simhachalam North to avoid surface crossing at Simhachalam  7.135 km    PB 73 of 2023  24 NR,184,,11.87,2027-04-30,,,,,https://ipm.mospi.gov.in/Home/PublicDashboard
607,Railways,Ministry of Railways,612834,3rd & 4th line between Sarla - Sason [8 km] [PB 73/2023-24/NR],252,,105.8,2025-12-28,,,,,https://ipm.mospi.gov.in/Home/PublicDashboard
608,Railways,Ministry of Railways,613002,Redevelopment of Chennai Egmore Station,842,,340.0,2026-03-31,,,,,https://ipm.mospi.gov.in/Home/PublicDashboard
609,Railways,Ministry of Railways,613015,Redevelopment of Chhatrapati Shivaji Maharaj Terminus [CSMT] and construction of associated infrastructure,1813,,809.23,2027-03-31,,,,,https://ipm.mospi.gov.in/Home/PublicDashboard
610,Railways,Ministry of Railways,613785,Redevelopment of New Delhi Railway Station and construction of associated infrastructure,4744,,176.88,2028-12-31,,,,,https://ipm.mospi.gov.in/Home/PublicDashboard
611,Railways,Ministry of Railways,613786,"Redevelopment of Ahmedabad railway station and associated infrastructure on engineering, procurement and construction mode",2379,,913.54,2028-03-31,,,,,https://ipm.mospi.gov.in/Home/PublicDashboard
612,Railways,Ministry of Railways,616227,Chandil - Anara - Damodar - 3rd line [121.26 km],1932,,1.97,2029-09-30,,,,,https://ipm.mospi.gov.in/Home/PublicDashboard
613,Railways,Ministry of Railways,616586,Bangriposi-Gorumahisani new line [ 85.60 km ],2269,,6.06,2029-12-31,,,,,https://ipm.mospi.gov.in/Home/PublicDashboard
614,Railways,Ministry of Railways,616587,Badampahar-Kendujhargarh new line [82.06 km],1876,,1.96,2029-12-31,,,,,https://ipm.mospi.gov.in/Home/PublicDashboard
615,Railways,Ministry of Railways,616588,Buramara-Chakulia new line [59.96 km],1459,,6.97,2029-12-31,,,,,https://ipm.mospi.gov.in/Home/PublicDashboard
616,Railways,Ministry of Railways,616694,Flyover between Siju and Paradeep coaching Yard to avoid Surface crossing of trains,201,,30.86,2028-07-31,,,,,https://ipm.mospi.gov.in/Home/PublicDashboard
617,Railways,Ministry of Railways,616695,Paradeep - Badabandha 3rd & 4th Line / 18.51kms,300,,0.1,2028-11-30,,,,,https://ipm.mospi.gov.in/Home/PublicDashboard
618,Railways,Ministry of Railways,616697,3rd & 4th line between Vadlapudi -Gate Jn. cabin and Tie line between Gate Junction to Gangavaram port,154,,53.93,2026-06-30,,,,,https://ipm.mospi.gov.in/Home/PublicDashboard
619,Railways,Ministry of Railways,616699,Multi tracking of Son Nagar-Andal 374.53 rkm & 814.38 tkm,12334,,759.62,2028-03-31,,,,,https://ipm.mospi.gov.in/Home/PublicDashboard
620,Railways,Ministry of Railways,616701,Lumding Furkating Doubling Project 140 km,2124,,95.64,2028-02-29,,,,,https://ipm.mospi.gov.in/Home/PublicDashboard
621,Railways,Ministry of Railways,616841,PUSHKAR- MERTA CITY NEW LINE,800,,76.63,2026-12-31,,,,,https://ipm.mospi.gov.in/Home/PublicDashboard
622,Railways,Ministry of Railways,616842,LUNI- SAMDARI- BHILDI DOUBLING,3086,,661.67,2027-07-31,,,,,https://ipm.mospi.gov.in/Home/PublicDashboard
623,Railways,Ministry of Railways,616843,AJMER- CHANDERIYA DOUBLING,1635,,288.73,2027-06-30,,,,,https://ipm.mospi.gov.in/Home/PublicDashboard
624,Railways,Ministry of Railways,616856,Doubling between Bhadrachalam Road and Dornakal,770,,80.85,2029-04-13,,,,,https://ipm.mospi.gov.in/Home/PublicDashboard
625,Railways,Ministry of Railways,616857,Doubling between Motumari  Vishnupuram - 88.81 Km and Rail over Rail - RoR at Motumari - 10.877 Km,1596,,171.46,2029-03-31,,,,,https://ipm.mospi.gov.in/Home/PublicDashboard
626,Railways,Ministry of Railways,617200,KHARSIA- NAYA RAIPUR-PARMALKASA 5th and 6th Line [278KM],7854,,0.6,2031-03-31,,,,,https://ipm.mospi.gov.in/Home/PublicDashboard
627,Railways,Ministry of Railways,617201,Gondia-Balharshah [Chanda Fort] Doubling [240 Km],4373,,0.76,2031-03-31,,,,,https://ipm.mospi.gov.in/Home/PublicDashboard
628,Railways,Ministry of Railways,617210,Tiupati Katpadi 104.39 kms,1216,,0.15,2029-03-31,,,,,https://ipm.mospi.gov.in/Home/PublicDashboard
629,Railways,Ministry of Railways,617211,Doubling of Guntur Bibinagar 239 Km,2853,,300.63,2029-03-31,,,,,https://ipm.mospi.gov.in/Home/PublicDashboard
630,Railways,Ministry of Railways,617212,Doubling between Mudkhed  Medchal & Mahbubnagar  Dhone section 417.88 Km,4686,,1811.8,2029-03-31,,,,,https://ipm.mospi.gov.in/Home/PublicDashboard
631,Railways,Ministry of Railways,617213,Varanasi-Pt. Deen Dayal Upadhyaya multitracking 15km including construction of new Rail-cum-Road Bridge across Ganga River.,2464,,42.29,2029-10-30,,,,,https://ipm.mospi.gov.in/Home/PublicDashboard
632,Railways,Ministry of Railways,617214,Rail Connectivity to Errupalem Amravati Namburu 57 Km,2047,,75.45,2027-03-31,,,,,https://ipm.mospi.gov.in/Home/PublicDashboard
633,Railways,Ministry of Railways,617215,Doubling between Parbhani  Parli Vaijanath stations  64.71 Km,770,,120.3,2028-03-31,,,,,https://ipm.mospi.gov.in/Home/PublicDashboard
634,Railways,Ministry of Railways,617216,3rd Line between Gudur Renigunta 83.17 Km,877,,205.27,2027-03-31,,,,,https://ipm.mospi.gov.in/Home/PublicDashboard
635,Railways,Ministry of Railways,617224,Gorakhpur-Valmikinagar Doubling project,1120,,352.79,2027-12-30,,,,,https://ipm.mospi.gov.in/Home/PublicDashboard
636,Railways,Ministry of Railways,617231,Construction of Bulb line at Nabinagar  Ankorah of East Central Railway,612,,0.0,2028-06-30,,,,,https://ipm.mospi.gov.in/Home/PublicDashboard
637,Railways,Ministry of Railways,617245,Katihar Kumedpur & Katihar Mukuria BG Doubling Project,943,,536.69,2026-08-31,2027-02-28,181.0,1,,https://ipm.mospi.gov.in/Home/PublicDashboard
638,Railways,Ministry of Railways,617252,Anandnagar - Ghugli via Maharajganj New line 52.7 km,958,,623.94,2028-03-21,,,,,https://ipm.mospi.gov.in/Home/PublicDashboard
639,Railways,Ministry of Railways,617284,Chunar-Chopan doubling project,1424,,102.43,2028-03-31,,,,,https://ipm.mospi.gov.in/Home/PublicDashboard
640,Railways,Ministry of Railways,617333,Surface triangle line bet. Bhadura stn and new crossing stn Karma,200,,4.17,2027-02-28,,,,,https://ipm.mospi.gov.in/Home/PublicDashboard
641,Railways,Ministry of Railways,617345,SER Upgradation of maintenance infrastructure at Shalimar into Vande Bharat Chair Car maintenance cum workshop depot.,227,,43.64,2026-10-22,,,,,https://ipm.mospi.gov.in/Home/PublicDashboard
642,Railways,Ministry of Railways,617361,Babupeth - Sasti New Rail Line [13.114 KMs],363,362.81,0.48,2028-03-31,,,,,https://ipm.mospi.gov.in/Home/PublicDashboard
643,Railways,Ministry of Railways,617364,Double Chord line Between Nilaje-Kopar,338,205.0,14.83,2028-07-26,,,,,https://ipm.mospi.gov.in/Home/PublicDashboard
644,Railways,Ministry of Railways,617370,Doubling between Jaunpur Jn - Zaffarabad 6.28 km,181,,43.65,2027-01-30,,,,,https://ipm.mospi.gov.in/Home/PublicDashboard
645,Railways,Ministry of Railways,617372,Doubling between Pradhankunta-Patherih-Bhojudih of East Central Railway,349,,119.69,2025-12-31,2026-03-31,90.0,1,,https://ipm.mospi.gov.in/Home/PublicDashboard
646,Railways,Ministry of Railways,617374,"Dallirajhara - Rowghat New Rail Line Project, Phase-I",1516,1881.26,2119.82,2025-03-31,2026-02-28,334.0,1,,https://ipm.mospi.gov.in/Home/PublicDashboard
647,Railways,Ministry of Railways,617379,Development of New Bijwasan Railway Terminal,446,,532.83,2020-03-31,2026-12-31,2466.0,1,,https://ipm.mospi.gov.in/Home/PublicDashboard
648,Railways,Ministry of Railways,617390,Sardega -Bhalumuda New Double line [37.24 Km],1282,,128.07,2028-03-31,,,,,https://ipm.mospi.gov.in/Home/PublicDashboard
649,Railways,Ministry of Railways,617403,SADULPUR - CHURU  DOUBLING PROJECT,469,,167.03,2026-06-30,,,,,https://ipm.mospi.gov.in/Home/PublicDashboard
650,Railways,Ministry of Railways,617404,POKHRAN - RAMDEVRA New Line,189,,0.0,2028-03-31,,,,,https://ipm.mospi.gov.in/Home/PublicDashboard
651,Railways,Ministry of Railways,617406,RATLAM- DUNGARPUR VIA BANSWARA NEW LINE PROJECT,2417,,7.19,2028-03-31,,,,,https://ipm.mospi.gov.in/Home/PublicDashboard
652,Railways,Ministry of Railways,617408,NATHDWARA- NATHDWARA TOWN NL,166,,101.55,2027-03-31,,,,,https://ipm.mospi.gov.in/Home/PublicDashboard
653,Railways,Ministry of Railways,617409,Railway Manufacturing Unit,521,,491.37,2026-12-31,2026-03-31,-275.0,0,,https://ipm.mospi.gov.in/Home/PublicDashboard
654,Railways,Ministry of Railways,617832,Koderma-Arigada Doubling 133.38 Km of East Central Railway,2887,,0.0,2029-12-31,,,,,https://ipm.mospi.gov.in/Home/PublicDashboard
655,Railways,Ministry of Railways,618972,Devbhumi Dwarka [Okha] - Kanalus Doubling,1457,,0.0,2028-12-04,,,,,https://ipm.mospi.gov.in/Home/PublicDashboard
656,Railways,Ministry of Railways,618978,Gondia - Dongargarh 4th line [84 Km],2223,,0.0,2030-10-13,,,,,https://ipm.mospi.gov.in/Home/PublicDashboard
657,Railways,Ministry of Railways,618986,Furkating-New Tinsukia[194 Km],3634,,0.0,2029-06-30,,,,,https://ipm.mospi.gov.in/Home/PublicDashboard
658,Railways,Ministry of Railways,618995,New Line between Junagarh - Nabarangpur [116.21 Km],2865,,0.0,2030-08-18,,,,,https://ipm.mospi.gov.in/Home/PublicDashboard
659,Railways,Ministry of Railways,703585,Yeshvanthpur - Channasandra Doubling Project [21.70 Km],314,683.57,169.1,2024-03-31,2026-03-31,730.0,1,,https://ipm.mospi.gov.in/Home/PublicDashboard
660,Railways,Ministry of Railways,703586,Baiyyappanahalli - Hosur Doubling Project [48 km],499,748.7,694.91,2024-03-31,2026-01-31,671.0,1,,https://ipm.mospi.gov.in/Home/PublicDashboard
661,Railways,Ministry of Railways,705237,Western Dedicated Freight Corridor,51101,124005.0,124623.0,2022-03-31,2025-12-31,1371.0,1,,https://ipm.mospi.gov.in/Home/PublicDashboard
662,Railways,Ministry of Railways,705244,Coach Production Factory Upgradation Project,520,,192.25,2021-12-31,,,,,https://ipm.mospi.gov.in/Home/PublicDashboard
663,Railways,Ministry of Railways,705252,Kazipet Wagon Overhauling Project,385,,0.0,2023-12-01,,,,,https://ipm.mospi.gov.in/Home/PublicDashboard
664,Railways,Ministry of Railways,705253,Kurnool Coach Midlife Rehabilitation Project,563,,120.0,2020-12-01,,,,,https://ipm.mospi.gov.in/Home/PublicDashboard
665,Railways,Ministry of Railways,705298,North Region Video Surveillance Project,274,,0.0,2024-03-31,,,,,https://ipm.mospi.gov.in/Home/PublicDashboard
666,Railways,Ministry of Railways,705356,Ahmednagar - Beed - Parli - Vaijnath  New Broad Gauge Line Railway Project [261.3 km],2539,4957.27,5133.5,2026-03-31,2026-03-31,0.0,0,,https://ipm.mospi.gov.in/Home/PublicDashboard
667,Railways,Ministry of Railways,705357,Baramati Lonand New Line Project,138,1843.9,951.07,2027-03-31,2027-03-31,0.0,0,,https://ipm.mospi.gov.in/Home/PublicDashboard
668,Railways,Ministry of Railways,705358,Khurda-Bolangir New Broad Gauge Rail Link [301km],3792,5089.0,5585.85,2026-12-31,2026-12-31,0.0,0,,https://ipm.mospi.gov.in/Home/PublicDashboard
669,Railways,Ministry of Railways,705359,Talcher-Bimlagarh New Railway Line,1928,1928.0,2079.48,2025-03-31,2029-03-31,1461.0,1,,https://ipm.mospi.gov.in/Home/PublicDashboard
670,Railways,Ministry of Railways,705362,"Jaynagar-Bijalpura, incl. extn. Bet, Bijalpura-Bardibas [Nepal]",819,819.0,580.51,2022-03-31,2026-03-31,1461.0,1,,https://ipm.mospi.gov.in/Home/PublicDashboard
671,Railways,Ministry of Railways,705364,Khagaria-Kusheshwar Asthan [42Km] new line project,614,1384.16,490.46,2024-12-31,2027-03-31,820.0,1,,https://ipm.mospi.gov.in/Home/PublicDashboard
672,Railways,Ministry of Railways,705366,Hajipur-Sagauli New line,2067,2087.0,2043.33,2020-03-31,2026-12-31,2466.0,1,,https://ipm.mospi.gov.in/Home/PublicDashboard
673,Railways,Ministry of Railways,705368,Araria Supaul New BG Line,1605,2514.0,1704.33,2024-03-31,2027-01-31,1036.0,1,,https://ipm.mospi.gov.in/Home/PublicDashboard
674,Railways,Ministry of Railways,705373,"Fatuha-Islampur incl. MM for extn.of NL from Neora to Daniawan , Daniawan to  Biharsharif, Biharsharif to Barbigha , Barbigha to Shekhpura",1473,2882.0,2641.14,2023-03-31,2025-08-31,884.0,1,,https://ipm.mospi.gov.in/Home/PublicDashboard
675,Railways,Ministry of Railways,705375,Koderma-Tilaiya New Line,1626,2486.62,2184.16,2025-02-28,2026-02-28,365.0,1,,https://ipm.mospi.gov.in/Home/PublicDashboard
676,Railways,Ministry of Railways,705385,Pirpainti - Jasidih [100.52 Km] New BG line,2555,2555.0,1108.34,2028-03-31,2028-03-31,0.0,0,,https://ipm.mospi.gov.in/Home/PublicDashboard
677,Railways,Ministry of Railways,705391,Jiribam-Imphal new line project,14323,21885.9,16020.8,2026-12-31,2029-06-30,912.0,1,,https://ipm.mospi.gov.in/Home/PublicDashboard
678,Railways,Ministry of Railways,705392,Dimapur [Dhansiri]-Sukhobi Kohima [Zubza] NL [82.5 Km],6663,6663.0,6111.34,2025-03-26,2029-12-31,1741.0,1,,https://ipm.mospi.gov.in/Home/PublicDashboard
679,Railways,Ministry of Railways,705401,Murkongselek-Pasighat,435,1250.0,843.65,2025-03-31,2026-12-31,640.0,1,,https://ipm.mospi.gov.in/Home/PublicDashboard
680,Railways,Ministry of Railways,705419,Gwalior - Seopurkala with extension to Kota [Gauge Conversion],2913,2913.0,2144.59,2025-03-31,2026-02-28,334.0,1,,https://ipm.mospi.gov.in/Home/PublicDashboard
681,Railways,Ministry of Railways,705424,Chandigarh-Baddi New Rail Line- 36 km,1540,1540.13,578.99,2026-12-31,2026-12-31,0.0,0,,https://ipm.mospi.gov.in/Home/PublicDashboard
682,Railways,Ministry of Railways,705428,Bhanupalli-Bilaspur-Beri New Railway Line Project,13447,13447.0,7556.6,2026-12-31,2027-12-30,364.0,1,,https://ipm.mospi.gov.in/Home/PublicDashboard
683,Railways,Ministry of Railways,705429,Rishikesh-Karnaprayag New Rail Line- 125 km,38953,38953.0,28269.2,2025-12-31,2028-12-31,1096.0,1,,https://ipm.mospi.gov.in/Home/PublicDashboard
684,Railways,Ministry of Railways,705432,Sivok-Rangpo New Rail Line,7877,11775.0,10618.6,2015-05-31,2027-12-31,4597.0,1,,https://ipm.mospi.gov.in/Home/PublicDashboard
685,Railways,Ministry of Railways,705433,Dallirajhra- Rowghat New Railway Line - Phase I [95 km],1628,1628.0,1440.85,2025-09-30,2025-12-31,92.0,1,,https://ipm.mospi.gov.in/Home/PublicDashboard
686,Railways,Ministry of Railways,705434,New Railway Line between Ginigera and Raichur [165.57 km],2565,3034.98,2247.23,2019-03-31,2027-03-31,2922.0,1,,https://ipm.mospi.gov.in/Home/PublicDashboard
687,Railways,Ministry of Railways,705436,Kotapalli - Narasapur New Line,2501,2501.0,1417.27,2028-03-31,2028-03-31,0.0,0,,https://ipm.mospi.gov.in/Home/PublicDashboard
688,Railways,Ministry of Railways,705437,Manoharabad-Kothapalli New Rail Line [151 km],1160,2781.0,2964.82,2027-03-31,2027-12-31,275.0,1,,https://ipm.mospi.gov.in/Home/PublicDashboard
689,Railways,Ministry of Railways,705444,Gevra Road-Pendra Road New Railway Line [135 km],4970,7448.52,5097.72,2022-03-31,2025-12-31,1371.0,1,,https://ipm.mospi.gov.in/Home/PublicDashboard
690,Railways,Ministry of Railways,705450,Jogbani-Biratnagar New Rail Line project,402,486.0,369.18,2022-03-31,2026-12-31,1736.0,1,,https://ipm.mospi.gov.in/Home/PublicDashboard
691,Railways,Ministry of Railways,705453,"New line Dahod-Indore via Sardarpur, Jabuwa and Dhar",456,3516.77,4006.93,2027-02-28,2027-02-28,0.0,0,,https://ipm.mospi.gov.in/Home/PublicDashboard
692,Railways,Ministry of Railways,705454,Chhota Udaipur - Dhar New Line Project [157 km],1794,1794.0,1816.87,2025-12-27,2025-12-27,0.0,0,,https://ipm.mospi.gov.in/Home/PublicDashboard
693,Railways,Ministry of Railways,705457,Ratlam-Mhow-Khandwa-Akola Gauge Conversion,1656,6499.86,4606.71,2027-03-31,2028-09-30,549.0,1,,https://ipm.mospi.gov.in/Home/PublicDashboard
694,Railways,Ministry of Railways,705458,Miyagam-Karjan-Dabhoi-Samlaya [GC],484,1039.13,654.38,2021-03-31,2026-12-31,2101.0,1,,https://ipm.mospi.gov.in/Home/PublicDashboard
695,Railways,Ministry of Railways,705479,Wadsa-Gadchiroli,1886,1886.0,776.21,2027-03-31,2027-03-31,0.0,0,,https://ipm.mospi.gov.in/Home/PublicDashboard
696,Railways,Ministry of Railways,705480,"Lalitpur-Satna, Rewa-Singrauli & Mahoba-Khajuraho",8914,8914.0,6777.67,2027-03-31,2027-12-31,275.0,1,,https://ipm.mospi.gov.in/Home/PublicDashboard
697,Railways,Ministry of Railways,705481,Ramganjmandi-Bhopal New Line Project [276.50 km],3032,5073.0,4039.87,2025-12-25,2027-12-31,736.0,1,,https://ipm.mospi.gov.in/Home/PublicDashboard
698,Railways,Ministry of Railways,705482,Dholpur - Sirmuttra Gauge Conversion,747,747.0,467.2,2019-02-28,2027-02-28,2922.0,1,,https://ipm.mospi.gov.in/Home/PublicDashboard
699,Railways,Ministry of Railways,705490,Gadag-Wadi New Railway Line [257 km],2842,6700.0,1513.54,2027-03-31,2027-12-31,275.0,1,,https://ipm.mospi.gov.in/Home/PublicDashboard
700,Railways,Ministry of Railways,705491,Marikuppam - Kuppam New Line Project [23.70 Km],297,297.0,145.78,2026-06-30,2026-06-30,0.0,0,,https://ipm.mospi.gov.in/Home/PublicDashboard
701,Railways,Ministry of Railways,705492,Kadur - Chickamagalur - Sakleshpur [93km],825,825.0,760.05,2025-06-30,2025-12-31,184.0,1,,https://ipm.mospi.gov.in/Home/PublicDashboard
702,Railways,Ministry of Railways,705494,Rayadurg-Tumkur via Kalyandurg New Line [207 km],2496,2496.0,1888.77,2015-09-30,2028-02-29,4535.0,1,,https://ipm.mospi.gov.in/Home/PublicDashboard
703,Railways,Ministry of Railways,705495,Bagalkot-Kudachi New Railway Line [142 km],1378,1649.0,783.19,2027-03-31,2027-01-31,-59.0,0,,https://ipm.mospi.gov.in/Home/PublicDashboard
704,Railways,Ministry of Railways,705496,Tumkur-Chitradurga-Davangere New Rail Line Project [191 km],1876,1876.0,543.22,2019-03-31,2027-12-31,3197.0,1,,https://ipm.mospi.gov.in/Home/PublicDashboard
705,Railways,Ministry of Railways,705498,3rd Line Kalyan - Kasara [67.35 Kilometres],793,1395.79,1033.38,2026-12-31,2026-12-31,0.0,0,,https://ipm.mospi.gov.in/Home/PublicDashboard
706,Railways,Ministry of Railways,705500,3rd Line Wardha - Sewagram - Nagpur,540,916.53,811.58,2025-12-31,2026-10-31,304.0,1,,https://ipm.mospi.gov.in/Home/PublicDashboard
707,Railways,Ministry of Railways,705502,3rd Line Wardha - Ballarshah [132 Kilometres],1385,2033.59,1776.89,2025-12-31,2026-02-28,59.0,1,,https://ipm.mospi.gov.in/Home/PublicDashboard
708,Railways,Ministry of Railways,705503,Pune - Miraj-Londa  [467 Kilometres],4028,4872.52,5248.72,2025-02-28,2025-08-31,184.0,1,,https://ipm.mospi.gov.in/Home/PublicDashboard
709,Railways,Ministry of Railways,705504,Doubling of Daund Manmad Line [247.6 km],2081,3267.06,3030.48,2025-12-01,2026-03-31,120.0,1,,https://ipm.mospi.gov.in/Home/PublicDashboard
710,Railways,Ministry of Railways,705505,4th Line Wardha - Nagpur [78.7 Kilometres],638,1214.69,1031.75,2025-12-31,2026-10-31,304.0,1,,https://ipm.mospi.gov.in/Home/PublicDashboard
711,Railways,Ministry of Railways,705506,3rd Line Manmad - Jalgaon [160 Kilometres],1035,1870.0,1817.02,2024-12-31,2025-08-31,243.0,1,,https://ipm.mospi.gov.in/Home/PublicDashboard
712,Railways,Ministry of Railways,705507,Itarsi - Nagpur Third Railway Line [280 km],2450,2506.68,2086.49,2027-03-31,2027-12-31,275.0,1,,https://ipm.mospi.gov.in/Home/PublicDashboard
713,Railways,Ministry of Railways,705510,Bhadrak-Nergundi Third Line,1284,1284.0,1334.31,2024-11-30,2026-01-31,427.0,1,,https://ipm.mospi.gov.in/Home/PublicDashboard
714,Railways,Ministry of Railways,705511,Jagdalpur-Koraput,1547,1547.0,1369.95,2024-03-31,2026-12-31,1005.0,1,,https://ipm.mospi.gov.in/Home/PublicDashboard
715,Railways,Ministry of Railways,705512,Doubling of Kottavalasa-Koraput Rail Line [189 KM],2500,2500.0,2129.81,2022-03-31,2028-03-31,2192.0,1,,https://ipm.mospi.gov.in/Home/PublicDashboard
716,Railways,Ministry of Railways,705513,Koraput - Singapur Railway Doubling,2362,2362.0,1932.52,2027-12-01,2028-03-30,120.0,1,,https://ipm.mospi.gov.in/Home/PublicDashboard
717,Railways,Ministry of Railways,705514,Jarapada- Budhapank with flyover at Talcher road 3rd and 4th Line,1000,810.02,447.56,2018-11-13,2027-03-31,3060.0,1,,https://ipm.mospi.gov.in/Home/PublicDashboard
718,Railways,Ministry of Railways,705515,3rd & 4th Railway Line Project from Salegaon to Budhapank via Rajathgarh.,1173,2092.0,2098.98,2026-03-31,2026-03-31,0.0,0,,https://ipm.mospi.gov.in/Home/PublicDashboard
719,Railways,Ministry of Railways,705526,Samastipur-Darbhanga Doubling Railway Project,519,519.0,400.14,2025-03-31,2025-10-31,214.0,1,,https://ipm.mospi.gov.in/Home/PublicDashboard
720,Railways,Ministry of Railways,705527,Sagauli-Valmiknagar,1216,2222.0,2095.73,2025-12-24,2025-12-25,1.0,1,,https://ipm.mospi.gov.in/Home/PublicDashboard
721,Railways,Ministry of Railways,705528,Muzaffarpur-Sugauli,1586,1586.0,1489.51,2024-06-30,2026-06-30,730.0,1,,https://ipm.mospi.gov.in/Home/PublicDashboard
722,Railways,Ministry of Railways,705562,Chhapra-Ballia Patch Doubling,963,1046.0,914.38,2025-02-25,2026-05-30,459.0,1,,https://ipm.mospi.gov.in/Home/PublicDashboard
723,Railways,Ministry of Railways,705567,Burhwal Gonda 3rd line,1016,1118.0,1014.1,2025-03-25,2026-05-30,431.0,1,,https://ipm.mospi.gov.in/Home/PublicDashboard
724,Railways,Ministry of Railways,705572,Doubling of New Bonggigaon to Kamakhya via Goalpara - 176 km,4060,4961.0,3803.16,2026-03-31,2026-03-31,0.0,0,,https://ipm.mospi.gov.in/Home/PublicDashboard
725,Railways,Ministry of Railways,705583,Anand Vihar-Tilak Bridge 3rd & 4th line,667,667.0,303.54,2023-03-31,2027-12-31,1736.0,1,,https://ipm.mospi.gov.in/Home/PublicDashboard
726,Railways,Ministry of Railways,705588,Janghai-Pratapgarh- Amethi,722,1194.0,1670.58,2025-03-31,2026-03-31,365.0,1,,https://ipm.mospi.gov.in/Home/PublicDashboard
727,Railways,Ministry of Railways,705598,Jhansi - Bina Third Railway Line [153 Km],2002,2002.0,1912.33,2022-03-31,2026-03-31,1461.0,1,,https://ipm.mospi.gov.in/Home/PublicDashboard
728,Railways,Ministry of Railways,705608,Jhansi-Khairar-Manikpur & Khirar-Bhimsen,4330,4330.0,2760.45,2026-03-31,2026-03-31,0.0,0,,https://ipm.mospi.gov.in/Home/PublicDashboard
729,Railways,Ministry of Railways,705610,"Renigunta, Wadi & Gooty Bypass Railway Project",302,543.0,633.71,2025-12-31,2026-03-31,90.0,1,,https://ipm.mospi.gov.in/Home/PublicDashboard
730,Railways,Ministry of Railways,705612,Kazipet-Vijayawada 3rd line with electrification [220 km],1953,3363.0,5132.1,2025-02-28,2025-12-31,306.0,1,,https://ipm.mospi.gov.in/Home/PublicDashboard
731,Railways,Ministry of Railways,705613,Third Line [new] between Kazipet - Balharshah  with electrification [201.04 Km],2595,3071.0,4108.55,2025-01-31,2025-11-30,303.0,1,,https://ipm.mospi.gov.in/Home/PublicDashboard
732,Railways,Ministry of Railways,705616,Jharsuguda-Bilaspur Fourth Railway Line [206 km],2140,2979.0,2237.23,2024-10-31,2026-03-31,516.0,1,,https://ipm.mospi.gov.in/Home/PublicDashboard
733,Railways,Ministry of Railways,705617,Rajnandgaon - Nagpur [Kalumna] Third Railway Line [228.30 km],3545,3545.0,3623.47,2024-12-31,2026-06-30,546.0,1,,https://ipm.mospi.gov.in/Home/PublicDashboard
734,Railways,Ministry of Railways,705628,Doubling of Hatia [Ranchi]-Bondamunda Rail Line - 159 km,3029,3029.04,2589.94,2025-06-30,2026-06-30,365.0,1,,https://ipm.mospi.gov.in/Home/PublicDashboard
735,Railways,Ministry of Railways,705629,Narayangarh-Bhadrak 3rd line,2400,3425.32,2542.79,2025-12-31,2027-01-31,396.0,1,,https://ipm.mospi.gov.in/Home/PublicDashboard
736,Railways,Ministry of Railways,705632,Vijayawada - Kazipet Byepass line,647,904.0,1229.06,2025-01-12,2025-12-31,353.0,1,,https://ipm.mospi.gov.in/Home/PublicDashboard
737,Railways,Ministry of Railways,705633,Guntur-Guntakal Doubling Project,3733,4295.0,5463.71,2025-12-31,2026-12-31,365.0,1,,https://ipm.mospi.gov.in/Home/PublicDashboard
738,Railways,Ministry of Railways,705635,Trivandrum- Kanyakumari,1432,3785.45,2874.14,2025-03-24,2028-06-30,1194.0,1,,https://ipm.mospi.gov.in/Home/PublicDashboard
739,Railways,Ministry of Railways,705638,Kumbalam-Turavur doubling project [15.59 Km],813,802.8,101.22,2027-03-31,2027-03-31,0.0,0,,https://ipm.mospi.gov.in/Home/PublicDashboard
740,Railways,Ministry of Railways,705639,Ernakulam-Kumbalam doubling project [7.71 Km],601,595.39,300.61,2028-03-31,2027-02-28,-397.0,0,,https://ipm.mospi.gov.in/Home/PublicDashboard
741,Railways,Ministry of Railways,705648,Vijaywada-Gudur 3rd Line,6654,6654.0,6170.32,2024-11-30,2026-03-31,486.0,1,,https://ipm.mospi.gov.in/Home/PublicDashboard
742,Railways,Ministry of Railways,705650,Hospet - Tinaighat - Vasco Rail Doubling Project,5060,5060.0,5299.33,2027-03-31,2027-12-30,274.0,1,,https://ipm.mospi.gov.in/Home/PublicDashboard
743,Railways,Ministry of Railways,705659,Satna-Rewa Railway Line Doubling Project,500,584.0,563.03,2026-03-31,2026-03-31,0.0,0,,https://ipm.mospi.gov.in/Home/PublicDashboard
744,Railways,Ministry of Railways,705660,Doubling of Katni - Singrauli Railway Line [261 km],2445,4377.0,3306.78,2025-12-26,2025-12-27,1.0,1,,https://ipm.mospi.gov.in/Home/PublicDashboard
745,Railways,Ministry of Railways,705661,Katni Grade Separator/Bye Pass,1248,1248.0,1810.01,2024-09-30,2026-09-30,730.0,1,,https://ipm.mospi.gov.in/Home/PublicDashboard
746,Railways,Ministry of Railways,705663,Bangalore-Whitefield-Bangalore City-Krishnarajapuram [23.08 km] - Quadrupling,493,493.0,297.52,2026-02-28,2026-02-28,0.0,0,,https://ipm.mospi.gov.in/Home/PublicDashboard
747,Railways,Ministry of Railways,705667,Mathura-Jhansi Third Railway Line [274 Km],5961,5961.0,5097.69,2024-12-31,2026-12-31,730.0,1,,https://ipm.mospi.gov.in/Home/PublicDashboard
748,Railways,Ministry of Railways,705668,KHARAGPUR-ADITYAPUR THIRD RAIL LINE- 132 KM,3250,3250.0,3286.92,2025-03-31,2026-06-30,456.0,1,,https://ipm.mospi.gov.in/Home/PublicDashboard
749,Railways,Ministry of Railways,705728,Mumbai-Ahmedabad High Speed Rail Project- 508 km,108000,108000.0,90395.9,2027-08-31,2029-12-31,853.0,1,,https://ipm.mospi.gov.in/Home/PublicDashboard
750,Railways,Ministry of Railways,705730,Joka-BBD Bag new metro project,4835,10362.0,4931.47,2026-12-31,2029-12-31,1096.0,1,,https://ipm.mospi.gov.in/Home/PublicDashboard
751,Railways,Ministry of Railways,705735,Solapur-tuljapur-Osmanabad,905,3295.74,1214.94,2027-03-31,2028-03-28,363.0,1,,https://ipm.mospi.gov.in/Home/PublicDashboard
752,Railways,Ministry of Railways,705741,Jeypore-Navarangpur New  Rail Line Project,748,748.0,14.43,2028-07-31,2029-12-31,518.0,1,,https://ipm.mospi.gov.in/Home/PublicDashboard
753,Railways,Ministry of Railways,705742,Jeypore-Malkanagiri New Railway Line Project,2344,,549.72,2033-07-31,2033-07-31,0.0,0,,https://ipm.mospi.gov.in/Home/PublicDashboard
754,Railways,Ministry of Railways,705752,Gudha-Thatha Mithri Construction of Railway Track Project,819,967.06,397.28,2026-11-30,2026-11-30,0.0,0,,https://ipm.mospi.gov.in/Home/PublicDashboard
755,Railways,Ministry of Railways,705761,SHIMOGA - SHIKARIPURA - RANEBENNUR [96 Km],1454,1454.0,87.13,2027-12-01,2028-06-30,212.0,1,,https://ipm.mospi.gov.in/Home/PublicDashboard
756,Railways,Ministry of Railways,705763,Indore - Budni New Railway Line [198 kms],7474,7474.0,2529.03,2030-09-30,2030-09-30,0.0,0,,https://ipm.mospi.gov.in/Home/PublicDashboard
757,Railways,Ministry of Railways,705764,Nimach-Badi Sadri  New Rail Line Project,495,825.0,238.2,2026-03-31,2026-06-30,91.0,1,,https://ipm.mospi.gov.in/Home/PublicDashboard
758,Railways,Ministry of Railways,705765,Gomoh - Flyover for DN trains,686,686.0,621.98,2026-03-26,2026-03-26,0.0,0,,https://ipm.mospi.gov.in/Home/PublicDashboard
759,Railways,Ministry of Railways,705766,Lalitpur-Birari with flyover at Lalitpur- 16 Km,304,356.0,248.55,2024-12-31,2026-01-31,396.0,1,,https://ipm.mospi.gov.in/Home/PublicDashboard
760,Railways,Ministry of Railways,705771,Allahabad-Bamhrauli Flyover Construction & 4th Railway Line Project,494,494.0,376.99,2026-03-31,2026-03-26,-5.0,0,,https://ipm.mospi.gov.in/Home/PublicDashboard
761,Railways,Ministry of Railways,705772,"Mughalsarai-Allahabad, 3rd line",2649,2649.44,1836.67,2026-12-31,2027-03-31,90.0,1,,https://ipm.mospi.gov.in/Home/PublicDashboard
762,Railways,Ministry of Railways,705774,Aligarh -Daud Khan Flyover Construction & 3rd Railway Line Project,758,779.49,469.8,2025-01-31,2027-03-31,789.0,1,,https://ipm.mospi.gov.in/Home/PublicDashboard
763,Railways,Ministry of Railways,705777,Bhandai - Flyover for Etawah bound down train- 10 Km,250,250.18,115.71,2026-02-28,2027-02-28,365.0,1,,https://ipm.mospi.gov.in/Home/PublicDashboard
764,Railways,Ministry of Railways,705780,Bhatni-Aurnihar with electrification excluding Indara-Mau,2529,2529.46,2138.39,2024-12-31,2026-06-30,546.0,1,,https://ipm.mospi.gov.in/Home/PublicDashboard
765,Railways,Ministry of Railways,705782,Barabanki-Malhaur 3rd & 4th Railway Line Project,407,407.0,392.94,2025-03-31,2026-08-31,518.0,1,,https://ipm.mospi.gov.in/Home/PublicDashboard
766,Railways,Ministry of Railways,705783,Ludhiana- Killa Raipur Railway  Doubling Project,238,238.0,137.07,2025-03-31,2027-02-28,699.0,1,,https://ipm.mospi.gov.in/Home/PublicDashboard
767,Railways,Ministry of Railways,705785,Lodhma - Piska - Link Line bypassing Hatia/Ranchi with Y connection,473,473.0,302.69,2026-06-30,2027-05-31,335.0,1,,https://ipm.mospi.gov.in/Home/PublicDashboard
768,Railways,Ministry of Railways,705793,Raising of speed to 160 kmph/200 kmph on existing New Delhi-Mumbai route incl. Vadodara-Ahmedabad,6806,8095.12,9478.55,2024-03-31,2026-03-31,730.0,1,,https://ipm.mospi.gov.in/Home/PublicDashboard
769,Railways,Ministry of Railways,705794,New Delhi- Howrah Speed Booster[160Kmph] Project,6685,,127.03,2024-03-31,,,,,https://ipm.mospi.gov.in/Home/PublicDashboard
770,Railways,Ministry of Railways,705799,Nagpur- Nagbhir Railway Line Gauge Conversion Project,1400,1400.0,1472.0,2025-12-31,2025-12-25,-6.0,0,,https://ipm.mospi.gov.in/Home/PublicDashboard
771,Railways,Ministry of Railways,705912,Sawai Madhopur-Jaipur Railway Line Project,1204,,171.05,2027-03-31,,,,,https://ipm.mospi.gov.in/Home/PublicDashboard
772,Railways,Ministry of Railways,705918,Allahabad division - Aligarh - Harduaganj Flyover,1457,,400.19,2026-10-30,2027-03-31,152.0,1,,https://ipm.mospi.gov.in/Home/PublicDashboard
773,Railways,Ministry of Railways,705919,Agra Fort-Bandikui Doubling Line Project,1390,1390.0,428.26,2027-06-30,2027-06-27,-3.0,0,,https://ipm.mospi.gov.in/Home/PublicDashboard
774,Railways,Ministry of Railways,705933,Nimach-Ratlam Doubling [133 Km],1096,1095.88,1284.91,2027-10-31,2027-10-31,0.0,0,,https://ipm.mospi.gov.in/Home/PublicDashboard
775,Railways,Ministry of Railways,705941,Bangalore Suburban Railway Project,15767,,3182.59,2026-12-31,2030-03-31,1186.0,1,,https://ipm.mospi.gov.in/Home/PublicDashboard
776,Railways,Ministry of Railways,706757,Modasa-Shamlaji Road Railway Line Project,262,262.0,365.22,2025-03-31,2026-03-31,365.0,1,,https://ipm.mospi.gov.in/Home/PublicDashboard
777,Railways,Ministry of Railways,706759,Rampur Dumra-Tal-Rajendrapul Additional Bridge and Railway Line Doubling,2374,1700.24,1582.44,2024-12-01,2025-12-31,395.0,1,,https://ipm.mospi.gov.in/Home/PublicDashboard
778,Railways,Ministry of Railways,706763,Rajkot - Kanalus Doubling Project [111.2 Kms],1081,1080.58,916.33,2026-10-31,2026-06-30,-123.0,0,,https://ipm.mospi.gov.in/Home/PublicDashboard
779,Railways,Ministry of Railways,706776,Noapara-Barasat via Bimanbandar - Construction of Metro railway [18 km],4830,4830.0,3258.95,2026-08-31,2029-03-31,943.0,1,,https://ipm.mospi.gov.in/Home/PublicDashboard
780,Railways,Ministry of Railways,706777,Baranagar-Barrackpore and Dakshineshwar- Construction of Metro Railway,2298,2734.0,393.02,2026-12-31,2030-12-31,1461.0,1,,https://ipm.mospi.gov.in/Home/PublicDashboard
781,Railways,Ministry of Railways,706779,Mumbai Urban Transport Project [MUTP] - PHASE II,8087,8087.0,7505.83,2014-03-31,2027-12-31,5023.0,1,,https://ipm.mospi.gov.in/Home/PublicDashboard
782,Railways,Ministry of Railways,706780,Mumbai Urban Transport Project [MUTP]  Phase-IIIA,33690,33690.0,3485.59,2027-12-31,2027-12-31,0.0,0,,https://ipm.mospi.gov.in/Home/PublicDashboard
783,Railways,Ministry of Railways,706781,Mumbai Urban Transport Project Phase-III,10947,10947.0,6519.14,2022-03-31,2026-12-31,1736.0,1,,https://ipm.mospi.gov.in/Home/PublicDashboard
784,Railways,Ministry of Railways,706835,Belgaum-Dharwad via Kittur [73.10Km],1591,,0.38,2027-12-31,2029-03-31,456.0,1,,https://ipm.mospi.gov.in/Home/PublicDashboard
785,Railways,Ministry of Railways,706837,Pradhan Kuntha Jn Line Doubling Project,349,349.22,119.69,2027-11-30,2027-11-27,-3.0,0,,https://ipm.mospi.gov.in/Home/PublicDashboard
786,Railways,Ministry of Railways,706854,Boridand - Ambikapur Doubling Line Project,1376,1576.72,224.23,2030-06-30,2030-06-30,0.0,0,,https://ipm.mospi.gov.in/Home/PublicDashboard
787,Railways,Ministry of Railways,706860,Barauni-Bachwara [16 km] - 3rd & 4th line incl. Barauni yard remodelling [32 km],645,,44.51,2025-08-01,2026-10-31,456.0,1,,https://ipm.mospi.gov.in/Home/PublicDashboard
788,Railways,Ministry of Railways,706866,Sawaimadhopur Bye Pass Line Project,304,304.0,69.33,2026-03-31,2027-05-27,422.0,1,,https://ipm.mospi.gov.in/Home/PublicDashboard
789,Railways,Ministry of Railways,706898,Khurda Road - Balangir Electrification of Railway Track Project,268,,0.0,2021-03-31,,,,,https://ipm.mospi.gov.in/Home/PublicDashboard
790,Railways,Ministry of Railways,706922,Guwahati-Dibrugarh via Tinsukia & Simaluguri-Dibrugarh,890,889.36,391.73,2020-09-03,2024-06-30,1396.0,1,,https://ipm.mospi.gov.in/Home/PublicDashboard
791,Railways,Ministry of Railways,706940,"Mariani-Jorhat, Tinsukia-Dangri and Makum -TirapTrack Electrification Project",184,,0.0,2024-05-31,,,,,https://ipm.mospi.gov.in/Home/PublicDashboard
792,Railways,Ministry of Railways,706942,Harmuty-Murkongselek Branch Line Electrification Project,238,,0.0,2024-05-31,,,,,https://ipm.mospi.gov.in/Home/PublicDashboard
793,Railways,Ministry of Railways,706950,Hospet-Hubli-Vasco da Gama Line Electrification Project,744,1122.62,1161.7,2023-03-31,2026-06-30,1187.0,1,,https://ipm.mospi.gov.in/Home/PublicDashboard
794,Railways,Ministry of Railways,709811,GANDHAMARDAN IRON ORE MINES TO GOALDIH STATION/12.76kms,190,189.93,0.0,2027-09-30,2027-09-27,-3.0,0,,https://ipm.mospi.gov.in/Home/PublicDashboard
795,Railways,Ministry of Railways,709812,NADIAD-PETLAD [37.26 KM],462,,178.78,2030-06-30,2030-06-30,0.0,0,,https://ipm.mospi.gov.in/Home/PublicDashboard
796,Railways,Ministry of Railways,709813,NEW BG LINE INTERSECTION [5 NOS] BETWEEN GERATPUR-SANAND & BOTAD-AHMEDABAD [16.51 KM],437,,116.06,2028-06-30,2027-10-27,-247.0,0,,https://ipm.mospi.gov.in/Home/PublicDashboard
797,Railways,Ministry of Railways,709815,4TH LINE - BHATAPARA-HATHBAND [8.8 KM] [PB-72/NR/2022-23],177,177.03,4.68,2027-01-31,2027-12-31,334.0,1,,https://ipm.mospi.gov.in/Home/PublicDashboard
798,Railways,Ministry of Railways,709816,4TH LINE - BHILAI-BHILAI NAGAR [8.8 KM] [PB-72/NR/2022-23],177,177.34,1.91,2027-02-28,2027-02-28,0.0,0,,https://ipm.mospi.gov.in/Home/PublicDashboard
799,Railways,Ministry of Railways,709817,4TH LINE - DADHAPARA-BELHA [9.2 KM] [PB-72/NR/2022-23],169,169.06,21.65,2026-11-30,2026-11-26,-4.0,0,,https://ipm.mospi.gov.in/Home/PublicDashboard
800,Railways,Ministry of Railways,709818,4TH LINE RAJNANDGAON-DONGARHGARH [31.2 KM] [PB-72/NR/2022-23],328,328.34,74.77,2027-01-31,2027-01-31,0.0,0,,https://ipm.mospi.gov.in/Home/PublicDashboard
801,Railways,Ministry of Railways,709819,3RD AND 4TH LINE - SARAGBUNDIA AND MADWARANI,168,,3.77,2026-12-31,2026-12-31,0.0,0,,https://ipm.mospi.gov.in/Home/PublicDashboard
802,Railways,Ministry of Railways,900874,JHAJHA - BATIA,588,,2.01,2028-03-31,2030-01-30,670.0,1,,https://ipm.mospi.gov.in/Home/PublicDashboard
803,Roads & Highways,Ministry of Road Transport & Highways,617885,Rehabilitation and Up-gradation of Nongstoin  Wahkaji section of Project Road Km 0000 to Km 43060 to Intermediate Lane with earthern shoulder under SARDP-NE Phase-A in the State of Meghalaya on EPC mode.   Job No- SARDP-NE  ong-Don-Maw/MG/2020-21/294,303,,182.58,2023-08-10,2026-05-31,1025.0,1,,https://ipm.mospi.gov.in/Home/PublicDashboard
804,Roads & Highways,Ministry of Road Transport & Highways,617886,Widening of existing Single lane / Intermediate lane road to 2 lane from Km 101 to Km 125 of NH 61,252,,,2026-06-17,2026-12-31,197.0,1,,https://ipm.mospi.gov.in/Home/PublicDashboard
805,Roads & Highways,Ministry of Road Transport & Highways,617887,Beawer Gomti 4LPS from km 58.245 to km 108.600 Pkg-I,379,,179.11,2023-10-13,2025-12-31,810.0,1,,https://ipm.mospi.gov.in/Home/PublicDashboard
806,Roads & Highways,Ministry of Road Transport & Highways,617888,Landslide treatment work on NH 58 from Kodiyala Km. 266.130 to Devprayag Km. 296.925 10 location under EPC mode in the State of Uttarakhand on EPC Mode,193,,,2025-02-11,2026-06-23,497.0,1,,https://ipm.mospi.gov.in/Home/PublicDashboard
807,Roads & Highways,Ministry of Road Transport & Highways,617889,Treatment of landslide zone from location no. 01 to 28 km 62.860 to 152.750 on NH-12509 in the State of Uttarakhand under EPC mode in NHO Annual Plan 2022-23,192,,,2024-06-20,2026-04-30,679.0,1,,https://ipm.mospi.gov.in/Home/PublicDashboard
808,Roads & Highways,Ministry of Road Transport & Highways,617890,Construction of Champawat Bypass with two lane with paved shoulder configuration starting from existing chainage 121.700 to existing chainage 129.450 Design Length 9.847 of NH-125 in District-Champawat in the state of Uttrakhand on EPC mode.,221,,,2027-12-31,,,,,https://ipm.mospi.gov.in/Home/PublicDashboard
809,Roads & Highways,Ministry of Road Transport & Highways,617891,"Construction of Two lane with Paved Shoulder for Fatehpur Bypass Design Km 0.000 to Km 7.400 , Mandawa Bypass Design Km 20.925 to Km 27.300 & Jhunjhunu Bypass Design Km 41.625 to Km 54.689 of NH-11 on EPC Mode in the state of Rajasthan .",186,,66.7,2024-08-13,2025-08-31,383.0,1,,https://ipm.mospi.gov.in/Home/PublicDashboard
810,Roads & Highways,Ministry of Road Transport & Highways,617892,Construction of 2-lane road of Potin to Pangin section of NH-13 from Km 163.59 to Km 206.66 Package-5 on EPC Mode in the State of Arunachal Pradesh under Arunachal Pradesh Package of Roads and Highways of SARDP-NE [Job No SARDP-NE/P-P/Pkg-A/NH-13/Ar.Pr./PWD/2018-19/116],451,,308.61,2023-11-18,2026-05-31,925.0,1,,https://ipm.mospi.gov.in/Home/PublicDashboard
811,Roads & Highways,Ministry of Road Transport & Highways,617893,Construction of additional major Bridge with 4- lane configuration of length 1.48 km on NH-60   NH-14    over River Kangshabati from Km. 117.770 to Km 119.250 and additional major Bridge with 4- lane configuration of length 0.900 km on NH-60   NH-14    over River Shilabati from Km. 173.220 to Km 174.120 in the district of Paschim Medinipur of West Bengal under Annual Plan for FY 2023-24 on EPC mode.   Job No 014-W8-2023-24/527   .,305,,,2028-05-15,2028-05-15,0.0,0,,https://ipm.mospi.gov.in/Home/PublicDashboard
812,Roads & Highways,Ministry of Road Transport & Highways,617894,"Construction or 4 lane Raniganj Bypass of length 5.261 km on NH-60   new NH-14    from km 273.00 of NH to km 478.18 of NH-2   New NH 16    in paschim Bardhaman, West Bengal in EPC Mode- reg.   Job No. 014-WB-2022-23/514",411,,157.03,2026-03-08,2026-12-31,298.0,1,,https://ipm.mospi.gov.in/Home/PublicDashboard
813,Roads & Highways,Ministry of Road Transport & Highways,617895,Construction of Mangaldoi Bypass NH-15 starting at Ch 26400 and terminating at Ch 41505 under Rangia NH Division  L 15.105 Km in the State of Assam. Job No. 15/AS/2021-22/234,535,,161.56,2025-04-28,2026-12-09,590.0,1,,https://ipm.mospi.gov.in/Home/PublicDashboard
814,Roads & Highways,Ministry of Road Transport & Highways,617896,"Construction of 4 lane Gauripur Bypass Starting bfrom Km 852.56 of NH-31Dumardoha Pt-II and Terminating at Km 862.17 Baladmara via. Khudimari Pt.- II, Fulkumari, Charaldanga, Sajuakuti,Geramari Pt.-III and finally meeting at km 862.17 of NH-17New/ NH-31Old in the State of Assam under EPC Mode Job no. 31/AS/ 2023-24/265",421,,,2026-10-24,2026-10-24,0.0,0,,https://ipm.mospi.gov.in/Home/PublicDashboard
815,Roads & Highways,Ministry of Road Transport & Highways,617897,Construction of proposed 4Lane Revelgunj bypass NH-19 in the State of Bihar on EPC mode connecting NH 19 to 85 origin,295,,33.07,2025-07-09,2026-06-30,356.0,1,,https://ipm.mospi.gov.in/Home/PublicDashboard
816,Roads & Highways,Ministry of Road Transport & Highways,617898,New construction of Major Bridge with Approaches from Km 0.000 to 1.200 Madhopur -Badabanta section of NH-20 under NHO in Annual Plan 2022-23 in the State of Odisha,200,,0.1,2027-10-09,2027-10-09,0.0,0,,https://ipm.mospi.gov.in/Home/PublicDashboard
817,Roads & Highways,Ministry of Road Transport & Highways,617899,Widening and Strengthening to 4LPS/2LPS from km 0.000 to 35.800 Kuakhia - Mangalpur section of NH 20 in the state of Odisha on Annual Plan 2021-22,636,,292.73,2026-02-06,2026-11-30,297.0,1,,https://ipm.mospi.gov.in/Home/PublicDashboard
818,Roads & Highways,Ministry of Road Transport & Highways,617900,Upgradation to Two Lane Paved Shoulder in km 33/0 to 126/520 of NH-23 Old NH-11B Kothun-Lalsot-Karoli-Dholpur road in the state of Rajasthan under EPC mode Length-93.52 Km.,150,,12.2,2024-09-01,2025-09-30,394.0,1,,https://ipm.mospi.gov.in/Home/PublicDashboard
819,Roads & Highways,Ministry of Road Transport & Highways,617901,Widening of Pachpadra-Bagundi Section to 4 Lane from Km 73/60 to 95/70 of  NH-25 on EPC mode in the state of Rajasthan.,195,,48.47,2024-12-11,2026-03-31,475.0,1,,https://ipm.mospi.gov.in/Home/PublicDashboard
820,Roads & Highways,Ministry of Road Transport & Highways,617902,construction or By-pass road on NH-26 for Nabrangpur Town,169,,7.84,2026-12-01,2026-12-31,30.0,1,,https://ipm.mospi.gov.in/Home/PublicDashboard
821,Roads & Highways,Ministry of Road Transport & Highways,617904,Construction of Bypass road to Balangir town from km 72/400 Desing km 0/0 to km 79/800 Design km 11/670 of NH-26 in the State of Odisha.,239,,6.09,2025-10-25,2026-07-31,279.0,1,,https://ipm.mospi.gov.in/Home/PublicDashboard
822,Roads & Highways,Ministry of Road Transport & Highways,617905,Construction of 4 lane ROB with approaches in lieu of LC No. RV-172 at km 176.00 of NH-201 present NH-26 at Kesinga including land acquisition in the state of Odisha on EPC mode under Annual Plan 2021-22,324,,84.57,2025-05-08,2026-10-31,541.0,1,,https://ipm.mospi.gov.in/Home/PublicDashboard
823,Roads & Highways,Ministry of Road Transport & Highways,617906,Up-gradation of Dhoraji-Jamkandorna-Kalavad Section of NH-927D from Design Chainage km 0/00 to km 58/115 to Two lane with PS configuration in the State of Gujarat on EPC,247,291.19,,2027-01-24,2027-01-24,0.0,0,,https://ipm.mospi.gov.in/Home/PublicDashboard
824,Roads & Highways,Ministry of Road Transport & Highways,617907,Rehabilitation and Up-gradation from Km 170700 Bhadrachalam to Km 234567 Konta on NH-30 to Two lane with Paved Shoulder in the State of Andra Pradesh on EPC mode.,436,,215.74,2024-09-24,2026-04-30,583.0,1,,https://ipm.mospi.gov.in/Home/PublicDashboard
825,Roads & Highways,Ministry of Road Transport & Highways,617908,Bemetara Bypass NH 30,162,,,2027-04-28,2027-04-28,0.0,0,,https://ipm.mospi.gov.in/Home/PublicDashboard
826,Roads & Highways,Ministry of Road Transport & Highways,617909,Construction of Rewa Bypass to 4-lane with paved shoulder along with service road from Ratahara Chowk to Chorhata Chowk Road section of NH-30 from km 00.000 to 19.200 in the State of Madhya Pradesh on Hybrid Annuity Mode HAM.,648,,,2027-02-26,2027-02-26,0.0,0,,https://ipm.mospi.gov.in/Home/PublicDashboard
827,Roads & Highways,Ministry of Road Transport & Highways,617911,Rehabilitation and upgradation Umaria to Shahdol section of NH-78 from Existing Km. 68/4 to Km. 142/2 to 2LPS including construction of Birshinghpur and Shahdol Bypass on EPC mode under NHDP-IVA,512,613.16,,2017-07-31,2026-06-30,3256.0,1,,https://ipm.mospi.gov.in/Home/PublicDashboard
828,Roads & Highways,Ministry of Road Transport & Highways,617912,Construction of 6 lane flyover from Khapari ROB to Mihan Interchange design chainage km 8760 to 11450 L- 2.69 km and upgradation of existing 4L PS road to 6LPS with service road by flexible pavement design chainage km 11450 to 14500 L-3.05 [total project length 5.74 km] in section of Nagpur - Hyderabad NH-44 Old NH-7 in Nagpur district in the state of Maharashtra on HAM mode.,620,,,2027-10-03,2027-10-02,-1.0,0,,https://ipm.mospi.gov.in/Home/PublicDashboard
829,Roads & Highways,Ministry of Road Transport & Highways,617913,6-laning of km 9.900 to km 19/948 Aramgarh to Shamshabad Section of Hyderabad-Bangalore section of NH-44 Under NHO EPC basis in the state of Telangana,283,300.7,480.38,2020-05-09,2025-12-31,2062.0,1,,https://ipm.mospi.gov.in/Home/PublicDashboard
830,Roads & Highways,Ministry of Road Transport & Highways,617914,Upgradation and reconstruction of Shahpura-Dindori Section of NH 45 from Km 103.700 Design to Km 164.580 Design including 3 bypasses Total length 60.88km to Two lane with paved shoulder configuration along with One time improvement in 03 nos of bypassed built-up areas in a total length of 12.341 km in the State of Madhya Pradesh on EPC mode,241,250.09,,2025-12-11,2026-06-30,201.0,1,,https://ipm.mospi.gov.in/Home/PublicDashboard
831,Roads & Highways,Ministry of Road Transport & Highways,617915,Upgradation of Dindori-Sagartola-kabichabutra MP-CG border section of NH -45 from km 000Design to km 77.00 Design to Two lane with paved shoulder configration along with one time improvement in 04 nos. of bypaased built-up areas in a total length of 9.1 km in the state of Madhya Pradesh on EPC mode.,329,319.09,,2025-09-18,2026-03-31,194.0,1,,https://ipm.mospi.gov.in/Home/PublicDashboard
832,Roads & Highways,Ministry of Road Transport & Highways,617916,Work of 6 laning/Construction of elevated corridor from km 0/0 to 10/170 Narol Junction to Sarkhej junction including 4 lane Shastri Bridge on Sabarmati river on NH 47 in the State of Gujarat on HAM mode,1295,,,2028-02-15,2028-02-15,0.0,0,,https://ipm.mospi.gov.in/Home/PublicDashboard
833,Roads & Highways,Ministry of Road Transport & Highways,617917,"Construction of 4 Lane Flyover at Nagpur RTO Chowk To Nagpur University Campus from Ch 2/250 to 5/100 and 4 lane flyover at wadi/midc junction from km 8/360 to km, 10/300 on NH 53 in state of Maharashtra.",479,490.52,,2024-03-01,2025-04-02,397.0,1,,https://ipm.mospi.gov.in/Home/PublicDashboard
834,Roads & Highways,Ministry of Road Transport & Highways,617919,Construction of 4 Nos Grade separtor between km. 281.000 to km. 307.600 km. 286.400 kumhari km. 299.000 Transport Nagar km. 302.000 Power House km. 304.000 Chandra Moura Chowk to km. 305.000 supeia of NH-53 old NH-06 Raipur -Durg 4 Lane on EPC mode in the state of chhattisgarh job NO. NH-53old NH-06 CG-2017-18-56,349,,,2021-01-27,2025-08-31,1677.0,1,,https://ipm.mospi.gov.in/Home/PublicDashboard
835,Roads & Highways,Ministry of Road Transport & Highways,617920,Widening and Strengthening to 2LPS including LA from km 318.970 to 353.450 Balikuda-Mulkani Section of NH-55 under NHO in Annual Plan 2022-23 in the State of Odisha. Job No. NH-55-OD-2022-23-656,512,,,2027-06-02,2027-06-02,0.0,0,,https://ipm.mospi.gov.in/Home/PublicDashboard
836,Roads & Highways,Ministry of Road Transport & Highways,617921,Widening and strengthening to 2LPS including LA of Kandarpur-Balikuda from km 277/500 to 318/970 of NH-55 in the State of Odisha under Annual Plan 2021-22.,500,,129.74,2025-06-04,2026-05-31,361.0,1,,https://ipm.mospi.gov.in/Home/PublicDashboard
837,Roads & Highways,Ministry of Road Transport & Highways,617922,Construction of Jharsuguda Bypass including Land acqusition on NH-49 from km 258.636 to km 283.300 design chainage 258.636 to km 289.876 under NHO in Annual Plan 2022-23 for the state of Odisha Job No.NH-49-OD-2022-23-655,587,,52.43,2027-07-07,2027-07-07,0.0,0,,https://ipm.mospi.gov.in/Home/PublicDashboard
838,Roads & Highways,Ministry of Road Transport & Highways,617923,Construction of  Daspalla Bypass from km 195.250 To 200.635 of NH-57 including land acquisition in the state of Odisha on EPC mode under Annual Plan 2022-23.,156,,36.6,2027-05-16,2027-05-16,0.0,0,,https://ipm.mospi.gov.in/Home/PublicDashboard
839,Roads & Highways,Ministry of Road Transport & Highways,617924,Construction of bypass to Nayagarh town from km 235.469 to 252.482 of NH-57 including land acquisition in the state of Odisha.,300,,82.33,2025-04-30,2026-03-31,335.0,1,,https://ipm.mospi.gov.in/Home/PublicDashboard
840,Roads & Highways,Ministry of Road Transport & Highways,617925,Construction of Bypass to Khordha town from Km 294/000 to 300/300 on NH-57 including LA in the State of Odisha on EPC mode.,157,,33.61,2024-11-02,2026-06-30,605.0,1,,https://ipm.mospi.gov.in/Home/PublicDashboard
841,Roads & Highways,Ministry of Road Transport & Highways,617926,Construction of new 4 lane major bridge with approaches on Sabarmati River near Dharoi at Km. 82/00 to 86/00 Design length 3.300 km on NH-58 in the State of Gujarat on Hybrid Annuity Mode HAM,398,,,2027-08-19,2027-08-19,0.0,0,,https://ipm.mospi.gov.in/Home/PublicDashboard
842,Roads & Highways,Ministry of Road Transport & Highways,617927,Widening to 2LPS between Km 0/0 to 56/0 Khokhara Gujarat Border  Vijayanagar  Antrasuba Mathasur road  of NH 58 in the State of Gujarat,699,,,2027-09-22,2027-09-22,0.0,0,,https://ipm.mospi.gov.in/Home/PublicDashboard
843,Roads & Highways,Ministry of Road Transport & Highways,617928,"Widening 2 lane to 4-lane from KM 92/320 to Km 115/320 Vav Chokdi-Satlasana to to Vrundavan Chokdi, Kheralu on NH-58 in the State of Gujarat.",151,171.27,,2026-03-14,2026-04-10,27.0,1,,https://ipm.mospi.gov.in/Home/PublicDashboard
844,Roads & Highways,Ministry of Road Transport & Highways,617929,Construction of 2 lane with paved shoulder of Kund Bypass from Design Km 35.130 to Km 47.700 existing Km 33.130 to Km 41.260 of NH-109 in the State of Uttarakhand,247,,110.98,2020-05-06,2026-12-31,2430.0,1,,https://ipm.mospi.gov.in/Home/PublicDashboard
845,Roads & Highways,Ministry of Road Transport & Highways,617930,Construction of Bypass on NH-59 from Km 336/350 to 349/910 13.56 km near Berhampur town including 4-lane RoB in the state of Odisha.,197,,51.15,2025-12-11,2026-06-30,201.0,1,,https://ipm.mospi.gov.in/Home/PublicDashboard
846,Roads & Highways,Ministry of Road Transport & Highways,617931,Construction of ROB and its approaches in lieu of  LC No. 10/B/T at Km 307.050 of NH-60.,156,138.57,,2025-08-06,2027-03-31,602.0,1,,https://ipm.mospi.gov.in/Home/PublicDashboard
847,Roads & Highways,Ministry of Road Transport & Highways,617932,Construction of New Four Lane Bypass to Parbhani City Parwa to Asola Km 463/265 to Km 481/180 Design Ch. 19220 to Ch. 34434 Length-15.214 Km section of NH-61 on EPC mode in the State of Maharashtra.,497,,,2024-10-15,2026-06-09,602.0,1,,https://ipm.mospi.gov.in/Home/PublicDashboard
848,Roads & Highways,Ministry of Road Transport & Highways,617933,Up-gradation to four lane/ Two lane with paved shoulders configuration of Kalyan - Murbad - Malshej Ghat - Nirmal Road NH- 61 km 15/200 to Km 38/00 and from Km. 58/00 to Km 84/00 Design length  48.58 km of NH-61 on EPC Mode in Thane District in the state of Maharashtra,984,,,2026-08-31,2026-08-31,0.0,0,,https://ipm.mospi.gov.in/Home/PublicDashboard
849,Roads & Highways,Ministry of Road Transport & Highways,617934,Nasratpur to Barasgaon section of NH-61 2L / 4L  PS from Km.514/00 to 558/200,407,,,2019-09-07,2026-06-30,2488.0,1,,https://ipm.mospi.gov.in/Home/PublicDashboard
850,Roads & Highways,Ministry of Road Transport & Highways,617935,"Construction of Elevated corridor from Km. 135.650 to 136.300 on 63, from Km. 249 to Km. 250.050 on old NH-4 and from Km. 192.910 to Km. 193.350 on NH-218 from decongestion of traffic in Ranichennamma circle in Hubli city in the state of Karnataka on EPC basis",298,349.49,167.23,2024-06-04,2026-11-30,909.0,1,,https://ipm.mospi.gov.in/Home/PublicDashboard
851,Roads & Highways,Ministry of Road Transport & Highways,617936,Widening to two/four lane with paved shoulder from Km.180.600 to Km.223.000 of NH-63 on Nizamabad-Jagadalpur road on EPC mode under NHO in the state of Telangana.,254,183.26,,2019-03-28,,,,,https://ipm.mospi.gov.in/Home/PublicDashboard
852,Roads & Highways,Ministry of Road Transport & Highways,617938,Rehabilitation And Upgradation to four lane with paved shoulder configuration from km 24350 to km 61875 Jawale - Borgaon Kale of NH-63 in the State of Maharashtra on EPC mode under Annual Plan 2024-25 Total length - 37.525 Km.,574,,0.06,2027-03-19,2027-03-21,2.0,1,,https://ipm.mospi.gov.in/Home/PublicDashboard
853,Roads & Highways,Ministry of Road Transport & Highways,617939,6-Laning of Pune-Hyderabad Section of NH-65 from Km 493/0 to Km 524/0 from Sangareddy X Roads to Madinaguda in the State of Telangana,1298,,,2026-07-03,2026-07-03,0.0,0,,https://ipm.mospi.gov.in/Home/PublicDashboard
854,Roads & Highways,Ministry of Road Transport & Highways,617940,"Rehabilitation and Upgradation of LB-Nagar to Malkapur section to 6-Lane main carriageway with service roads, drains cum footpath, including VUPs and widening of Minor bridge & road safety provisions from Km. 15/00 to Km 40/00 of NH-65 Old NH-9 under NH O for the year 2020-21 in the state of Telangana on EPC Mode.",545,,273.89,2024-07-22,2026-06-30,708.0,1,,https://ipm.mospi.gov.in/Home/PublicDashboard
855,Roads & Highways,Ministry of Road Transport & Highways,617941,4-Laning from End of Zuari approaches to Start of Margao Bypass section of NH-66 from Km 536.800 to Km 543.450,398,,,2028-02-15,,,,,https://ipm.mospi.gov.in/Home/PublicDashboard
856,Roads & Highways,Ministry of Road Transport & Highways,617942,Construction of Six lane Elevated Corridor from Km. 508.000 to Km. 513.150 including approaches on NH-66,641,,,2026-04-15,2026-10-14,182.0,1,,https://ipm.mospi.gov.in/Home/PublicDashboard
857,Roads & Highways,Ministry of Road Transport & Highways,617944,Kashedi ghat tunnel NH-66 [Bhogaon Khurd - Kashedi section] 4 lanes under NHDP on EPC mode,680,701.46,,2021-04-14,2021-04-14,0.0,0,,https://ipm.mospi.gov.in/Home/PublicDashboard
858,Roads & Highways,Ministry of Road Transport & Highways,617945,Balance work of NH-66 from design Km 84/00 to Km 87/100 Indapur Bypass and Km 91/600 to Km 99/100 Mangaon Bypass to four lane with paved shoulder in State of Maharashtra under NHO on EPC Mode.,354,,,2027-04-08,2027-04-08,0.0,0,,https://ipm.mospi.gov.in/Home/PublicDashboard
859,Roads & Highways,Ministry of Road Transport & Highways,617946,Kashedi to Parshuram Ghat section of NH-66 from Km 161/600 - Km 205/400 - 4L  PS,1143,,,2020-02-02,2025-12-31,2159.0,1,,https://ipm.mospi.gov.in/Home/PublicDashboard
860,Roads & Highways,Ministry of Road Transport & Highways,617947,Arawali Kante section of NH-17New NH-66 4L  PS from Km.241/300 to 281/300,1007,1443.09,,2019-11-13,2026-03-31,2330.0,1,,https://ipm.mospi.gov.in/Home/PublicDashboard
861,Roads & Highways,Ministry of Road Transport & Highways,617948,Kante - Wakad section of NH-66 4L  PS from Km.281/300 to 332/200,1118,2020.56,287.96,2019-11-12,2025-11-30,2210.0,1,,https://ipm.mospi.gov.in/Home/PublicDashboard
862,Roads & Highways,Ministry of Road Transport & Highways,617949,Tadipatri Bypass Km 0000 to Km 6285 of 4-Lane on NH-67 in Anantapuramu district of AP state under NHO on EPC Mode under Annual Plan 2022-23,160,,59.26,2026-03-12,2026-03-31,19.0,1,,https://ipm.mospi.gov.in/Home/PublicDashboard
863,Roads & Highways,Ministry of Road Transport & Highways,617950,Construction of Srinivasapura Bypass from existing Km 453.890 Design Ch. 0000 to existing Km 461.450 Design Ch 10080 on NH-69 in the State of Karnataka Under NH O in EPC mode under Annual Plan 2022-23 NH-69-KNT-2022-23-966 dated 22.11.2022,204,,,2027-01-11,2027-01-11,0.0,0,,https://ipm.mospi.gov.in/Home/PublicDashboard
864,Roads & Highways,Ministry of Road Transport & Highways,617954,Balance work of Rehabilitation and upgrading to 2lane/2lane with paved shoulder configuration and strengthening from from Km 343.80 to 400.33 of Gowribidanur-Chik Ballapur section in the state of Karnataka Under Annual Plan 2021-22 under EPC Mode.-952,398,,211.59,2025-02-23,2026-04-30,431.0,1,,https://ipm.mospi.gov.in/Home/PublicDashboard
865,Roads & Highways,Ministry of Road Transport & Highways,617955,Widening to two lane with paved Shoulders from Km 40.00 to Km 75.00   Existing chainages    of Mangalore - Tumkur section of NH-73 in the State of Karnataka on EPC Mode under Annual Plan 2021-22   Job No NH-73-KNT-2021-22-945,719,,308.84,2025-03-26,2026-12-31,645.0,1,,https://ipm.mospi.gov.in/Home/PublicDashboard
866,Roads & Highways,Ministry of Road Transport & Highways,617957,Construction of Jasra Bypass with four lane paved shoulder configurationfrom Km 379.670 on NH-76New NH-35  to Km 18.00 on NH-27New NH-30 on EPC in the State of Uttar Pradesh.,274,,,2025-09-15,,,,,https://ipm.mospi.gov.in/Home/PublicDashboard
867,Roads & Highways,Ministry of Road Transport & Highways,617958,Widening & Strenthening from km132.895 to km 190.15 NH-80,566,,248.41,2024-11-03,2026-05-16,559.0,1,,https://ipm.mospi.gov.in/Home/PublicDashboard
868,Roads & Highways,Ministry of Road Transport & Highways,617959,Rehabilitation & Widening work for 2 Lane with Paved Shoulder of Existing NH-80 from km 70.15 to Km 121.025 of Munger-Suttanganj -BhagatpurMirzachowki section on EPC Mode in the State of Bihar.,478,,311.39,2025-01-31,,,,,https://ipm.mospi.gov.in/Home/PublicDashboard
869,Roads & Highways,Ministry of Road Transport & Highways,617960,Construction of new road at the missing link portion of NH-81 along approved alignment between Harishchandrapur and Eastern approach of Kalindri Bridge from Km 46.550 to Km 59.697 in the district of Malda. Job No-081-WB-2015-16/400,271,291.2,209.23,2018-11-01,2026-06-30,2798.0,1,,https://ipm.mospi.gov.in/Home/PublicDashboard
870,Roads & Highways,Ministry of Road Transport & Highways,617961,Gaya-Hisua-Rajgir-Nalanda-Biharsharif section km0.00 to 92.935 NH-82,1409,2138.16,,2019-11-06,2026-07-31,2459.0,1,,https://ipm.mospi.gov.in/Home/PublicDashboard
871,Roads & Highways,Ministry of Road Transport & Highways,617962,"Construction of Bypass to Madurai  Achambathu  Viratipathu in between km 6/850  10/382 of NH 49 Extn New NH 85 including Land Acquisition on Engineering, Procurement & Construction EPC basis Contract under NH O Annual Plan 2021-22 in the state of Tamil Nadu job No.NH-49 Extn New NH 85 - TN-2021-22-997",239,260.07,119.33,2026-08-23,2026-08-23,0.0,0,,https://ipm.mospi.gov.in/Home/PublicDashboard
872,Roads & Highways,Ministry of Road Transport & Highways,617963,Rehabilitation and upgradation to four lane road from km 70.500 to km 78.600 of NH-92 under EPC mode in the State of Uttar Pradesh,296,351.78,,2027-01-07,2027-01-07,0.0,0,,https://ipm.mospi.gov.in/Home/PublicDashboard
873,Roads & Highways,Ministry of Road Transport & Highways,617964,"Widening to Four Lane rigid pavement configuration from Km 90.00 to Km 100.800 on NH-96 Km 42.0 to Km 53.300 as per new NH-330,design length of 11.300 km under EPC mode in the state of Uttar Pradesh.",310,,32.4,2026-11-10,,,,,https://ipm.mospi.gov.in/Home/PublicDashboard
874,Roads & Highways,Ministry of Road Transport & Highways,617965,Kopargaon to Savali Vihir section,195,,,2024-07-13,2026-06-30,717.0,1,,https://ipm.mospi.gov.in/Home/PublicDashboard
875,Roads & Highways,Ministry of Road Transport & Highways,617966,Rehabilitation and Upgrading to 2 lanes/2-lane with paved shoulders configuration and strengthening of of Birpur and Bihpur Section from km 0.0 to Km 106 of NH  106 under phase I of National Highways Interconnectivity Improvement Projects NHIIP ICB No.  NHIIP-BR-106-7 [NHIIP-BR-106-7],781,961.33,0.04,2019-10-02,2026-04-30,2402.0,1,,https://ipm.mospi.gov.in/Home/PublicDashboard
876,Roads & Highways,Ministry of Road Transport & Highways,617967,Construction of Rudraprayag tunnel of length 900.30 MTR including approaches and one major bridge on river Alaknanda connecting NH-107/old-109 to NH-07old-58 on EPC mode in the state of Uttarakhand.,252,,,2025-07-25,2026-03-31,249.0,1,,https://ipm.mospi.gov.in/Home/PublicDashboard
877,Roads & Highways,Ministry of Road Transport & Highways,617968,Construction & Widening Including Augustmuni Bypass Ch-16.545 to Ch - 19.890 to 2L/PS from Km 16.545-Km 33.130 & 45.980 -57.975 Augustmuni to Kund & Guptkashi to Sitapur on NH 109 in UK,419,,422.72,2020-02-16,2024-03-15,1489.0,1,,https://ipm.mospi.gov.in/Home/PublicDashboard
878,Roads & Highways,Ministry of Road Transport & Highways,617969,Construction of 4 Lane ROB and its approaches at the level crossing LC No 29  B of Km 29 Ekangarsarai at NH  110 New NH 33 & Railway Km 32.63 at Fatwa FUT Islampur IPR section in the state of Bihar on EPC mode.,201,,0.01,2026-07-19,2026-07-19,0.0,0,,https://ipm.mospi.gov.in/Home/PublicDashboard
879,Roads & Highways,Ministry of Road Transport & Highways,617970,Reconstruction of existing 2 L/IL to 2L with paved shoulder from existing km 52.200 to 92.880 of NH-,282,,166.13,2019-06-18,2023-10-20,1585.0,1,,https://ipm.mospi.gov.in/Home/PublicDashboard
880,Roads & Highways,Ministry of Road Transport & Highways,617971,Up-gradation to Two/Four lane with paved shoulder Configuration of Kondagaon- Narayanpur from design ch. 0.00 - 48.693   Design Length    47.493 Km. 1.20 Km. retained    on NH-130D under EPC mode in the State Chhattisgarh.,322,,1.1,2027-03-16,2027-03-16,0.0,0,,https://ipm.mospi.gov.in/Home/PublicDashboard
881,Roads & Highways,Ministry of Road Transport & Highways,617972,Upgradation to Two lane with Paved Shoulder Configuration of Narayanpur Kasturmeta pkg-II from design ch. 48.693 to 70.453  design length21.760 Km.    on NH-130D under EPC mode in the state of Chhattisgarh.,201,,14.99,2026-06-13,,,,,https://ipm.mospi.gov.in/Home/PublicDashboard
882,Roads & Highways,Ministry of Road Transport & Highways,617973,Strengthening and widening of existing 2 lane road to two lane paved shoulder from km 7.750 to 26.542 & km. 32.093 to 45.786 of NH-130 on EPC mode in the state of chhattisgarh.job No. 130-CG-2017-18-348,189,,102.56,2020-11-24,2026-02-28,1922.0,1,,https://ipm.mospi.gov.in/Home/PublicDashboard
883,Roads & Highways,Ministry of Road Transport & Highways,617974,Rehabilitation and upgradation of 2 lane with paved shoulder from existing km. 195.175 to km. 220.000 Design Chainage km71.300 to Km. 95.947 Excluding existing chainage Km 200.300 to Km 202.400 Design chainage Km 76.400 to Km 78.400 on Dharasu to Yamunotri Road of NH- 134 Old NH-94,345,,,2028-04-02,,,,,https://ipm.mospi.gov.in/Home/PublicDashboard
884,Roads & Highways,Ministry of Road Transport & Highways,617975,Rehabilitation and upgradation to 2 lane with paved shoulder configuration from km 122.00 Dharasu Bend to km 147.230 Silkyara Bend of NH-94 in the state of Uttarakhand,238,,79.56,2019-11-28,2024-07-31,1707.0,1,,https://ipm.mospi.gov.in/Home/PublicDashboard
885,Roads & Highways,Ministry of Road Transport & Highways,617976,Work of development and construction of elevated corridorfrom km 38/660 to km 42/690 Iscon junction to start point of approach of sanand flyover of NH-147 in the sate of Gujarat,530,,58.29,2026-06-18,2026-06-18,0.0,0,,https://ipm.mospi.gov.in/Home/PublicDashboard
886,Roads & Highways,Ministry of Road Transport & Highways,617977,Development of Chiloda - Gandhinagar- Sarkhej ofNH-147 Package -II,211,234.44,,2020-11-21,2022-07-14,600.0,1,,https://ipm.mospi.gov.in/Home/PublicDashboard
887,Roads & Highways,Ministry of Road Transport & Highways,617978,"Rehabilitation, upgradation & widening of existing highway to 2L/4LPS Rigid Pavement of NH 160 section- Phaltan to Mhaishal near Karnataka Border including Tasgaon Bypass, from existing chainage Km 301/430 to Km 458/415 in the State of Maharashtra- Package-II & Package III combined- starting from existing chainage Km 341/300 to Km 394/130 and design chainage Km 340/250 at Dahiwadi Village to Km 392/950 ending at Vita Village in the State of Maharashtra on EPC Mode.",632,,187.58,2027-05-27,2027-05-28,1.0,1,,https://ipm.mospi.gov.in/Home/PublicDashboard
888,Roads & Highways,Ministry of Road Transport & Highways,617979,"Rehabilitation, upgradation & widening of existing highway to 2L/4LPS Rigid Pavement of NH 160 section- Phaltan to Mhaisal near Karnataka Border including Tasgaon Bypass, from existing chainage Km 301/430 to Km 458/415 in the State of Maharashtra. Package-I starting from existing chainage Km 301/430 at Phaltan Village  Junction of Phaltan  Baramati Road Design Chainage -301/430km & ending at existing chainage Km 341/300  Dahiwadi Village Bus Stop Design chainage Km 340466km in the S",534,,,2027-05-29,2026-11-21,-189.0,0,,https://ipm.mospi.gov.in/Home/PublicDashboard
889,Roads & Highways,Ministry of Road Transport & Highways,617980,Construction of six lane elevated corridor from km 7.950  Uppal to km 14.200 of NH-163 to De-Congest the urban limits of Hyderabad-Bhoopalapatnam section on EPC mode in the state of Telangana,627,,16.13,2020-07-01,2026-10-30,2312.0,1,,https://ipm.mospi.gov.in/Home/PublicDashboard
890,Roads & Highways,Ministry of Road Transport & Highways,617981,Widening to Two with Paved shoulders from Km 59.500 to Km 132.033 of Manneguda- Ravunapally section of NH-163 Erstwhile SH-4 in the State of Telangana on EPC mode under NH O Annual Plan 2016-17,359,,,2019-05-11,2025-12-31,2426.0,1,,https://ipm.mospi.gov.in/Home/PublicDashboard
891,Roads & Highways,Ministry of Road Transport & Highways,617982,Widening and strengthening of existing 2-lane to 2- lane with paved shoulders from km 159/0 to 165/4 and 186/0 to 215/0 of NH-163 on EPC mode int the state of Telangana,230,,,2019-11-30,2020-12-03,369.0,1,,https://ipm.mospi.gov.in/Home/PublicDashboard
892,Roads & Highways,Ministry of Road Transport & Highways,617983,Widening & Strengthening of Existing 2LPS to 4 lane  PS from Km 150000 to Km 159000 and Km 165400 to Km 186000 of NH-163 old NH-202 under NH O for the year 2020-21 on EPC Mode in the state of Telangana.,317,300.56,175.26,2024-07-16,2026-06-30,714.0,1,,https://ipm.mospi.gov.in/Home/PublicDashboard
893,Roads & Highways,Ministry of Road Transport & Highways,617984,"Gudivada Town 2 RoB, and Road improvement NH-165",317,,,2025-05-21,2026-06-01,376.0,1,,https://ipm.mospi.gov.in/Home/PublicDashboard
894,Roads & Highways,Ministry of Road Transport & Highways,617985,Widening to two lane with paved shoulders from Km 0/0 to 64/020 Pamarru to Akiveedu,530,588.65,,2023-11-16,2026-07-31,988.0,1,,https://ipm.mospi.gov.in/Home/PublicDashboard
895,Roads & Highways,Ministry of Road Transport & Highways,617986,Kurnool/Kadapa Border-Jammalamadugu section of NH-167K i.e. Design Ch. Km 248010 to km 269900 to 2,293,,,2026-12-17,2026-12-17,0.0,0,,https://ipm.mospi.gov.in/Home/PublicDashboard
896,Roads & Highways,Ministry of Road Transport & Highways,617987,Nandyala-Kurnool/Kadapa Border section of NH-167K i.e. Km 186/000 to Km 250/000Design Ch.186000 to 248010 to 2LPS,692,,,2027-09-04,2027-09-04,0.0,0,,https://ipm.mospi.gov.in/Home/PublicDashboard
897,Roads & Highways,Ministry of Road Transport & Highways,617988,Sangameswaram - Atmakuru section   from Km 96 to Km 124    & Velegodu- Nandyal section   including Nandyal Bypass      from Km 143/6 to 185/9       NH-167K,776,644.14,,2027-07-30,2027-07-30,0.0,0,,https://ipm.mospi.gov.in/Home/PublicDashboard
898,Roads & Highways,Ministry of Road Transport & Highways,617989,Construction of Major Bridge at Km.180.865 across river Krishna on NH 167 Hagari Jadcherla section,157,187.61,103.33,2021-11-06,2026-03-31,1606.0,1,,https://ipm.mospi.gov.in/Home/PublicDashboard
899,Roads & Highways,Ministry of Road Transport & Highways,617990,Construction of bypass road to Adoni town connecting NH-167 Hagari - Jadcharla road from km.62/700 to 71/400 in Kurnool District in the State of Andhra Pradesh.,242,,78.49,2025-11-04,,,,,https://ipm.mospi.gov.in/Home/PublicDashboard
900,Roads & Highways,Ministry of Road Transport & Highways,617991,"Rehabilitation and up-gradation of NH-167 from Km 14/900 to Km70/000 Design Ch. 14/900 to 69/700 Chintakunta to Adoni section to two lane with paved shoulders in the State of Andhra Pradesh under Corridor Approach through Engineering, Procurement",290,,140.23,2019-05-30,2026-07-31,2619.0,1,,https://ipm.mospi.gov.in/Home/PublicDashboard
901,Roads & Highways,Ministry of Road Transport & Highways,617992,Rehabilitation & upgradation of NH - 167 from design km 187.723 to 234.434  Miryalaguda to Kodad section  to two lane with paved shoulder on EPC mode in the state of Telangana,323,322.81,148.48,2020-09-03,2026-06-30,2126.0,1,,https://ipm.mospi.gov.in/Home/PublicDashboard
902,Roads & Highways,Ministry of Road Transport & Highways,617993,Rehabilitation and upgradation of NH-167 from design km 157.707 to 187.723 design length 30.016 km to two lane with paved shoulders of Alinagar-Miryalaguda Sec on EPC mode in the state of Telangana,220,,,2019-11-12,2026-06-01,2393.0,1,,https://ipm.mospi.gov.in/Home/PublicDashboard
903,Roads & Highways,Ministry of Road Transport & Highways,617994,Rehabilitation and upgradation of NH-167 from design km 113.900 to 154.479 Mallepally Haliya section  to two lane with paved shoulders on EPC mode in the stte of Telangana,294,257.61,239.25,2019-11-28,2025-12-06,2200.0,1,,https://ipm.mospi.gov.in/Home/PublicDashboard
904,Roads & Highways,Ministry of Road Transport & Highways,617995,Widening to Two Lane with Paved Shoulders from Km 67.000 to Km 114.425 of Kalwakurthy- Mallapally Section of NH 167 Erstwhile section of SH 18 in the State of Telangana on EPC mode under NH O Annual Plan 2016-17,300,,175.1,2019-05-04,2025-12-19,2421.0,1,,https://ipm.mospi.gov.in/Home/PublicDashboard
905,Roads & Highways,Ministry of Road Transport & Highways,617996,Widening to 2/4 Lane with paved shoulders from Km 182.120 to Km 227.600 of NH 167 on Haggari-Jadcherla Road on EPC mode under NHO in the state of Telangana,298,,234.7,2019-02-20,2026-03-31,2596.0,1,,https://ipm.mospi.gov.in/Home/PublicDashboard
906,Roads & Highways,Ministry of Road Transport & Highways,617998,Widening to existing 2 lane with paved Shoulder to 4 Lane with paved shoulder from design Km 153.00 to 168.27 Mala Gate to Karkala of NH -169 on Shimoga - Mangalore section in the state of Karnataka on EPC mode under Annula Plan 2021-22 Job No. NH-169-KNT-2021-22-949,178,,106.78,2025-02-13,2026-03-31,411.0,1,,https://ipm.mospi.gov.in/Home/PublicDashboard
907,Roads & Highways,Ministry of Road Transport & Highways,617999,Widening to 2LPS from Km 67 to Km 115 on Kadur-Hosadurga section NH 173 in the state of Karnataka NH-173-KNT-2022-23-980 dated 13.03.2023,472,,80.08,2026-04-16,2026-10-30,197.0,1,,https://ipm.mospi.gov.in/Home/PublicDashboard
908,Roads & Highways,Ministry of Road Transport & Highways,618000,Widening to 2-Lane with Paved Shoulders from Km 116.800 to 149.070Design Changes on Hosadurga - Holalkere Section of NH-173 in the State of Karnataka on EPC mode under Annual Plan 2021-22 Job no. NH-173-KNT-2021-22-946,170,147.39,106.85,2024-02-24,2026-04-30,796.0,1,,https://ipm.mospi.gov.in/Home/PublicDashboard
909,Roads & Highways,Ministry of Road Transport & Highways,618001,"Construction of 4-lane flyover at Amberpet-X road, Hyderabad on NH-202 in the State of Telangana",217,265.88,154.05,2023-06-28,2026-02-10,958.0,1,,https://ipm.mospi.gov.in/Home/PublicDashboard
910,Roads & Highways,Ministry of Road Transport & Highways,618002,Widening of existing single lane to intermediate lane road from Mokokchung to Chare via Dikhu in the state of Nagaland on EPC mode,193,,99.65,2025-06-18,,,,,https://ipm.mospi.gov.in/Home/PublicDashboard
911,Roads & Highways,Ministry of Road Transport & Highways,618003,Construction of four lane ROB and its approaches in lieu of existing Level Crossing No. RV-71 at km 435 on NH-217 New NH-353 at Khariar including land acquisition under NHO in Annual Plan 2021-22 for the state of Odisha for F.Y. 2021-22 to F.Y 2033-34,154,,22.32,2024-12-26,2026-06-30,551.0,1,,https://ipm.mospi.gov.in/Home/PublicDashboard
912,Roads & Highways,Ministry of Road Transport & Highways,618004,Construction of Bhabhua Bypass from Ch. 10800Design Ch. 10800 to Ch. 19860 Design Ch. 18150 and Chand Bypass from Ch. 38060 Design Ch. 36250 to Ch. 40460 Design Ch. 38650 and widening of existing road to 2 - lane with Paved shoulder from Ch. 40460 Design Ch. 38650 to Ch. 46860 Design Ch. 45050 of NH-219 Total length-16.150 Kmunder EPC mode in the state of Bihar,180,,,2026-07-03,2027-04-30,301.0,1,,https://ipm.mospi.gov.in/Home/PublicDashboard
913,Roads & Highways,Ministry of Road Transport & Highways,618005,Sheohar-Sitamarhi Section km 40.000 to 79.400 km Lot-I,179,278.53,,2018-05-03,2025-08-31,2677.0,1,,https://ipm.mospi.gov.in/Home/PublicDashboard
914,Roads & Highways,Ministry of Road Transport & Highways,618006,Sitamarhi-Jaynagar Section km 79.400 to km 156.500 Lot-II,370,503.28,,2018-12-29,2026-05-31,2710.0,1,,https://ipm.mospi.gov.in/Home/PublicDashboard
915,Roads & Highways,Ministry of Road Transport & Highways,618007,Jaynagar-Narahia Section km 156.500 to km 219.945 Lot-III,553,706.39,,2018-11-11,2025-08-31,2485.0,1,,https://ipm.mospi.gov.in/Home/PublicDashboard
916,Roads & Highways,Ministry of Road Transport & Highways,618008,"Construction of four-lane elevated viaduct from km.4634 to km.6345 on NH-24A including Retaining wall, service lane, at grade road and improvement of junctions,  on EPC mode",185,269.81,175.09,2023-09-27,2024-12-31,461.0,1,,https://ipm.mospi.gov.in/Home/PublicDashboard
917,Roads & Highways,Ministry of Road Transport & Highways,618009,Balance work of Construction of Ring Road for Raebareli City on eastern side of NH-24B Phase-1 on EPC mode.,320,347.8,,2022-04-04,2026-06-30,1548.0,1,,https://ipm.mospi.gov.in/Home/PublicDashboard
918,Roads & Highways,Ministry of Road Transport & Highways,618010,Development to 4-lane with paved shoulder for the road section Talwandi Sabo-Raman road to refinery Road junction with Bathinda Dabwali Road of NH-254 from existing Km 131.600 to Km 155.650 Design Km 131600 to km 155600 in the State of Punjab. Job No NH-254-PB-2022-23-565,547,,,2026-11-05,2026-11-05,0.0,0,,https://ipm.mospi.gov.in/Home/PublicDashboard
919,Roads & Highways,Ministry of Road Transport & Highways,618011,Construction of 2 lane with paved shoulder for the work of Development of remaining sections of NH-325 Balotra to sanderao via Jalore to 2 lane with paved shoulder configuration by Construction of Byasses for town portions1 Asotra- Brahmdham bypass 2Siwana Bypass 3 Mokalsar Bypass 4 Major realignment at Kathadi 5 Major realignment at Bishangarh 6 Jalore Bypass 7 Ahore Town portion 8 Dujana Bypass in the state of Rajasthan on EPC Mode,411,,66.63,2024-05-11,2026-05-31,750.0,1,,https://ipm.mospi.gov.in/Home/PublicDashboard
920,Roads & Highways,Ministry of Road Transport & Highways,618012,"Widening & strengthenlng to 2LPS from km 0,000 to 40.000 Dhaugaon- Podamari section of NH 326 in the State of Odisha under Annual Plan 2021.22.",187,,42.83,2026-02-04,2026-06-30,146.0,1,,https://ipm.mospi.gov.in/Home/PublicDashboard
921,Roads & Highways,Ministry of Road Transport & Highways,618013,4-laning of  Puttaparthi-Koduru Section of NH-342,1319,909.19,341.52,2025-11-06,2026-04-30,175.0,1,,https://ipm.mospi.gov.in/Home/PublicDashboard
922,Roads & Highways,Ministry of Road Transport & Highways,618014,"Upgradation of Ambikapur-Ramanujganj-Garwa road of NH-343, Package-III, Badki mahri village to Ramanujganj section from existing km 80.600 to km 110.330 Design Ch. 85.370 to Ch. 114.800 of total length 29.430 km to two lane with paved shoulders udner corridor scheme under EPC Mode in the of Chhattisgarh",199,,15.65,2026-10-31,2026-10-31,0.0,0,,https://ipm.mospi.gov.in/Home/PublicDashboard
923,Roads & Highways,Ministry of Road Transport & Highways,618015,"Upgradation of Keonchi - Ratanpur Road of NH 45 Package-I, from design chainage km 237.860 to km 273.200 of length 35.340 km to two lane with paved shoulders under Corridor scheme on EPC mode in the state of Chhattisgarh.",225,228.93,62.63,2026-01-06,2026-12-31,359.0,1,,https://ipm.mospi.gov.in/Home/PublicDashboard
924,Roads & Highways,Ministry of Road Transport & Highways,618016,"Upgradation of Ambikapur  Ramanujganj - Garhwa Road NH 343 of Package-I, Rajpuri Khurd Village to Padih Village section from existing km 7.830 to km 57.650 Design Ch. 13.700 to Ch. 62.700 of total length 49.00 km to two lane with paved shoulders under EPC mode in the state of Chhattisgarh",397,,18.97,2027-05-26,2027-05-26,0.0,0,,https://ipm.mospi.gov.in/Home/PublicDashboard
925,Roads & Highways,Ministry of Road Transport & Highways,618017,"Upgradation of Keonchi - Ratanpur Road of NH 45 Package-II, from design chainage km 278.75 to km 321.348 of length 42.598 km to two lane with paved shoulders under Corridor scheme on EPC mode in the state of Chhattisgarh.",286,,73.61,2026-01-06,2026-12-31,359.0,1,,https://ipm.mospi.gov.in/Home/PublicDashboard
926,Roads & Highways,Ministry of Road Transport & Highways,618018,Upgradation of Bilaspur-Takhatpur-Mungeli-Pandariya-Pondi Road on N.H.-130A Package  IIIA Takhatpur By-pass from existing Ch. 26.542 to 32.093 [Design Ch. 18.700 to 25.900] & Mungeli By-pass from existing Ch. 45.786 to 56.275 [Design Ch. 29.600 to 51.600] and Package  IIIB Pandariya By-Pass from existing Ch. 82.582 to 87.133 [Design Ch. 77.900 to 81.1000 & Pondi By-pass from existing Ch. 103.166 to 104.756 [Design Ch. 97.000 to 103.395] to two lane with paved shoulder configuration in the,351,,11.48,2025-07-17,2026-12-31,532.0,1,,https://ipm.mospi.gov.in/Home/PublicDashboard
927,Roads & Highways,Ministry of Road Transport & Highways,618019,Upgradation & widening of Jharkheda- Berasia - Dholkhedi from design km 0000 to km 87900 Design length 87.90km of NH-346 including 3 nos. bypasses of 13.10 Km in the State of Madhya Pradesh under EPC mode.,365,,,2025-05-19,2026-06-30,407.0,1,,https://ipm.mospi.gov.in/Home/PublicDashboard
928,Roads & Highways,Ministry of Road Transport & Highways,618020,"Rehabilitation & Upgradation of KurwaiMungaoliChanderi Road section of NH-346, from Design Chainge 0.000 to 81.300 Km Total length 83.1 km to Two lane with paved shoulder configuration along with One time improvement in 07 nos of bypassed built-up areas in a total length of 22.615 km in the state of Madhya Pradesh on EPC mode.",386,,164.43,2025-02-03,2026-06-30,512.0,1,,https://ipm.mospi.gov.in/Home/PublicDashboard
929,Roads & Highways,Ministry of Road Transport & Highways,618021,Up-gradation of Pichhore- Dinara section of NH-346 from Km 292.750 to 334.550 to two lane with paved shoulders in the state of Madhya Pradesh on EPC mode,426,,,2027-06-02,2027-06-02,0.0,0,,https://ipm.mospi.gov.in/Home/PublicDashboard
930,Roads & Highways,Ministry of Road Transport & Highways,618022,Upgradation to two lane with paved Shulder Configuaration from Km. 0/00 to 47/000 of NH 351  Mahuva to Badhada section in the State of Gujarat,173,219.08,22.53,2025-08-22,2026-05-30,281.0,1,,https://ipm.mospi.gov.in/Home/PublicDashboard
931,Roads & Highways,Ministry of Road Transport & Highways,618023,Work of Widening/upgradation of 2-Lane with paved shoulder of Sri Muktsar Sahib to Malout road from Km 279.400 to Km 307.060 section of NH-354 in the State of Punjab on EPC mode. Job No. NH-354-PB-2021-22-555,153,,,2025-04-15,2026-03-31,350.0,1,,https://ipm.mospi.gov.in/Home/PublicDashboard
932,Roads & Highways,Ministry of Road Transport & Highways,618024,Up-gradation to two lane with paved shoulder configuration of NH-354 Section Arifkes-Ferozepur-Muktsar-Malaut from Km 201.500 to Km 212.500 & Km 229.690 to Km 269.960 and strengthening of existing pavement from Km 212.500 to Km 229.690 excluding Km 218.500 to 223.690 of NH-354 on EPC Mode in the State of Punjab. Job No. NH-354-PB-2020-21-532,263,,,2025-04-15,2026-04-30,380.0,1,,https://ipm.mospi.gov.in/Home/PublicDashboard
933,Roads & Highways,Ministry of Road Transport & Highways,618025,Rehabiitation and upgradation from km 121/000 to 154/000 Nakrekal to Mallampally section of NH-365 to 2 lane with paved shoulders in the state of Telangana in the EPC mode,193,,141.81,2019-12-08,2026-05-31,2366.0,1,,https://ipm.mospi.gov.in/Home/PublicDashboard
934,Roads & Highways,Ministry of Road Transport & Highways,618026,Rehabilitation and upgradation to two lane with paved shoulders from Km 0/000 to 72/6 of NH-365 Nakrekal to Tanamcherla section under NHDP IV in the state of Telangana under EPC mode,605,,585.2,2019-10-31,2026-04-30,2373.0,1,,https://ipm.mospi.gov.in/Home/PublicDashboard
935,Roads & Highways,Ministry of Road Transport & Highways,618027,Widening to 2LPS from Km 71.00 to 104.00 Existing chainages Sarjapur to Pattadkallu on Bhanapur to Gaddanakeri section NH-367 in the State of Karnataka under NHO on EPC mode under Annual Plan 2022-23 NH-367-KNT-2022-23-972 dated 08.02.2023,446,,,2026-03-15,2026-03-15,0.0,0,,https://ipm.mospi.gov.in/Home/PublicDashboard
936,Roads & Highways,Ministry of Road Transport & Highways,618028,"Construction of Bypass at Kuknoor, Yelburga, Gajendragada of Bhanapur Gaddanakeri section of NH-367 in the State of Karnataka under NHO on EPC mode under Annual Plan 2022-23. NH-367-KNT-2022-23-973 dated 08.02.2023",334,,37.36,2027-06-26,2027-06-25,-1.0,0,,https://ipm.mospi.gov.in/Home/PublicDashboard
937,Roads & Highways,Ministry of Road Transport & Highways,618029,Widening to 4 lane from Km. 133.00 to 158.04 design Chainage Km. 130.88 to 155.145 Shirur Cross to Gaddankeri of NH-367 in the State of Karnataka on EPC mode. Job No. NH-367-KNT-2021-22-930,351,312.06,191.38,2025-01-17,2027-01-16,729.0,1,,https://ipm.mospi.gov.in/Home/PublicDashboard
938,Roads & Highways,Ministry of Road Transport & Highways,618030,Widening to 2 lane with paved shoulder from Km. 103.225 Pattadakal to Km. 133.00 Shirur cross of NH-367 in the state of Karnataka on EPC Mode.Job No. NH-367-KNT-2021-22-934,264,,3.58,2024-05-27,2026-12-31,948.0,1,,https://ipm.mospi.gov.in/Home/PublicDashboard
939,Roads & Highways,Ministry of Road Transport & Highways,618031,Balance work of Construction of Two/Four lane with paved shoulder from Km 422.000 to 523.600  Chitradurga to Shivamogga  of NH-13 in the state of Kanataka on EPC mode.,517,,105.04,2025-12-30,2026-08-30,243.0,1,,https://ipm.mospi.gov.in/Home/PublicDashboard
940,Roads & Highways,Ministry of Road Transport & Highways,618033,4-Laning of Itanagar to Bandardewa section of NH-415from km 40430 to km 51735 Package-Bon EPC Mode in the state of Arunachal Pradesh Job NO. 415/Ar. P/2020-21/031,496,,156.97,2024-12-07,2026-07-31,601.0,1,,https://ipm.mospi.gov.in/Home/PublicDashboard
941,Roads & Highways,Ministry of Road Transport & Highways,618034,Construction of 2 lane Barpeta Bypass from Km 77900Baradi to Km 86150 Deurikuchi Length8.25Km on NH-427 in the state of Assam under EPC ModeJob No.427/AS/2022-23/245,174,,8.07,2026-08-14,2026-08-13,-1.0,0,,https://ipm.mospi.gov.in/Home/PublicDashboard
942,Roads & Highways,Ministry of Road Transport & Highways,618035,Rehabilitation & Upgradation of existing intermediate lane to two Lane with paved shoulder from km. 0.600 Gulganj bypass on NH-34 to km. 43.00 Barna River length 42.400 km. on Gulganj-Amanganj-Pawai-Katni NH43 Extn. in the state of Madhya Pradesh on EPCmode.,275,,,2026-05-19,2026-05-19,0.0,0,,https://ipm.mospi.gov.in/Home/PublicDashboard
943,Roads & Highways,Ministry of Road Transport & Highways,618036,Upgradation and reconstruction of existing intermediate lane to two Lane with paved shoulder configuration from km. 43.00 Barna River to km. 77.00 ken river length 34.00 km. on Gulganj-Amanganj-Pawai-Katni NH43 Extn. along with One time improvement in 01 no. of bypassed built-up area in a total length of 1.585 km in the state of Madhya Pradesh on EPCmode.,316,,,2026-11-25,2026-11-25,0.0,0,,https://ipm.mospi.gov.in/Home/PublicDashboard
944,Roads & Highways,Ministry of Road Transport & Highways,618037,Rehabilitation and Up-gradation of existin of road from 2-lane to 2-lane with paved shoulders from km. 0.00 to km 53.590 total length-53.590 km of Raychoti to Vempalli section of NH-440 in the State of Andhra Pradesh on EPC mode.,440,359.52,178.83,2024-05-02,2026-06-30,789.0,1,,https://ipm.mospi.gov.in/Home/PublicDashboard
945,Roads & Highways,Ministry of Road Transport & Highways,618038,Construction of Shopian Bypass  on NH-444 taking off  from existing chainage Km 36500 and re-joining at km 47588  of existing Chainage   New Design Ch.  From km 28000 to km 36925 as 2- lane with paved shoulder in the UT of Jammu & Kashmir on EPC mode.,224,,,2028-01-11,,,,,https://ipm.mospi.gov.in/Home/PublicDashboard
946,Roads & Highways,Ministry of Road Transport & Highways,618039,Widening to 2 Lane from Existing Chainage Km 74.700  Km 100.660 Design Chainage Km 53.365 to Km 78.785 on NH- 507 in the State of Uttarakhand.,347,,,2028-04-23,,,,,https://ipm.mospi.gov.in/Home/PublicDashboard
947,Roads & Highways,Ministry of Road Transport & Highways,618040,Rehabilitation and Upgradation to Two lanes with Paved Shoulders configuration and Strengthening from Km 175.00 to Km 196.00 Gumkhal to Satpuli of NH-119 New NH-534 in the State of Uttarakhand under NHO Annual Plan 2021-22 under EPC mode,453,,,2027-01-07,,,,,https://ipm.mospi.gov.in/Home/PublicDashboard
948,Roads & Highways,Ministry of Road Transport & Highways,618041,Rehabilitation and upgrading to two lanes with paved shoulders and Strengthening of Kotdwar-Pauri-Srinagar road section from Km 232.00 to 274.470 on NH-119 New 534 Paidul to Srinagar in the State of Uttarakhand on EPC Mode under NHO Annual Plan 2021-22.,299,,,2027-12-29,,,,,https://ipm.mospi.gov.in/Home/PublicDashboard
949,Roads & Highways,Ministry of Road Transport & Highways,618042,"Rehabilitation/ Upgradation of existing Highway to four lane standards in Kurkheda town from km.413257 to km 410775, Two lane in Shankarpur Gurnuli km 42400 to km 43100 section and Reconstruction of Major Bridge at Ch. 448558 Bhuti Nallah and Ch. 411695 Sati River bridge, Minor Bridge at Ch. 411477 and Ch. 405800 Lendhari Bridge of NH 543 Bhamhapuri-wadsa-kurkheda-korchi-Deori-Amgaon road on EPC mode in the State of Maharashtra",164,,,2025-05-01,2026-03-29,332.0,1,,https://ipm.mospi.gov.in/Home/PublicDashboard
950,Roads & Highways,Ministry of Road Transport & Highways,618043,Upgradation and reconstruction of Dindori - Mandla Section of NH 543 from Km 77100 Design to Km 170580 Design Total length 93.48km to Two lane with paved shoulder configuration along with One time improvement in 04 nos of bypassed built-up areas in a total length of 7.23 km in the state of Madhya Pradesh on EPC mode,492,523.71,,2026-07-28,2026-07-28,0.0,0,,https://ipm.mospi.gov.in/Home/PublicDashboard
951,Roads & Highways,Ministry of Road Transport & Highways,618045,"Construction of Mihona bypass, Lahar bypass, Daboh bypass & Bhander Bypass total length 20.60 km to 2-lane with paved shoulder from on Mihona-Bhander-MP/UP border section of NH 552E in the State of Madhya Pradesh on EPC mode",179,,71.77,2024-12-19,,,,,https://ipm.mospi.gov.in/Home/PublicDashboard
952,Roads & Highways,Ministry of Road Transport & Highways,618046,Rehabilitation & Up-gradation of Sabalkhed to Ashti Section from Km 37900 to Km 55100 & Chinchpur to Jamkhed Section from km 70000 to km 72922 of NH-561 to Two lane with Paved shoulder/ Four lane configuration in the State of Maharashtra on EPC Mode Length20.122km.,213,,,2024-09-24,,,,,https://ipm.mospi.gov.in/Home/PublicDashboard
953,Roads & Highways,Ministry of Road Transport & Highways,618047,"Widening, Reconstruction & Up-gradation to 2 lane with Paved Shoulder/Four Lane configuration for the work of Ahmednagar to Sabalkhed & Ashti to Chinchpur Section of NH-561 from Design km 2915 to km 37728 & Design km 55100 to km 70000 in the State of Maharashtra on EPC mode. Length  49.713 km",657,,,2027-05-27,2027-05-27,0.0,0,,https://ipm.mospi.gov.in/Home/PublicDashboard
954,Roads & Highways,Ministry of Road Transport & Highways,618049,Up-gradation to 2/4 lane with paved shoulder configuration of NH-652 from Tuljapur Naldurg-Akkalkot road Chainage from Km. 00.000 to km 30.982 in the State of Maharashtra on EPC mode.,183,,64.87,2026-07-08,2026-07-08,0.0,0,,https://ipm.mospi.gov.in/Home/PublicDashboard
955,Roads & Highways,Ministry of Road Transport & Highways,618050,Rehabilitation and Upgradation to 2-lane/Intermediate lane configuration of Ashyari-Shri Kyari Section   km 50.000 to km 75.000    of  NH-707 in the state of Himachal Pradesh under Green National Highways Corridor Project   GNHCP    with the loan assistance of World Bank on EPC mode.,346,359.56,146.64,2023-09-23,2024-11-02,406.0,1,,https://ipm.mospi.gov.in/Home/PublicDashboard
956,Roads & Highways,Ministry of Road Transport & Highways,618052,Gorantla - Hindupur section from Km 120/300 to 165/000 of NH716G in the State of Andhra Pradesh,809,,,2027-08-17,2027-08-17,0.0,0,,https://ipm.mospi.gov.in/Home/PublicDashboard
957,Roads & Highways,Ministry of Road Transport & Highways,618053,Muddanur to B. Kothapalli section of NH-716G from Km. 0/000 to Km. 56/500   56.500 Km    in the State of Andhra Pradesh on EPC mode Job no. 741,1020,,,2027-08-10,2027-08-10,0.0,0,,https://ipm.mospi.gov.in/Home/PublicDashboard
958,Roads & Highways,Ministry of Road Transport & Highways,618054,Construction of Balrampur bypass with 2L flexible pavement configuration from km.223.000 of NH-330 to km.328.300 of NH-730 under EPC mode,516,,104.56,2026-02-02,2026-08-16,195.0,1,,https://ipm.mospi.gov.in/Home/PublicDashboard
959,Roads & Highways,Ministry of Road Transport & Highways,618055,Construction of Pratapgarh Bypass Extension connecting NH-31 to NH-330 on EPC mode in the State of Uttar Pradesh.,225,,,2025-06-30,,,,,https://ipm.mospi.gov.in/Home/PublicDashboard
960,Roads & Highways,Ministry of Road Transport & Highways,618056,Improvement and Up-gradation to two Lane with Paved Shoulder Configuration from existing km. 420.00 Shohrathgarh to km. 454.00 Uska Bazar of NH-730 in the state of Uttar Pradesh EPC basis,510,484.42,98.47,2025-09-14,2026-12-31,473.0,1,,https://ipm.mospi.gov.in/Home/PublicDashboard
961,Roads & Highways,Ministry of Road Transport & Highways,618057,Construction of Shohratgarh Bypass on NH-730 under EPC mode in the State of Uttar Pradesh,189,,,2025-05-23,2026-12-31,587.0,1,,https://ipm.mospi.gov.in/Home/PublicDashboard
962,Roads & Highways,Ministry of Road Transport & Highways,618059,Construction of four-lane Concrete Road from Police Headquarter Gondia City to Rawanwadi Village Birsi Airport Junction from design km 0.000 to km 15.781 existing km 39/720 of NH-753 to existing Km 8/400 of NH 543 on sections from Kohmara- Goregaon- Police HeadquarterKaranja - Collector Office Square - Balaghat T Point- Rawanwadi- Rajegaon of NH-753 and NH-543 in Gondia District in the state of Maharashtra. Total Length of the project 15.781 Km.,328,,,2025-08-14,2026-07-17,337.0,1,,https://ipm.mospi.gov.in/Home/PublicDashboard
963,Roads & Highways,Ministry of Road Transport & Highways,618060,Widening and Strengthening of existing paveemnt to two lane with paved shoulders from km 116.00 to km 176.355 of NH-75E in the State of Jharkhand on EPC mode.,315,,129.54,2024-07-16,2026-04-30,653.0,1,,https://ipm.mospi.gov.in/Home/PublicDashboard
964,Roads & Highways,Ministry of Road Transport & Highways,618061,"Strengthening, Widening & Up-gradation of newly declared NH-761 from NH-61Junction-BelheAlkutiDevibhoyareNighojShirur, from Design chainage Km 0.000 to Km 37.970 from Single/Intermediate/2L to 2LPS in the State of Maharashtra on EPC Mode Length 37.970 Km",386,,30.86,2026-09-27,2026-09-27,0.0,0,,https://ipm.mospi.gov.in/Home/PublicDashboard
965,Roads & Highways,Ministry of Road Transport & Highways,618062,Dornala to Kunta Junction from Design Chainage Km 244000 to 267990 section of NH-765 Package-2,245,,,2025-09-13,2026-01-31,140.0,1,,https://ipm.mospi.gov.in/Home/PublicDashboard
966,Roads & Highways,Ministry of Road Transport & Highways,618063,Widening & Strenghteningof section from Bharthana chowk to Kodarkoot km.0.00 to km.40.00 of NH-91-A on EPC mode,262,343.77,112.46,2024-09-18,2026-06-30,650.0,1,,https://ipm.mospi.gov.in/Home/PublicDashboard
967,Roads & Highways,Ministry of Road Transport & Highways,618064,Up-gradation of NH-930 Sherpar to Kohka from Km.67880 to Km.114860 to 2LPS in Chhattisgarh under EPC mode,279,,201.05,2024-05-25,,,,,https://ipm.mospi.gov.in/Home/PublicDashboard
968,Roads & Highways,Ministry of Road Transport & Highways,618065,"Rehabilitation/Upgradation of existing Highway to 2LPS/4 lane of Dhawali to Rajoli from Design Km.149476 to 163476 existing Km.150000 to 164000, Pandhasala to Mohadongri from design Km.170476 to 181476 existing Km.171000 to 182000, Ambeshivni Fata to Bodli from design Km.183476 to 185476 existing Km.184000 to 186000 and Made Tukum to Gadchiroli from design Km.188476 to 189476 existing Km.188000 to 18900 having length  28 km of NH-930 of Dhawali to Gadchroli road in the",316,,,2025-09-04,2026-08-25,355.0,1,,https://ipm.mospi.gov.in/Home/PublicDashboard
969,Roads & Highways,Ministry of Road Transport & Highways,618066,Construction of Amethi bypass Part-II at km.30.050 of NH-931 under EPC mode in the state of Uttar Pradesh,284,,24.5,2027-02-11,2027-02-11,0.0,0,,https://ipm.mospi.gov.in/Home/PublicDashboard
970,Roads & Highways,Ministry of Road Transport & Highways,618067,"Rehabilitation & Up-gradation from design Km. 0.000 to Km. 69.280 of NH-931 Pratapgarh - Amethi - Gauriganj -Musafirkhana to two lane with paved shoulder on Engineering, Procurement & Construction EpC mode in the State of Uttar Pradesh",1086,,,2027-11-09,2027-11-09,0.0,0,,https://ipm.mospi.gov.in/Home/PublicDashboard
971,Roads & Highways,Ministry of Road Transport & Highways,618068,"Construction of Kaithi-Padaria Kala bypass, Patna-Tamoli bypass, Jaso bypass and Nagod bypass total length 15.44 Km to 2-lane with paved shoulders flexible pavement on NH-943 in the State of Madhya Pradesh on EPC Mode.",158,,,2025-10-06,2026-12-31,451.0,1,,https://ipm.mospi.gov.in/Home/PublicDashboard
972,Roads & Highways,Ministry of Road Transport & Highways,618069,Upgradation to Two-lane with paved shoulder of Hanumangarh to Kenchiyan section from Km 0.000existing chainage-Km 23.200 to Km 49.605existing chainage-Km 74.645 of NH-54 in the State of Rajasthan on EPC mode.,335,,,2026-10-03,2026-10-03,0.0,0,,https://ipm.mospi.gov.in/Home/PublicDashboard
973,Roads & Highways,Ministry of Road Transport & Highways,618070,Widening to 2 Lanes with paved shoulders from Km.87/000 to 133/720 Nattukal to Thanau Jn. in Palakkad of NH-966 Old NH-213 on EPC mode Basis under NHO Annual Plan 2016-17 in the state of Kerala,294,315.63,,2019-08-22,2026-04-30,2443.0,1,,https://ipm.mospi.gov.in/Home/PublicDashboard
974,Roads & Highways,Ministry of Road Transport & Highways,618071,Construction of two lane with paved shoulder Gangtok Bypass Road from Ranipool to Burtuk Ch 0.00 Km to 23.316 L23.316 Km in the State of Sikkim,385,342.89,,2024-05-22,2026-06-30,769.0,1,,https://ipm.mospi.gov.in/Home/PublicDashboard
975,Roads & Highways,Ministry of Road Transport & Highways,618072,Widening to Existing single lane /intermediate lane to 2 lane from Km185.00 to Km 220.00 of NH-61 New NH-02 in the state of Nagaland.,297,,149.19,2024-07-20,2026-03-31,619.0,1,,https://ipm.mospi.gov.in/Home/PublicDashboard
976,Roads & Highways,Ministry of Road Transport & Highways,618073,Improvement to Two lane with Paved Shoulder from Junction of NH22 near Hajipur to Junction of NH -122 at Bachhwara via Mahnar and Mohiuddin Nagar from Km 0.00 to Km 29.730 of NH 122 B in the State of Bihar.,226,,,2026-02-28,2026-12-31,306.0,1,,https://ipm.mospi.gov.in/Home/PublicDashboard
977,Roads & Highways,Ministry of Road Transport & Highways,618074,Pre construction activity of NH 122B from km 0 to 72.348 and  Improvement to two lane with paved shoulders of NH 122B from km 29.730 to km 72.348 in state of Bihar under EPC mode,624,,153.21,2024-11-11,2026-06-30,596.0,1,,https://ipm.mospi.gov.in/Home/PublicDashboard
978,Roads & Highways,Ministry of Road Transport & Highways,618075,Construction of two lane with paved shoulder from existing Km.0.000 to Km.55.610 design km. 0.000 to km. 54.048 of NH-124D,841,773.58,167.6,2026-02-08,2026-06-30,142.0,1,,https://ipm.mospi.gov.in/Home/PublicDashboard
979,Roads & Highways,Ministry of Road Transport & Highways,618076,Improvement and Widening two lannig with paved Shoulder of NH 127B from km 31.500 Goeragre to km 63.224 Package-II in state of Meghalaya,504,350.67,,2027-05-15,,,,,https://ipm.mospi.gov.in/Home/PublicDashboard
980,Roads & Highways,Ministry of Road Transport & Highways,618078,Up-gradation of NH-130C Abhanpur to Paund from NH Km. 0000 to KM 40380 to two lane with paved shoulders in the State of Chhattisgarh on EPC mode.,193,,97.78,2023-09-24,2026-02-15,875.0,1,,https://ipm.mospi.gov.in/Home/PublicDashboard
981,Roads & Highways,Ministry of Road Transport & Highways,618079,Construction of Dharmagarh Bypass on NH-130C including land acquisition in the state of Odisha on EPC Mode under Annual plan 2022-23.,173,,,2026-10-21,2026-10-21,0.0,0,,https://ipm.mospi.gov.in/Home/PublicDashboard
982,Roads & Highways,Ministry of Road Transport & Highways,618080,Improvement to two lane with paved shoulders of BH WB Border Amdabad Manihari section from design Km 0.000 to Km 23.945 of NH 131 A Total length 23.945 Km under EPC mode in the state of Bihar,353,,,2026-03-26,,,,,https://ipm.mospi.gov.in/Home/PublicDashboard
983,Roads & Highways,Ministry of Road Transport & Highways,618081,Construction of Mariahu Bypass with four lane paved shoulder configuration Km. 53.540 to Km.59.200 of NH-135A on EPC mode in the state of Uttar Pradesh,438,362.39,,2026-02-28,2026-06-30,122.0,1,,https://ipm.mospi.gov.in/Home/PublicDashboard
984,Roads & Highways,Ministry of Road Transport & Highways,618082,Widening & Upgradation to four lane configuration from Km.34.900 Bhadohi to km.73.134 Jaunpur of NH-135A on EPC mode,396,392.03,,2024-05-14,2026-06-30,777.0,1,,https://ipm.mospi.gov.in/Home/PublicDashboard
985,Roads & Highways,Ministry of Road Transport & Highways,618083,Construction of byepass around Lohardaga town of NH-143A in the Sate of Jharkhand under EPC mode.,459,,,2026-01-05,2026-09-30,268.0,1,,https://ipm.mospi.gov.in/Home/PublicDashboard
986,Roads & Highways,Ministry of Road Transport & Highways,618084,Widening to 2-lane with paved shoulder from km 0.00 to 44.00 Kuru-Ghaghra section of NH-143A including re-construction of culverts and bridges.,153,133.67,84.74,2023-08-08,2026-03-31,966.0,1,,https://ipm.mospi.gov.in/Home/PublicDashboard
987,Roads & Highways,Ministry of Road Transport & Highways,618085,Upgradation of Nasrullagani-Rehti-Budhni Scction  to 2-lane with paved shoulder from Km 0150 to Km 50500 of NH-146B in the state of Madhya Pradesh on EPC mode.,305,293.74,,2024-10-25,2026-06-30,613.0,1,,https://ipm.mospi.gov.in/Home/PublicDashboard
988,Roads & Highways,Ministry of Road Transport & Highways,618086,"Widening to Two Lane with Paved Shoulders from KB Cross to Chunchanahalli ie., Design Ch. 485240 Km   Existing Km 494.000    to Design Ch. 523393 Km   Existing km 533.152    & From Design Ch. 530393   Existing Km 540.175    to Design Ch. 534476   Existing Km 544.200    at Nelligere of NH-150A on EPC mode under Annual Plan 2022-23  NH-150A-KNT-2022-23-977 dated 08.03.2023",617,,4.47,2027-01-13,2027-01-13,0.0,0,,https://ipm.mospi.gov.in/Home/PublicDashboard
989,Roads & Highways,Ministry of Road Transport & Highways,618087,Widening to intermediate/two lane to 2 lane with paved shoulder from Existing chanages Km 112.750 to 142.00 Liingasur to Mudabal cross & from Km. 147.070 to Km. 149.070 Maski city limit of Jewargi Chamrajnagar setion of NH-150A in the state of Karnataka on EPC mode. Job No. NH-150A-KNT-2021-22-951,256,,179.66,2024-07-17,2026-05-15,667.0,1,,https://ipm.mospi.gov.in/Home/PublicDashboard
990,Roads & Highways,Ministry of Road Transport & Highways,618088,Nandurshingote to Kolhar,326,,0.24,2026-12-19,,,,,https://ipm.mospi.gov.in/Home/PublicDashboard
991,Roads & Highways,Ministry of Road Transport & Highways,618089,Rehabilitation & Up-gradation of Mudkhed to Nanded section from Km. 372000 to Km 388400 of NH 161A i.e. Nanded-Bhokar-Himayatnagar-Kinwat-Mahur-Arani Road Design chainage from Km 372000 Mudkhed to Km 387650 Nanded of NH 161A Length 15.65 Km to 2/4Lane with paved shoulders configuration in the State of Maharashtra on EPC mode.,207,,,2025-04-02,2026-06-30,454.0,1,,https://ipm.mospi.gov.in/Home/PublicDashboard
992,Roads & Highways,Ministry of Road Transport & Highways,618090,Sarsam - Kothari of NH-161A - 2L  PS from Km.33/00 to 90/00,546,,,2019-06-27,2025-11-30,2348.0,1,,https://ipm.mospi.gov.in/Home/PublicDashboard
993,Roads & Highways,Ministry of Road Transport & Highways,618091,Widening to two lane with paved shoulders from Km 0/000 to Km 45/946 of Nizampet-Narayankhed-bidar section of NH-161B in the state of Telangana under Annual Plan 2021-22 on EPC mode under NHO,513,,117.6,2026-02-19,2027-03-23,397.0,1,,https://ipm.mospi.gov.in/Home/PublicDashboard
994,Roads & Highways,Ministry of Road Transport & Highways,618092,Up-gradation to 2 lane with paved shoulder from Neechli Oden Nathdwara at Design Km 88.800 existing km 55.95 to Bhatewar at Design Km 142.028 existing km 0.00 of NH-162E in the State of Rajasthan on EPC mode.,607,,,2026-10-04,2026-10-03,-1.0,0,,https://ipm.mospi.gov.in/Home/PublicDashboard
995,Roads & Highways,Ministry of Road Transport & Highways,618093,Up-gradation to 2 lane with Paved shoulder from Charbhuja at Design km 0.00 existing km 150.00 to Neechli Oden Nathdwara at Design ch. Km 88.800 existing km 55.950 of NH-162E on EPC mode.,838,,55.04,2025-09-26,,,,,https://ipm.mospi.gov.in/Home/PublicDashboard
996,Roads & Highways,Ministry of Road Transport & Highways,618094,Pen to Khopoli 2LPS,369,,323.75,2019-12-21,2025-12-31,2202.0,1,,https://ipm.mospi.gov.in/Home/PublicDashboard
997,Roads & Highways,Ministry of Road Transport & Highways,618095,Widening to Two Lane with Paved Shoulders from Km 0.00 Design Chainage 0.00 to Km 23.338 Design Chainage 23310 of NH-166E MH/KNT Border- Kanamadi- Bijjargi- Tikota section in the state of Karnataka in EPC Mode under Annual plan 2022-23 NH-166E-KNT-2022-23-974,196,,,2026-03-05,2026-03-05,0.0,0,,https://ipm.mospi.gov.in/Home/PublicDashboard
998,Roads & Highways,Ministry of Road Transport & Highways,618096,Rehabilitation and Up-gradation to 2 lane road with paved shoulders configuration for the balance work of 13 km length on Helwak-Patan-Karad section Km. 85000 to 133 417 of NH-166E in the state of Maharashtra on EPC mode.,181,,,2026-04-14,2026-04-30,16.0,1,,https://ipm.mospi.gov.in/Home/PublicDashboard
999,Roads & Highways,Ministry of Road Transport & Highways,618097,Guhagar - Rampur - 2L-PS - km 0/00 Guhagar to 26/230 Rampur and 40/00 Mirjoli to 53/600 Sati on NH-166E,407,,,2019-06-13,2025-08-31,2271.0,1,,https://ipm.mospi.gov.in/Home/PublicDashboard
1000,Roads & Highways,Ministry of Road Transport & Highways,618098,"Upgradation of exhisting 2 lane flexible pavement to 2 lane paved shoulders rigid pavement from design chainage Km 66.00 to Design Km 82.440 Start of Kolhapur Municipal corporation near Phulewadi to kale, design length 16.440 Km section on Talere Gaganbawada-Kolhapur road NH 166G in the state of Maharashtra on EPC mode",168,,,2024-05-13,2026-03-31,687.0,1,,https://ipm.mospi.gov.in/Home/PublicDashboard
1001,Roads & Highways,Ministry of Road Transport & Highways,618099,"Rehabilitation & up-gradation for Talere  Gaganbawada - kolhapur Road NH 166G stretch start from km. 0/00 to Km. 06/00 and km. 13/00 to km 19/440 of NH-166G, length 12.440 km in the State of Maharashtra.",164,,98.68,2026-04-11,2026-04-11,0.0,0,,https://ipm.mospi.gov.in/Home/PublicDashboard
1002,Roads & Highways,Ministry of Road Transport & Highways,618101,Kondamodu to Perecherla Section Design Ch. Km 000 to Km 49917 of NH-167AG to to 4LPS,882,,,2027-04-19,2027-04-19,0.0,0,,https://ipm.mospi.gov.in/Home/PublicDashboard
1003,Roads & Highways,Ministry of Road Transport & Highways,618103,Rehabilitation and upgradation from Km 22300 to 58635 of MudireddyPalle to Kadapa/Nellore Border via porumamilla Section of NH 167 Two Lane with paved Shoulder in,279,,155.02,2026-04-12,2026-04-12,0.0,0,,https://ipm.mospi.gov.in/Home/PublicDashboard
1004,Roads & Highways,Ministry of Road Transport & Highways,618104,Widening to two lane with paved shoulders from Km 0/000 to Km 79/300 of Kalwakurthy - Kollapur section of NH-167K in the state of Telangana under annual plan 2021-22 on EPC mode under NHO.,887,,573.13,2025-07-11,2026-06-30,354.0,1,,https://ipm.mospi.gov.in/Home/PublicDashboard
1005,Roads & Highways,Ministry of Road Transport & Highways,618105,Widening and strengthening to 4 lane / 2-lane with paved shoulders of Mahabubnagar - Chincholi section from km 60/255 to Km 102/834 of NH-167N in the State of Telangana on EPC mode.,631,,92.56,2025-10-08,2026-11-02,390.0,1,,https://ipm.mospi.gov.in/Home/PublicDashboard
1006,Roads & Highways,Ministry of Road Transport & Highways,618106,Widening and Strengthening to 2/4 lane with paved shoulders of Mahabubnagar  Chincholi section from Km 0/0 to Km 60/255 of NH-167N in the state of Telangana under Annual plan 2021-22 on EPC modepackage-I under NHO Job No.167N-TS-2021-22-75,704,,279.58,2025-01-18,2026-03-31,437.0,1,,https://ipm.mospi.gov.in/Home/PublicDashboard
1007,Roads & Highways,Ministry of Road Transport & Highways,618107,Upgradation of Mehsana-Visnagar-vadnagar-Kheralu-Idar section from km 0/00 to 81/300 of NH 168G Mehsana to Idar in the State of GujaratTotal Length 81.300 Km on Hybrid Annuity Mode HAM,1155,,1.52,2028-06-17,2028-06-19,2.0,1,,https://ipm.mospi.gov.in/Home/PublicDashboard
1008,Roads & Highways,Ministry of Road Transport & Highways,618108,Up-gradation and strengthening to 2lanePS from Km 95/500 to km 129/775 of Nh 168G Idar-Bhiloda-Samlaji in the state of Gujarat Length  34.275 km,237,,,2025-12-06,2026-05-30,175.0,1,,https://ipm.mospi.gov.in/Home/PublicDashboard
1009,Roads & Highways,Ministry of Road Transport & Highways,618109,Widening to 4 lane from Km 51.60 to 76.20 Hebri to Parkala and from Km 85.20 to 88.90 Karavali junction to Malpe of Thirthahalli-Udupi-Malpe Section of NH-169A in the State of Karnataka on EPC Mode under Annual plan 2021-22 Job No. NH-169A-KNT-2021-22-927,356,,179.25,2024-12-26,2026-05-31,521.0,1,,https://ipm.mospi.gov.in/Home/PublicDashboard
1010,Roads & Highways,Ministry of Road Transport & Highways,618110,Improvement and upgradation to two lane with Paved Shoulder configuration from existing km 55.00 to km 90.00 Design length 34.76 of NH-227A near Chhapia Village to near Sikriganj in the State of UP on EPC Mode.,307,,125.88,2024-05-02,2025-07-05,429.0,1,,https://ipm.mospi.gov.in/Home/PublicDashboard
1011,Roads & Highways,Ministry of Road Transport & Highways,618111,Improvement and upgradation to two lane with paved shoulder configuration from existing km 90.00 to 130.00 Design length 39.15 of NH-227A  near Sikriganj to Barhalganj in the State of UP on EPC Mode.,403,345.34,,2025-06-10,2026-04-30,324.0,1,,https://ipm.mospi.gov.in/Home/PublicDashboard
1012,Roads & Highways,Ministry of Road Transport & Highways,618112,"Improvement and up-gradation of NH-227B 84 Kosi Parikrama Marg Package I, from km 228.920 Jagarnathpur to Km 235.960/0.000 MakhaudaDham to Km 29.000 Sarpur in the State of Uttar Pradesh on EPC basis",912,,,2026-11-27,2026-11-27,0.0,0,,https://ipm.mospi.gov.in/Home/PublicDashboard
1013,Roads & Highways,Ministry of Road Transport & Highways,618113,"Improvement and up-gradation of NH-227B 84 Kosi Parikrama Marg Package III, from Km.47.800 Gosaiganj to Km.73.300 Bikapur in the State of Uttar Pradesh on EPC basis.",588,,37.37,2026-11-18,2026-11-18,0.0,0,,https://ipm.mospi.gov.in/Home/PublicDashboard
1014,Roads & Highways,Ministry of Road Transport & Highways,618116,lmprovement and Up-gradation from Km. 73.300 Bikapur to Km.140.960 Patranga of NH-227B 84 Kosi Parikrama Marg to 2LPS along with Parikrama Path,1680,,66.99,2028-01-27,2028-01-27,0.0,0,,https://ipm.mospi.gov.in/Home/PublicDashboard
1015,Roads & Highways,Ministry of Road Transport & Highways,618117,Upgradation to 2-Lane with Paved Shoulder from Design Km 36300 to Design Chainage 47918 and from Design Ch 69900 to Design Ch 83940 of NH-248A Natni Ka Bara in the State of Rajasthan on EPC Mode.,155,,11.56,2026-05-29,2026-05-29,0.0,0,,https://ipm.mospi.gov.in/Home/PublicDashboard
1016,Roads & Highways,Ministry of Road Transport & Highways,618118,Upgradation of two lane paved shoulder from Shahpura existing km. 0.00   Design Ch. 000    to Thanagazi existing Km.37352   Design Ch. 36810    of NH-248A on EPC mode in the State of Rajasthan.,174,,63.55,2024-07-31,2025-07-31,365.0,1,,https://ipm.mospi.gov.in/Home/PublicDashboard
1017,Roads & Highways,Ministry of Road Transport & Highways,618119,Rehabilitation and up-gradation to 2-lane configuration of Bageshwar to Kangarchina road from km 129.600 to Km 161.600 Existing Chainage 136.00 to Km 169.00 of NH-309Ain the State of Uttarakhand Package-IV under NHO Annual Plan 2021-22,472,,,2027-02-26,,,,,https://ipm.mospi.gov.in/Home/PublicDashboard
1018,Roads & Highways,Ministry of Road Transport & Highways,618120,construction of Four-Lane of chausa-Buxar Bypass from Km 45.000 to Km 65.915 Package - 2 in the State of Bihar on EPC Mode.,1060,,,2028-01-13,2028-01-13,0.0,0,,https://ipm.mospi.gov.in/Home/PublicDashboard
1019,Roads & Highways,Ministry of Road Transport & Highways,618121,Improvement to two lane with paved shoulders of NH-319A from km 0 to km 45 in state of Bihar under EPC mode,427,,178.43,2024-12-19,2026-07-26,584.0,1,,https://ipm.mospi.gov.in/Home/PublicDashboard
1020,Roads & Highways,Ministry of Road Transport & Highways,618122,Widening to 2 lane with paved shoulded of Jareikela Jharkhand/Odisha Border - Dhabaleswar section from 0/0 to 36/0 of NH-320D in the State of Odisha under Annual Plan 2021-22.,172,,,2026-10-13,2026-10-13,0.0,0,,https://ipm.mospi.gov.in/Home/PublicDashboard
1021,Roads & Highways,Ministry of Road Transport & Highways,618123,Widening and Strengthening/Reconstruction to Two Lane with Paved Shoulder/ Two Lane with paved shoulders with service road from km 0000 to km 42250 excluding design Ch. 03220 to 04200 & 28350 to 29060 of NH-320G in the state of Jharkhand under EPC mode,423,,4.11,2025-08-24,,,,,https://ipm.mospi.gov.in/Home/PublicDashboard
1022,Roads & Highways,Ministry of Road Transport & Highways,618124,Rehabilitation and upgradation from km 51.600 to km 75.700 of NH-321G Nuhkhas to Etah section to two lane with paved shoulder configuration under EPC mode in the State of Uttar Pradesh,344,,75.71,2025-08-28,2026-06-30,306.0,1,,https://ipm.mospi.gov.in/Home/PublicDashboard
1023,Roads & Highways,Ministry of Road Transport & Highways,618125,Rehabilitation and upgradation of NH 326A from km 0/0 to 41/979 excluding km 2/255 to 3/372 and km 36/820 to 38/275 Odisha border to Narasamapeta to two lane with paved Shoulders in the State of Andhra Pradesh under NHO on EPC Mode,228,,44.45,2020-03-27,2025-10-07,2020.0,1,,https://ipm.mospi.gov.in/Home/PublicDashboard
1024,Roads & Highways,Ministry of Road Transport & Highways,618126,"Pre-Construction activities from Km 134.000 to Km 190.233 of NH-333A and Construction of 4 no. of Bypasses at Katoria, Lakhpura, Banka & Panjwara total length-14.359 Km to two lane with paved shoulders standard in State of Bihar.",479,,,2026-12-08,2026-12-08,0.0,0,,https://ipm.mospi.gov.in/Home/PublicDashboard
1025,Roads & Highways,Ministry of Road Transport & Highways,618127,Construction of 2- Lane with paved shoulder from km 56.45 Dharampur More to 93.050 Pakur of NH-333A in the State of Jharkhand on EPC mode,256,,,2027-05-03,2027-05-03,0.0,0,,https://ipm.mospi.gov.in/Home/PublicDashboard
1026,Roads & Highways,Ministry of Road Transport & Highways,618129,"Construction of Kasrawad bypass, Selani bypass, Khargone bypass & Bistan bypass Total length. 31.950 km Section of NH-347 C to Two lane with paved shoulder configuration in the State of Madhya Pradesh on EPC mode.",468,,,2026-12-31,2026-12-31,0.0,0,,https://ipm.mospi.gov.in/Home/PublicDashboard
1027,Roads & Highways,Ministry of Road Transport & Highways,618130,Widening to 2 lane with paved shoulders from 0.00 to 32.970 ofAdilabadto Bela section of NH 353B in the State of Telangana,491,,,2026-05-03,2026-05-03,0.0,0,,https://ipm.mospi.gov.in/Home/PublicDashboard
1028,Roads & Highways,Ministry of Road Transport & Highways,618132,Widening & strengthening of existing carriageway in 2 lane with paved shoulders from km 25/0 to 59/2 design Ch km 25.467 to 59.200 of NH - 353C on EPC mode in the state of Telangana,206,,152.77,2020-06-03,,,,,https://ipm.mospi.gov.in/Home/PublicDashboard
1029,Roads & Highways,Ministry of Road Transport & Highways,618133,Strengthening and Widening of road Sakoli- Wadsa-Armori-Gadchiroli-Ashti- Allapalli -Sironcha National highway NH 353C in Km 262/00 to 321/00 including 16 minor Bridges and 2 Major Bridge Total length 59 Km section from repanpalli to sironcha in Gadchiroli Dist in the State of Maharashtra.,281,,,2024-05-31,2026-05-31,730.0,1,,https://ipm.mospi.gov.in/Home/PublicDashboard
1030,Roads & Highways,Ministry of Road Transport & Highways,618134,Rehabilitation /Upgradation from Lagam to Alapalli section Desing Km. 199/400 to km 227/400 Length  28.0 Km to 2 lane with Paved Shoulders/ 4 lane configuration section of NH-353 C Sakoli-Wadsa-Armori-Gadchiroli-Ashti-Alapalli Sironcha in Gadchiroli District on EPC mode in the state of Maharashtra.,459,,,2026-09-08,2026-09-08,0.0,0,,https://ipm.mospi.gov.in/Home/PublicDashboard
1031,Roads & Highways,Ministry of Road Transport & Highways,618136,Upgradatiobn and Rehabilitation of Section of NH 361 F from Parli 00/000 to Gangakhed 30/400 to Two Lanes with paved shoulder / Four lane configurations on EPC mode in the State of Maharashtra.,224,,,2023-09-16,2026-03-31,927.0,1,,https://ipm.mospi.gov.in/Home/PublicDashboard
1032,Roads & Highways,Ministry of Road Transport & Highways,618137,Rehabilitation and Up-gradation of Jarud - Sirsala section of NH-361F km 59500 to km11500 to Two lane with paved shoulder/ Four Lane in the state of Maharashtra on EPC mode Length  55.5 Km.,540,,95.57,2027-05-08,2027-05-08,0.0,0,,https://ipm.mospi.gov.in/Home/PublicDashboard
1033,Roads & Highways,Ministry of Road Transport & Highways,618138,"Widening, Reconstruction & Up-gradation to 2 lane with Paved Shoulder/Four Lane configuration for the work of Sautada to Shirapur Section of NH-561 from Design km 86300 to km 125589 in the state of Maharashtra on EPC mode. Design length  39.289 km",350,,,2026-11-04,2026-11-04,0.0,0,,https://ipm.mospi.gov.in/Home/PublicDashboard
1034,Roads & Highways,Ministry of Road Transport & Highways,618139,Rehabilitation and Up-gradation of Gangakhed  Loha section of NH-361F from Km 169/00 to 210/00 to two lane with paved shoulder/ four lane configuration in the state of Maharashtra on EPC mode Length - 41.00 Km.,355,,,2026-09-30,2026-09-30,0.0,0,,https://ipm.mospi.gov.in/Home/PublicDashboard
1035,Roads & Highways,Ministry of Road Transport & Highways,618140,Widening to two/four lane with paved shoulders from Km.34.250 to Km.71.830 of NH-365A on Kodad-Khammam-Kurvi road.,446,,18.32,2027-01-31,2027-01-31,0.0,0,,https://ipm.mospi.gov.in/Home/PublicDashboard
1036,Roads & Highways,Ministry of Road Transport & Highways,618141,Widening and Improvement of existing carriage way to 2 lane with paved shoulders from Km. 86/160 to 131/730 of Jangaon-Duddeda section of NH-365B in the State of Telangana on EPC Mode,423,423.48,160.07,2024-12-18,2026-04-30,498.0,1,,https://ipm.mospi.gov.in/Home/PublicDashboard
1037,Roads & Highways,Ministry of Road Transport & Highways,618142,Widening to Two lane with Paved shoulders from km.40/410 to 84/037 of Thirumanlagiri-- Suryapet Section of NH-365B earstwhile section of SH-16,245,,,2019-05-08,2019-09-30,145.0,1,,https://ipm.mospi.gov.in/Home/PublicDashboard
1038,Roads & Highways,Ministry of Road Transport & Highways,618143,widening to two lane with Paved shoulders from Km.0/970 to Km.40/410 of Jangaon - Thirumal giriof NH- 365B in the state of Telanganaon EPC mode under NHO Annual Plan 2016-17,197,,,2019-10-31,2019-10-31,0.0,0,,https://ipm.mospi.gov.in/Home/PublicDashboard
1039,Roads & Highways,Ministry of Road Transport & Highways,618144,Construction of Major Bridge Across Sharavathi Backwaters and approches between Ambargodu and Kalasavalli Near Sigandhur in Sagar Taluk on NH 369E in the State of Karnataka on EPC mode.Job No. NH-369E-KNT-2018-19-895 dated 06.03.2019.,423,,,2022-12-10,,,,,https://ipm.mospi.gov.in/Home/PublicDashboard
1040,Roads & Highways,Ministry of Road Transport & Highways,618145,Widening to two lane with paved shoulder of Rampachodavaram - Koyyuru section of NH 516E from Km 43700 to Km 113820  in the State of Andhra Pradesh on EPC mode Job No. 737,568,,298.82,2025-01-01,2026-04-30,484.0,1,,https://ipm.mospi.gov.in/Home/PublicDashboard
1041,Roads & Highways,Ministry of Road Transport & Highways,618146,Estimate for Improvement to two lane with paved shoulder from Ramnagar to Roseda from km 3.500 to 43.000 of NH 527 E on EPC mode in State of Bihar,495,,,2026-04-11,2027-04-30,384.0,1,,https://ipm.mospi.gov.in/Home/PublicDashboard
1042,Roads & Highways,Ministry of Road Transport & Highways,618147,Widening to 2 Lane with Paved Shoulders from design Km 103.200 Existing Km 103.200 to design Km 116.700 Existing Km 118.470 on AP/KNT Border to Sira Section of NH-544E in the State of Karnatakaon EPC mode under Annual plan 2022-23,167,,35.33,2025-09-09,2026-08-31,356.0,1,,https://ipm.mospi.gov.in/Home/PublicDashboard
1043,Roads & Highways,Ministry of Road Transport & Highways,618149,Widening to two lane with paved shoulders from Km 0.00 to 102.310 Design Chainage of NH-548B Murrum-Maharashtra Border in the State of Karnataka,957,,211.49,2027-01-15,2027-01-15,0.0,0,,https://ipm.mospi.gov.in/Home/PublicDashboard
1044,Roads & Highways,Ministry of Road Transport & Highways,618150,Rehabilitation and Up-gradation of i. Deogaon phata to Digras phata Ch. 0/000 to 15/000 & Selu to Borgavhan Ch 20/900 to 35/800 [Length 29.9km] ii. Injegaon Dhamoni to Pohner Phata Ch.58/200 to Ch. 83/700 [Length25.5 km] and iii. Pohner phata to Pathri Design Ch. 42/700 to 58/200 [Length 15.5 km] sections of NH-548B to Two lane with paved shoulder configuartion in the state of Maharashtra on EPC mode Total project length  70.9 Km.,762,,,2027-05-08,2027-05-08,0.0,0,,https://ipm.mospi.gov.in/Home/PublicDashboard
1045,Roads & Highways,Ministry of Road Transport & Highways,618152,Mhaswad to Tembhurni section of NH-548C - 2L  PS,489,,,2019-07-31,2025-12-31,2345.0,1,,https://ipm.mospi.gov.in/Home/PublicDashboard
1046,Roads & Highways,Ministry of Road Transport & Highways,618153,Satara to Mhaswad,653,,7.33,2019-08-01,2025-07-31,2191.0,1,,https://ipm.mospi.gov.in/Home/PublicDashboard
1047,Roads & Highways,Ministry of Road Transport & Highways,618154,"Rehabilitation & upgradation of Jamkhed to Sautada Section of NH548 D from km 195.375 to km 208.774, Length  13.399 Km to 2L PS /4L configuration with rigid pavement in the state of Maharashtra on EPC mode.",158,,,2024-07-14,2026-06-30,716.0,1,,https://ipm.mospi.gov.in/Home/PublicDashboard
1048,Roads & Highways,Ministry of Road Transport & Highways,618155,Development/Widening of Talegaon Chakan Shikrapur Nhavara Section of NH-548D from existing chainage km. 54/000 to 82/300 and Design chainage Km. 54/000 to 82/120 Shikrapur to Nhavara Section to 2LPS/4L Configuration on EPC Mode in the State of Maharashtra.,396,,85.57,2026-07-09,2026-07-04,-5.0,0,,https://ipm.mospi.gov.in/Home/PublicDashboard
1049,Roads & Highways,Ministry of Road Transport & Highways,618156,"Construction of Morena bypass, Ambah bypass & Porsa bypass Totat length 27.16 km Section of NH-552 Ext. to TWo lane with paved shoulder configuration in the state of Madhya Pradesh on EPC mode",493,,,2026-10-02,2026-10-02,0.0,0,,https://ipm.mospi.gov.in/Home/PublicDashboard
1050,Roads & Highways,Ministry of Road Transport & Highways,618157,Construction of Ater realignment & Bhind bypass Total length. 21.50 km Section of NH-552Extn. to Two lane with paved shoulder configuration in the State of Madhya Pradesh on EPC mode.,348,,,2026-06-09,2026-06-09,0.0,0,,https://ipm.mospi.gov.in/Home/PublicDashboard
1051,Roads & Highways,Ministry of Road Transport & Highways,618158,"Upgradation of Goras to Shyampur Road section of NH-552 Ext., from Design Chainge 48.400 to 111.800 Km Total length 63.40 km to two lane with paved shoulder configuration along with One time improvement of 8.91 km in the state of Madhya Pradesh on EPC mode",417,,,2026-12-30,2026-12-30,0.0,0,,https://ipm.mospi.gov.in/Home/PublicDashboard
1052,Roads & Highways,Ministry of Road Transport & Highways,618159,"Construction of new 2 Lane with paved shoulders of NH Standards from km 0.080 to km 11.690 L11.610 km in Majuli and from km 19.715 to km 27.484 L 7.769 km in Jorhat on the newly declared NH 715K and construction of 1.10 km flyover on NH-715 with its approaches and service roads L1.10 km, Total Length  20.479 km in the State of Assam Job No. 715K/AS/2023-24/256",382,,19.65,2027-03-28,2027-03-28,0.0,0,,https://ipm.mospi.gov.in/Home/PublicDashboard
1053,Roads & Highways,Ministry of Road Transport & Highways,618160,"Construction of 2 lane Major Bridge including approaches over Brahmaputra between Majuli on North Bank and Jorhat on South Bank from km. 11.690 to km. 19.715 length of bridge 6,812.5m Package - II on NH-715K in the state of Assam Job no. 715/AS/2020-21/213",1019,,,2027-12-10,2027-12-10,0.0,0,,https://ipm.mospi.gov.in/Home/PublicDashboard
1054,Roads & Highways,Ministry of Road Transport & Highways,618161,Widening and Reconstruction of existing road to four lane from Km.56400 to Km 120300 i.e. from B.Kothapalli Junction to Gorantla excluding Kadiri Bypass from Km 70200 to Km 77105 of NH 716G in the State of Andhra Pradesh on EPC mode Job no. 742,840,,355.56,2025-12-31,2026-04-30,120.0,1,,https://ipm.mospi.gov.in/Home/PublicDashboard
1055,Roads & Highways,Ministry of Road Transport & Highways,618162,"Improvement and up-gradation to 2LPS of NH-227B 84-Kosi Parikrama Marg PackageVI, Design Km 160200 Bahuvan Madar Majha to Km 224040 Jagarnathpur under HAM",2009,,,2028-01-15,2028-01-15,0.0,0,,https://ipm.mospi.gov.in/Home/PublicDashboard
1056,Roads & Highways,Ministry of Road Transport & Highways,618163,"Rehabilitation and Up-gradation from km. 0000 to km.40390 of NH-730S MaharajganjNichloulThuthibari to two lane with paved shoulders in the State of U.P. on Engineering, Procurement & Construction EPC Basis.",809,603.19,,2025-12-06,2026-12-31,390.0,1,,https://ipm.mospi.gov.in/Home/PublicDashboard
1057,Roads & Highways,Ministry of Road Transport & Highways,618164,Construction of four lane highway with paved shoulder from Km.74.700 to Km.112.950 of NH-731A i/c Yamuna Bridge on HAM in the state of Uttar Pradesh.,1142,1157.31,,2026-06-23,2026-06-23,0.0,0,,https://ipm.mospi.gov.in/Home/PublicDashboard
1058,Roads & Highways,Ministry of Road Transport & Highways,618165,Construction of 4-lane highway with paved shoulders from Km 49.155 to Km 74.700 of NH-731A on Hybrid Annuity Mode in the state of Uttar Pradesh,1157,,,2026-01-31,2026-06-30,150.0,1,,https://ipm.mospi.gov.in/Home/PublicDashboard
1059,Roads & Highways,Ministry of Road Transport & Highways,618166,Construction of 4-lane green field highway from Km. 35.000 to Km. 49.155 of NH-731A with paved shoulders on Hybrid Annuity Mode in the state of Uttar Pradesh,698,,0.04,2025-10-29,2026-04-30,183.0,1,,https://ipm.mospi.gov.in/Home/PublicDashboard
1060,Roads & Highways,Ministry of Road Transport & Highways,618167,Rehabilitation & Upgradation of NH-731A from Km.0.00 to Km.35.00 to 2-lane with paved shoulder under EPC mode,265,,,2023-08-30,,,,,https://ipm.mospi.gov.in/Home/PublicDashboard
1061,Roads & Highways,Ministry of Road Transport & Highways,618168,Widening to four lane with paved shoulder from Design Km.49.200 to Km.89.285 of NH-731B on EPC mode in the state of Uttar Pradesh,918,965.3,128.0,2026-01-14,2027-01-31,382.0,1,,https://ipm.mospi.gov.in/Home/PublicDashboard
1062,Roads & Highways,Ministry of Road Transport & Highways,618169,Construction of Two Lane with paved shoulder highway from Design Ch.0.000 to Ch.49.2OO of NH-731B on EPC Mode,640,602.76,239.2,2025-11-29,2026-07-31,244.0,1,,https://ipm.mospi.gov.in/Home/PublicDashboard
1063,Roads & Highways,Ministry of Road Transport & Highways,618170,Construction of Two lane with paved shoulder configuration of Shujalpur Bypass section of NH-752C from km 33100 Design to km. 42570 Design total design length 10.470 km in the State of Madhya Pradesh on EPC mode.,214,,,2025-09-14,2026-05-29,257.0,1,,https://ipm.mospi.gov.in/Home/PublicDashboard
1064,Roads & Highways,Ministry of Road Transport & Highways,618171,"Work of Upgradation of Jirapur-Pachore Road including Pachore, Jirapur, Chhapiheda & Khujner Bypasses from 0000 to 58790 Design Length 58.79 Km section of NH-752C to 2LPS in the State of Madhya Pradesh under EPC mode",353,,,2026-01-15,2026-08-12,209.0,1,,https://ipm.mospi.gov.in/Home/PublicDashboard
1065,Roads & Highways,Ministry of Road Transport & Highways,618172,Paithan - Shirur section 2LPS Km 0.0 to 55.00,342,,,2019-06-02,2026-05-31,2555.0,1,,https://ipm.mospi.gov.in/Home/PublicDashboard
1066,Roads & Highways,Ministry of Road Transport & Highways,618173,Shirur-Kharda section from 55937 km to 114486 km to 2LPS/4L,382,,,2019-06-16,2025-09-30,2298.0,1,,https://ipm.mospi.gov.in/Home/PublicDashboard
1067,Roads & Highways,Ministry of Road Transport & Highways,618174,Rehabilitation and Upgradation to two lane with paved shoulder configuration of NH-752G from Sakri to Pimpalner Section Design Ch km 0000 to Ch km 21411 in the state of Maharashtra on EPC Mode. Length  21.411 km.,227,,,2026-10-20,2026-10-21,1.0,1,,https://ipm.mospi.gov.in/Home/PublicDashboard
1068,Roads & Highways,Ministry of Road Transport & Highways,618175,Rehabilitation and Upgradation of Satana to Mangrul Chandwad Section of NH752 G Design Ch Km 64.000 to Ch Km 101.140 two lane with paved shoulder/four lane configuration in the state of Maharashtra on EPC mode.,429,,,2025-05-14,2026-06-30,412.0,1,,https://ipm.mospi.gov.in/Home/PublicDashboard
1069,Roads & Highways,Ministry of Road Transport & Highways,618176,Rehabilitation and upgradation from ch km 50/200 to 56/800 and km 62/600 to 100/403 of Kolde to Visarwadi Near Junction with NH-6 section of NH 752G total length  44.40 to two-lane with paved shoulder / four lanes in the State of Maharashtra on EPC mode.,349,,,2028-01-02,,,,,https://ipm.mospi.gov.in/Home/PublicDashboard
1070,Roads & Highways,Ministry of Road Transport & Highways,618177,Pal Phata Phulambri - Khultabad 2LPS,227,,,2019-12-29,2025-12-31,2194.0,1,,https://ipm.mospi.gov.in/Home/PublicDashboard
1071,Roads & Highways,Ministry of Road Transport & Highways,618178,Widening and strengthening of Gangakhed to Kingaon section of NH-752K in Km 38/750 to 72/304   Flexible Pavement      Length33.554 km    to 2-lane configuration on EPC mode in the State of Maharashtra.,163,,,2026-06-03,,,,,https://ipm.mospi.gov.in/Home/PublicDashboard
1072,Roads & Highways,Ministry of Road Transport & Highways,618179,Rehabilitation and Upgradation of Shewali phata to Kalambhir section i.e. Km 0443 to Km 4500 & Nizampur to Chadwel section i.e. Km 13485 to Km 26265 Length16.317 Km excluding 2 Major Bridges with approaches Km 13735 to Km 14095 & Km 19660 to Km 20030 of NH 753B to 2LPS Configuration in the State of Maharashtra on EPC Mode.,182,,,2026-02-27,2026-02-27,0.0,0,,https://ipm.mospi.gov.in/Home/PublicDashboard
1073,Roads & Highways,Ministry of Road Transport & Highways,618180,Pune raigarh District Border To Mangaon    Ch 69000 to 103775    NH-753F,223,,,2019-12-30,2024-06-30,1644.0,1,,https://ipm.mospi.gov.in/Home/PublicDashboard
1074,Roads & Highways,Ministry of Road Transport & Highways,618181,Rehabilitation / Upgradation to 4 Lane with Paved shoulder of Existing Section in Sillod Town with Design Ch. Km54500 to Km 60679 [Length6.179 km] section of NH 753F Aurangabad-Jalgaon road on EPC Mode in the State of Maharashtra,154,,,2025-07-30,2025-03-30,-122.0,0,,https://ipm.mospi.gov.in/Home/PublicDashboard
1075,Roads & Highways,Ministry of Road Transport & Highways,618182,Widening to Two lane with paved shoulders from 106/830 to 158/496 of Yellareddy-Rudrur Section of NH-765D in the state of Telangana on EPC mode under NHO under Annual plan 2022-23,500,,187.35,2026-07-06,2026-07-06,0.0,0,,https://ipm.mospi.gov.in/Home/PublicDashboard
1076,Roads & Highways,Ministry of Road Transport & Highways,618183,Widening to 2 lane with paved shoulders from Km 62/920 to km 106/830 of Medak - Yellareddy section in the State of Telangana under Annual Plan 2022-23 on EPC mode under NHO,399,,,2026-08-20,2026-08-20,0.0,0,,https://ipm.mospi.gov.in/Home/PublicDashboard
1077,Roads & Highways,Ministry of Road Transport & Highways,618184,Construction of 2 Lane with paved shoulder from km 55.6 to km 90.7 existing chainages of NH-766C complete Realignment of 13.76 km with 2 major Bridges across Sharavathi Backwaters on EPC mode under Annual Plan 2022-23 in the state of Karnataka NH-766C-KNT-2022-23 dated 14.10.2022,314,,,2026-02-12,2027-12-21,677.0,1,,https://ipm.mospi.gov.in/Home/PublicDashboard
1078,Roads & Highways,Ministry of Road Transport & Highways,618185,Widening to 2LPS from Km 0.000 to 37.850 Except Ex. Km 24.45 to 27.20 of NH-766c Byndoor-Ranebennur Section in the state of Karnataka on EPC Mode under Annual Plan 2022-23 NH-766C-KNT-2022-23-969 dated 30.12.2022,395,,,2027-08-07,2027-08-06,-1.0,0,,https://ipm.mospi.gov.in/Home/PublicDashboard
1079,Roads & Highways,Ministry of Road Transport & Highways,618186,"Rehabilitation and Up-gradation of Valigonda to Thorrur Section to Two Lane with Paved Shoulders from Km 39.180 to Km 108.300 of NH-930P in the State of Telangana on Engineering, Procurement and Construction EPC Basis",549,,296.89,2024-12-28,2026-04-30,488.0,1,,https://ipm.mospi.gov.in/Home/PublicDashboard
1080,Roads & Highways,Ministry of Road Transport & Highways,618187,"Rehabilitation and upgradation of Salon - Jais - Jagdishpur Road section of NH-931A, from design Chainage km 0.000 to km 5.740 to four lane divided carriageway and from design Chainage km 5.740 to km 53.500 to two lane with paved Total length km 53.500 along with One time improvement in 04 no's of realigned/bypassed built-up areas in a total length of 9.732 km in the state of Uttar Pradesh on EPC mode",947,,,2027-10-26,2027-10-26,0.0,0,,https://ipm.mospi.gov.in/Home/PublicDashboard
1081,Roads & Highways,Ministry of Road Transport & Highways,618188,Rehabilitation and Up-gradation to 2 lane with paved shoulder configuration of Mahud Sangola road NH 965 G 159400 to 161900and 162400 to 183960 Design Chainage from km. 32/300 to km. 34/800 and km. 35/800 to km. 56/860 Rigid Pavement on EPC mode in the State of Maharashtra.,254,,,2025-05-22,2026-06-30,404.0,1,,https://ipm.mospi.gov.in/Home/PublicDashboard
1082,Roads & Highways,Ministry of Road Transport & Highways,618189,Widening to Two Lane with Paved Shoulder of NH-73 New Spur Road Ujire - Dharmasthala - Periyashanthi in the State of Karnataka under on HAM under NHO Annual Plan 2023-24Job No NH-73Spur-KNT-2023-24-996,614,,,2027-11-04,,,,,https://ipm.mospi.gov.in/Home/PublicDashboard
1083,Roads & Highways,Ministry of Road Transport & Highways,618190,Widening to two lane with paved shoulders of 'Bodhan Basar Bhainsa ' section from Km 38/900 to 95/300 of NH-161BB in the state of Telangana under Annual Plan 2021-22 on EPC Mode under NH  O.,644,,349.38,2025-03-16,2026-04-30,410.0,1,,https://ipm.mospi.gov.in/Home/PublicDashboard
1084,Roads & Highways,Ministry of Road Transport & Highways,618191,"Rehabilitation and upgradation of NH-167AD from Macherla to Dachepalli via Paluvai Junction, Rentachinthala, Gurazala from Km.0.000 to 43.659 to two lane with paved shoulders in the state of Andhra Pradesh job-729",403,,227.13,2025-01-26,2026-03-31,429.0,1,,https://ipm.mospi.gov.in/Home/PublicDashboard
1085,Roads & Highways,Ministry of Road Transport & Highways,618192,Duttalur at NH-565 Junction to Kavali Joining on NH-16 Chainage Km. 36/400 to Km. 107/224 excluding the stretch from Km 101.880 to 105.300 67.404 Km of NH-167BG from in the State of Andhra Pradesh on EPC mode,424,,,2024-07-03,2026-04-30,666.0,1,,https://ipm.mospi.gov.in/Home/PublicDashboard
1086,Roads & Highways,Ministry of Road Transport & Highways,618193,Widening of Existing Road to Two Lane with Paved Shoulder Configuration from Km 0.00 to 26.000 & Km 45.200 To 59.622 Of NH 365BB in the State of Andhra Pradesh Under Annual Plan 2023-24 through EPC Mode,369,,37.37,2026-12-23,2026-10-23,-61.0,0,,https://ipm.mospi.gov.in/Home/PublicDashboard
1087,Roads & Highways,Ministry of Road Transport & Highways,618194,Rehabilitation and upgradation of New NH 544DD from design Chainage Km. 56/000 to 102/20 of Kalyandrg - Molakalmuru Section,294,285.29,312.39,2020-02-07,2025-09-15,2047.0,1,,https://ipm.mospi.gov.in/Home/PublicDashboard
1088,Roads & Highways,Ministry of Road Transport & Highways,618196,Widening to 2 lane with Paved Shoulders of  Siddipet-Elkathurthy section  from Km 69/978 to km 133/619 of NH-765DG in the State of Telangana under Annual plan 2021-22 on EPC mode,579,,,2024-12-21,2026-06-30,556.0,1,,https://ipm.mospi.gov.in/Home/PublicDashboard
1089,Roads & Highways,Ministry of Road Transport & Highways,618197,Widening to 2 lane with Paved Shoulders of Medak - Siddipet section from Km 0/0 to km 69/978 of NH-765DG in the State of Telangana under Annual plan 2021-22 on EPC mode,882,,347.58,2025-01-30,2026-06-30,516.0,1,,https://ipm.mospi.gov.in/Home/PublicDashboard
1090,Roads & Highways,Ministry of Road Transport & Highways,618198,Balance work of Rehabilitation and Up-gradation to 2-lane road with paved shoulders configuration for NH- 965DD from Pacharal-Mandangad-Mhapral-Rajewadi Upto Junction of NH-66 Ch-22700 to 75100 Km and Ambadave connector Birth place of Dr. Babasaheb Ambedkar Ch-0000 to 7325 Km length Km 59.725 in the state of Maharashtra on EPC mode. Balance Work,389,341.69,,2024-01-04,2026-06-30,908.0,1,,https://ipm.mospi.gov.in/Home/PublicDashboard
1091,Roads & Highways,Ministry of Road Transport & Highways,618199,"Rehabilitation, Upgradation & Widening of existing Highway to Rigid Pavement 2 Lane with Paved Shoulder of NH 965DD from Lonand Shirval-Bhor Mandangad-Pchral Section ShindewadiPhata to Varandah Ghat Dist Border from Km 33/550 to 92/550 in the state of Maharashtra on EPC mode.",723,,,2026-07-31,2026-07-31,0.0,0,,https://ipm.mospi.gov.in/Home/PublicDashboard
1092,Roads & Highways,Ministry of Road Transport & Highways,618200,Construction of 2 lane with Paved Shoulder for Northern Bypass Phase-II of Kota city in the State of Rajasthan.,318,,6.06,2025-04-14,2027-02-06,663.0,1,,https://ipm.mospi.gov.in/Home/PublicDashboard
1093,Roads & Highways,Ministry of Road Transport & Highways,618201,"Widening and strengthening to 2 lane with paved shoulder from existing Ch. Km 56720 to Km 100820 and Design Ch. From Km 62600 to Km 106360 Total Length43.760 Km on SRINAGAR -BARAMULA  URINH-01 in the UT of Jammu & Kashmir under project BEACON, Border Roads Organization BRO on EPC mode.",702,,,2026-11-17,,,,,https://ipm.mospi.gov.in/Home/PublicDashboard
1094,Roads & Highways,Ministry of Road Transport & Highways,618202,Construction of 2 lane with paved shoulders Baramulla Bypass Greenfield bypass from existing Ch. Km 47020 to Km 56720 and Design Ch. From 48500 to 62600 Total length 14.100 km on road Srinagar Baramulla  Uri NH-01 in the UT of Jammu & Kashmir under Project.Package-III,992,,34.01,2026-09-01,,,,,https://ipm.mospi.gov.in/Home/PublicDashboard
1095,Roads & Highways,Ministry of Road Transport & Highways,618203,"Construction of 4 lane with paved shoulder Pattan bypass Greenfield bypass from existing Ch. Km 24320 to Km 33760 and Design Ch. from Km 24400 to Km 35300, total length 10.900 km on road SrinagarBaramulla  Uri NH-01 in the UT of Jammu & Kashmir under Project BEACON, Border Roads Organization BRO on EPC mode. Package-II",980,,0.27,2026-07-31,,,,,https://ipm.mospi.gov.in/Home/PublicDashboard
1096,Roads & Highways,Ministry of Road Transport & Highways,618204,Construction of realignment between Pandrass- Pashkyun Total length 27.10 km on road Zozila-Kargil -Leh NH-1 to 2 lane specifications i.e. Drass alignment 9.30 km Kharboo realignment 6.30 km & Kargil alignment 11.50 km under project Vijayak BRO in the UT of Ladakh on EPC Mode,426,,97.91,2025-06-18,2026-07-31,408.0,1,,https://ipm.mospi.gov.in/Home/PublicDashboard
1097,Roads & Highways,Ministry of Road Transport & Highways,618205,"Construction of 4 lane with paved shoulder from Existing Ch. 14200 to 24320 Design Ch. 14200 to 24400, Ch. 33760 to 42780 Design Ch. 35300 to 44294 & Ch. 43440 to 47020 Design Ch. 44958 to 48500 Delina Flyover  including construction of flyover length 1.704 km of total length 22.736 kms in AOR of 760 BRTF on road SRINAGAR BARAMULA  URI NH-01 in the UT of Jammu & Kashmir under project BEACON, Border Roads Organization BRO  Package-IJob No NH-1-J&K-2022-23-110",823,,262.57,2025-08-24,2026-08-31,372.0,1,,https://ipm.mospi.gov.in/Home/PublicDashboard
1098,Roads & Highways,Ministry of Road Transport & Highways,618206,Widening and Strengthening of Rafiabad-Kupwara-Chowkibal-Tangdhar-Chamkot NH-701 road from design Ch. From 0000 to 51000 to two lanes with paved shoulders under Project Beacon in the UT of Jammu & Kashmir on EPC mode Package-I.,1405,,118.28,2027-05-08,,,,,https://ipm.mospi.gov.in/Home/PublicDashboard
1099,Roads & Highways,Ministry of Road Transport & Highways,618207,Widening to 2-lane with Hard Shoulder configuration of Mana Ch. 0.00 to Mana Pass Ch. 50.987 road on NH-07 under Bharatmala Pariyojna in the state of Uttarakhand under Annual Plan 2022-23 length 50.987,574,,,2027-10-03,2028-10-03,366.0,1,,https://ipm.mospi.gov.in/Home/PublicDashboard
1100,Roads & Highways,Ministry of Road Transport & Highways,618208,Construction and upgradation of existing road to 2-lane with paved shoulder from existing chainage Km 509.725 to Km 528.000 design chainage Km 490.550 to Km 507.850 of NH-58 new NH-07 Benakuli bend to Mana Village in EPC mode under Chardham Programme in the State of Uttarakhand.,180,,,2021-10-30,,,,,https://ipm.mospi.gov.in/Home/PublicDashboard
1101,Roads & Highways,Ministry of Road Transport & Highways,618209,Construction & up gradation of existing road to 2-Lane with paved shoulder from existing chainage km 468000 to km 489350 Design Chainage km 465150 to km 471500 of NH-07 Old NH-58 including Joshimath bypass on EPC mode in the state of Uttarakhand Length 6.35 km,259,,,2025-09-13,2027-08-27,713.0,1,,https://ipm.mospi.gov.in/Home/PublicDashboard
1102,Roads & Highways,Ministry of Road Transport & Highways,618210,Rehabilitation and upgradation of Askot-Lipulekh on EPC Basis for Phase-I Existing Km 72.00 to 107.620 Design Chainage Km 21330 to Km 56935 under Project Hirak of BRO in the state of Uttarakhand under Bharatmala Pariyojna Phase-I on EPC Mode Length-35.605 Km CA No EPC/MORT&H/HRK/01/2021-22,604,,,2023-12-02,2026-06-30,941.0,1,,https://ipm.mospi.gov.in/Home/PublicDashboard
1103,Roads & Highways,Ministry of Road Transport & Highways,618211,Improvement/construction of 2-lane with paved shoulder of Askote Llipulekh road from Tawaghat village to Budhi village design km. 56935 to km 95748 and from end of Tunnel portal to Kali Mandir design km 113828 to km. 133078 [total design length  58.063 km] under project Hirak of BRO in the state of Uttarakhand under Bharatmala Pariyojna on EPC Mode,650,,,2026-11-24,2026-11-24,0.0,0,,https://ipm.mospi.gov.in/Home/PublicDashboard
1104,Roads & Highways,Ministry of Road Transport & Highways,618212,"STABILIZATION OF LAND SLIDE AND SLOPE PROTECTION AT KM 11.00 TO KM 11.08, 29,730 KM TO 30,060 KM, 30,400 KM TO 31,060 KM, 34,750 KM TO 35,300 KM, 38,950 KM TO 39,030 KM & 39,460 KM TO 39,540 KM TWO LOC CLUBBED, KM 40,400 TO KM 40,650, KM 43,500  KM 43,680,  52,460  RISHIKESH - DHARASU ROAD NH-94 ON EPC MODE IN THE STATE OF UTTARAKHAND. NOSE OF LAND SLIDE - 12 NOS",197,,,2027-04-18,,,,,https://ipm.mospi.gov.in/Home/PublicDashboard
1105,Roads & Highways,Ministry of Road Transport & Highways,618213,Rehabilitation and Upgradation of road Rishikesh  Dharasu Old NH-94 with 2-lane with paved shoulder from km 76.000 to km 110.000 Design Chainage from km 74.733 to km 107.347 32.614 km including construction of Kamand re-alignment from existing Chainage Km 105.200 to Km 108.600 design chainage Km 103.436 to Km 105.949 - total length 2513 mtrs and land slide treatment work between design chainage Km 73.800 to Km 74.00 200m on EPC mode under improvement to NH connectivity to Chardham in,274,,,2021-01-05,2026-01-31,1852.0,1,,https://ipm.mospi.gov.in/Home/PublicDashboard
1106,Roads & Highways,Ministry of Road Transport & Highways,618214,Rehabilitation and upgradation to 2 lane / 2 lane with paved shoulder configuration for design chainage km 107.347 to km 129.208 & km 133.878 to km 138.570 existing chainage km 110.000 to km 133.020 & km 137.330 to km 142.028 and land slide treatment at existing km 138.500 Design chainage km 134.970 of NH -94 on EPC mode under improvement to NH connectivity to Chardham in the state of Uttarakhand.,346,,,2021-07-09,2024-06-01,1058.0,1,,https://ipm.mospi.gov.in/Home/PublicDashboard
1107,Roads & Highways,Ministry of Road Transport & Highways,618215,"Improvement/construction of existing CL-5 Road to NH Intermediate lane specification with hard shoulder from Km 166.000 to 203.77 net Length 37.770 kms of NH-505 Sumdo-Kaza-Gramphoo road  in the state of Himachal Pradesh on EPC mode under project Deepak, BRO",274,194.0,,2027-06-09,2027-06-09,0.0,0,,https://ipm.mospi.gov.in/Home/PublicDashboard
1108,Roads & Highways,Ministry of Road Transport & Highways,618216,"Improvement/construction of existing CL-5 Road to NH Intermediate lane specification with hard shoulder from Km 133.000 to 166.000 net Length 33.000 kms of NH-505 Sumdo-Kaza-Gramphoo road  in the state of Himachal Pradesh on EPC mode under project Deepak, BRO",231,203.15,15.16,2026-06-30,2026-06-30,0.0,0,,https://ipm.mospi.gov.in/Home/PublicDashboard
1109,Roads & Highways,Ministry of Road Transport & Highways,618217,Improvement/construction of existing Class-5 Road to NH Intermediate lane specification with hard shoulder from existing Km 76/340 to 134/940 Design chainage from Km 76/300 to 133/000 net Length 56.700 kms of NH-505 Sumdo-Kaza-Gramphoo road  in the state of Himachal Pradesh Package I,315,244.15,76.97,2026-05-11,2026-05-11,0.0,0,,https://ipm.mospi.gov.in/Home/PublicDashboard
1110,Roads & Highways,Ministry of Road Transport & Highways,618218,Rehabilitation & upgradation of existing road to 2-lane with hard shoulder from Joshimath km 0.00 to Saraithota km 29.725 road on NH-107B under Bharatmala Pariyojna on EPC mode in the state of Uttarakhand,338,,,2025-05-21,2027-03-31,679.0,1,,https://ipm.mospi.gov.in/Home/PublicDashboard
1111,Roads & Highways,Ministry of Road Transport & Highways,618219,Upgradation to 2-lane with Hard shoulder configuration of Suraithota Ch. 29.725 km to Malari Ch. 60.550 km road on NH- 107B under in the state of Uttarakhand.,293,,,2026-05-09,2026-12-31,236.0,1,,https://ipm.mospi.gov.in/Home/PublicDashboard
1112,Roads & Highways,Ministry of Road Transport & Highways,618220,Reconstruction and widening to 2 lane with paved shoulder from existing chainage km 102000 to km 134950 Design chainage km 90150 to km 116980 including construction of Naushera Tunnel Total length of tunnel 0.700 km under 31 TF on Akhnoor-Poonch road NH-144A in the UT of Jammu & Kashmir under Project Sampark BRO on EPC mode Package-V Job no  NH-144A-J&K-2020-21-104,642,572.51,,2024-07-18,2026-03-31,621.0,1,,https://ipm.mospi.gov.in/Home/PublicDashboard
1113,Roads & Highways,Ministry of Road Transport & Highways,618221,Rehabilitation and upgradation to 2 lane with paved shoulder from existing chainage Km 166.100 to Km 192.98 design chainage Km 146.700 to Km 162.800 including construction of Bhimber Gali Tunnel Total Length of Tunnel 1.100 Km under 31 BRTF on Akhnoor-Poonch Roads on EPC mode NH-144A Package-VII,735,,,2026-07-30,,,,,https://ipm.mospi.gov.in/Home/PublicDashboard
1114,Roads & Highways,Ministry of Road Transport & Highways,618222,Widening and Strengthening up gradation to 2 lane with paved shoulder from existing chainage Km 192.98 to Km 229.820 design chainage Km 162.800 to Km 198.18 under 31 BRTF on Akhnoor-Poonch Road NH-144A in the UT of Jammu and Kashmir under Project Sampark Border Roads Organisation BRO on EPC Mode Package-VIII Job No NH-144A-J&K-2022-2023-111,562,,127.97,2026-01-04,2026-09-30,269.0,1,,https://ipm.mospi.gov.in/Home/PublicDashboard
1115,Roads & Highways,Ministry of Road Transport & Highways,618223,Rehabilitation and up-gradation to 2 lane with paved shoulder from existing chainage km 64535 to km 85385 Design chainage km 55800 to km 74350 under 13 TF on Akhnoor-Poonch road NH-144A under Project Sampark BRO in the UT of Jammu & Kashmir on EPC mode Package-III Job no  NH-144A-J&K-2019-20-79,153,,74.82,2023-09-28,2026-05-31,976.0,1,,https://ipm.mospi.gov.in/Home/PublicDashboard
1116,Roads & Highways,Ministry of Road Transport & Highways,618224,Rehabilitation and up-gradation to 2 lane with paved shoulder from existing chainage km 49150 to km 64535 Design chainage km 46.450 to km 55.800 including construction of Sungal Tunnel Total length of Tunnel 2.79 km under 13 TF on Akhnoor-Poonch road NH-144A under Project Sampark BRO in the UT of Jammu & Kashmir on EPC mode Package-II Job no  NH-144A-J&K-2019-20-78,797,,426.41,2024-08-20,2026-05-31,649.0,1,,https://ipm.mospi.gov.in/Home/PublicDashboard
1117,Roads & Highways,Ministry of Road Transport & Highways,618225,Rehabilitation and up-gradation to 2 lane with paved shoulder from existing chainage km 134950 to km 166100 Design chainage km 116980 to km 146700 under 31 TF on Akhnoor-Poonch road NH-144A in the UT of Jammu & Kashmir under Project Sampark BRO on EPC mode Package-VI Job no  NH-144A-J&K-2021-22-106,395,,139.45,2024-07-27,2026-06-30,703.0,1,,https://ipm.mospi.gov.in/Home/PublicDashboard
1118,Roads & Highways,Ministry of Road Transport & Highways,618226,Rehabilitation and upgradation to 2 lane with paved shoulder from existing chainage Km 30.053 to Km 49.150 design chainage Km 30.000 to Km 46.450 including Kandi Tunnel under 31 BRTF on Akhnoor-Poonch Road NH-144A Under Project Sampark in the UT of Jammu & Kashmir EPC modePackage-I Job no NH-144A-J&K-2020-21-83.,272,,157.74,2024-11-28,2026-06-30,579.0,1,,https://ipm.mospi.gov.in/Home/PublicDashboard
1119,Roads & Highways,Ministry of Road Transport & Highways,618227,Development to 4/6-lanning of NH-31 New NH-10 with both side service roads from km 569.258 to km 581.030 end of AH-02 project on NH- 31 near Shivmandir to Sevoke Army Cantonment in districts of Darjeeling and Jalpaiguri in the state of West Bengal on EPC Mode Job No. 010/WB/2021-22/490,995,1059.2,456.48,2025-09-19,2027-03-31,558.0,1,,https://ipm.mospi.gov.in/Home/PublicDashboard
1120,Roads & Highways,Ministry of Road Transport & Highways,618228,construction of a new 4 lane Parallel to existing MG Setu  with its approaces from km 0.00 to km 14.500 across river Ganga on NH-19 at Patna in the state of Bihar.,2926,,,2024-09-22,2027-06-30,1011.0,1,,https://ipm.mospi.gov.in/Home/PublicDashboard
1121,Roads & Highways,Ministry of Road Transport & Highways,618229,Rehabilitation and upgradation to 2-lane with paved sholuders configuration of Near Karri village-Etawah section Km30.000 to Km 57.346 Pakage-II of NH-92 in state of Uttar Pradesh undergreen national Highway Corridor ProjectGNHCP with the loan assistance of world Bank on EPC mode.,211,206.56,,2024-02-17,2025-02-09,358.0,1,,https://ipm.mospi.gov.in/Home/PublicDashboard
1122,Roads & Highways,Ministry of Road Transport & Highways,618230,Rehabilitation and Upgradation to 2-lane configuration of Kalwahn-Mandi Section km 208.950 to 250.592 of NH-70 in the State of Himachal Pradesh under Green National Highways Corridor Project GNHCP with the loan assistance of World Bank on EPC mode.Package-3,314,,,2025-04-12,2026-06-30,444.0,1,,https://ipm.mospi.gov.in/Home/PublicDashboard
1123,Roads & Highways,Ministry of Road Transport & Highways,618231,Rehabilitation and Upgradation to 2-lane configuration of Hamirpur-Karnohal Section km 141.00 to 181.00 of NH-70 in the State of Himachal Pradesh under Green National Highways Corridor Project GNHCP with the loan assistance of World Bank on EPC mode.Package-1,372,,198.34,2024-12-20,2026-03-31,466.0,1,,https://ipm.mospi.gov.in/Home/PublicDashboard
1124,Roads & Highways,Ministry of Road Transport & Highways,618232,Rehabilitation and Upgradation to 2-lane configuration of Karnohal- Kalwahn Section km 181.00 to 208.950 of NH-70 in the State of Himachal Pradesh under Green National Highways Corridor Project GNHCP with the loan assistance of World Bank on EPC mode.Package-2,252,190.02,74.12,2026-05-14,2026-11-01,171.0,1,,https://ipm.mospi.gov.in/Home/PublicDashboard
1125,Roads & Highways,Ministry of Road Transport & Highways,618233,Construction of 6-lane bridge on Ganga on NH-96 and its approaches in Phaphamau Allahabad on EPC mode,1948,1465.41,,2024-02-15,2026-09-30,958.0,1,,https://ipm.mospi.gov.in/Home/PublicDashboard
1126,Roads & Highways,Ministry of Road Transport & Highways,618234,Construction of a new 4-lane major bridge across river Kosi at Phulaut including Rehabilitation and upgradation of existing Birpur and Bihpur section of NH-106 from km 106.000 to km 136.000 to 2-lane with paved shoulders in the State of Bihar on EPC mode,1478,,823.92,2024-06-06,2027-02-28,997.0,1,,https://ipm.mospi.gov.in/Home/PublicDashboard
1127,Roads & Highways,Ministry of Road Transport & Highways,618235,Balance work of Rehabilitation and Up-gradation to 4-Lane configuration of Ras-Beawar Section Km 00.000 to km 30.050 of NH-158 in the State of Rajasthan under Green National Highway Corridor Project GNHCP.,278,,28.44,2026-12-27,2026-12-27,0.0,0,,https://ipm.mospi.gov.in/Home/PublicDashboard
1128,Roads & Highways,Ministry of Road Transport & Highways,618236,Rehabilitation and Up-gradation of Dhindi - Digamarru section from Km 126/510 to Km 135/740 of NH -214New NH -216 and digamarru -Losari section from Km 0/000 tp Km 34/230 of NH-214 ANew Nh-216 to two lane with paved shoulder in the state of AP-NH,316,288.76,220.02,2018-05-11,2023-11-06,2005.0,1,,https://ipm.mospi.gov.in/Home/PublicDashboard
1129,Roads & Highways,Ministry of Road Transport & Highways,618237,Rehabilitation and Up-gradation of Pasarlapudi to Dhindi section from Km 105/170 to Km 126/510 of NH -214 New NH -216 to two lane with paved shoulder in the state of Andhra Pradesh under NHDP-IV,263,,151.56,2019-09-26,2025-09-30,2196.0,1,,https://ipm.mospi.gov.in/Home/PublicDashboard
1130,Roads & Highways,Ministry of Road Transport & Highways,618238,Rehabilitation and Up-gradation of Thimmapuram to Gurajanapalli section from Km 26/150 to Km 41/161 of NH - 214  New NH - 216 to two lane with paved shoulder in the state of Andhra Pradesh under NHDP-IV,351,432.91,233.92,2018-07-08,2026-07-31,2945.0,1,,https://ipm.mospi.gov.in/Home/PublicDashboard
1131,Roads & Highways,Ministry of Road Transport & Highways,618239,"Rehabilitation & Upgradation of NH214New NH-216 from Km 34/230 to Km 84/550 Losari to Machavaram Section to two lane with paved shoulder in the state of Andhrapradesh under NHDP-IV through Engineering, Procurement& Construction EPC mode.",445,459.37,,2018-09-07,2025-07-31,2519.0,1,,https://ipm.mospi.gov.in/Home/PublicDashboard
1132,Roads & Highways,Ministry of Road Transport & Highways,618240,Rehabilitation and upgradation to 2-lane with paved sholuders configuration of Bewar-naer Karri village section Km0.00 to Km30.00 Pakage-I of NH-92 in state of Uttar Pradesh undergreen national Highway Corridor ProjectGNHCP with the loan assistance of world Bank on EPC mode.,236,,,2024-03-15,2026-04-30,776.0,1,,https://ipm.mospi.gov.in/Home/PublicDashboard
1133,Roads & Highways,Ministry of Road Transport & Highways,618242,Widening and Reconstruction to 4-lane/4-lane with service road including structures from Pokharia More at Km 47.600 Ex. Km 50.230 to Govindpur at km 62.949 Ex. Km 65.325 of Nh-419 in the State of Jharkhand on EPC mode.,300,,76.93,2026-01-03,2026-06-30,178.0,1,,https://ipm.mospi.gov.in/Home/PublicDashboard
1134,Roads & Highways,Ministry of Road Transport & Highways,618243,Construction of Basti Ring Road Phase-I with 4L configuration for Basti City in the state of Uttar Pradesh on HAM mode,1139,,,2027-06-12,2027-06-12,0.0,0,,https://ipm.mospi.gov.in/Home/PublicDashboard
1135,Roads & Highways,Ministry of Road Transport & Highways,618244,Construction of Raebareli Ring Road Phase-2 with four Lane configuration for Raebareli City in the state of Uttar Pradesh on Hybrid Annuity Model HAM basis,1274,,,2027-05-01,2027-05-01,0.0,0,,https://ipm.mospi.gov.in/Home/PublicDashboard
1136,Roads & Highways,Ministry of Road Transport & Highways,618246,Construction of New 4-Lane Bridge Parallel to existing Vikramashila Setufrom km 8920 to Km 13375including approach road 35m Naugachhia side &53 m Bhagalpur sideacross River Ganga on newly declared NH-131B at Bhagalpur in the State of Bihar,1110,,,2027-05-08,2027-05-08,0.0,0,,https://ipm.mospi.gov.in/Home/PublicDashboard
1137,Roads & Highways,Ministry of Road Transport & Highways,618247,Construction of 4 lane Mirzapur bypass including bridge over river Ganga from km 0.000 to km 15.000 of NH 135A in the State of Uttar Pradesh on HAM Mode.,1709,,,2029-01-17,2029-01-17,0.0,0,,https://ipm.mospi.gov.in/Home/PublicDashboard
1138,Roads & Highways,Ministry of Road Transport & Highways,618248,Widening to 4 lane from km. 139.00 to km 179.20 of NH-135A Pkg-III Jaunpur  Akbarpur section and Akbarpur bypass on Hybrid Annuity Mode in the state of Uttar Pradesh.,1653,,,2028-01-15,,,,,https://ipm.mospi.gov.in/Home/PublicDashboard
1139,Roads & Highways,Ministry of Road Transport & Highways,618249,Widening to 4 lane from km. 108.50 to km 139.00 of NH-135A Pkg-II Jaunpur  Akbarpur section on Hybrid Annuity Mode in the state of Uttar Pradesh,1512,,,2027-03-29,2027-03-29,0.0,0,,https://ipm.mospi.gov.in/Home/PublicDashboard
1140,Roads & Highways,Ministry of Road Transport & Highways,618250,Construction of 6-Lane Elevated / Extra Dose Cable Bridge on River Ganga parallel to & Western side of Digha-Sonepur Rail cum-Road Bridge of NH 139W in the State of Bihar,3064,,,2027-11-02,2028-12-31,425.0,1,,https://ipm.mospi.gov.in/Home/PublicDashboard
1141,Roads & Highways,Ministry of Road Transport & Highways,618251,"Improvement and Up gradation to four lane with Paved shoulder configuration from Existing Km 0000 to Km 39500 design km 0500 to Km 40342, Design length km of NH  227A  near Mehrauna GhatUP  Bihar Border to Siwan on the state of Bihar on Hybrid Annuity Model HAM basis",1661,,,2028-03-05,2028-03-05,0.0,0,,https://ipm.mospi.gov.in/Home/PublicDashboard
1142,Roads & Highways,Ministry of Road Transport & Highways,618252,"Improvement and Up-gradation to two Lane with Paved Shoulder/Four Lane configuration from existing Km 130.000 to Km 191.000 design km 131.500 to Km 188.735, Design length 57.235 Km of NH-227A near Barhalganj to Mehrauna Ghat in the state of Uttar Pradesh on Hybrid Annuity Model HAM basis",974,1344.61,0.73,2027-05-04,2027-05-03,-1.0,0,,https://ipm.mospi.gov.in/Home/PublicDashboard
1143,Roads & Highways,Ministry of Road Transport & Highways,618254,Construction of Paderu bypass Km 0000 to Km 13000 of 2- lane with paved shoulder on NH-516E,244,,11.67,2026-07-08,2026-12-31,176.0,1,,https://ipm.mospi.gov.in/Home/PublicDashboard
1144,Roads & Highways,Ministry of Road Transport & Highways,618255,Two laning with paved shoulders of Lambasingi to Paderusection  of NH 516E,361,358.05,104.0,2025-11-02,2026-11-30,393.0,1,,https://ipm.mospi.gov.in/Home/PublicDashboard
1145,Roads & Highways,Ministry of Road Transport & Highways,618256,"Rehabilitation and Upgradation to 2-lane with paved should ders Sir, configuration of Chaprathipalem to Lambasingi section Km 165500 to Km 205000 of NH-516E in the State of Andhra Pradesh under Green National Highways Corridor Project GNHCP with the loan assistance of World Bank on EPC mode",311,,195.13,2024-10-10,2026-04-30,567.0,1,,https://ipm.mospi.gov.in/Home/PublicDashboard
1146,Roads & Highways,Ministry of Road Transport & Highways,618257,Rehabilitation and Upgradation to 2-lane with paved shoulders configuration of Koyyuru to Chaprathipalem section Km 120000 to Km 165500 of NH-516E in the State of Andhra Pradesh under Green National Highways Corridor Project GNHCP with the loan assistance of World Bank on EPC mode,349,,241.96,2024-07-07,2026-03-31,632.0,1,,https://ipm.mospi.gov.in/Home/PublicDashboard
1147,Roads & Highways,Ministry of Road Transport & Highways,618258,Two laning with paved shoulders of Gondiguda to Araku uptoBhallaguda section of NH 516E,297,289.11,237.52,2023-09-07,2024-04-09,215.0,1,,https://ipm.mospi.gov.in/Home/PublicDashboard
1148,Roads & Highways,Ministry of Road Transport & Highways,618259,Two laning with paved shoulders of Paderu to GundigudaSection  of NH 516E,223,,122.52,2023-03-30,2024-03-24,360.0,1,,https://ipm.mospi.gov.in/Home/PublicDashboard
1149,Roads & Highways,Ministry of Road Transport & Highways,618260,"Construction of Salempur bypass to 4LPS from km 64.000 of NH-727A Km 171.00 of Sonauli Balia Marg, old SH-01, near Mahadahan Chauraha to km 61.500 of NH-727B Km 178.500 of Sonauli Balia Marg, old SH-01, near near Ahirauli Village under Hybrid Annuity Mode HAM in the State of Uttar Pradesh",1348,,,2027-11-10,2027-11-11,1.0,1,,https://ipm.mospi.gov.in/Home/PublicDashboard
1150,Roads & Highways,Ministry of Road Transport & Highways,618262,Construction of Deoria Bypass from existing Km. 27.140 to existing Km. 46.780 Design Km. 49.109 on NH727A Design length 21.969 Km. to four lane with paved shoulder configuration under Hybrid Annuity Mode HAM in the State of Uttar Pradesh,1735,,,2027-07-31,2027-07-31,0.0,0,,https://ipm.mospi.gov.in/Home/PublicDashboard
1151,Roads & Highways,Ministry of Road Transport & Highways,618263,"Rehabilitation and Up-gradation to 2LPS from Km. 0.000 to Km. 7.800 and Km. 35.400 to Km. 52.345 Design length  24.745 Km., except Bihar portion of NH-727B Tamkuhiraj to Bihar Border and Bihar Border to Majhauli on EPC mode in the State of Uttar Pradesh",701,,,2026-07-31,2026-07-31,0.0,0,,https://ipm.mospi.gov.in/Home/PublicDashboard
1152,Roads & Highways,Ministry of Road Transport & Highways,618264,"Widening and Strengthening to two Lane with Paved Shoulder/Four Lane with paved shoulder configuration from km. 61.500 of NH-727B near Nawalpur km 178.500 of Sonauli  Balia Marg, Old SH-01 i.e. end point of Salempur Bypass to km. 106.495 of NH-727B near Sikanderpur under EPC mode",2062,,,2028-05-30,2028-05-30,0.0,0,,https://ipm.mospi.gov.in/Home/PublicDashboard
1153,Roads & Highways,Ministry of Road Transport & Highways,618265,Rehabilitation and upgradation to 2-lane with paved sholuders configuration of Miranpur Katra to radhaita section of NH-730CKm.114.000 to Km 137.250pakage-III in state of Uttar Pradesh undergreen national Highway Corridor ProjectGNHCP with the loan assistance of world Bank on EPC mode.,172,169.56,,2024-07-27,2026-04-30,642.0,1,,https://ipm.mospi.gov.in/Home/PublicDashboard
1154,Roads & Highways,Ministry of Road Transport & Highways,618266,Rehabilitation and upgradation to 2-lane with paved sholuders configuration of Bewar- Allahaganj- section of NH-730CKm.0.000 to Km 52.770pakage-I in state of Uttar Pradesh undergreen national Highway Corridor ProjectGNHCP with the loan assistance of world Bank on EPC mode.,325,340.16,,2024-11-23,2026-04-30,523.0,1,,https://ipm.mospi.gov.in/Home/PublicDashboard
1155,Roads & Highways,Ministry of Road Transport & Highways,618282,4-L Bilasipara-Guwahati Package-10,1265,,469.24,2026-06-18,2027-03-31,286.0,1,,https://ipm.mospi.gov.in/Home/PublicDashboard
1156,Roads & Highways,Ministry of Road Transport & Highways,618283,4-L Bilasipara-Guwahati Package-9,1000,,416.11,2026-06-11,2027-03-31,293.0,1,,https://ipm.mospi.gov.in/Home/PublicDashboard
1157,Roads & Highways,Ministry of Road Transport & Highways,618284,Widening/Improvement to 4-Lane with paved shoulder from Km 99930 to Km 143680 Design Chainage 96000 to 139750 of Paikan to Dhupdhara Sahar of Bilasipura-Guwahati Road on NH-17 in the state of Assam on EPC mode under Bharatmala Pariyojana in Economic Corridors Project Length  43.750km under NHO-NE Package-8,1458,,793.68,2026-12-26,2026-12-25,-1.0,0,,https://ipm.mospi.gov.in/Home/PublicDashboard
1158,Roads & Highways,Ministry of Road Transport & Highways,618285,Widening/Improvement to 4 -Lane with Paved Shoulder from Ch. 88.000km to Ch.99.930 km Design Ch.84.100km to Ch.96.000 km of Sagunbashi forest near Nichinta to starting of Krishnai Bypass Section of Bilasipura Guwahati road NH 17 on EPC Package-7,287,,186.64,2025-10-25,2026-01-31,98.0,1,,https://ipm.mospi.gov.in/Home/PublicDashboard
1159,Roads & Highways,Ministry of Road Transport & Highways,618286,Construction of New 2-Lane Bridge with its approaches from km 0000 to Km 4385 across River Brahmaputra on NH-17 at Jogighopa in Assam on EPC mode,747,,410.28,2024-11-10,2026-12-18,768.0,1,,https://ipm.mospi.gov.in/Home/PublicDashboard
1160,Roads & Highways,Ministry of Road Transport & Highways,618287,"Widening/Improvement to 4-Lane with paved Shoulder from Ch. 25.633 Km to Ch. 52.470 Km Design Ch. 21.850 Km to Ch.48.670 Km for Package-2 of Bilasipura- Guwahati road NH-17 Section Near Mowatari, before Chapar Bypass to Tulungia junction with NH-17 in the state of Assam on HAM mode under NHO-NE Package-2",1339,,,2027-06-03,2027-06-03,0.0,0,,https://ipm.mospi.gov.in/Home/PublicDashboard
1161,Roads & Highways,Ministry of Road Transport & Highways,618288,"Widening/lmprovement to 4-Lane with Paved Shoulder from Ch.5.580 Km to Ch.25.633 Km Design Ch.0.000 Km to Ch.17.737km Km 901.100 to Km 921.145 of old NH-31 of Bilasipara- Guwahati road NH-17 Section Near Chirakuta to near Mowatari, before Chapar Bypass  in the state ol Assam on HAM mode Package-1",1081,,,2027-08-04,2027-08-04,0.0,0,,https://ipm.mospi.gov.in/Home/PublicDashboard
1162,Roads & Highways,Ministry of Road Transport & Highways,618289,Construction and up gradation to 4-Lane of existing two lane with paved shoulder from Hapachara to Tulungia road of NH-117 of existing Km 0.00 to km 14.050 and Design Km 0.000 to km 14.660 under BMP on EPC mode,225,,204.31,2022-12-26,2026-03-31,1191.0,1,,https://ipm.mospi.gov.in/Home/PublicDashboard
1163,Roads & Highways,Ministry of Road Transport & Highways,618290,"Construction of 2-lane with Paved shoulder of Kohima- Bypass Road Connecting NH-39New NH-02, NH-150New NH-02, NH-61New NH-29, NH-39New NH-02 from Design Km 32.00 to Design Km 43.454Design Length-11.454 Km in the State of Nagaland under SARDP-NE on EPC Mode Package-IV",202,,94.2,2022-04-17,2026-12-31,1719.0,1,,https://ipm.mospi.gov.in/Home/PublicDashboard
1164,Roads & Highways,Ministry of Road Transport & Highways,618291,"Construction of 2-lane with Paved shoulder of Kohima-Bypass Road connecting NH- 39 New NH-02, NH150New NH-02, NH7-61 New NH-29 and NH-39 New NH-02 from Design km 21.000 to km 32.268 [Design length11.268 km] in the state of Nagaland Under SARDP-NE on EPC Mode Package- 3",160,342.29,84.22,2025-06-15,2026-12-31,564.0,1,,https://ipm.mospi.gov.in/Home/PublicDashboard
1165,Roads & Highways,Ministry of Road Transport & Highways,618292,Construction of 2-Lane with paved shoulder of Kohima-Bypass Road connecting New NH-02 and New NH-29 from Design Km 10.500 to design Km 21.000 [Design Length- 10.500 km]  including TUNNEL of 500m at Ch. 11.000 in the state of Nagaland Under SARDP-NE on EPC Mode Package-2,277,,192.45,2022-10-15,2026-06-30,1354.0,1,,https://ipm.mospi.gov.in/Home/PublicDashboard
1166,Roads & Highways,Ministry of Road Transport & Highways,618293,"Construction of 2-Lane with paved shoulder of Kohima-Bypass Road connecting NH-39New NH-02, NH-150New NH-02, NH-61New NH-29 and NH-39New NH-02 from design Km 0.00 to Km 10.500 in the State of Nagaland under SARDP-NE on EPC Mode Package-1 -Balance work",232,350.88,12.48,2026-11-08,2026-11-08,0.0,0,,https://ipm.mospi.gov.in/Home/PublicDashboard
1167,Roads & Highways,Ministry of Road Transport & Highways,618294,Improvement and Widening of National Highway No. 127B Darugiri - Songsak - Williamnagar Junction Section to two lane with paved shoulder from design Km 0000 to Km 36635 Design length 36.635 Km existing Km 112000 to Km 151060 of NH-1278 under Bharatmala Pariyojana Lot-1 Pkg-1B Meghalaya portion,801,,64.53,2027-09-26,2027-09-26,0.0,0,,https://ipm.mospi.gov.in/Home/PublicDashboard
1168,Roads & Highways,Ministry of Road Transport & Highways,618295,Improvement/Widening of New NH-217 Dainadubi-Darugiri section to Two lane with paved shoulder in Meghalaya from design Km 0000 to Km 40840 existing Km 8600 to Km 53000 of Old NH-62 under BMP Lot-1 Pkg-1B Meghalaya portion,706,,,2027-03-20,2027-03-19,-1.0,0,,https://ipm.mospi.gov.in/Home/PublicDashboard
1169,Roads & Highways,Ministry of Road Transport & Highways,618296,Balance work of Construction of 2-lane with hard shoulder of Kohima - Jessami road on NH-29 old NH-150 from existing km 98.380 near Chizami vill. to km120.367 Nagaland/Manipur Border [Design km 95.700 to design km 117.200] [Design Length 21.500 km] in the state of Nagaland Under Bharatmala Pariyojna on EPC Mode Package-V under NHO,331,,,2025-11-21,2026-05-31,191.0,1,,https://ipm.mospi.gov.in/Home/PublicDashboard
1170,Roads & Highways,Ministry of Road Transport & Highways,618297,Construction of 2-lane with hard shoulder of Kohima - Jessami road on NH-29 Old NH-150 from existing Km 30.474 Near Kidwema road Chakahabama to existing Km 53.220 Near Kikruma Village Design Km 29.60 to Km 51.50 Design length-21.90 Km  in the state of Nagaland Under Bharatmala Pariyojna on EPC Mode under NHO Package-II -Balance work,356,,,2026-01-04,2026-12-31,361.0,1,,https://ipm.mospi.gov.in/Home/PublicDashboard
1171,Roads & Highways,Ministry of Road Transport & Highways,618298,Widening/Improvement of existing 2-Lane road to 4-Lane Divided Highway from Sekmai to Nilakuthi section of  Imphal-Kohima Road Design Chainage from Km 297700 to Km 308729 of NH-39 New NH-02 in state of Manipur on EPC mode Pkg-5B,212,,227.95,2023-01-21,2026-06-30,1256.0,1,,https://ipm.mospi.gov.in/Home/PublicDashboard
1172,Roads & Highways,Ministry of Road Transport & Highways,618299,Improvement/Up-gradation of existing 2-Lane Road to 4-Lane Divided Highway from Daili to Kuraopokpi section of Imphal-Kohima road NH-02 Design Chainage from Km 274610 to Km 287000 in the state of Manipur on EPC mode Pkg-4B,269,,,2026-06-05,2026-06-05,0.0,0,,https://ipm.mospi.gov.in/Home/PublicDashboard
1173,Roads & Highways,Ministry of Road Transport & Highways,618300,Improvement/Up-gradation of existing 2-Lane Road to 4-Lane Divided Highway from Taphukuki to Daili section of Imphal-Kohima road NH-02 Design Chainage from Km 262175 to Km 274610 in the state of Manipur on EPC mode Pkg-4A,379,,301.89,2022-04-18,2026-08-31,1596.0,1,,https://ipm.mospi.gov.in/Home/PublicDashboard
1174,Roads & Highways,Ministry of Road Transport & Highways,618301,Widening/Improvement of existing 2-lane to 4-Lane Divided Highway from Kuraopokpi to Sekmai section of Imphal-Kohima Road Design Ch. km 287.00 to 297.700 of NH-39 New NH-02 in state of Manipur on EPC mode Pkg-5A,229,,33.76,2026-08-27,2026-08-27,0.0,0,,https://ipm.mospi.gov.in/Home/PublicDashboard
1175,Roads & Highways,Ministry of Road Transport & Highways,618302,Widening/Improvement to 2-lane with earthen shoulder of Yaingangpokpi - Finch corner road section of NH-202 from Km 16.900 to Km 30.970 of NH-202 in the state of Manipur on EPC mode Package-2,256,,,2022-06-30,2026-06-30,1461.0,1,,https://ipm.mospi.gov.in/Home/PublicDashboard
1176,Roads & Highways,Ministry of Road Transport & Highways,618303,Widening/Improvement to 2-lane with earthen shoulder of Yaingangpokpi - Finch corner road section of NH-202 from Km 0.000 to Km 16.900  of NH-202 in the state of Manipur on EPC mode Package-1,223,,,2022-06-30,2026-04-30,1400.0,1,,https://ipm.mospi.gov.in/Home/PublicDashboard
1177,Roads & Highways,Ministry of Road Transport & Highways,618304,"Widening/Improvement to 2 Lane with earthen shoulder of Jessami to Laynen bridge Nagaland border section of NH-29 of Imphal -Ukhrul - Jessami Economic Corridor from km 0.000 to km 11.009 in the State of Manipur on EPC mode under Bharatmala Pariyojana, under NHO-NE Package-7",165,,125.76,2026-06-26,2026-10-31,127.0,1,,https://ipm.mospi.gov.in/Home/PublicDashboard
1178,Roads & Highways,Ministry of Road Transport & Highways,618305,Widening/Improvement to 2 lane with earthen shoulder of Marrem Khullen to Jessami section of NH-202 of Imphal - Ukhrul - Jessami Economic Corridor from Design Chainage km 95.700 to km 140.180  in the State of Manipur on EPC mode under Bharatmala Pariyojana under NHO-NE  Package-6,555,,201.52,2026-12-07,2026-12-07,0.0,0,,https://ipm.mospi.gov.in/Home/PublicDashboard
1179,Roads & Highways,Ministry of Road Transport & Highways,618306,"Widening/Improvement to 2 lane with earthen shoulder of Choithar to Marrem Khullen section of NH-202 of Imphal Ukhrul Jessami Economic Corridor from Design Chainage km 53.110 to km 95.700  in the State of Manipur on EPC mode under Bharatmala Pariyojana, under NHO-NE  Package-5",564,,72.58,2027-03-31,2027-05-06,36.0,1,,https://ipm.mospi.gov.in/Home/PublicDashboard
1180,Roads & Highways,Ministry of Road Transport & Highways,618308,Construction of 4-Lane Panchgram Bypass from Design Chainage km 15500 on NH-37 Old NH-53 at Kalinagar Pt.-I Village to Design Chainage km 27300 at crossing with NH-6 Old NH-44 Near Siddeswar Pt.-I Village on Silchar - Churaibari stretch in the State of Assam on EPC Mode under Bharatmala Pariyojana in Economic Corridors Silchar- Churaibari Package-2,676,728.97,,2027-02-09,2027-02-09,0.0,0,,https://ipm.mospi.gov.in/Home/PublicDashboard
1181,Roads & Highways,Ministry of Road Transport & Highways,618309,Widening/lmprovement to 4-Laning and Greenfield alignment with Paved shoulder of Silchar-Badarpur  Churaibari section of NH-37 & NH-8 from Design chainage 38.600 End point of proposed Badarpur Bypass to Km. 62.800 Start point of proposed Nilambazar/Cheragi Bypass in the state of Assam on HAM Mode Package-4,1320,,,2027-08-18,2027-08-18,0.0,0,,https://ipm.mospi.gov.in/Home/PublicDashboard
1182,Roads & Highways,Ministry of Road Transport & Highways,618310,Widening/lmprovement to 4-L of Karimgani - sutarkandi section of NH 37 from design Ch 0020 Start of proposed Karimganj Bypass from NH -8 to design Chainage Km 14380 near Sutarkandi Spur Connectivity to Indo/Bangladesh Border on Silchar-Churaibari  in the State of Assam on HAM Mode Package-7,792,,0.06,2027-02-28,2027-02-28,0.0,0,,https://ipm.mospi.gov.in/Home/PublicDashboard
1183,Roads & Highways,Ministry of Road Transport & Highways,618311,Widening/lmprovement to 4-Lane with Paved shoulder for existing as well as Greenfield alignment of Badarpur  Churaibari section of NH-8 from Design chainage 87.700 Chandkhira to Km. 106.500 Churaibari section Assam-Tripura border in the state of Assam on HAM Mode Package-6,870,,,2027-03-07,2027-03-07,0.0,0,,https://ipm.mospi.gov.in/Home/PublicDashboard
1184,Roads & Highways,Ministry of Road Transport & Highways,618312,Widening/lmprovement to 4-Lane with Paved Shoulder from existing road and Greenfield alignment form Design Ch. 62.800 start of proposed Nilambazar/Cheragi Bypass to Design Ch. 87.700 near Chandkhira Village of NH-8 on Silchar-Churaibari in the state of Assam on HAM Mode Package-5,1258,,,2027-10-23,2027-10-23,0.0,0,,https://ipm.mospi.gov.in/Home/PublicDashboard
1185,Roads & Highways,Ministry of Road Transport & Highways,618313,Widening/lmprovement of Existing 2 lane to 4-Laning of Karimganj-Silchar section of NH-37 from Design Ch 0.000 near Silchar ISBT to Design Ch 15.970 near Kalinagar Pt I on NH-37 in Assam on HAM Mode Pkg-1,1182,,,2027-09-17,2027-09-17,0.0,0,,https://ipm.mospi.gov.in/Home/PublicDashboard
1186,Roads & Highways,Ministry of Road Transport & Highways,618314,4-Laning of Dhanehari Lailapur / Vairengte section from Existing Chainage km 12920 to km 43000 of NH 306 Design Chainage km 20000 to km 49360 on Silchar - Vairengte Sairang road in the State of Assam under Bharatmala Pariyojna on EPC mode. Project Length 29.360 km under NHO-NE Package-2,1716,,918.32,2026-08-14,2026-08-14,0.0,0,,https://ipm.mospi.gov.in/Home/PublicDashboard
1187,Roads & Highways,Ministry of Road Transport & Highways,618315,4-Laning of Silchar - Dhanehari section from Existing Chainage km 263800 of NH 37 to km 12920 of NH 306 Design Chainage km 0000 to km 20000 on Silchar - Vairengte - Sairang road in the State of Assam under Bharatmala Pariyojna on EPC mode Package-1,1257,,550.91,2026-07-23,2026-07-22,-1.0,0,,https://ipm.mospi.gov.in/Home/PublicDashboard
1188,Roads & Highways,Ministry of Road Transport & Highways,618316,4-Laning  of Vairengte - Chhimluang section Package-3 of NH-306 from Existing Chainage km 43000 to Km 59700 Design Chainage km 46000 to km 60850 on Silchar - Vairengte- Sairang road in the State of Mizoram under Bharatmala Pariyojna under NHO-NE. Package-1&2 in Assam state,491,,32.46,2027-01-07,2026-12-30,-8.0,0,,https://ipm.mospi.gov.in/Home/PublicDashboard
1189,Roads & Highways,Ministry of Road Transport & Highways,618317,4-Laning of chhimluang-Kolasib from section pkg-4 of NH-306 & NH-6 existing chainage km 59700 to km 86000 design chainage km 61000 to km 77500 on Silchar-vairengte-sairang road in the state of Mizoram under Bharatmala Pariyojna on EPC mode Vairengte - Sairang Pkg-4,562,,,2027-01-07,2026-12-30,-8.0,0,,https://ipm.mospi.gov.in/Home/PublicDashboard
1190,Roads & Highways,Ministry of Road Transport & Highways,618318,4-Laning of Kolasib - Sethawn section Package-5 of NH-6 from Existing Chainage km 86000 to km 107850 Design Chainage km 77500 to km 95500 on silchar - vairengte - sairang road under Bharatmala Pariyojna on EPC mode under NHO-NE Vairengte - Sairang Pkg-5,720,,40.29,2027-07-07,2027-06-28,-9.0,0,,https://ipm.mospi.gov.in/Home/PublicDashboard
1191,Roads & Highways,Ministry of Road Transport & Highways,618319,"4-Laning of Sethawn - N. Kawnpui section Package-6 of NH-6 from Existing Chainage km 107850 to km 126315 Design Chainage km 95500 to km 111850 on Silchar-Vairengte- Sairang road, Vairengte - Sairang Pkg-6",596,,21.02,2027-01-07,2026-12-30,-8.0,0,,https://ipm.mospi.gov.in/Home/PublicDashboard
1192,Roads & Highways,Ministry of Road Transport & Highways,618320,Construction of 4-Laning of N. Kawnpui N. Mualvum Mualkhang via Khamrang Village section Package-7 of NH-6 from Existing Chainage km 127200 to km 142000 Design Chainage km 111850 to km 123400 on Silchar - Vairengte - Sairang road in the State of Mizoram on EPC mode,866,,,2028-10-28,,,,,https://ipm.mospi.gov.in/Home/PublicDashboard
1193,Roads & Highways,Ministry of Road Transport & Highways,618321,Construction of 4-Laning of West Serawlg-Sairang section  of NH-6 from Existing Chainage km 142000 to km 158900 Design Chainage km 123400 to km 136260 on Silchar - Vairengte - Sairang road in the State of Mizoram under Bharatmala Pariyojna on EPC mode under NHO-NE Package-8,876,,,2028-11-01,,,,,https://ipm.mospi.gov.in/Home/PublicDashboard
1194,Roads & Highways,Ministry of Road Transport & Highways,618323,Construction of Twin Tube Uni-directional Aizawl Bypass Tunnel of 2.5 km and its approaches of 2.1 km from km 10.600 to km 15.200 on Sarrang - Phaibawk section of NH-6 in the State of Mizoram on EPC Mode under NHO-NE  Package-2,1313,,,2028-12-02,,,,,https://ipm.mospi.gov.in/Home/PublicDashboard
1195,Roads & Highways,Ministry of Road Transport & Highways,618324,Construction of 2-lane Aizawl Bypass from km 15.200 to km 34.500 Package-3 on Sairang - Phaibawk section of NH-6 in the State of Mizoram under Bharatmala Pariyojna on EPC Mode under NHO-NE,721,,,2028-11-10,,,,,https://ipm.mospi.gov.in/Home/PublicDashboard
1196,Roads & Highways,Ministry of Road Transport & Highways,618325,Dillai to Lahorijan Package-7,204,,,2024-07-20,2025-12-04,502.0,1,,https://ipm.mospi.gov.in/Home/PublicDashboard
1197,Roads & Highways,Ministry of Road Transport & Highways,618326,Widening/Improvement to 4-Lane with Paved Shoulder from KM 38500 to Km 51246 Design Chainage 38500 to 50959 with proposed Daboka Bypass of Daboka-Parokhaowa of NH 29 on EPC under NHO-NE Package-1,517,,,2025-11-29,2026-04-15,137.0,1,,https://ipm.mospi.gov.in/Home/PublicDashboard
1198,Roads & Highways,Ministry of Road Transport & Highways,618327,Widening/Improvement to 4-Lane with Paved Shoulder from KM 113300 to Km 146230 Design Chainage 113830 to 145712 of Kwaram Taro Village - Dillai Section in Assam on EPC Package-6,626,,,2024-07-12,2025-03-31,262.0,1,,https://ipm.mospi.gov.in/Home/PublicDashboard
1199,Roads & Highways,Ministry of Road Transport & Highways,618328,4-Laning of Balance work of Dimapur-Kohima Road from design km 152.490 to km 166.700 Existing km 156.000 to km 172.900 Excluding Dimapur & Kohima Bypass under SARDP-NE Package-III,563,794.75,119.71,2025-09-28,,,,,https://ipm.mospi.gov.in/Home/PublicDashboard
1200,Roads & Highways,Ministry of Road Transport & Highways,618329,Construction of 4/6 Laning from Km 132.375 to Km 153.058 Total New Alignment length of 20.683 Km  of Daboka-Dimapur Section Dimapur Bypass Nagaland Portion of NH-36 & 39 in the State of Nagaland on EPC basis  under PhaseA of SARDP-NE,819,,,2020-09-04,2023-02-28,907.0,1,,https://ipm.mospi.gov.in/Home/PublicDashboard
1201,Roads & Highways,Ministry of Road Transport & Highways,618330,Construction of 4/6 Laning from existing Km 159.400 of NH-36 to existing Km 102.500 of NH-39 and upto end point of Assam portion [Design Km 118.050 to design Km 132.375] Total New Alignment length of 14.325 Km  of Daboka -Dimapur Section Dimapur Bypass in the state of Assam under SARDP-NE 'Phase-A' on EPC mode Assam Portion,511,,647.21,2022-11-25,2025-09-30,1040.0,1,,https://ipm.mospi.gov.in/Home/PublicDashboard
1202,Roads & Highways,Ministry of Road Transport & Highways,618331,lmprovement to 4-Lane with Paved Shoulder from existing km 260000 Design Ch.4560 km to existing km Ch.233000 D. Ch.24560 of Silchar near Nutan Dayapur village - Budha Nagar Section Length-20.00 Km of NH-37 under Package Silchar-Jiribam Pkg-1 in the state of Assam on HAM Mode,958,,149.51,2028-01-15,2028-01-15,0.0,0,,https://ipm.mospi.gov.in/Home/PublicDashboard
1203,Roads & Highways,Ministry of Road Transport & Highways,618333,Widening to 2 lane with Paved shoulder of lmphal to Jiribam section of NH-37 from Design Ch. from km 169570 Near Nungkao vlllage under Tamenglong District to km 205974 near Jiribam Bridge under Jiribam district  under NHO-NE PKG-7,760,,414.38,2025-12-28,2026-06-30,184.0,1,,https://ipm.mospi.gov.in/Home/PublicDashboard
1204,Roads & Highways,Ministry of Road Transport & Highways,618334,Widening to 2 Lane with Paved shoulder of lmphal to Jiribam section of NH-37 from Design Ch. from km 131.280 to km 169.570 on EPC mode in Manipur under NHO-TSP PKG-6,505,,308.06,2025-02-06,2026-05-31,479.0,1,,https://ipm.mospi.gov.in/Home/PublicDashboard
1205,Roads & Highways,Ministry of Road Transport & Highways,618335,Widening to 2 Lane with Paved shoulder of lmphal to Jiribam section of NH-37 from Design Ch. from Km 101280 Near Khongsang Village to Km 131280 near Puilon Kambiron Village on EPC Mode in Manipur PKG-5,411,,339.14,2024-05-12,2026-06-30,779.0,1,,https://ipm.mospi.gov.in/Home/PublicDashboard
1206,Roads & Highways,Ministry of Road Transport & Highways,618336,Widening to 2 -Lane with Paved shoulder of Imphal to Jiribam section of NH-37 from Design Chainage 66.110 km to 101.280 Km Existing Chainage km 67.496 to km 103.557 on EPC Mode in Manipur PKG-4,580,,377.13,2023-12-29,2026-07-31,945.0,1,,https://ipm.mospi.gov.in/Home/PublicDashboard
1207,Roads & Highways,Ministry of Road Transport & Highways,618337,Widening to 2 -Lane with Paved shoulder of Imphal to Jiribam section of NH-37 from Design Chainage 33.000 km to 66.390 Km Existing Chainage from km 33.395 to km 67.496 on EPC Mode in Manipur PKG-3,467,,568.72,2023-03-19,2026-03-02,1079.0,1,,https://ipm.mospi.gov.in/Home/PublicDashboard
1208,Roads & Highways,Ministry of Road Transport & Highways,618338,Widening to 2-Lane with Paved shoulder of Imphal to Jiribam section of NH-37 from Design Chainage 15.940 km to 33.120 Km Existing Chainage Km 15.946 to Km 33.395 Total length17.180 Km in the State of Manipur on EPC mode PKG-2 - Balance Works & Rectification works,195,,,2026-03-18,2026-05-31,74.0,1,,https://ipm.mospi.gov.in/Home/PublicDashboard
1209,Roads & Highways,Ministry of Road Transport & Highways,618339,Widening/Improvement to 2-Lane Lane with Paved Shoulder from km 16900 Bogapani to km 27150 Golai Goan on existing Dibrugarh to Ledo section with proposed Digboi Bypass Green Field and Brownfield 2-LanePS of NH-315 OLD NH-38 in Tinsukia District under NHO- NE Package-4,357,,,2026-12-06,,,,,https://ipm.mospi.gov.in/Home/PublicDashboard
1210,Roads & Highways,Ministry of Road Transport & Highways,618340,Widening/Improvement to 4-Lane with Paved Shoulder from km 626030 Nalani hulla Gaon to km 650450 Chotahapjan on existing Tinsukhia -Makum Bypass of NH-15 OLD NH-37 and Strengthening of existing NH-315 OLD NH-38 from Km 0000 Chotahapjan to Km 16900 Bogapani section 2-Lane PS in Assam on EPCMode under NHO-NE Package-3,459,,217.2,2025-05-17,2026-05-31,379.0,1,,https://ipm.mospi.gov.in/Home/PublicDashboard
1211,Roads & Highways,Ministry of Road Transport & Highways,618341,Up-gradation to 2-lane with paved shoulders of Ngopa - Pawlrang section of NH 102B of Aizawl - Imphal Economic Corridor from Existing Chainage km 32.796 to km 72.030 [Design Chainage km 31.280 to km 68.170] in the State of Mizoram under Bharatmala Pariyojna on EPC mode under NHO-NE Package-2  Keifang- Tuivai Pkg-2,524,,394.29,2025-02-22,2026-06-01,464.0,1,,https://ipm.mospi.gov.in/Home/PublicDashboard
1212,Roads & Highways,Ministry of Road Transport & Highways,618342,Rehabilitation and upgradation to 2 Lane with Paved shoulder of Economic corridor  of NH-6 from Design chaiange Km 0.000 to Km 13.510 Package-1 in the state  of Mizoram under Bharatmala Pariyojana on EPC mode,207,,,2022-06-30,2024-06-30,731.0,1,,https://ipm.mospi.gov.in/Home/PublicDashboard
1213,Roads & Highways,Ministry of Road Transport & Highways,618343,"Rehabilitation and Up gradation to 2-lane with paved shoulder of Keifang Section Economic Corridor of NH-06 from Existing Chainage Km 30050 Keifang to Km 50360 Keifang, Design Chainage Km 27400 to Km 45040  PkgIII  in the State of Mizoram under Bharatmala Pariyojna on EPC Mode Seling-Dulte - III",292,,,2022-06-30,2024-12-02,886.0,1,,https://ipm.mospi.gov.in/Home/PublicDashboard
1214,Roads & Highways,Ministry of Road Transport & Highways,618344,Widening to 2-lane with Hard shoulder of Churachandpur to Tuivai Section of NH-102B from Design Chainage 69.875 Km to 121.769 Km in the State of Manipur on EPC mode Package-3,673,,500.96,2023-08-24,2026-12-31,1225.0,1,,https://ipm.mospi.gov.in/Home/PublicDashboard
1215,Roads & Highways,Ministry of Road Transport & Highways,618345,Widening to 2-lane with Hard shoulder of Churachandpur to Tuivai Section from Km 48.587 to Km 69.875 in the State of Manipur on EPC mode under NHO Package-2B,366,,187.39,2022-08-04,2026-05-28,1393.0,1,,https://ipm.mospi.gov.in/Home/PublicDashboard
1216,Roads & Highways,Ministry of Road Transport & Highways,618346,Widening to 2-lane with Hard shoulder of Churachandpur to Tuivai Section of NH-102B from km 32.835 to km 48.587 in the State of Manipur on EPC mode under NHO Package-2A,233,,149.21,2022-06-30,2026-03-28,1367.0,1,,https://ipm.mospi.gov.in/Home/PublicDashboard
1217,Roads & Highways,Ministry of Road Transport & Highways,618347,Widening to 2-lane with Hard shoulder of Churachandpur to Tuivai Section of NH-102B from km 13.747 to km 32.835 in the State of Manipur on EPC mode under NHO Package-1B,242,,152.85,2022-06-30,2026-03-31,1370.0,1,,https://ipm.mospi.gov.in/Home/PublicDashboard
1218,Roads & Highways,Ministry of Road Transport & Highways,618348,Balance work of Widening to 2 Two lane with hard shoulder of Churachandpur to Tuivai section of NH-102B from km 130.000 to km 141.029 Package-4B in the State of Manipur on EPC Mode,178,,1.41,2026-11-07,2026-11-07,0.0,0,,https://ipm.mospi.gov.in/Home/PublicDashboard
1219,Roads & Highways,Ministry of Road Transport & Highways,618349,Balance work of Widening to 2 Two lane with hard shoulder of Churachandpur to Tuivai section of NH-102B from Design Chainage km 118850 to km 130000 Package-4A in the State of Manipur on EPC Mode,204,,,2026-08-29,2026-08-29,0.0,0,,https://ipm.mospi.gov.in/Home/PublicDashboard
1220,Roads & Highways,Ministry of Road Transport & Highways,618350,Improvement & widening of existing NH-08 to 4-lane with Paved Shoulder from Champak Nagar to Khayerpur section design Km 242500 to Km 261610 in the state of Tripura on EPC basis under NHO-NE,921,,,2026-09-28,2027-03-31,184.0,1,,https://ipm.mospi.gov.in/Home/PublicDashboard
1221,Roads & Highways,Ministry of Road Transport & Highways,618351,Widening & Upgradation to 2 lanes with paved shoulders road from Tamenglong to Mahur NH-137 in the State of Assam starting from km 156.489 near P. Leikul to km 176.410 near Borowapu on EPC mode under NHO-NE Assam portion Package-10,890,693.15,569.61,2025-08-29,2026-06-30,305.0,1,,https://ipm.mospi.gov.in/Home/PublicDashboard
1222,Roads & Highways,Ministry of Road Transport & Highways,618352,Widening & Upgradation to 2 lanes with paved shoulders road from Tamenglong to Mahur NH-137 in the State of Assam starting from km 136.500 near Hejaichak to km 156.489 near P. Leikul Package-9 on EPC mode under  NHO-NE Package-9,860,614.43,528.46,2025-08-29,2026-06-30,305.0,1,,https://ipm.mospi.gov.in/Home/PublicDashboard
1223,Roads & Highways,Ministry of Road Transport & Highways,618353,Widening & Upgradation to 2-lanes with paved shoulders road from  Tamenglong to Mahur NH-137 in the State of Assam starting from km 116.480  near Hangrum to km 136.500 near Hejaichak Package-8 on EPC mode under  NHO-NE Package 8,904,,520.05,2025-08-29,2026-06-30,305.0,1,,https://ipm.mospi.gov.in/Home/PublicDashboard
1224,Roads & Highways,Ministry of Road Transport & Highways,618354,Wideinig & Upgradation to 2-lanes with paved shoulders road from Tamenglong to Mahur NH-137 in the State of Assam starting from km 96.870 near Jiri River to km 116.550 near Hangrum Package-7 on EPC mode Package7,847,,,2026-03-04,2026-06-30,118.0,1,,https://ipm.mospi.gov.in/Home/PublicDashboard
1225,Roads & Highways,Ministry of Road Transport & Highways,618355,"Construction of of 2 -Lane with paved shoulders road from Tamenglong-Tousem-Lisang-Mahur Road NH-137 starting near Dialong Village from km 10.000 at Dialong to km 31.430 near Old Tamenglong , near Barak River on EPC Mode Package-2",484,,361.96,2023-03-16,2026-03-31,1111.0,1,,https://ipm.mospi.gov.in/Home/PublicDashboard
1226,Roads & Highways,Ministry of Road Transport & Highways,618356,Construction of 2 -Lane with paved shoulders road from Tamenglong to Mahur in the state of Manipur  from km 31.430 at Old Tamenglong to km 43.480 ending near Phelong on EPC Mode Package-3,234,,196.29,2022-12-20,2025-12-31,1107.0,1,,https://ipm.mospi.gov.in/Home/PublicDashboard
1227,Roads & Highways,Ministry of Road Transport & Highways,618357,Construction of 2 -Lane with paved shoulders road from Tamenglong to Mahur NH-137 in Manipur starting from km 54.180 near Azuram to km 80.630 near Mandeu on EPC Mode Package 5,478,,330.1,2023-05-19,2026-01-31,988.0,1,,https://ipm.mospi.gov.in/Home/PublicDashboard
1228,Roads & Highways,Ministry of Road Transport & Highways,618358,Construction of 2 -Lane with paved shoulders road from Tamenglong to Mahur NH-137 starting from km 80.630 near Mandeu to km 96.870 near Jiri River on EPC Mode Package-6,311,,230.69,2023-05-20,2025-12-31,956.0,1,,https://ipm.mospi.gov.in/Home/PublicDashboard
1229,Roads & Highways,Ministry of Road Transport & Highways,618359,Widening/Improvement to 4-Lane with Paved Shoulder from km 55000 Nagabang Gamsuk to km 82514 Oyan in the State of Assam and Arunachal Pradesh on EPC mode under Bharatmala Pariyojna of Length 27.514 Km Package-3,665,,295.3,2027-03-17,2026-05-31,-290.0,0,,https://ipm.mospi.gov.in/Home/PublicDashboard
1230,Roads & Highways,Ministry of Road Transport & Highways,618362,Construction of 2-laning with hard shoulder of Lunglei to Chhumkhum from Design Chainage Km 0.000 to Km 37.420 of NH-302 [Lunglei-Tlabung] Package-A,698,,556.91,2022-12-30,2026-06-30,1278.0,1,,https://ipm.mospi.gov.in/Home/PublicDashboard
1231,Roads & Highways,Ministry of Road Transport & Highways,618363,Construction of 2-laning with hard shoulder configuration of Chhumkhum to Tlabung from Design Chainage Km 37.420 to Km 74.950 of NH-302 in Mizoram under Bharatmala Pariyojana on EPC mode [Pkg-B],741,,430.45,2023-01-09,2026-12-31,1452.0,1,,https://ipm.mospi.gov.in/Home/PublicDashboard
1232,Roads & Highways,Ministry of Road Transport & Highways,618364,"Widening to 2 Lane with Hard shoulder of Akegwo-Avangkhu section of NH-202K for Package-I Design Chainage 0000 Km to 34795 Km, in the State of Nagaland on EPC mode under NH O-NE",430,,,2026-02-23,2026-02-23,0.0,0,,https://ipm.mospi.gov.in/Home/PublicDashboard
1233,Roads & Highways,Ministry of Road Transport & Highways,618365,Widening to 2 Lane with Hard shoulder of Akegwo-Avangkhu section of NH-202K for Package-III Design Chainage 69875 Km to 106816 Km in the State of Nagaland on EPC mode under NHO-NE,497,,,2026-02-25,2026-02-25,0.0,0,,https://ipm.mospi.gov.in/Home/PublicDashboard
1234,Roads & Highways,Ministry of Road Transport & Highways,618366,Widening to 2 Lane with Hard shoulder of Akegwo-Avangkhu section of NH-202K for Package-II Design Chainage 34795 Km to 69875 Km in the State of Nagaland on EPC mode under NHO-NE,443,,,2026-02-23,2026-02-23,0.0,0,,https://ipm.mospi.gov.in/Home/PublicDashboard
1235,Roads & Highways,Ministry of Road Transport & Highways,618367,Improvement and Widening to 2-lane with paved shoulder of road from design Km 72.000 Pati Chhari to design Km 107.654 Harina Total length 35.654 Km on Teliamura to Harina section of NH 208 in the state of Tripura on EPC mode under JICA ODA Loan Phase VI Package-4,727,,194.74,2026-12-20,2026-12-20,0.0,0,,https://ipm.mospi.gov.in/Home/PublicDashboard
1236,Roads & Highways,Ministry of Road Transport & Highways,618368,Improvement and Widening to 2-lane with paved shoulder of road from design Km 36.000 Rangamati to design Km 72.000 Pati Chhari Total length 36.000 Km on Teliamura to Harina section of NH 208 in the state of Tripura on EPC mode under JICA ODA Loan Phase VI Package-3,671,,,2026-09-02,2026-09-02,0.0,0,,https://ipm.mospi.gov.in/Home/PublicDashboard
1237,Roads & Highways,Ministry of Road Transport & Highways,618369,Improvement and Widening to 2-lane with paved shoulder of road from existing Km 438.170 Khowai Chowmuhani to existing Km 439.410 South Pulinpur of NH-08 and from design Km 0.000 South Pulinpur to design Km 36.00 near Rangamati of NH 208 on Khowai  Teliamura- Harina section Total length 37.24 in the state of Tripura on EPC mode under JICA ODA Loan Phase VI Package-2,657,,,2026-09-02,2026-09-02,0.0,0,,https://ipm.mospi.gov.in/Home/PublicDashboard
1238,Roads & Highways,Ministry of Road Transport & Highways,618370,Improvement and Widening to 2-lane with paved shoulder of road from Km 101.300 to km 127.319 Total Length 26.019 Km i.e. the Khowai Teliamura-Amarpur-Harina-Sabroom section of NH 208 in the state of Tripura on EPC under JICA ODA Loan Phase VI Package-1,432,,,2026-07-17,2026-12-18,154.0,1,,https://ipm.mospi.gov.in/Home/PublicDashboard
1239,Roads & Highways,Ministry of Road Transport & Highways,618371,"Widening/Improvement to 4-Lane with Paved Shoulder configuration of existing single lane road from Srirampur near Bhairiguri Village to Kachukhana Harichara Paglagaunj Package-I of Srirampur - Dhubri Section of NH-127B from existing Km 0.000 to Km 28.050 Design Km 0.000 to Km 27.650, Design Length27.650 Km under JICA ODA Loan assistance Phase-V -Balance work",614,,260.02,2026-11-25,2026-11-25,0.0,0,,https://ipm.mospi.gov.in/Home/PublicDashboard
1240,Roads & Highways,Ministry of Road Transport & Highways,618372,"Widening / Improvement to 4-Lane with Paved Shoulder  configuration of existing single lane road from Kachukhana Harichara  Paglagaunj to Dhubri - Phulbari Bridge approach Package-II of  Srirampur - Dhubri Section of NH-127B from existing Km 28.050 to Km  55.060 Design Km 27.650 to Km 54.154, Design Length26.504 Km under JICA ODA Loan assistance Phase-V [Srirampur - Dhubri Pkg-2]",909,,638.5,2025-01-01,2025-06-30,180.0,1,,https://ipm.mospi.gov.in/Home/PublicDashboard
1241,Roads & Highways,Ministry of Road Transport & Highways,618373,"Construction of 4-Lane Bridge including approaches over River Brahmaputra between Dhubri on North Bank,Assam and Phulbari on south Bank,Meghalaya on NH-127B under JICA ODA Loan assistance Phase-III",4997,,2808.4,2028-09-12,2028-09-12,0.0,0,,https://ipm.mospi.gov.in/Home/PublicDashboard
1242,Roads & Highways,Ministry of Road Transport & Highways,618374,Improvement/Widening to 2-L with Paved Shoulder/ 4-Laning of NH-40 section from Km 151330 to Km 163400 design Km 63.530 to Km 71.520 including Dawki Bridge of length 368 m between Shillong-Dawki under JICA ODA Loan assistance Phase-II Pkg-5 -Balance work,284,,,2026-11-13,2026-11-13,0.0,0,,https://ipm.mospi.gov.in/Home/PublicDashboard
1243,Roads & Highways,Ministry of Road Transport & Highways,618375,Improvement/Widening to 2-Lane with Paved Shoulder from design Km 45.760 to Km 63.530 between Shillong-Dawki under JICA ODA Loan assistance Phase-II -Balance work Pkg-4,446,,42.32,2026-04-19,2026-10-31,195.0,1,,https://ipm.mospi.gov.in/Home/PublicDashboard
1244,Roads & Highways,Ministry of Road Transport & Highways,618376,Improvement/Widening to 2-Lane with Paved Shoulder between Shillong-Dawki road up to Bangladesh Border from design Km 10.670 to Km 37.550 under JICA ODA Loan assistance Phase-II -Balance Work-Pkg-2,526,,,2026-08-07,2026-12-31,146.0,1,,https://ipm.mospi.gov.in/Home/PublicDashboard
1245,Roads & Highways,Ministry of Road Transport & Highways,618377,Improvement/Widening to 2-L with Paved Shoulder/4-L from Km 81740 to Km 93490 design Km 0000 to Km 10670 of NH-40 New NH-106 & 206 section & 4-L from design Km 0.00 to Km 0.930 of NH-44 section between Shillong-Dawki under JICA ODA Loan assistance Phase-II -Balance Work Pkg-1,351,,,2025-10-22,2026-04-15,175.0,1,,https://ipm.mospi.gov.in/Home/PublicDashboard
1246,Roads & Highways,Ministry of Road Transport & Highways,618379,Widening and Up-gradation to 2- Lane with Paved Shoulder Configuration and geometric improvement from Km. 208. 000 to Km 250.000 Package-5 on Aizawl Tuipang Section of NH-54 in the State of Mizoram Package-5,753,,125.62,2023-04-24,,,,,https://ipm.mospi.gov.in/Home/PublicDashboard
1247,Roads & Highways,Ministry of Road Transport & Highways,618380,Widening and Up-gradation to 2- Lane with Paved Shoulder Configuration and geometric improvement from Km. 125. 000 to Km 166 Package-3 on Aizawl Tuipang Section of NH-54 in the State of Mizoram Package-3,867,,159.47,2023-04-24,2025-04-03,710.0,1,,https://ipm.mospi.gov.in/Home/PublicDashboard
1248,Roads & Highways,Ministry of Road Transport & Highways,618381,Widening and up-gradation to 2-lane with paved shoulder configuration and geometric improvements from km 250.00 Lunglei to km 298.00 on Aizawl-Tuipang section under JICA ODA Loan assistance Phase-I Package-6,769,,168.78,2023-06-16,2025-05-15,699.0,1,,https://ipm.mospi.gov.in/Home/PublicDashboard
1249,Roads & Highways,Ministry of Road Transport & Highways,618382,Widening and up-gradation to 2-lane with paved shoulder configuration and geometric improvements from km 298.00 to km 339.00 on Aizawl-Tuipang section under JICA ODA Loan assistance Phase-I Package-7,606,750.32,0.01,2024-04-01,2025-05-31,425.0,1,,https://ipm.mospi.gov.in/Home/PublicDashboard
1250,Roads & Highways,Ministry of Road Transport & Highways,618383,Widening and up-gradation to 2-lane with paved shoulder configuration and geometric improvements from km 339.00 to km 380.00 Siaha on Aizawl-Tuipang section under JICA ODA Loan assistance Phase-I Package-8,637,,101.89,2023-09-15,2025-06-30,654.0,1,,https://ipm.mospi.gov.in/Home/PublicDashboard
1251,Roads & Highways,Ministry of Road Transport & Highways,618384,Widening and Up-gradation to 2- Lane with Paved Shoulder Configuration and geometric improvement from Km. 166. 000 to Km 208.000 Package-4 on Aizawl Tuipang Section of NH-54 in the State of Mizoram Package-4,899,,191.59,2023-04-24,2025-04-20,727.0,1,,https://ipm.mospi.gov.in/Home/PublicDashboard
1252,Roads & Highways,Ministry of Road Transport & Highways,618385,Rehabilitation and up-gradation of road from design km 25.250 to km 36.460 Total lengh 11.210 km of Kailashahar-Kurti Bridge section on NH-208A to 2-lane with paved shoulder on EPC basis under NHO Package-III- Balance Work,174,,,2026-03-02,2026-03-02,0.0,0,,https://ipm.mospi.gov.in/Home/PublicDashboard
1253,Roads & Highways,Ministry of Road Transport & Highways,618386,Rehabilitation & Upgradation of Road from Km 0.00 to Km 18.600 Total length-18.600 km of Kumarghat-Kailashahar section on NH-208 to 2-lane with Paved shoulder on EPC bais under NHO,278,302.03,,2022-01-13,2024-10-15,1006.0,1,,https://ipm.mospi.gov.in/Home/PublicDashboard
1254,Roads & Highways,Ministry of Road Transport & Highways,618387,Construction of 2-laning with Hard shoulder of Ukhrul Tolloi - Tadubi section of NH-102A from Design Chainage km 9450 to km 50850 in the State of Manipur on EPC mode under NHO-NE Package-2,579,,249.29,2026-03-01,2026-04-30,60.0,1,,https://ipm.mospi.gov.in/Home/PublicDashboard
1255,Roads & Highways,Ministry of Road Transport & Highways,618388,Construction of 2-laning with Hard shoulder road of Ukhrul - Tolloi - Tadubi section of NH-102A from Design Chainage 50.850 km to 81.870 km in the State of Manipur on EPC mode under NHO-TSP Package -3,316,,227.98,2025-01-20,2026-07-31,557.0,1,,https://ipm.mospi.gov.in/Home/PublicDashboard
1256,Roads & Highways,Ministry of Road Transport & Highways,618389,Construction of 2-laning with Hard shoulder road of Ukhrul - Tolloi - Tadubi section of NH-102A from Design Chainage 81.870 km to 105.825 km in the State of Manipur on EPC mode under NHO-TSP Package -4,311,,247.28,2024-02-28,2026-04-30,792.0,1,,https://ipm.mospi.gov.in/Home/PublicDashboard
1257,Roads & Highways,Ministry of Road Transport & Highways,618390,"Construction, Operation & Maintenance of 2-L Bi-directional Silkyara Bend- Barkot Tunnel with escape passage including approaches Tunnel-4.531 & Approach road- 0.328 on Dharasu-Yamunotri section b/w Chainage 25.400km and 51.00km falling along NH-134 Old NH-94 on EPC mode",1384,,688.93,2022-07-08,2027-03-31,1727.0,1,,https://ipm.mospi.gov.in/Home/PublicDashboard
1258,Roads & Highways,Ministry of Road Transport & Highways,618391,"Construction for Mitigation Measures of 5 Nos. Landslides, 05 No. Sinking Zones and 01 No. Bridge from Ch. 450.00 to Ch. 468.00 18 Km. Length on NH-07 Package-III",250,,,2025-12-05,2026-12-31,391.0,1,,https://ipm.mospi.gov.in/Home/PublicDashboard
1259,Roads & Highways,Ministry of Road Transport & Highways,618392,"Construction for Mitigation Measures of 5 Nos. Landslides, 5 Nos. Sinking Zones in between Ch. 433.00 to 450.00 BANERPANI VILLAGE on NH-07 on EPC mode in the state of Uttarakhand Package-2",260,,,2026-06-08,2026-06-08,0.0,0,,https://ipm.mospi.gov.in/Home/PublicDashboard
1260,Roads & Highways,Ministry of Road Transport & Highways,618393,"Construction for Mitigation Measures  of 10 Nos. Landslides, 01 No. Sinking Zones and 1 No. of Minor Bridge in between at Ch. Km 368.00 to Km 433.00 on NH-07 on EPC Mode in Uttarakhand Package-1",217,,107.69,2025-12-05,,,,,https://ipm.mospi.gov.in/Home/PublicDashboard
1261,Roads & Highways,Ministry of Road Transport & Highways,618394,Up-gradation to 2-lane with Paved Shoulder from Km 12.850 to Km20.300 of 7.450Km length on Goha-Khellani section and a link road to Goha village of 2.016 km on NH-244  in UT of Jammu and Kashmir on EPC Mode Pkg-1,228,225.37,163.81,2022-04-01,2026-10-31,1674.0,1,,https://ipm.mospi.gov.in/Home/PublicDashboard
1262,Roads & Highways,Ministry of Road Transport & Highways,618395,"Construction & Upgradation to 2-lane with paved shoulder from Design Ch. Km 51700 at Premnagar km 66315 to Km 66535 New Thatri at Start of Km 83rd, Tunnel Km 82665 of 14.835 Km design length on Chenani-Sudhmahadev-Goha Khellani-Kishtwar-Vailoo Donipawa-Ashajipora section of NH-244 in the UT of J&K on EPC Mode under NHO-Gen Pkg - 2",512,,155.69,2023-02-24,2026-10-31,1345.0,1,,https://ipm.mospi.gov.in/Home/PublicDashboard
1263,Roads & Highways,Ministry of Road Transport & Highways,618396,Construction & Upgradation to 2 lane with paved shoulder from Design Km. 31.449 Khellani Ex. Km 44.946 to Km 51.700 Prem Nagar Ex. Km 68617 of 20.251 Km length on Khellani - Kishtwar - Chattroo section of NH-244 in the UT of J&K on EPC Mode under NHO-Gen PKG- 1,486,,,2022-08-28,2024-10-02,766.0,1,,https://ipm.mospi.gov.in/Home/PublicDashboard
1264,Roads & Highways,Ministry of Road Transport & Highways,618397,Widening and Up-gradation to 2-Lane with Paved Shoulder of configuration and geometric improvement from Km 0.000 to Km 16.990 on Chenani  Sudhmahadev section of NH-244 in UT of Jammu and Kashmir to be executed on EPC basis,256,,,2020-11-21,2022-02-04,440.0,1,,https://ipm.mospi.gov.in/Home/PublicDashboard
1265,Roads & Highways,Ministry of Road Transport & Highways,618398,Up-gradation to 2-lane with Paved Shoulder from Km 20.300  to Km 29.030 of 8.730 Km length on Goha-Khellani section on NH-244 in UT of Jammu and Kashmir on EPC Mode Package II,211,,174.92,2022-04-01,2026-03-31,1460.0,1,,https://ipm.mospi.gov.in/Home/PublicDashboard
1266,Roads & Highways,Ministry of Road Transport & Highways,618399,Construction of Kishtwar bypass with 2 lane with paved shoulder from Design Km. 80.675 Dulhasti to km 95.550 Bandarkoot  of 14.88 km & a link road to Kishtwar town from 0000 to 1.871 of length1.871 Km on Khellani - Kishtwar - Chattroo section in UT of Jammu and Kashmir on EPC Mode Pkg-4,860,,308.95,2023-08-23,2027-06-30,1407.0,1,,https://ipm.mospi.gov.in/Home/PublicDashboard
1267,Roads & Highways,Ministry of Road Transport & Highways,618400,Construction & Upgradation to 2-lane with paved shoulder from Design Km 67.805 at the end of Km 83rd Tunnel near Dhrabshalla Ex. Km 83905 to Km 80.675 start of Kishtwar Bypass - Dulhasti Ex. Km 970751 of 12.870 Km length on chenani-Sudhmahadev-Goha Khellani-Kishtwar-vailoo-Donipawa-Ashajipora seition of NH-244 in the UT of J&K on EPC Mode under NHO-Gen Pkg-3,399,,99.35,2022-12-31,2025-08-31,974.0,1,,https://ipm.mospi.gov.in/Home/PublicDashboard
1268,Roads & Highways,Ministry of Road Transport & Highways,618401,"Construction of Intermediate Lane with Hard Shoulder of Hunli to Hayuliang Package-III from design Km 60.000 to Km 121.500 Design Length 61.500 km, Greenfield Section of Frontier Highway NH-913 in the State of Arunachal Pradesh on EPC Mode Pkg-3",1419,,,2028-07-17,2028-07-17,0.0,0,,https://ipm.mospi.gov.in/Home/PublicDashboard
1269,Roads & Highways,Ministry of Road Transport & Highways,618402,"Construction of Intermediate Lane with Hard Shoulder of Hunli to Hayuliang from Design Km 0.000 to Km 53.000 Design Length 53.000 km, Greenfield Section of Frontier Highway NH-913 in the State of Arunachal Pradesh on EPC Mode Package-I",1262,,233.81,2028-02-29,2028-03-01,1.0,1,,https://ipm.mospi.gov.in/Home/PublicDashboard
1270,Roads & Highways,Ministry of Road Transport & Highways,618403,Construction of Intermediate Lane Road with hard shoulder from design Km 0.000 to Km 17.387 Total length 17.387 km of Hunli to Ithun Bridge section on NH-913 Frontier Highway in State of Arunachal Pradesh on EPC mode under NHO-NE,276,,,2027-01-30,2027-01-30,0.0,0,,https://ipm.mospi.gov.in/Home/PublicDashboard
1271,Roads & Highways,Ministry of Road Transport & Highways,618404,Construction of lntermediate Lane Road with hard shoulder from design chainage Km 0.000 to Km 53.040 Existing Length68.500 Km & Total Design length 53.04 km of Tato to Monigong section of NH-913 Frontier Highway on Nafra Bomdila to Vijaynagar along China border in state of Arunachal pradesh on EPC mode,626,,,2027-11-14,2027-11-14,0.0,0,,https://ipm.mospi.gov.in/Home/PublicDashboard
1272,Roads & Highways,Ministry of Road Transport & Highways,618405,"Construction of Intermediate Lane of Pango to Jorging Road from 0000 to Design Km Design Km 40000 Design Length 40.00 Km, Pkg-l, Greenfield Alignment in the State of Arunachal Pradesh on EPC mode Pkg-1",898,,,2027-07-16,2027-07-16,0.0,0,,https://ipm.mospi.gov.in/Home/PublicDashboard
1273,Roads & Highways,Ministry of Road Transport & Highways,618406,Up-gradation to 4-lane with Paved Shoulder of Jammu-Akhnoor road section of NH-144A from Ganesh Vihar Km 6.000 to Khati Chowk Km 26.350 in UT of Jammu and Kashmir on EPC basis Pkg-3A,322,,,2021-07-11,2022-05-04,297.0,1,,https://ipm.mospi.gov.in/Home/PublicDashboard
1274,Roads & Highways,Ministry of Road Transport & Highways,618407,Jammu-Akhnoor Road Pkg-I,245,,82.06,2025-01-09,2026-04-30,476.0,1,,https://ipm.mospi.gov.in/Home/PublicDashboard
1275,Roads & Highways,Ministry of Road Transport & Highways,618408,Kargil Zanskar Road,398,,282.19,2023-01-02,2026-07-15,1290.0,1,,https://ipm.mospi.gov.in/Home/PublicDashboard
1276,Roads & Highways,Ministry of Road Transport & Highways,618409,Widening & Up-gradation to 2 lane with Paved shoulder of NH-301 Kargil- Zanskar Road from Design km 57.000 Ex. Km. 57.905 to Km 87.000 Ex. Km. 88.2491 of 30.000 Km length Pkg-lll,381,,221.62,2023-01-02,2026-07-29,1304.0,1,,https://ipm.mospi.gov.in/Home/PublicDashboard
1277,Roads & Highways,Ministry of Road Transport & Highways,618410,Widening & Up-gradation to 2 lane with paved shoulder of NH-301 Kargil- Zanskar Road from Design Km .30.040 Ex. Km. 30.000 to Design Km 57.000 Ex. Km. 57.905 of 26.960 Km length Pkg-II,405,,321.28,2023-01-02,2026-10-05,1372.0,1,,https://ipm.mospi.gov.in/Home/PublicDashboard
1278,Roads & Highways,Ministry of Road Transport & Highways,618411,Melaghar-Srimantapur section on NH-08 Spur from Km 23 to Km 34.500 11.5 Km and overlay from Km 20.30 to Km 22.00 1.7 Km Total Length  13.2 Km,196,,86.26,2024-11-27,2026-06-30,580.0,1,,https://ipm.mospi.gov.in/Home/PublicDashboard
1279,Roads & Highways,Ministry of Road Transport & Highways,618412,Construction of i Connecting Road from Z-Morh Tunnel to Zojila Tunnel Road Length 18.475km and ii 14.150 Km long 2-L Bi-directional single tube Zoji-la Tunnel across Zojila Pass on Sonamarg - Kargil section from Km 82 to Km 118 of NH-01 under PMDP,6809,,3214.27,2026-09-30,2028-02-28,516.0,1,,https://ipm.mospi.gov.in/Home/PublicDashboard
1280,Roads & Highways,Ministry of Road Transport & Highways,618413,Construction of 2 laning with Hard shoulder of Peren-Dimapur section on NH 129A from Design Km 146.208 to Km 163.592 Length- 17.384 km in the state of Nagaland on EPC mode under NHO-TSP Package-III,178,199.02,,2025-06-06,2026-06-06,365.0,1,,https://ipm.mospi.gov.in/Home/PublicDashboard
1281,Roads & Highways,Ministry of Road Transport & Highways,618414,Construction of Balance work for 2-lane with hard shoulder of Peren- Dimapur section on NH-129A from Design Km 126.775 to Km 146.208 Length 19.433 Km in the state of Nagaland on EPC mode under NHO-TSP Package-II,259,,60.72,2025-09-09,2025-09-09,0.0,0,,https://ipm.mospi.gov.in/Home/PublicDashboard
1282,Roads & Highways,Ministry of Road Transport & Highways,618415,"Improvement of existing road to 2 laning with Hard Shoulders of Maram-Peren section Package-1B, length- 17.660 km from Design Chainage 22.340 km to 40.000 km on NH-129A in the State of Manipur on EPC mode",188,,,2022-12-22,2026-03-06,1170.0,1,,https://ipm.mospi.gov.in/Home/PublicDashboard
1283,Roads & Highways,Ministry of Road Transport & Highways,618416,"Improvement of existing road to 2 laning with Hard Shoulders of Maram -Peren section Package-1A, length- 22.340Km from Design Chainage 0.000 km to 22.340 km on NH-129A in the State of Manipur on EPC mode",226,,179.09,2022-12-22,2026-07-31,1317.0,1,,https://ipm.mospi.gov.in/Home/PublicDashboard
1284,Roads & Highways,Ministry of Road Transport & Highways,618417,"Construction of 4-Lane with paved shoulder Agartala bypass Western side, length  25.402 km connecting NH-8 near Amtali to NH-108B near Lembuchhera in the state of Tripura on EPC basis under NHO-NE",2026,,,2027-03-09,,,,,https://ipm.mospi.gov.in/Home/PublicDashboard
1285,Roads & Highways,Ministry of Road Transport & Highways,618418,Rehabilitation and up gradation of Nongstoin-Rambrai-Kyrshai road up to Meghalaya-Assam border from Km 0.335 to km 34.039 to 2-Lane under NHO - NE in the State of Meghalaya  Package-1,360,,214.12,2024-05-25,2026-05-31,736.0,1,,https://ipm.mospi.gov.in/Home/PublicDashboard
1286,Roads & Highways,Ministry of Road Transport & Highways,618419,"Construction of 2-Lane with paved shoulders of Shillong Western Bypass starting from NH-06 near Ladumsaw existing Km 60.900 of old NH40 to NH106 old NH 44E Package-III, from km 24700 to km 38256 under SARDP-NE PHASE A in the state of Meghalaya on EPC Mode Greenfield alignment",562,,85.88,2026-09-01,2026-09-02,1.0,1,,https://ipm.mospi.gov.in/Home/PublicDashboard
1287,Roads & Highways,Ministry of Road Transport & Highways,618420,"Construction of 2 lane with paved shoulder of Shillong Western Bypass starting from NH-06 near Ladumsaw existing km 60.900 of old NH-40 to NH-106 old NH-44E, Package-II km 12800 to km 24700 under SARDP-NE Phase A in the State of Meghalaya on EPC Mode",686,,228.79,2026-09-01,2026-09-02,1.0,1,,https://ipm.mospi.gov.in/Home/PublicDashboard
1288,Roads & Highways,Ministry of Road Transport & Highways,618421,"Construction of 2-Lane with paved shoulder of Shillong Western Bypass starting from NH-06 near Ladumsaw Existing km 60.900 of old NH-40 to NH106 old NH-44E, km 0000 to km 12800 Package-I under SARDP-NE PHASE A in the State of Meghalaya on EPC Mode Greenfield alignment",620,,215.93,2026-09-01,2026-09-02,1.0,1,,https://ipm.mospi.gov.in/Home/PublicDashboard
1289,Roads & Highways,Ministry of Road Transport & Highways,618422,"Construction of 2-lane with hard shoulders of Merangkong-Tamlu-Mon road Wakching Twon portion on EPC basis from existing Chainage Km 59000 to Km 73640 [Design Km. 59000 to Km, 72450] Design length - 13.450 Km under SARDP-NE package-V  Balance work",162,,14.12,2025-09-07,2026-04-23,228.0,1,,https://ipm.mospi.gov.in/Home/PublicDashboard
1290,Roads & Highways,Ministry of Road Transport & Highways,618423,Construction of 2-Lane with hard shoulders of Merangkong-Tamlu-Mon MTM Road from existing Km 20.456 to Km 41.065 Design Km. 20 to Km. 40.0 Design Length-20.000 Km in the State of Nagaland under SARDP-NE Phase-A Pkg-2 Balance work,216,,28.64,2025-08-21,2026-03-13,204.0,1,,https://ipm.mospi.gov.in/Home/PublicDashboard
1291,Roads & Highways,Ministry of Road Transport & Highways,618426,Construction/Up gradation of Existing road to 2 Lane with Paved Shoulder including Geometric Improvement from Ranipool to Pakyong Balance work from Km 2.000 to 16.167 of NH-717-A on EPC basis under SARDP-NE Phase A in the State of Sikkim,265,380.94,,2024-07-06,2026-04-30,663.0,1,,https://ipm.mospi.gov.in/Home/PublicDashboard
1292,Roads & Highways,Ministry of Road Transport & Highways,618427,Construction & upgradation of existing road to 2-lane with paved shoulder including geometric improvement of Kafer- Lava More section from km 40.00 to km 61.100 of NH717-A on EPC under SARDP-NE A in state of West Bengal Pkg-VA,311,273.78,6.11,2023-04-05,2026-05-22,1143.0,1,,https://ipm.mospi.gov.in/Home/PublicDashboard
1293,Roads & Highways,Ministry of Road Transport & Highways,618428,Realignment of NH-717A from Design Ch.0.00 Km 77.800 of NH-10 to Design Ch.2.00 Km 3.100 of NH-717A with two lane paved shoulder including Major Bridge of 680 m in the State of Sikkim on EPC Mode-COS work,265,380.94,61.11,2023-04-10,2026-04-16,1102.0,1,,https://ipm.mospi.gov.in/Home/PublicDashboard
1294,Roads & Highways,Ministry of Road Transport & Highways,618429,Construction & upgradation of existing road to 2-lane with paved shoulder including geometric improvement of sect. from Pedong bypass to Reshi Border km 79.700 to km 96.254 of NH-717A under SARDP-NE-A on EPC as part of Alternate connectivity to Gangtok Lava More-Reshi Border  Pkg-VB,345,395.59,395.8,2022-04-17,2026-05-15,1489.0,1,,https://ipm.mospi.gov.in/Home/PublicDashboard
1295,Roads & Highways,Ministry of Road Transport & Highways,618430,Construction of alternative highway to Gangtok in Sikkim via Bagrakot -Chuikhim-Nimbong -Kafer-Bakhim-Algarah-Rhenock in the State of West Bengal and from Rhenok-Rorathang-Pakyong along with spur from Aritar-Rolep-Menla in the State of Sikkim from Km 0.00 to Km 13.00 of Bagrakot -Kafer section of NH 717A on EPC Mode under Phase-A of SARDP-NE in the State of West Bengal PKG- IVA,403,,,2022-04-03,2026-04-17,1475.0,1,,https://ipm.mospi.gov.in/Home/PublicDashboard
1296,Roads & Highways,Ministry of Road Transport & Highways,618431,Construction of alternative highway to Gangtok in Sikkim via Bagrakot -Chuikhim-Nimbong -Kafer-Bakhim-Algarah-Rhenock in the State of West Bengal and from Rhenok-Rorathang-Pakyong along with spur from Aritar-Rolep-Menla in the State of Sikkim from Km 13.00 to Km 25.60 of Bagrakot -Kafer section of NH 717A on EPC Mode under Phase-A of SARDP-NE in the State of West Bengal PKG- IVB,296,,0.39,2023-04-05,2026-05-30,1151.0,1,,https://ipm.mospi.gov.in/Home/PublicDashboard
1297,Roads & Highways,Ministry of Road Transport & Highways,618432,Construction of Balance work of 2-Lane with PS of Joram-Koloriang Road NH-713 on EPC basis from Design Km 44.989 to Km 61.547 Existing Km 50.050 to Km 70.000 in the state of Arunachal Pradesh under SARDP-NE Pkg-3,229,,,2022-04-02,2023-07-03,457.0,1,,https://ipm.mospi.gov.in/Home/PublicDashboard
1298,Roads & Highways,Ministry of Road Transport & Highways,618433,Construction of Balance work of 2-Lane with PS of Joram  Koloriang Road from existing Km122.600 to km138.00 [Design Km108.724 to Km123.714] in Arunachal Pradesh on EPC Mode under SARDP-NE Pkg-7,185,,,2022-04-02,2026-04-30,1489.0,1,,https://ipm.mospi.gov.in/Home/PublicDashboard
1299,Roads & Highways,Ministry of Road Transport & Highways,618434,Roing-Hunli Road Greenfield Alignment Project,1719,,178.83,2022-03-04,2026-06-30,1579.0,1,,https://ipm.mospi.gov.in/Home/PublicDashboard
1300,Roads & Highways,Ministry of Road Transport & Highways,618435,4-Laning from Rangagara to Kaliabor Tiniali from km 297.00 to km 315.315 of NH-37 on EPC basis under SARDP-NE in state of Assam,387,,352.16,2020-04-21,2026-05-31,2231.0,1,,https://ipm.mospi.gov.in/Home/PublicDashboard
1301,Roads & Highways,Ministry of Road Transport & Highways,618436,4-Laning of Jamugurihat to end of Biswanath Chariali By-Pass from Km 182.000 to Km 208.000 of NH-52 on EPC mode in state of Assam under SARDP-NE,599,,405.02,2019-06-19,2025-07-30,2233.0,1,,https://ipm.mospi.gov.in/Home/PublicDashboard
1302,Roads & Highways,Ministry of Road Transport & Highways,618437,"Construction of Balance Work of 4-Laning of NH-37 Section between End of Moran Bypass to Bogibeel junction near Lapetketa Km. 561.700-Km. 580.875 under SARDP-NE, Phase 'A' in the State of Assam on EPC mode Pkg-I Road works & Toll Plaza",274,,90.6,2025-03-14,2025-08-11,150.0,1,,https://ipm.mospi.gov.in/Home/PublicDashboard
1303,Roads & Highways,Ministry of Road Transport & Highways,618438,"4-Laning of NH-37 Section between Demow to End of Moran Bypass From Km. 534.800 to Km. 561.700 including Emergency Landing Facility ELF under SARDP-NE, Phase 'A' in the State of Assam on EPC mode",386,,145.89,2024-07-20,2025-08-14,390.0,1,,https://ipm.mospi.gov.in/Home/PublicDashboard
1304,Roads & Highways,Ministry of Road Transport & Highways,618439,"Construction of Balance Work of 4-Laning of the Section from Jorhat to Jhanji of NH-37 Old  from Km 453000 to Km 463000 10.000 Km, under SARDP- NE under EPC Mode in the state of Assam Pkg-I Road Works",478,,,2024-08-11,,,,,https://ipm.mospi.gov.in/Home/PublicDashboard
1305,Roads & Highways,Ministry of Road Transport & Highways,618440,"Construction of Balance Work of 4-Laning of the Section from Jhanji to Demow of NH-37 Old from Km 490.800 to Km 534.800, under SARDP- NE on EPC Mode in the state of Assam Pkg- IV Structures & Toll Plaza",187,100.22,,2025-10-13,,,,,https://ipm.mospi.gov.in/Home/PublicDashboard
1306,Roads & Highways,Ministry of Road Transport & Highways,618441,"Construction of Balance Work of 4-Laning of the Section from Jhanji to Demow of NH-37 Old from Km 490.800 to Km 501.800 11.000 Km, under SARDP- NE under EPC Mode in the state of Assam Pkg-I Road Works",468,476.5,72.13,2025-09-28,,,,,https://ipm.mospi.gov.in/Home/PublicDashboard
1307,Roads & Highways,Ministry of Road Transport & Highways,618442,"Construction of Balance Work of the 4-Laning of the Section from Jorhat to Jhanji of NH-37 Old from Km 477.000 to Km 490800 13.800 Km, under SARDP- NE under EPC Mode in the state of Assam Pkg-III Road Works",359,,0.07,2024-08-11,,,,,https://ipm.mospi.gov.in/Home/PublicDashboard
1308,Roads & Highways,Ministry of Road Transport & Highways,618443,"Construction of Balance Work of the 4-Laning of the Section from Jorhat to Jhanji of NH-37 Old from Km 463.00 to Km 477.000 14.000 Km, under SARDP- NE under EPC Mode in the state of Assam Pkg-II Road Works",438,,,2024-08-11,,,,,https://ipm.mospi.gov.in/Home/PublicDashboard
1309,Roads & Highways,Ministry of Road Transport & Highways,618444,"Construction of Balance Work of the 4-Laning of the Section from Jorhat to Jhanji of NH-37 Old  from Km 453.000 to Km 490.800, under SARDP- NE , under EPC Mode in the state of Assam  Pkg-IV Structures & Toll Plaza",279,,,2024-08-11,,,,,https://ipm.mospi.gov.in/Home/PublicDashboard
1310,Roads & Highways,Ministry of Road Transport & Highways,618445,Construction of 2-Laning with hard shoulders of Demwe-Brahmakund section of NH-13 from Ch.0.00 km to 18.464 km on EPC under SARDP-NE NHO-NE -Balance Work,354,,,2027-12-18,2027-12-18,0.0,0,,https://ipm.mospi.gov.in/Home/PublicDashboard
1311,Roads & Highways,Ministry of Road Transport & Highways,618446,Construction & Upgradation of existing road to 2-lane with paved shoulder from New Rolep Bridge at km 37.600 to Chochenpheri at km 52.00 in the section of Rongli to Chochenpheri of NH 717B Pkg-II C,493,478.79,,2024-05-23,2026-06-30,768.0,1,,https://ipm.mospi.gov.in/Home/PublicDashboard
1312,Roads & Highways,Ministry of Road Transport & Highways,618447,Construction of 2-Laning with Paved Shoulder of New Greenfield Alignment From Helipad near Menla at Km 82000 to Menla at Km 94030 of Rhenock-Menla Spur NH-717B Package-IIIB on EPC Basis under SARDP-NE Phase 'A' in the State of Sikkim.,411,379.3,,2024-02-24,2026-05-31,827.0,1,,https://ipm.mospi.gov.in/Home/PublicDashboard
1313,Roads & Highways,Ministry of Road Transport & Highways,618448,Construction of 2-Laning with Paved Shoulder of New Greenfield Alignment From Chochenpheri at Km 52000 to Helipad near Menla at Km 82000 of Rhenock-Menla Spur NH-717B Package-IIIA on EPC Basis under SARDP-NE Phase 'A' in the State of Sikkim.,817,786.6,32.28,2023-12-09,2026-10-31,1057.0,1,,https://ipm.mospi.gov.in/Home/PublicDashboard
1314,Roads & Highways,Ministry of Road Transport & Highways,618449,Construction & Upgradation of existing road to 2-lane with paved shoulder from km27.200 End of Rongli bypass to km37.600New Rolep Bridge of Rhenok-Menla spur NH-717B on EPC Mode under SARDP-NE Phase-A in Sikkim Pkg-II B,230,244.91,,2023-04-15,2026-06-30,1172.0,1,,https://ipm.mospi.gov.in/Home/PublicDashboard
1315,Roads & Highways,Ministry of Road Transport & Highways,618450,Rehabilitation & Upgradation of existing road to 2-lane with paved shoulder including geometric improvement of section from start of Rabangla km33.600 to km58.840 under SARDP-NE Phase A  Pkg- IV,293,,1.91,2022-05-01,2026-06-30,1521.0,1,,https://ipm.mospi.gov.in/Home/PublicDashboard
1316,Roads & Highways,Ministry of Road Transport & Highways,618452,"2-laning of Zorinpui - Longmasu section of NH-502A from km 0.000 to km 28.244 in the State of Mizoram on EPC mode under NHO-NE, stretch of IMBR",782,,20.64,2026-12-06,2027-07-03,209.0,1,,https://ipm.mospi.gov.in/Home/PublicDashboard
1317,Roads & Highways,Ministry of Road Transport & Highways,618454,"Earthwork in Formation, Road Work, Construction of Bridges, Blanketing, P. Way Linking works including Supply of P. Way Fittings and Track Ballast in connection with Construction of Railway Siding from Jogighopa Railway Station to MMLP at Jogighopa from Ch. 00 to 3760 on Item Rate basis Package -3, Railway Siding from Jogighopa Railway Station to MMLP",694,,37.6,2022-06-01,2024-09-20,842.0,1,,https://ipm.mospi.gov.in/Home/PublicDashboard
1318,Roads & Highways,Ministry of Road Transport & Highways,618455,Development of External Trunk Connectivity and Internal Infrastructure Works at Multi Model Logistics ParkMMLP at Jogighopa in the State of Assam on EPC Mode Package-I Road and Utility Works,694,,296.96,2022-04-01,2024-09-30,913.0,1,,https://ipm.mospi.gov.in/Home/PublicDashboard
1319,Roads & Highways,Ministry of Road Transport & Highways,618456,Delhi-Vadodara Greenfield Alignment NH-148N Pkg-14 Ch. 388.420 to Ch. 419.000 [Junction with NH- 76 to Junction with NH-12 near village Ummedpura],1119,1194.17,975.7,2023-05-23,2025-03-05,652.0,1,,https://ipm.mospi.gov.in/Home/PublicDashboard
1320,Roads & Highways,Ministry of Road Transport & Highways,618457,Delhi-Vadodara Greenfield Alignment NH-148N Pkg-10 Ch. 292.950 to Ch. 319.400 [End of Interchange on NH-166 near village Mui to Hardeoganj village near Indergarh],1273,1265.16,1086.63,2023-05-21,2026-06-30,1136.0,1,,https://ipm.mospi.gov.in/Home/PublicDashboard
1321,Roads & Highways,Ministry of Road Transport & Highways,618458,Delhi-Vadodara Greenfield Alignment NH-148N Pkg-15 Ch. 419.000 to Ch.427.300 [Junction with NH-12 near village Ummedpura to Major bridge over Takli river near Nayagaon Jageer village],1855,1854.68,1331.43,2024-01-04,2026-05-31,878.0,1,,https://ipm.mospi.gov.in/Home/PublicDashboard
1322,Roads & Highways,Ministry of Road Transport & Highways,618459,Delhi-Vadodara Greenfield Alignment NH-148N Pkg-26 Ch.696890 to Ch.726390,1555,1556.4,989.48,2024-08-31,2026-04-30,607.0,1,,https://ipm.mospi.gov.in/Home/PublicDashboard
1323,Roads & Highways,Ministry of Road Transport & Highways,618460,Delhi-Vadodara Greenfield Alignment NH-148N Pkg-28 Ch.756052 to Ch.781282,1263,1266.98,864.33,2023-11-15,2026-04-30,897.0,1,,https://ipm.mospi.gov.in/Home/PublicDashboard
1324,Roads & Highways,Ministry of Road Transport & Highways,618462,Delhi-Vadodara Greenfield Alignment NH-148N Pkg-31 Ch.824920 to Ch.844382 [Junction near Pratap nagar Village - Junction near Dodka Village],1645,1651.14,961.69,2023-05-18,2026-04-30,1078.0,1,,https://ipm.mospi.gov.in/Home/PublicDashboard
1325,Roads & Highways,Ministry of Road Transport & Highways,618463,Vadodara Mumbai Expressway Kim to Ankleshwar Phase IA - Pkg V,1325,2807.48,1246.47,2021-10-31,2026-06-30,1703.0,1,,https://ipm.mospi.gov.in/Home/PublicDashboard
1326,Roads & Highways,Ministry of Road Transport & Highways,618464,Vadodara Mumbai Expressway Ena -Kim Phase IB - Pkg VI [Km 217.500 to Km 254.430],2272,4297.28,2574.28,2023-12-10,2026-04-30,872.0,1,,https://ipm.mospi.gov.in/Home/PublicDashboard
1327,Roads & Highways,Ministry of Road Transport & Highways,618465,Vadodara Mumbai Expressway Gandeva to Ena Phase IB - Pkg VII [Km 190.00 to Km 217.500],1710,3392.21,2152.43,2023-11-09,2026-04-30,903.0,1,,https://ipm.mospi.gov.in/Home/PublicDashboard
1328,Roads & Highways,Ministry of Road Transport & Highways,618466,Vadodara Mumbai Expressway Jujuwa - Gandeva from Km. 154.600 to Km. 190.000 Phase-I Package-VIII,3834,3820.2,197.13,2026-03-02,2026-11-15,258.0,1,,https://ipm.mospi.gov.in/Home/PublicDashboard
1329,Roads & Highways,Ministry of Road Transport & Highways,618467,Vadodara Mumbai Expressway Karvad - Jujuwa from Km. 128.000 to Km. 154.600 Phase-I Package-IX,2594,2587.04,211.72,2025-10-13,2026-06-30,260.0,1,,https://ipm.mospi.gov.in/Home/PublicDashboard
1330,Roads & Highways,Ministry of Road Transport & Highways,618468,Vadodara Mumbai Expressway Phase II - Pkg XI [Km. 77.000 to Km. 103.400] Ganjad - Talsari,1525,1913.95,813.35,2024-05-17,2026-04-30,713.0,1,,https://ipm.mospi.gov.in/Home/PublicDashboard
1331,Roads & Highways,Ministry of Road Transport & Highways,618469,Vadodara Mumbai Expressway Phase II - Pkg XIII [Km. 26.582 to Km. 50.700] Shirsad - Masvan,3537,4679.54,1792.81,2024-02-08,2026-07-15,888.0,1,,https://ipm.mospi.gov.in/Home/PublicDashboard
1332,Roads & Highways,Ministry of Road Transport & Highways,618470,Vadodara Mumbai Expressway Phase II - Pkg XIV [Km. 3.000 to Km. 20.200 of Spur] Shirsad - Akloli,2059,2324.72,576.7,2024-05-11,2026-05-31,750.0,1,,https://ipm.mospi.gov.in/Home/PublicDashboard
1333,Roads & Highways,Ministry of Road Transport & Highways,618471,Vadodara Mumbai Expressway Phase II - Pkg XV [Km. 20.200 to Km. 43.000 of Spur] Akloli - Amne,2611,2918.39,596.29,2024-05-11,2026-05-31,750.0,1,,https://ipm.mospi.gov.in/Home/PublicDashboard
1334,Roads & Highways,Ministry of Road Transport & Highways,618472,Vadodara Mumbai Expressway Phase II - Pkg XVI [Km. 43.000 to Km. 69.800 of Spur] Amne - Bhoj,4052,4315.56,824.65,2024-10-31,2026-05-31,577.0,1,,https://ipm.mospi.gov.in/Home/PublicDashboard
1335,Roads & Highways,Ministry of Road Transport & Highways,618473,Vadodara Mumbai Expressway Phase II - Pkg XVII [Km. 69.800 to Km. 79.783 of Spur] Bhoj - Morbe,2209,2463.02,812.58,2025-07-17,2026-05-31,318.0,1,,https://ipm.mospi.gov.in/Home/PublicDashboard
1336,Roads & Highways,Ministry of Road Transport & Highways,618475,Bangalore Chennai Expressway Phase-II Pkg-II from km.96.000 to Km 127.000 Baireddypalle to Bangarupalem section,2548,2548.04,1079.25,2025-06-07,2026-06-17,375.0,1,,https://ipm.mospi.gov.in/Home/PublicDashboard
1337,Roads & Highways,Ministry of Road Transport & Highways,618476,Bangalore Chennai Expressway Phase-II Pkg-III from km.127.000 to Km 156.000 Bangarupalem to Gudipala section,1407,1407.33,675.64,2024-10-03,2026-04-10,554.0,1,,https://ipm.mospi.gov.in/Home/PublicDashboard
1338,Roads & Highways,Ministry of Road Transport & Highways,618477,Bangalore Chennai Expressway Phase-III  Package I Gudipala to Walajajhpet from Km 156.000 to Km 180.000,1482,1481.87,678.68,2024-05-28,2026-04-30,702.0,1,,https://ipm.mospi.gov.in/Home/PublicDashboard
1339,Roads & Highways,Ministry of Road Transport & Highways,618478,Bangalore Chennai Expressway Phase-III  Package II Walajahpet to Arakkonam from Km 180.000 to Km 204.500,1107,1106.65,538.86,2024-07-14,2026-04-30,655.0,1,,https://ipm.mospi.gov.in/Home/PublicDashboard
1340,Roads & Highways,Ministry of Road Transport & Highways,618479,Bangalore Chennai Expressway Phase-III  Package III Arakkonam to Kancheepuram from Km 204.500 to Km 230.000,1525,1525.1,353.88,2024-07-29,2027-03-31,975.0,1,,https://ipm.mospi.gov.in/Home/PublicDashboard
1341,Roads & Highways,Ministry of Road Transport & Highways,618480,Construction of Trumpet Interchange Connecting Bangalore  Chennai Expressway km.261705 to km. 262800 with Maduravoyal to Walajapet Section of NH 48 near Sriperumbudur Toll Plaza at km. 35700,163,162.56,35.71,2025-08-23,2026-07-31,342.0,1,,https://ipm.mospi.gov.in/Home/PublicDashboard
1342,Roads & Highways,Ministry of Road Transport & Highways,618481,4L Bangalore-Chennai Expressway from Km. 230.000 to Km. 261.705 of Kanchepuram to Sriperumbudur Section Phase-III/Package-IV,3606,3605.73,883.27,2024-07-09,2026-07-31,752.0,1,,https://ipm.mospi.gov.in/Home/PublicDashboard
1343,Roads & Highways,Ministry of Road Transport & Highways,618482,Delhi-Amritsar-Katra Expressway Phase-I Pkg-I from Jussur Kheri on NH-KMP Expressway to Junction with Rohtak-Panipat road NH-709 near Rukhi Paani village Km 0000 to Km 34000,1866,2429.9,964.23,2023-12-26,2026-04-30,856.0,1,,https://ipm.mospi.gov.in/Home/PublicDashboard
1344,Roads & Highways,Ministry of Road Transport & Highways,618483,Delhi-Amritsar-Katra Expressway Phase-I Pkg-II from Junction with Rohtak-Panipat road NH-709 near Rukhi Paani village to Junction with Jind-Panipat road NH-352A near Gangana village Km 34000 to Km 60800,1534,1792.53,879.35,2024-01-13,2026-04-30,838.0,1,,https://ipm.mospi.gov.in/Home/PublicDashboard
1345,Roads & Highways,Ministry of Road Transport & Highways,618484,Delhi-Amritsar-Katra Expressway Phase-I Pkg-III from Junction with Jind-Panipat road NH-352A near Gangana village to Junction with Jind-Karnal road NH-709A near Alewa village Km 60800 to Km 91400,1606,1813.91,631.62,2023-12-23,2024-05-21,150.0,1,,https://ipm.mospi.gov.in/Home/PublicDashboard
1346,Roads & Highways,Ministry of Road Transport & Highways,618485,Delhi-Amritsar-Katra Expressway Phase-I Pkg-IV from Junction with Jind-Karnal road NH-709A near Alewa village to Junction with Ambala-Kaithal-Hissar road NH-152 near Kharak Pandwa village Km 91400 to Km 120250,1307,1578.66,563.2,2023-12-13,2024-03-28,106.0,1,,https://ipm.mospi.gov.in/Home/PublicDashboard
1347,Roads & Highways,Ministry of Road Transport & Highways,618486,Delhi-Amritsar-Katra Expressway Phase-I Pkg-V from Junction with Ambala-Kaithal-Hissar road NH-152 near Kharak Pandwa village to Junction with Patiala-Samana-Patran road SH-10 near Ghagga village Km 120250 to Km 157920,1742,2281.02,883.28,2024-05-22,2026-05-31,739.0,1,,https://ipm.mospi.gov.in/Home/PublicDashboard
1348,Roads & Highways,Ministry of Road Transport & Highways,618487,Delhi-Amritsar-Katra Expressway Phase-I Pkg-VII from Junction with Patiala-Bathinda road NH-7 near Bhawanigarh to Junction with Ludhiana-Malerhkotla SH-11 near Bhogiwal village Km 188830 to km 225770,1760,1774.32,1250.45,2024-07-09,2026-06-30,721.0,1,,https://ipm.mospi.gov.in/Home/PublicDashboard
1349,Roads & Highways,Ministry of Road Transport & Highways,618488,Delhi-Amritsar-Katra Expressway Phase-I Pkg-VIII from Junction with Ludhiana-Malerkotla SH-11 near Bhogiwal village to Junction with Ludhiana-Moga road NH-5 near Mullanpur Dakha Km 225770 to km 260860,1896,2034.94,751.95,2025-03-13,,,,,https://ipm.mospi.gov.in/Home/PublicDashboard
1350,Roads & Highways,Ministry of Road Transport & Highways,618489,Delhi-Amritsar-Katra Expressway Phase-I Pkg-IX from Junction with Ludhiana-Moga road NH-5 near Mullanpur Dakha to Junction with Jalandhar - Moga road NH-703 near Kang Sahibu village Km 260860 to km 303900,1851,2407.14,1331.72,2024-07-16,2026-06-30,714.0,1,,https://ipm.mospi.gov.in/Home/PublicDashboard
1351,Roads & Highways,Ministry of Road Transport & Highways,618490,Delhi-Amritsar-Katra Expressway Phase-I Pkg-X from Jn. with Jalandhar - Moga road NH-703 to Jn. with Jalandhar-Kapurthala road NH-703A and to Jn. with Kapurthala - Sultanpur Lodhi road NH-703A km 000 to km 24000 to Amritsar connectivity,2178,2062.74,1004.28,2024-07-09,2025-09-30,448.0,1,,https://ipm.mospi.gov.in/Home/PublicDashboard
1352,Roads & Highways,Ministry of Road Transport & Highways,618491,Delhi-Amritsar-Katra Expressway Phase-I Pkg-XI from Junction with Jalandhar - Kapurthala road NH-703A near khojewal village to Junction with Amritsar-Mehta-SriHargobindpur-Tanda road NH-503A near SriHargobindpur Km 319400 to km 362420,2175,2206.71,941.19,2024-11-14,,,,,https://ipm.mospi.gov.in/Home/PublicDashboard
1353,Roads & Highways,Ministry of Road Transport & Highways,618492,Delhi-Amritsar-Katra Expressway Phase-I Pkg-XII from Junction with Amritsar-Mehta-SriHargobindpur-Tanda road NH-503A near SriHargobindpur to Junction with Pathankot-Gurdaspur road NH-54 near Gurdaspur Km 362420 to km 397700,1734,1538.47,470.92,2025-12-30,2027-02-20,417.0,1,,https://ipm.mospi.gov.in/Home/PublicDashboard
1354,Roads & Highways,Ministry of Road Transport & Highways,618493,Delhi-Amritsar-Katra Expressway Phase-I Spur-I from Jn. with Kapurthala - Sultanpur Lodhi Road NH-703A near Isharwal village to Jn. with Kapurthala - Tarn Taran road NH-703AA near Goinwal Sahib [Km 24000 to Km 41000 of Amritsar connectivity],2165,1519.6,359.7,2026-04-16,2028-03-10,694.0,1,,https://ipm.mospi.gov.in/Home/PublicDashboard
1355,Roads & Highways,Ministry of Road Transport & Highways,618494,Delhi-Amritsar-Katra Expressway Phase-II Pkg-XV [Junction with Hiranagar Road near village Gurha Baildaran to Junction with Jammu Ring Road NH-244A near Jakh village from Km 468100 to Km 503250],2715,3716.56,1620.48,2024-09-25,2026-10-30,765.0,1,,https://ipm.mospi.gov.in/Home/PublicDashboard
1356,Roads & Highways,Ministry of Road Transport & Highways,618495,4/6L Access Control Expressway from Design Chainage Km 515.000 to 528.300 Kunjwani to Sidhra Section of NH-44 and from Design Chainage Km 550.900 to Km 566.520 Domel to Katra Section Phase II-Package XVII,2895,2894.74,781.47,2025-06-13,2027-03-31,656.0,1,,https://ipm.mospi.gov.in/Home/PublicDashboard
1357,Roads & Highways,Ministry of Road Transport & Highways,618496,Delhi-Amritsar-Katra Expressway Phase-II Pkg-XVI Existing Jakh Vijaypur-Kunjwani section of NH-44 including spur Connectivity to Jammu Airport  NH-144A [Km 503500 to km 514500],1822,2522.56,1157.4,2024-09-26,2026-06-30,642.0,1,,https://ipm.mospi.gov.in/Home/PublicDashboard
1358,Roads & Highways,Ministry of Road Transport & Highways,618497,Delhi Amritsar Katra Expressway Phase-II Pkg XVIII Development and Upgradation of Four lane Access Control Expressway from Design Chainage KM 530.00 to KM 545.300 Sidhra to Domel Section of NH-44,975,975.38,470.83,2025-11-19,2027-03-31,497.0,1,,https://ipm.mospi.gov.in/Home/PublicDashboard
1359,Roads & Highways,Ministry of Road Transport & Highways,618498,6L Greenfield Kanpur - Lucknow Expressway Pkg II from km. 28.500 to km. 73.744,2472,2489.0,1178.84,2025-05-08,2026-04-10,337.0,1,,https://ipm.mospi.gov.in/Home/PublicDashboard
1360,Roads & Highways,Ministry of Road Transport & Highways,618499,6L Elevated Kanpur - Lucknow Exeressway Pkg-1 from Km. 10980 to Km. 28500,1973,1943.27,766.05,2025-07-30,2026-04-10,254.0,1,,https://ipm.mospi.gov.in/Home/PublicDashboard
1361,Roads & Highways,Ministry of Road Transport & Highways,618500,Construction of 4L Connector from Delhi Meerut Expressway Km 50.000 of Pkg IV to Km 8.520 of NH-235 Pkg-5,1081,1116.19,410.98,2024-03-29,2025-12-31,642.0,1,,https://ipm.mospi.gov.in/Home/PublicDashboard
1362,Roads & Highways,Ministry of Road Transport & Highways,618501,Ahmedabad - Dholera Pkg I from km. 0.00 to km. 22.00 [Sardar Patel Ring Road - Sindhrej Village],1298,1421.05,1007.59,2024-01-10,2026-04-30,841.0,1,,https://ipm.mospi.gov.in/Home/PublicDashboard
1363,Roads & Highways,Ministry of Road Transport & Highways,618502,Ahmedabad - Dholera Pkg II from km. 22.00 to km. 48.52 [Sindhrej Village - Vejallka Village],1415,1729.69,1345.38,2024-01-21,2026-04-30,830.0,1,,https://ipm.mospi.gov.in/Home/PublicDashboard
1364,Roads & Highways,Ministry of Road Transport & Highways,618503,Ahmedabad - Dholera Pkg III from km. 48.52 to km. 71.06 [Vejallka Village - Start of DSIR zone],1034,1155.41,947.67,2023-07-19,2026-04-30,1016.0,1,,https://ipm.mospi.gov.in/Home/PublicDashboard
1365,Roads & Highways,Ministry of Road Transport & Highways,618504,Ahmedabad - Dholera Pkg IV from km. 71.06 to km. 109.019 [Start of DSIR zone - Adhelai Village],1182,1358.73,1203.89,2023-12-13,2026-04-30,869.0,1,,https://ipm.mospi.gov.in/Home/PublicDashboard
1366,Roads & Highways,Ministry of Road Transport & Highways,618505,Additional Structures on 6LGurgaon-Jaipur Section of NH-48 between KM 42.700 to KM 273.00,410,290.64,191.99,2024-06-25,2026-05-31,705.0,1,,https://ipm.mospi.gov.in/Home/PublicDashboard
1367,Roads & Highways,Ministry of Road Transport & Highways,618506,"Construction of Additional Structures, Improvement of Service Road & Maintenance of Six Lane Gurgaon-Jaipur Section of NH-48 old NH-8 between km 42700 to km 107100 in the State of Haryana",402,240.02,66.69,2027-05-05,2027-05-05,0.0,0,,https://ipm.mospi.gov.in/Home/PublicDashboard
1368,Roads & Highways,Ministry of Road Transport & Highways,618507,"Balance work of Six Laning of Shamlaji-Motachiloda from Km. 401.200 to Km.494.410 section Design Chainage Km.447.385 to Km 540.595, Length- 93.210 Km of old NH-8 NH-48 in the state of Gujarat on single Percentage Item Rate Contract",467,501.48,432.48,2025-06-06,2026-04-30,328.0,1,,https://ipm.mospi.gov.in/Home/PublicDashboard
1369,Roads & Highways,Ministry of Road Transport & Highways,618508,Construction of Additional Structures including Approaches in Vadodara Surat Section of NH48 between existing Km. 108.000 to Km. 250.000,907,907.39,240.75,2027-01-28,2027-01-28,0.0,0,,https://ipm.mospi.gov.in/Home/PublicDashboard
1370,Roads & Highways,Ministry of Road Transport & Highways,618509,Development of 6L UER II [Package - I] NH-1 Near Bakoli till Karala Kanjhawala Road from km. 0.70 to km.15.00,2090,2203.45,1797.78,2023-10-27,2026-04-30,916.0,1,,https://ipm.mospi.gov.in/Home/PublicDashboard
1371,Roads & Highways,Ministry of Road Transport & Highways,618511,Upgradation & rehabilitation of Service Roads on both sides in urban areas of Pune City on PuneSatara section of NH48,605,388.78,43.71,2026-06-16,2027-06-16,365.0,1,,https://ipm.mospi.gov.in/Home/PublicDashboard
1372,Roads & Highways,Ministry of Road Transport & Highways,618512,Tunnel at Khambataki Ghat Section and its approaches from existing Km. 771.730 to existing Km. 782.000,907,816.12,526.64,2022-02-27,2026-08-31,1646.0,1,,https://ipm.mospi.gov.in/Home/PublicDashboard
1373,Roads & Highways,Ministry of Road Transport & Highways,618513,6L of Kagal-Satara section from Km 592.500 to Km 658.000 of NH-48 Pkg-I,2112,1435.46,627.39,2025-01-11,2026-04-30,474.0,1,,https://ipm.mospi.gov.in/Home/PublicDashboard
1374,Roads & Highways,Ministry of Road Transport & Highways,618514,6L of Kagal-Satara section from Km 658.000 to Km 725.000 of NH-48 Pkg-II,2331,317.4,186.26,2024-12-15,2026-05-31,532.0,1,,https://ipm.mospi.gov.in/Home/PublicDashboard
1375,Roads & Highways,Ministry of Road Transport & Highways,618515,6L from Belgaum to Sankeshwar Bypass from Km. 515.000 to Km. 555.017 of NH-48 Pkg-I,1479,1237.04,1136.31,2025-04-23,2026-04-15,357.0,1,,https://ipm.mospi.gov.in/Home/PublicDashboard
1376,Roads & Highways,Ministry of Road Transport & Highways,618516,6L from Sankeshwar Bypass to MH-KNT Border from Km. 555.017 to Km. 592.853 of NH-48 Pkg-II,1389,1066.86,1045.3,2025-04-23,2026-11-30,586.0,1,,https://ipm.mospi.gov.in/Home/PublicDashboard
1377,Roads & Highways,Ministry of Road Transport & Highways,618517,4/6L of Bangalore - Pune Section of bypass connecting Dharwad - Hubli from km. 403.80 to km. 433.20,1135,763.36,698.19,2025-09-21,2026-11-30,435.0,1,,https://ipm.mospi.gov.in/Home/PublicDashboard
1378,Roads & Highways,Ministry of Road Transport & Highways,618518,Davanagere - Haveri of NH-48 Old NH-4 from km. 260.00 to km. 338.923,1455,1805.84,633.86,2020-07-24,2026-09-30,2259.0,1,,https://ipm.mospi.gov.in/Home/PublicDashboard
1379,Roads & Highways,Ministry of Road Transport & Highways,618519,Bangalore Ring Road STRR-NH-948A- Package-I of Phase-III from Belagondapalli TN to TN/KNT border from km 144.480 to 179.969,1261,1218.47,562.31,2025-05-16,2026-09-30,502.0,1,,https://ipm.mospi.gov.in/Home/PublicDashboard
1380,Roads & Highways,Ministry of Road Transport & Highways,618520,4L of km 0.00 to km 42.00 of Dobbaspet to Doddaballapura Bypass section of NH-648 old NH-207] [Bangalore Ring Road Pkg 1],1439,1786.57,926.25,2023-04-18,2026-04-30,1108.0,1,,https://ipm.mospi.gov.in/Home/PublicDashboard
1381,Roads & Highways,Ministry of Road Transport & Highways,618521,Karaipettai to Walajapet from Km 71.015 to 107.091,767,766.51,427.32,2021-02-09,2026-04-30,1906.0,1,,https://ipm.mospi.gov.in/Home/PublicDashboard
1382,Roads & Highways,Ministry of Road Transport & Highways,618522,Balance Works for six laning of Sriperumbudur to karaipettai section of NH-4 New NH-48 from 37000 Existing Km 37000 to Km 71015 Existing Km 71000 in Tamilnadu on EPC mode underNHDP Phase-V,411,411.16,75.77,2026-10-27,2026-10-27,0.0,0,,https://ipm.mospi.gov.in/Home/PublicDashboard
1383,Roads & Highways,Ministry of Road Transport & Highways,618523,Bhadrak KM 136.500 to Baleshwar KM 199.141,845,1394.82,495.58,2021-09-15,2026-06-30,1749.0,1,,https://ipm.mospi.gov.in/Home/PublicDashboard
1384,Roads & Highways,Ministry of Road Transport & Highways,618524,Construction of 6 lane elevated corridor including its approaches from Km. 629880 to Km. 634470 Design Chainage of NH-16 in Ranasthalam Town portion in the state of Andhra Pradesh on EPC Mode under NHO.,258,192.85,37.1,2027-03-20,2027-03-20,0.0,0,,https://ipm.mospi.gov.in/Home/PublicDashboard
1385,Roads & Highways,Ministry of Road Transport & Highways,618525,Construction of flyover at Gammon Junction at Km.903.265 on NH16 including vent at Diwancheruvu junction at Km.902.308 Blackspot ID No.AP03299 in Andhra Pradesh on EPC mode under NHO,327,223.29,5.34,2027-10-20,2027-10-20,0.0,0,,https://ipm.mospi.gov.in/Home/PublicDashboard
1386,Roads & Highways,Ministry of Road Transport & Highways,618526,6L of Gundugolanu Design km 1023.280 to Kalaparru Design km 1050.680 of NH-5 New NH-16,666,665.59,509.4,2021-07-30,2026-04-30,1735.0,1,,https://ipm.mospi.gov.in/Home/PublicDashboard
1387,Roads & Highways,Ministry of Road Transport & Highways,618527,Six Laning of Vijayawada Bypass from Gollapudi to Chinnakakani in Vijayawada - Gundugolanu Section from km. 30.00 to km. 47.881 Pkg-IV,1195,1757.82,759.42,2024-01-04,2026-04-30,847.0,1,,https://ipm.mospi.gov.in/Home/PublicDashboard
1388,Roads & Highways,Ministry of Road Transport & Highways,618529,Varanasi Ring Road Pkg-II connecting Sandaha Village km 11.70 / NH-29 with Revasa Village km 818.80 / NH-2,1992,1832.66,994.97,2022-02-13,2026-06-30,1598.0,1,,https://ipm.mospi.gov.in/Home/PublicDashboard
1389,Roads & Highways,Ministry of Road Transport & Highways,618530,Six Laning of Varanasi to Aurangabad from km. 786.00 to km. 978.40 of Old NH-2,3242,3241.56,1226.45,2014-03-10,2026-06-30,4495.0,1,,https://ipm.mospi.gov.in/Home/PublicDashboard
1390,Roads & Highways,Ministry of Road Transport & Highways,618531,6L of Aurangabad to Bihar-Jharkhand border Chordaha section from km. 180.000 to km. 209.827 of NH-2 PKG-01,1054,786.81,98.83,2026-12-17,2026-12-17,0.0,0,,https://ipm.mospi.gov.in/Home/PublicDashboard
1391,Roads & Highways,Ministry of Road Transport & Highways,618532,6L of Aurangabad to Bihar-Jharkhand border Chordaha section  from km. 209.827 to Km. 249.525 of NH-19 PKG-02,1822,738.11,585.79,2024-03-27,2026-04-30,764.0,1,,https://ipm.mospi.gov.in/Home/PublicDashboard
1392,Roads & Highways,Ministry of Road Transport & Highways,618533,Barwa Adda Km. 398.240 to Panagarh Km. 521.120,1560,1568.22,90.45,2016-09-26,2026-04-08,3481.0,1,,https://ipm.mospi.gov.in/Home/PublicDashboard
1393,Roads & Highways,Ministry of Road Transport & Highways,618535,Construction of Six lane elevated flyover including reconstruction/rehabilitation of existing pavement from Km 406100 to Km 411150 Length  5.05 Km at Gobindpur area in the Barwa Adda Panagarh section of NH-19 from Km.398.240 to Km.521.120 including Panagarh Bypass in the State of Jharkhand on EPC Mode.,688,442.52,21.7,2028-03-21,2028-03-21,0.0,0,,https://ipm.mospi.gov.in/Home/PublicDashboard
1394,Roads & Highways,Ministry of Road Transport & Highways,618536,Construction of Ring Road around Kanpur from Ch.68.650 to Ch.93.209 Jarkala to Pakari Package-IV in State of Uttar Pradesh.,1604,1192.16,157.34,2027-06-29,2027-06-29,0.0,0,,https://ipm.mospi.gov.in/Home/PublicDashboard
1395,Roads & Highways,Ministry of Road Transport & Highways,618537,Construction of Ring Road around Kanpur from Km.000 to Km. 23.325 Chachendi Sachendi I to Maharajpur Package-I,1754,1311.7,355.19,2026-06-06,2026-06-06,0.0,0,,https://ipm.mospi.gov.in/Home/PublicDashboard
1396,Roads & Highways,Ministry of Road Transport & Highways,618538,Construction of Ring Road around kanpur from Ch.51.200 to Ch. 68.650  Badarka to Harbanch-Uchti Pkg-III,1793,1126.75,139.93,2027-07-27,2027-07-27,0.0,0,,https://ipm.mospi.gov.in/Home/PublicDashboard
1397,Roads & Highways,Ministry of Road Transport & Highways,618539,Construction of Ring Road Kanpur from Ch. 32.090 to Ch.51.200 Transganaga to Sathara Package-II B,1089,1106.92,36.93,2027-09-21,2027-09-21,0.0,0,,https://ipm.mospi.gov.in/Home/PublicDashboard
1398,Roads & Highways,Ministry of Road Transport & Highways,618540,Construction of Ring Road  around Kanpur from Ch.23.325 to Ch.32.090 Chaudhariya to Transganga Package-IIA,1089,977.45,69.75,2027-10-31,2028-04-29,181.0,1,,https://ipm.mospi.gov.in/Home/PublicDashboard
1399,Roads & Highways,Ministry of Road Transport & Highways,618541,4L Ring road/bypass around Srinagar city from km 0.000 to km 42.100 Phase-I,2920,2604.76,1752.78,2024-02-02,2026-07-07,886.0,1,,https://ipm.mospi.gov.in/Home/PublicDashboard
1400,Roads & Highways,Ministry of Road Transport & Highways,618543,4L of twin tube tunnel configuration including approaches from Marog to Digdol from Km.154.210 to Km.158.650 North Bound and from Km.155.940 to Km.160.260 South Bound of  Ramban to Banihal Pkg-I of Old NH-1A New NH-44,1912,1034.3,328.3,2025-08-12,2027-06-30,687.0,1,,https://ipm.mospi.gov.in/Home/PublicDashboard
1401,Roads & Highways,Ministry of Road Transport & Highways,618544,"4L twin tube tunnel including approaches from Digdol to Khuni Nallah North Bound connecting with existing major bridge on NB and South Bound connecting with Tunnel T4 ,Single tube tunnel of Ramban to Banihal Pkg-II of Old NH-1A New NH-44",1402,1020.99,965.59,2024-06-07,2026-06-15,738.0,1,,https://ipm.mospi.gov.in/Home/PublicDashboard
1402,Roads & Highways,Ministry of Road Transport & Highways,618545,"4L of Km.165.092 to Km.171.855 North Bound and from Km.166.895 to Km.173.638 South Bound, excl.  certain reaches of North Bound and South Bound of Ramban to Banihal Pkg-III of Old NH-1A New NH-44",614,444.76,240.81,2024-08-03,2026-12-31,880.0,1,,https://ipm.mospi.gov.in/Home/PublicDashboard
1403,Roads & Highways,Ministry of Road Transport & Highways,618547,2L NH-1 from km 8.660 to km 33.775 Sumbal to Wayul to 4L dual carriageway NH standard as part of Srinagar Ring Road PhaseII [Design Ch. 41.907 to Ch. 66.609],961,643.64,388.13,2026-06-25,2026-12-12,170.0,1,,https://ipm.mospi.gov.in/Home/PublicDashboard
1404,Roads & Highways,Ministry of Road Transport & Highways,618549,Construction of twin tube tunnels on Jammu Kashmir Ring Road NH-244A Between Design Ch. 50600 to 51700 and design Ch. 53535 to 55700 on EPC mode under residual NHDP component of Bharatmala Pariyojna,243,731.59,638.36,2025-06-07,2026-06-30,388.0,1,,https://ipm.mospi.gov.in/Home/PublicDashboard
1405,Roads & Highways,Ministry of Road Transport & Highways,618550,Corridor Efficiency Improvement including removal of black spots in Lakhanpur - Samba section of NH-44 from Chainage Km. 16.300 to Km. 74.100,856,215.68,189.56,2024-06-11,2026-06-30,749.0,1,,https://ipm.mospi.gov.in/Home/PublicDashboard
1406,Roads & Highways,Ministry of Road Transport & Highways,618551,Greenfield connectivity from Govindsar village on Delhi Amritsar Katra Expressway to Talwara village on NH-44 Pathankot by-pass,667,690.47,36.91,2027-07-15,2027-07-15,0.0,0,,https://ipm.mospi.gov.in/Home/PublicDashboard
1407,Roads & Highways,Ministry of Road Transport & Highways,618552,Development of 6L Greenfield Jalandhar Bypass starting from Kahlwan NH-03  ending at Kang Sahbu NH-703  via Sarmastpur NH-44 - Madara NH-03 - Khajurla NH-44,1755,2167.39,797.54,2025-01-14,2027-06-30,897.0,1,,https://ipm.mospi.gov.in/Home/PublicDashboard
1408,Roads & Highways,Ministry of Road Transport & Highways,618553,6L of Agra Bypass Northern connecting Km. 174.500 of NH-2 new NH-19 to Km. 141.000 of Yamuna Expressways,958,1034.42,758.39,2025-02-22,,,,,https://ipm.mospi.gov.in/Home/PublicDashboard
1409,Roads & Highways,Ministry of Road Transport & Highways,618554,Construction of left out portion of Agra Inner Ring Road connecting village Deori to NH-44 village Bad from Km. 0.000 to Km. 7.772,879,787.58,611.57,2024-09-19,2026-05-31,619.0,1,,https://ipm.mospi.gov.in/Home/PublicDashboard
1410,Roads & Highways,Ministry of Road Transport & Highways,618555,"Flyover at Km.544.650 including ROB, Service Roads ,Footpath for RCC drains on urban link to Nagpur -Raipur road Pardi octroi Naka to Itwari",1098,758.4,308.61,2019-03-30,2026-04-30,2588.0,1,,https://ipm.mospi.gov.in/Home/PublicDashboard
1411,Roads & Highways,Ministry of Road Transport & Highways,618556,"Construction of 26 VUPs, Major Bridge, Service Road etc. on Lalitpur-Sagar-Lakhnadon section of NH-44 NS",666,665.91,482.76,2026-03-05,2026-04-30,56.0,1,,https://ipm.mospi.gov.in/Home/PublicDashboard
1412,Roads & Highways,Ministry of Road Transport & Highways,618557,4L of Indora Chowk to Pachpaoli and Agrasen Chowk - Ashoka Chowk,1039,918.53,603.39,2026-06-30,2026-06-30,0.0,0,,https://ipm.mospi.gov.in/Home/PublicDashboard
1413,Roads & Highways,Ministry of Road Transport & Highways,618558,Improvement of Geometrics of Kalkallu to Gundla Pochanpalli from Km 454.00  to Km 471.00 of NH-44,955,903.17,427.43,2025-01-22,2026-07-30,554.0,1,,https://ipm.mospi.gov.in/Home/PublicDashboard
1414,Roads & Highways,Ministry of Road Transport & Highways,618559,6L of existing 4L from Gundlapochampally  to Bowenpally from km 471.300 to  km 481.331 of NH-44,522,528.21,256.53,2024-07-30,2026-04-22,631.0,1,,https://ipm.mospi.gov.in/Home/PublicDashboard
1415,Roads & Highways,Ministry of Road Transport & Highways,618560,Improvement of Geometrics of Thondupally to Kothur from Km 22.300 to Km 34.14 of NH-44,542,527.43,72.23,2024-09-16,,,,,https://ipm.mospi.gov.in/Home/PublicDashboard
1416,Roads & Highways,Ministry of Road Transport & Highways,618561,Improving the Alignment of Thoppur Ghat Section from Km 158.500 to Km 165.100 in Dharmapuri - Salem Section of NH-44,905,731.09,137.39,2028-03-20,2028-03-20,0.0,0,,https://ipm.mospi.gov.in/Home/PublicDashboard
1417,Roads & Highways,Ministry of Road Transport & Highways,618562,Dindigul Bypass - Samyanallore from km. 373.275 to km. 426.00,579,295.5,1.4,2009-01-29,,,,,https://ipm.mospi.gov.in/Home/PublicDashboard
1418,Roads & Highways,Ministry of Road Transport & Highways,618563,4L of Madurai Ring Road Phase 1 [Vadipatti-Thamrapatti] from km 0.00 - km 29.960,900,900.05,607.63,2022-03-15,2026-06-30,1568.0,1,,https://ipm.mospi.gov.in/Home/PublicDashboard
1419,Roads & Highways,Ministry of Road Transport & Highways,618564,6L with PS of Samakhiyali to Santalpur section from km. 339.700 to Km. 430.100 of NH-27,1554,34.34,27.83,2025-12-27,2027-01-11,380.0,1,,https://ipm.mospi.gov.in/Home/PublicDashboard
1420,Roads & Highways,Ministry of Road Transport & Highways,618565,Strengthening of existing 4L Ayodhya Bypass Section from design Km. 121 600 to Km. 144020 of NH 28 New NH 27Pkg-3,526,281.13,259.66,2025-03-08,2025-08-27,172.0,1,,https://ipm.mospi.gov.in/Home/PublicDashboard
1421,Roads & Highways,Ministry of Road Transport & Highways,618566,4L Green Field Northern  East side Gorakhpur Bypass 26.616 Kms starting from NH-29E Chainage 83.308 and end at NH-28 Chainage 285.100,1974,1244.44,902.97,2026-01-02,2026-09-07,248.0,1,,https://ipm.mospi.gov.in/Home/PublicDashboard
1422,Roads & Highways,Ministry of Road Transport & Highways,618567,4/6L of Northern Ayodhya Bypass starting Km. 112.540 and ending Km. 139.928 north of existing NH-27 part-1 and part-2 south of NH-27 from km 0.000 to km 5.000.,2289,1834.25,132.07,2028-01-06,2028-01-07,1.0,1,,https://ipm.mospi.gov.in/Home/PublicDashboard
1423,Roads & Highways,Ministry of Road Transport & Highways,618568,4/6L Southern Ayodhya Bypass from Km 5.000 to Km 37.172 starting near Km. 112.540 and ending at Km. 153.281 of NH-27,2541,1983.05,198.69,2027-09-27,2027-09-27,0.0,0,,https://ipm.mospi.gov.in/Home/PublicDashboard
1424,Roads & Highways,Ministry of Road Transport & Highways,618569,Balance work - WB-10 Gandak Bridge Km 402.00 to Km 440.00 Devanpur - Kotwa,210,358.3,115.35,2024-01-30,2026-12-31,1066.0,1,,https://ipm.mospi.gov.in/Home/PublicDashboard
1425,Roads & Highways,Ministry of Road Transport & Highways,618570,4L Elevated Highway and at grade improvements at Gopalganj Town from Km. 384.000 to Km. 386.750 on NH-27,326,248.92,225.44,2024-08-31,2026-04-15,592.0,1,,https://ipm.mospi.gov.in/Home/PublicDashboard
1426,Roads & Highways,Ministry of Road Transport & Highways,618571,Permanent rectification of 3 nos. of black spots in project Highway NH-27 of U.P border - Dewapur - Kotwa section from Km.360.915 to km.440.000 Total Length of 79.085 Km of NH-27& Permanent rectification of 5 nos. of black spots of project Highway NH-27 of Kotwa - Mehsi - Muzaffarpur Section from km.440.000 to km.520.000 Total length 80.00Km,227,321.23,208.23,2025-12-11,2026-07-27,228.0,1,,https://ipm.mospi.gov.in/Home/PublicDashboard
1427,Roads & Highways,Ministry of Road Transport & Highways,618572,Binnaguri Bypass-Descoped portion of Ghoshpukur-Dhupguri Section of NH-31Dpkg-1,310,306.02,0.15,2027-11-06,2027-11-06,0.0,0,,https://ipm.mospi.gov.in/Home/PublicDashboard
1428,Roads & Highways,Ministry of Road Transport & Highways,618574,Balance Works of 4L of NH-31D from Km. 113.200 to Km. 154.854 Package-II A Ghoshpukur-Salsalabari Section,1818,962.31,443.7,2027-06-01,2027-06-01,0.0,0,,https://ipm.mospi.gov.in/Home/PublicDashboard
1429,Roads & Highways,Ministry of Road Transport & Highways,618576,"6L Standalone Flyovers at Raha, Demow, Borghat, Kathiatali junctions and ROB at Jagiroad on stretches of NH 36 and NH 27",281,255.53,211.79,2024-06-04,,,,,https://ipm.mospi.gov.in/Home/PublicDashboard
1430,Roads & Highways,Ministry of Road Transport & Highways,618577,Dwarka Expressway Pkg-III Delhi/HR Border to Start of RoB Gurugram,2228,2298.37,990.89,2020-11-27,2026-04-30,1980.0,1,,https://ipm.mospi.gov.in/Home/PublicDashboard
1431,Roads & Highways,Ministry of Road Transport & Highways,618578,6L Access Controlled Highway from DND Maharani Bagh - Jn. with Jaitpur - Pushta Road of NH-148NA from km. 0.00 to km. 9.00 in NCR,1467,2510.34,1373.75,2024-07-08,2026-04-30,661.0,1,,https://ipm.mospi.gov.in/Home/PublicDashboard
1432,Roads & Highways,Ministry of Road Transport & Highways,618579,6L of Anandapuram Pendurthi Anakapalli Section from km. 681.000 to km. 731.780 of NH-16,2527,2957.25,924.33,2021-07-01,2026-04-30,1764.0,1,,https://ipm.mospi.gov.in/Home/PublicDashboard
1433,Roads & Highways,Ministry of Road Transport & Highways,618580,Gohana - Sonipat PKG-2,1275,1957.44,722.22,2022-07-24,2026-04-30,1376.0,1,,https://ipm.mospi.gov.in/Home/PublicDashboard
1434,Roads & Highways,Ministry of Road Transport & Highways,618581,Hosur to Dhamrapuri Pkg-1 [Neraluru - Thorapalli Agraharam],1757,1828.66,927.75,2024-10-24,2026-07-31,645.0,1,,https://ipm.mospi.gov.in/Home/PublicDashboard
1435,Roads & Highways,Ministry of Road Transport & Highways,618582,4L of Galgalia - Bahadurganj section from Km 0.000 to Km 49.000 Package-I of NH327E,1283,1282.97,599.36,2024-01-09,,,,,https://ipm.mospi.gov.in/Home/PublicDashboard
1436,Roads & Highways,Ministry of Road Transport & Highways,618583,4L of Bahadurganj Araria section from Km 49.000 to Km 94.000 Package-II of NH-327E,1359,1358.77,713.95,2024-01-09,2024-05-12,124.0,1,,https://ipm.mospi.gov.in/Home/PublicDashboard
1437,Roads & Highways,Ministry of Road Transport & Highways,618584,4L of Kishanganj - Bahadurganj section from Km. 0.000 to Km. 23.649 & interchange at Start Point Length - 1.200 Km of NH-27,963,855.56,9.31,2027-12-19,2027-12-19,0.0,0,,https://ipm.mospi.gov.in/Home/PublicDashboard
1438,Roads & Highways,Ministry of Road Transport & Highways,618585,6L of Gonde Km. 439.038 to Pimpri Sado Km. 459.905 section of NH-848 Old NH-3,857,718.84,88.54,2027-04-11,2027-11-04,207.0,1,,https://ipm.mospi.gov.in/Home/PublicDashboard
1439,Roads & Highways,Ministry of Road Transport & Highways,618586,Improvement and strengthening of existing 2 lane stretch to 2-Lane with PS 1.5m on both sides on Ghoti-Sinnar section of NH-160A using Thin White Topping 200mm thick in the State Of Maharashtra on EPC Mode,255,147.64,99.89,2026-06-16,2026-06-15,-1.0,0,,https://ipm.mospi.gov.in/Home/PublicDashboard
1440,Roads & Highways,Ministry of Road Transport & Highways,618588,4L Mitigation Measure structures on CH/MH Border to Wainganga Bridge Section of NH-6 New NH-53,540,468.92,464.25,2023-11-07,2026-04-15,890.0,1,,https://ipm.mospi.gov.in/Home/PublicDashboard
1441,Roads & Highways,Ministry of Road Transport & Highways,618589,Durg-Raipur Bypass Section Package - 1 from km. 0.00 to km. 44.50 near Tendesara to near Khatti Village,1828,1656.73,626.17,2025-07-20,2026-12-31,529.0,1,,https://ipm.mospi.gov.in/Home/PublicDashboard
1442,Roads & Highways,Ministry of Road Transport & Highways,618590,Durg-Raipur-Arang Package - 2 from km. 44.50 to km. 92.23 near Khatti Village to near Aurang,1959,1561.97,536.21,2025-05-28,2026-12-31,582.0,1,,https://ipm.mospi.gov.in/Home/PublicDashboard
1443,Roads & Highways,Ministry of Road Transport & Highways,618591,"Construction of 6-lane flyover at Ainthapali junction and a 2-lane ROB LHS on NH-53 Earlier NH-6 in Sambalpur, on EPC mode in Odisha under NHO",374,211.74,82.44,2026-12-18,2026-12-18,0.0,0,,https://ipm.mospi.gov.in/Home/PublicDashboard
1444,Roads & Highways,Ministry of Road Transport & Highways,618592,"Balance work of 8 nos. of Elephant Underpasses EUPs, 1 no. of Vehicular Underpass VUP, 1 nos. of Light Vehicular Underpass LVUP, 1 nos. of Pedestrian Underpass PUP, 1 nos. of Foot Over Bridge FOB and A2 side approach of Jharpokharia Flyover at Km.215.270 in Baharagora-Singhara section of NH-49",321,244.85,16.35,2026-05-02,2027-03-31,333.0,1,,https://ipm.mospi.gov.in/Home/PublicDashboard
1445,Roads & Highways,Ministry of Road Transport & Highways,618593,Balance work of Rehabilitation and Upgradation to four laning of Baharagora  Singhara section of NH-49 from Km.229.727 to Km.238.990 Length  9.263 Km. including construction of five nos. of Elephant Underpasses EUP and fourteen nos. of Animal Underpasses AUP inside the buffer zone of Similipal Tiger Reserve Area in Bangriposi Ghat section in the State of Odisha on EPC Mode,263,163.07,8.76,2027-11-22,2027-11-22,0.0,0,,https://ipm.mospi.gov.in/Home/PublicDashboard
1446,Roads & Highways,Ministry of Road Transport & Highways,618594,Balance work of 4L Panvel to Indapur section of NH-66 Old NH- 17 from km 0.000 Panvel to km 42.300 Kasu,330,196.87,183.78,2024-10-22,2026-04-30,555.0,1,,https://ipm.mospi.gov.in/Home/PublicDashboard
1447,Roads & Highways,Ministry of Road Transport & Highways,618595,6L of Chengala - Neeleshwaram from km. 56.200 to km. 93.468,1746,2538.06,785.78,2024-04-15,2027-03-31,1080.0,1,,https://ipm.mospi.gov.in/Home/PublicDashboard
1448,Roads & Highways,Ministry of Road Transport & Highways,618596,6L of Taliparamba to Muzhappilangad from Km 134.650 to Km 170.6 of NH-66,2715,3557.65,1008.4,2024-05-26,2027-12-31,1314.0,1,,https://ipm.mospi.gov.in/Home/PublicDashboard
1449,Roads & Highways,Ministry of Road Transport & Highways,618597,6L of Azhiyur-Vengalam from km. 189.200 to km. 230.400 of NH-66,3206,3898.46,771.49,2024-07-04,2027-05-31,1061.0,1,,https://ipm.mospi.gov.in/Home/PublicDashboard
1450,Roads & Highways,Ministry of Road Transport & Highways,618598,6L Minor Bridge Paloli Palam at km. 203.160 & Major Bridge Morad at km. 204.895 and allied works,210,216.94,77.9,2022-06-11,2026-04-08,1397.0,1,,https://ipm.mospi.gov.in/Home/PublicDashboard
1451,Roads & Highways,Ministry of Road Transport & Highways,618599,6L of Ramanatukkara Junction to start of Valanchery bypass section of NH-66,4924,4919.46,1762.86,2024-07-19,2026-04-30,650.0,1,,https://ipm.mospi.gov.in/Home/PublicDashboard
1452,Roads & Highways,Ministry of Road Transport & Highways,618600,6L of Valanchery bypass to Kappirikkad of NH  66 from km. 298500 to km 335850,4024,4023.94,1466.03,2024-07-19,2026-04-30,650.0,1,,https://ipm.mospi.gov.in/Home/PublicDashboard
1453,Roads & Highways,Ministry of Road Transport & Highways,618601,6L of  Kappirikkad to Thalikulam section from km 335.85 to km 369.015 of NH - 66 old NH-17,4226,4225.59,648.31,2025-01-26,2026-06-30,520.0,1,,https://ipm.mospi.gov.in/Home/PublicDashboard
1454,Roads & Highways,Ministry of Road Transport & Highways,618602,6L of Thalikulam to Kodugallur section from km 369.015 to km 397.850 of NH - 66 old NH-17,4302,4302.06,705.39,2025-02-14,2026-06-30,501.0,1,,https://ipm.mospi.gov.in/Home/PublicDashboard
1455,Roads & Highways,Ministry of Road Transport & Highways,618603,6L of Kodugallur to Edapppally section from km 397.750 to km 423.780 of NH - 66 old NH-17,3466,3606.2,767.68,2025-04-21,2026-12-31,619.0,1,,https://ipm.mospi.gov.in/Home/PublicDashboard
1456,Roads & Highways,Ministry of Road Transport & Highways,618604,Aroor-Thuravoor Thekku,2430,2382.83,1677.4,2026-01-30,2026-06-30,151.0,1,,https://ipm.mospi.gov.in/Home/PublicDashboard
1457,Roads & Highways,Ministry of Road Transport & Highways,618605,Thuravoor Thekku-Paravoor,2879,2638.67,1998.42,2024-09-12,2026-05-31,626.0,1,,https://ipm.mospi.gov.in/Home/PublicDashboard
1458,Roads & Highways,Ministry of Road Transport & Highways,618606,Paravoor-Kottankulangara,3274,3200.24,1185.17,2025-02-23,2026-08-08,531.0,1,,https://ipm.mospi.gov.in/Home/PublicDashboard
1459,Roads & Highways,Ministry of Road Transport & Highways,618607,Kottankulangara- Start of Kollam Bypass,2842,3680.49,783.02,2024-10-07,2026-08-31,693.0,1,,https://ipm.mospi.gov.in/Home/PublicDashboard
1460,Roads & Highways,Ministry of Road Transport & Highways,618608,4L of left-over works including additional structures from Kerala/Tamil Nadu border to Kanyakumari Section from Km 43.0 to Km 96.174 of NH66,1564,1263.42,880.69,2025-08-01,2026-05-31,303.0,1,,https://ipm.mospi.gov.in/Home/PublicDashboard
1461,Roads & Highways,Ministry of Road Transport & Highways,618609,Construction of 4L Flyover from MES College Junction to Bogmalo Junction on NH-566 from Km. 7.106 to Km. 10.460 and 4L VUP at Queeny Nagar Junction from Km. 3.330 to Km. 4.550,463,316.28,79.19,2026-07-31,2026-07-31,0.0,0,,https://ipm.mospi.gov.in/Home/PublicDashboard
1462,Roads & Highways,Ministry of Road Transport & Highways,618610,6L of Jodhpur Romana Bathinda - Mandi Dabwali Punjab Haryana Border section of NH-54 from km. 0.000 to km. 27.400 of NH-54,789,1318.91,501.33,2025-08-10,2026-04-30,263.0,1,,https://ipm.mospi.gov.in/Home/PublicDashboard
1463,Roads & Highways,Ministry of Road Transport & Highways,618611,Sangariya near Chautala-Rasisar near Bikaner section of NH-754K Phase-I AJ/SR-Package-7,521,548.42,425.94,2023-06-29,2026-04-30,1036.0,1,,https://ipm.mospi.gov.in/Home/PublicDashboard
1464,Roads & Highways,Ministry of Road Transport & Highways,618612,Deogarh near Dhandhaniya-Rajasthan/Gujarat Border Phase-I AJ/DRGB-Package-6,847,740.62,671.43,2023-08-11,2026-04-30,993.0,1,,https://ipm.mospi.gov.in/Home/PublicDashboard
1465,Roads & Highways,Ministry of Road Transport & Highways,618613,Deogarh near Dhandhaniya-Rajasthan/Gujarat Border Phase-I AJ/DRGB-Package-7,662,597.77,507.78,2023-07-15,2026-04-30,1020.0,1,,https://ipm.mospi.gov.in/Home/PublicDashboard
1466,Roads & Highways,Ministry of Road Transport & Highways,618614,Sanchore - Santalpur from km 67.000 - km 99.000 of NH-754K AJ-RGBS-Package-3,752,765.25,566.97,2023-08-09,2026-04-15,980.0,1,,https://ipm.mospi.gov.in/Home/PublicDashboard
1467,Roads & Highways,Ministry of Road Transport & Highways,618615,Sanchore - Santalpur from km 99.000 - km 130.073 of NH-754K AJ-RGBS-Package-4,778,835.55,663.37,2023-03-09,2026-04-30,1148.0,1,,https://ipm.mospi.gov.in/Home/PublicDashboard
1468,Roads & Highways,Ministry of Road Transport & Highways,618616,4L of Dhrol bypass section of NH-151A Approx. length 5.7 Km & widening upto 4 laning of missing link of Amran section of NH-151A Approx. length 6.55 Km from existing Ch. 42000 to 48500 of ongoing Dhrol-Bhadra-Pipaliya section of NH-151A,626,455.54,76.16,2027-02-02,2027-02-02,0.0,0,,https://ipm.mospi.gov.in/Home/PublicDashboard
1469,Roads & Highways,Ministry of Road Transport & Highways,618617,6L Amritsar-Bathinda Greenfield section from village Tiba on NE-5A to Jn. with Moga Jalandhar road NH-703 near Dharamkot from km 0.000 to km 39.000 of NH-754A Pkg-1,1229,1549.32,771.63,2024-11-13,2027-06-30,959.0,1,,https://ipm.mospi.gov.in/Home/PublicDashboard
1470,Roads & Highways,Ministry of Road Transport & Highways,618618,6L Amritsar-Bathinda Greenfield section from Jn. with Bhagta Bhai Ka-Bhadaur Road near Dyalpura Bhai Ka to Jn. with Mandi Dabwali Bathinda Road on NH-54 near Sangat Kalan from km 93.000 to km 154.866 of NH-754A Pkg-3,2029,2677.23,509.27,2026-06-16,2026-06-15,-1.0,0,,https://ipm.mospi.gov.in/Home/PublicDashboard
1471,Roads & Highways,Ministry of Road Transport & Highways,618619,Bypass on Western side of Gwalior City,999,,15.92,2028-01-12,2028-01-12,0.0,0,,https://ipm.mospi.gov.in/Home/PublicDashboard
1472,Roads & Highways,Ministry of Road Transport & Highways,618620,"Additional works 2VUPs, MR-10 junction flyover and underpass in Six lane Indore-Dewas section of NH-52 in the state of Madhya Pradesh on EPC Mode",208,211.27,108.66,2024-07-17,2026-06-06,689.0,1,,https://ipm.mospi.gov.in/Home/PublicDashboard
1473,Roads & Highways,Ministry of Road Transport & Highways,618621,Indore - Edlabad Pkg-II [Tejajinagar to Balwara],1163,1530.82,486.3,2025-01-15,2026-05-31,501.0,1,,https://ipm.mospi.gov.in/Home/PublicDashboard
1474,Roads & Highways,Ministry of Road Transport & Highways,618622,4L of Indore - Boregaon Pkg-III [Balwara to Dhangaon] from km. 42.260 to km. 82.660 of NH347BG & 753L,1002,888.81,687.71,2024-04-21,2026-05-31,770.0,1,,https://ipm.mospi.gov.in/Home/PublicDashboard
1475,Roads & Highways,Ministry of Road Transport & Highways,618623,4L Boregaon Buzurg to Shahpur Pkg I of Boregaon Buzurg to Muktainagar of NH 753L,1504,1132.34,431.27,2026-01-31,2026-05-27,116.0,1,,https://ipm.mospi.gov.in/Home/PublicDashboard
1476,Roads & Highways,Ministry of Road Transport & Highways,618624,Mangloor to Telangana Maharashtra Border,1083,1323.12,180.13,2021-04-10,2021-03-12,-29.0,0,,https://ipm.mospi.gov.in/Home/PublicDashboard
1477,Roads & Highways,Ministry of Road Transport & Highways,618625,Indore - Gujarat / MP Border from km. Km 9.500 to Km 171.000 of NH-59 in MP,1175,217.22,14.04,2013-02-14,2026-05-31,4854.0,1,,https://ipm.mospi.gov.in/Home/PublicDashboard
1478,Roads & Highways,Ministry of Road Transport & Highways,618626,Four laning from Dive Ghat Km. 220.900 to Hadapsar Km. 234.150 of Mohol  Alandi section Pkg  VI of NH-965,820,400.0,104.41,2026-10-14,2027-04-12,180.0,1,,https://ipm.mospi.gov.in/Home/PublicDashboard
1479,Roads & Highways,Ministry of Road Transport & Highways,618627,Construction of 7 Nos of Standalone safety structures/works at different locations on various NHs,169,112.03,9.76,2027-01-27,2027-01-20,-7.0,0,,https://ipm.mospi.gov.in/Home/PublicDashboard
1480,Roads & Highways,Ministry of Road Transport & Highways,618628,Strengthening of Existing Alignment of Pandharpur Town Part Bypassed Section of NH 965 from KM 36.230 to KM 44.230 from Chh. Shivaji Maharaj Chowk to Wakhari,150,87.59,52.83,2025-10-31,2026-06-30,242.0,1,,https://ipm.mospi.gov.in/Home/PublicDashboard
1481,Roads & Highways,Ministry of Road Transport & Highways,618629,Nandigama Bypass and Kanchikacherla bypass,416,444.58,110.65,2019-06-04,2026-04-30,2522.0,1,,https://ipm.mospi.gov.in/Home/PublicDashboard
1482,Roads & Highways,Ministry of Road Transport & Highways,618630,6L of MH/KN Border Nimbal Village to KN/TS Border Singnodi Village from Km. 26.000 to Km. 97.000 in Gulbarga of NH-150C Pkg-II,2356,1923.3,824.34,2025-06-27,2026-08-31,430.0,1,,https://ipm.mospi.gov.in/Home/PublicDashboard
1483,Roads & Highways,Ministry of Road Transport & Highways,618631,6L of MH/KN Border Nimbal Village to KN/TS Border Singnodi Village from Km. 162.5 to Km. 203.100 in Raichur of NH-150C Pkg-IV,1500,1457.48,774.35,2025-05-13,2026-04-30,352.0,1,,https://ipm.mospi.gov.in/Home/PublicDashboard
1484,Roads & Highways,Ministry of Road Transport & Highways,618632,6L Access Controlled Greenfield Highway of Nandinne village to Julekal village from Km 202.900 to Km 242.200 Pkg-1,972,1044.06,406.31,2025-01-03,2026-06-30,543.0,1,,https://ipm.mospi.gov.in/Home/PublicDashboard
1485,Roads & Highways,Ministry of Road Transport & Highways,618634,6L of Veera Kaveri Raja Puram to Pondavakkam from km 61.380 to km 96.040 of NH 716B Pkg-III,1440,1439.77,685.7,2025-01-24,2026-04-10,441.0,1,,https://ipm.mospi.gov.in/Home/PublicDashboard
1486,Roads & Highways,Ministry of Road Transport & Highways,618635,6L of Pondavakkam to Kannigaipair from km 96.040 to km 116.100 of NH 716B Pkg-IV,1360,1359.81,302.35,2025-01-23,2026-09-30,615.0,1,,https://ipm.mospi.gov.in/Home/PublicDashboard
1487,Roads & Highways,Ministry of Road Transport & Highways,618636,Akkalkot  MH/KN border New Greenfield corridor from Km 512.000 to Km 548.400 of NH-150C part of Akkalkot  KN/TS Border section Package  XIV,1371,1403.49,212.1,2026-10-02,2026-10-02,0.0,0,,https://ipm.mospi.gov.in/Home/PublicDashboard
1488,Roads & Highways,Ministry of Road Transport & Highways,618637,Bal. Works of Fagne Km. 510.000 to Maharashtra/Gujarat Border Km. 650.794,1654,1672.89,1328.25,2022-09-18,2026-04-30,1320.0,1,,https://ipm.mospi.gov.in/Home/PublicDashboard
1489,Roads & Highways,Ministry of Road Transport & Highways,618638,Tarsod - Fagne section of NH-6,2268,2560.5,990.0,2021-07-12,2026-04-30,1753.0,1,,https://ipm.mospi.gov.in/Home/PublicDashboard
1490,Roads & Highways,Ministry of Road Transport & Highways,618639,4L of Bilaspur to Urga km 0.00 to 70.2 of NH-130A,1856,2523.86,1258.98,2024-03-24,2026-07-31,859.0,1,,https://ipm.mospi.gov.in/Home/PublicDashboard
1491,Roads & Highways,Ministry of Road Transport & Highways,618640,4L of Urga - Pathalgaon from Km. 70.200 to km. 157.745 of NH-130A,2261,2860.36,830.23,2026-08-08,2026-08-08,0.0,0,,https://ipm.mospi.gov.in/Home/PublicDashboard
1492,Roads & Highways,Ministry of Road Transport & Highways,618641,4 Lane of CG/JH Border-Gumla from km 0.000 to km 32.370 of  NH-43 in the State of Jhrkhand,1326,,12.69,2028-02-17,2028-02-17,0.0,0,,https://ipm.mospi.gov.in/Home/PublicDashboard
1493,Roads & Highways,Ministry of Road Transport & Highways,618642,4L of Palma to Gumla from km. 26.00 to km. 89.170 of NH-23,1883,1895.75,836.02,2024-03-31,2026-04-20,750.0,1,,https://ipm.mospi.gov.in/Home/PublicDashboard
1494,Roads & Highways,Ministry of Road Transport & Highways,618644,4L of Ormanjhi-Gola section from Km 81.450 to Km 53.600 of NH- 320BPKG-II,1215,1462.19,769.08,2025-06-20,2026-07-31,406.0,1,,https://ipm.mospi.gov.in/Home/PublicDashboard
1495,Roads & Highways,Ministry of Road Transport & Highways,618645,4L of Gola-BokaroJaina More section from Km 53.600 to Km 21.110 of NH-320PKG-1,1008,1030.64,366.88,2025-06-25,2026-05-10,319.0,1,,https://ipm.mospi.gov.in/Home/PublicDashboard
1496,Roads & Highways,Ministry of Road Transport & Highways,618647,6L Access Controlled Ludhiana-Bathinda Greenfield highway from Jn. with Amritsar-Bathanda Greenfield Road NH-754A near Rampura Phul to Jn. with Moga-Barnala Road NH-703 near village Tallewal from Km 0.0 to Km 30.3 of NH-754AD Pkg-1,907,1020.52,445.16,2025-09-13,2026-07-14,304.0,1,,https://ipm.mospi.gov.in/Home/PublicDashboard
1497,Roads & Highways,Ministry of Road Transport & Highways,618649,4 Lane with PS  from Des. Ch 228.500 to Des. Ch. 273.400 of Belgaum-Hungund-Raichur Section of NH 748 A  Package-6,1246,1012.78,197.97,2026-11-20,2026-11-20,0.0,0,,https://ipm.mospi.gov.in/Home/PublicDashboard
1498,Roads & Highways,Ministry of Road Transport & Highways,618650,4 Lane with PS from Des. Ch 89.900 to Des. Ch. 136.100 of Belgaum-Hungund-Raichur Section of NH-748A Package-3,1364,1219.62,72.94,2027-04-03,2027-04-03,0.0,0,,https://ipm.mospi.gov.in/Home/PublicDashboard
1499,Roads & Highways,Ministry of Road Transport & Highways,618651,4 Lane with PS from Des. Ch 43.800 to Des. Ch. 89.900 of Belgaum-Hungund-Raichur Section of NH-748A Package-2,1428,1293.94,400.24,2027-02-28,2027-02-28,0.0,0,,https://ipm.mospi.gov.in/Home/PublicDashboard
1500,Roads & Highways,Ministry of Road Transport & Highways,618652,Chakur Loha Section of NH-361 from km 114.600 to km 187.80,1241,3342.11,785.13,2021-03-24,2024-02-21,1064.0,1,,https://ipm.mospi.gov.in/Home/PublicDashboard
1501,Roads & Highways,Ministry of Road Transport & Highways,618653,Loha-Waranga Section of NH-361 from km 187.800 to km 244.369,1236,3466.58,832.88,2021-03-24,2026-05-15,1878.0,1,,https://ipm.mospi.gov.in/Home/PublicDashboard
1502,Roads & Highways,Ministry of Road Transport & Highways,618654,4L Greenfield Rudhi to Deshgaon Pkg V of Betul-Khandwa/Deshgaon,521,469.68,174.87,2025-10-05,2026-04-30,207.0,1,,https://ipm.mospi.gov.in/Home/PublicDashboard
1503,Roads & Highways,Ministry of Road Transport & Highways,618655,2L PS of Roshni to Ashapur Section of NH-347B from Design KM Ch. 89.900 to 114.000 KM Package  III of Betul  Khandwa,201,120.75,89.69,2026-08-21,2026-08-21,0.0,0,,https://ipm.mospi.gov.in/Home/PublicDashboard
1504,Roads & Highways,Ministry of Road Transport & Highways,618661,4L from km 0.000 to 42.040 Bhopal Ratnaigiri Tiraha to Vidisha Morikodi,1032,1038.18,5.99,2027-11-12,2027-11-12,0.0,0,,https://ipm.mospi.gov.in/Home/PublicDashboard
1505,Roads & Highways,Ministry of Road Transport & Highways,618663,i 4L  Vidisha to Hinotiya from km 0.000 to Km 27.000 Vidisha  Mehulwa-Talbehat Pkg-I Section of NH- 346 and ii 4L Vidisha to Morikori from Km 39.000 to 59.476  section of NH-146,1004,941.12,342.87,2025-12-20,2026-05-30,161.0,1,,https://ipm.mospi.gov.in/Home/PublicDashboard
1506,Roads & Highways,Ministry of Road Transport & Highways,618664,Berkhedi to Godpehra on NH-44 Sagar link road,525,471.31,333.98,2024-11-03,2026-06-30,604.0,1,,https://ipm.mospi.gov.in/Home/PublicDashboard
1507,Roads & Highways,Ministry of Road Transport & Highways,618665,4L of Sagar - Mohari from Km.8 to Km.50 Pkg-I,791,660.38,437.15,2024-04-05,2026-04-30,755.0,1,,https://ipm.mospi.gov.in/Home/PublicDashboard
1508,Roads & Highways,Ministry of Road Transport & Highways,618666,4- Laning of Mohari to Satai Ghat section NH-934 from Km 50300 to Km 89875 Total length 39.575 km Package-2 in the State of Madhya Pradesh on EPC Mode,711,539.08,388.63,2026-08-27,2026-08-31,4.0,1,,https://ipm.mospi.gov.in/Home/PublicDashboard
1509,Roads & Highways,Ministry of Road Transport & Highways,618667,4L of near Satai Ghat to Chowka section of NH-34 from D. Ch. 89.875 to D. Ch. 145.000 Package-3,1006,882.21,44.1,2027-10-27,2026-10-27,-365.0,0,,https://ipm.mospi.gov.in/Home/PublicDashboard
1510,Roads & Highways,Ministry of Road Transport & Highways,618668,4L of Chowka to Kaimaha near MP/UP Border section NH-34 from D. Ch. 145.000 to D. Ch. 197.266 excluding existing Chhatarpur bypass from D. Ch. 160.307 to D. Ch. 168.630 Package-4,996,846.68,129.42,2027-09-21,2027-09-21,0.0,0,,https://ipm.mospi.gov.in/Home/PublicDashboard
1511,Roads & Highways,Ministry of Road Transport & Highways,618669,4 -Laning of MP/UP Border to Kabarai section of NH-34&35 from km 197.000 to km 242.991 Length 45.991 Km Sagar-Kabrai Package-5 under Bharat Mala Pariyojana EC in MP & UP on HAM,1633,1425.43,273.96,2027-02-14,2027-01-31,-14.0,0,,https://ipm.mospi.gov.in/Home/PublicDashboard
1512,Roads & Highways,Ministry of Road Transport & Highways,618671,4-lanning of Rahatgarh to Berkhedi section of NH-146 from Design Ch 124470 to Ch. 134.549,618,342.69,3.77,2027-12-20,2027-12-20,0.0,0,,https://ipm.mospi.gov.in/Home/PublicDashboard
1513,Roads & Highways,Ministry of Road Transport & Highways,618672,4-lanning of Gyaraspur to Rahatgarh section of NH-146 from Design Ch. 88361 to Ch 124470 in the state of MP on HAM mode,903,592.44,76.95,2027-11-05,2027-11-05,0.0,0,,https://ipm.mospi.gov.in/Home/PublicDashboard
1514,Roads & Highways,Ministry of Road Transport & Highways,618673,Development of 6L of Jhanki  Sargi Section  Road from km 0.000 to km 42.800 of NH-130CD Pkg-CG-1,1368,1129.14,621.25,2024-09-28,2026-12-31,824.0,1,,https://ipm.mospi.gov.in/Home/PublicDashboard
1515,Roads & Highways,Ministry of Road Transport & Highways,618674,Development of 6L Sargi  Basanwahi Section from km 42.800 to km 99.500 of NH-130CD Pkg-CG-2,1471,1461.81,694.45,2025-01-08,2026-04-30,477.0,1,,https://ipm.mospi.gov.in/Home/PublicDashboard
1516,Roads & Highways,Ministry of Road Transport & Highways,618675,Development of 6L of Basanwahi  Marangpuri Section from km 99.500 to km 124.661 of NH-130-CD,1307,1303.63,446.43,2025-10-15,2026-12-31,442.0,1,,https://ipm.mospi.gov.in/Home/PublicDashboard
1517,Roads & Highways,Ministry of Road Transport & Highways,618676,6L of  Dhanara - Hatibena Section from Km 124.611 to km 146.50 of NH-130-CD Package  OD-1,478,638.32,297.98,2024-03-23,2026-04-30,768.0,1,,https://ipm.mospi.gov.in/Home/PublicDashboard
1518,Roads & Highways,Ministry of Road Transport & Highways,618677,6L Greenfield Kaliagura   Baunsaguar Section of NH-130-CD Road from km 249000 to km 293000 Package  OD-5,1540,1918.49,952.14,2024-05-29,2026-06-30,762.0,1,,https://ipm.mospi.gov.in/Home/PublicDashboard
1519,Roads & Highways,Ministry of Road Transport & Highways,618678,6L Greenfield Baunsaguar - Baraja Section of NH-130-CD Road from km 293000 to km 338500 Package  OD-6,1266,1635.44,843.72,2024-05-31,2026-05-15,714.0,1,,https://ipm.mospi.gov.in/Home/PublicDashboard
1520,Roads & Highways,Ministry of Road Transport & Highways,618680,6L Greenfield  Kandili - Aluru Section of NH-130-CD Road from km 342500 to km 365033 Package-OD-8,1493,1912.84,988.5,2024-10-17,2026-06-30,621.0,1,,https://ipm.mospi.gov.in/Home/PublicDashboard
1521,Roads & Highways,Ministry of Road Transport & Highways,618681,6L Aluru - Jakkuva Section of NH-130CD Road from km 365.033 to km 396.800 Pkg. 1,1216,1241.66,630.41,2024-03-29,2026-06-30,823.0,1,,https://ipm.mospi.gov.in/Home/PublicDashboard
1522,Roads & Highways,Ministry of Road Transport & Highways,618682,6L Korlam-Kantakapalle Section of NH-130CD Road from Km 421.100 to Km 445.100 Pkg-3,1113,1127.63,782.77,2024-02-18,2026-05-31,833.0,1,,https://ipm.mospi.gov.in/Home/PublicDashboard
1523,Roads & Highways,Ministry of Road Transport & Highways,618684,Outer Ring Road of Jabalpur Town from Manegaon to NH-45 Pkg-2,917,786.47,459.78,2026-03-07,2026-10-31,238.0,1,,https://ipm.mospi.gov.in/Home/PublicDashboard
1524,Roads & Highways,Ministry of Road Transport & Highways,618685,Outer Ring Road of Jabalpur Town from NH45 to Kushner Pkg-3,911,773.23,459.73,2026-03-04,2026-05-15,72.0,1,,https://ipm.mospi.gov.in/Home/PublicDashboard
1525,Roads & Highways,Ministry of Road Transport & Highways,618686,Outer Ring Road of Jabalpur Town from Kushner to Amjhar Road including Airport Connectivity Pkg-IV,613,509.82,326.81,2026-03-05,2026-06-15,102.0,1,,https://ipm.mospi.gov.in/Home/PublicDashboard
1526,Roads & Highways,Ministry of Road Transport & Highways,618687,Outer Ring Road of Jabalpur Town from Barela to Manegaon Pkg-1,652,651.88,444.83,2025-03-05,2026-04-30,421.0,1,,https://ipm.mospi.gov.in/Home/PublicDashboard
1527,Roads & Highways,Ministry of Road Transport & Highways,618688,Outer Ring Road of Jabalpur Town from  Amjhar Road including Airport Connectivity to barela Pkg-V,795,539.9,46.92,2027-10-11,2027-10-11,0.0,0,,https://ipm.mospi.gov.in/Home/PublicDashboard
1528,Roads & Highways,Ministry of Road Transport & Highways,618690,"4 lanning of Aligarh Palwal section from km 0.00 to km 46.39 package -1 from khereshwar junction-kurana of NH33D  , including khair & jattari bypass in the state of UP on HAM mode",1663,1685.69,460.89,2027-03-26,2027-03-26,0.0,0,,https://ipm.mospi.gov.in/Home/PublicDashboard
1529,Roads & Highways,Ministry of Road Transport & Highways,618691,4 laning of Aligarh-Palwal Section from Km. 46.390 Design Chainage to Km. 69.110 Terminating at junction EPE Package-II from Kurana- Eastern Peripheral Expressway of NH-334D,939,903.94,95.33,2027-08-26,2027-08-27,1.0,1,,https://ipm.mospi.gov.in/Home/PublicDashboard
1530,Roads & Highways,Ministry of Road Transport & Highways,618692,Aligarh-Kanpur Pkg I [Aligarh-Bhadwas],1227,2069.6,646.5,2022-06-06,2026-04-05,1399.0,1,,https://ipm.mospi.gov.in/Home/PublicDashboard
1531,Roads & Highways,Ministry of Road Transport & Highways,618693,Bodhre - Dhule,1345,1292.7,767.85,2024-07-27,2026-05-31,673.0,1,,https://ipm.mospi.gov.in/Home/PublicDashboard
1532,Roads & Highways,Ministry of Road Transport & Highways,618694,Indore - Harda Pkg-I [Indore to Raghav Garh from km. 0.25 to km. 26.903],1011,813.03,371.56,2024-10-31,2026-05-31,577.0,1,,https://ipm.mospi.gov.in/Home/PublicDashboard
1533,Roads & Highways,Ministry of Road Transport & Highways,618695,Indore - Harda Pkg-III [Nanasa to Pidgaon Section from km 95.000 to km 142.445],1146,1240.64,566.38,2023-10-06,2026-04-30,937.0,1,,https://ipm.mospi.gov.in/Home/PublicDashboard
1534,Roads & Highways,Ministry of Road Transport & Highways,618697,4LPS Access Controlled Highway of Bellary Bypass Balance work from Ch. 254750 to Ch. 266837 and construction of 4LPS from Ch. 277.690 to Ch. 278.690 at D. Hirehal Village Balance work of NH 150A of Bellary  Byrapura Section,626,284.05,42.5,2026-07-31,2027-07-31,365.0,1,,https://ipm.mospi.gov.in/Home/PublicDashboard
1535,Roads & Highways,Ministry of Road Transport & Highways,618698,Challakere to Hariyur section from km 358.500 to km 414.205 of NH-150 A,1168,1873.58,843.6,2023-01-24,2025-06-30,888.0,1,,https://ipm.mospi.gov.in/Home/PublicDashboard
1536,Roads & Highways,Ministry of Road Transport & Highways,618699,Pipli Bhavnagar-Package 1 from km 136.025 to km 169.328,819,1297.38,188.7,2021-09-03,,,,,https://ipm.mospi.gov.in/Home/PublicDashboard
1537,Roads & Highways,Ministry of Road Transport & Highways,618700,Renigunta - Poyya - Naidupeta km 124.60 to km 183.4 of NH 71,1863,2510.14,1346.19,2024-01-31,2026-04-30,820.0,1,,https://ipm.mospi.gov.in/Home/PublicDashboard
1538,Roads & Highways,Ministry of Road Transport & Highways,618701,Balance work of 4L of Nauradehi Sanctuary de-scoped stretch of Hiran River to Sindoor River from Km. 66.00 to 130.00  NH-12 New NH-45,178,153.15,142.2,2023-07-18,2024-04-08,265.0,1,,https://ipm.mospi.gov.in/Home/PublicDashboard
1539,Roads & Highways,Ministry of Road Transport & Highways,618702,4L of Addahole Near Gundya to Bantwal Cross section Pkg-02 from Design Km 270.270 to Design km 318.55 including flyover at Kalladka Town including approaches from Km. 311.57 to Km. 313.67 of NH-75 Old NH-48,1660,1318.24,1264.16,2023-11-22,2026-04-30,890.0,1,,https://ipm.mospi.gov.in/Home/PublicDashboard
1540,Roads & Highways,Ministry of Road Transport & Highways,618704,6L Flyover including RE Wall approaches with Flexible Pavement in the Elephant Corridor of Angul  Sambalpur Section of NH-42 New NH-55 Km.202.533,151,106.32,102.13,2027-01-20,2026-06-20,-214.0,0,,https://ipm.mospi.gov.in/Home/PublicDashboard
1541,Roads & Highways,Ministry of Road Transport & Highways,618706,Bangalore-Nidagatta Pkg. I,3496,4087.42,1375.0,2021-11-09,2026-04-30,1633.0,1,,https://ipm.mospi.gov.in/Home/PublicDashboard
1542,Roads & Highways,Ministry of Road Transport & Highways,618707,Additional works under BM1 to ensure road safety under 6L of Bengaluru  Mysuru Access control with close toll from Km.17.300 to  Km.136.300 of NH-275,738,,,2028-01-19,2028-01-19,0.0,0,,https://ipm.mospi.gov.in/Home/PublicDashboard
1543,Roads & Highways,Ministry of Road Transport & Highways,618708,Widening/Development of Existing NH-85 from Km 0.000 to Km 124.636 section to 2L/LPS section in the state of Kerala on EPC Mode under Bharatmala Pariyojana,1187,1265.47,631.69,2025-06-25,2026-05-31,340.0,1,,https://ipm.mospi.gov.in/Home/PublicDashboard
1544,Roads & Highways,Ministry of Road Transport & Highways,618709,4L of Left-Over Works of Hospet-Bellary -Karnataka/AP border from Km.280.080 Dec.Ch. to Km.375450Des.Ch. of NH-63 New-67,1340,992.6,843.55,2025-05-14,2027-02-28,655.0,1,,https://ipm.mospi.gov.in/Home/PublicDashboard
1545,Roads & Highways,Ministry of Road Transport & Highways,618710,DL/UP Border - EPE Crossing Pkg-02,2003,1889.78,1732.8,2023-11-07,2026-04-16,891.0,1,,https://ipm.mospi.gov.in/Home/PublicDashboard
1546,Roads & Highways,Ministry of Road Transport & Highways,618711,6L with access control provision Saharanpur bypass to Ganeshpur section from 13.89 Km to 41.820 Km of Delhi- Dehradun Economic Corridor package-2,797,560.03,499.72,2024-11-03,2026-04-15,528.0,1,,https://ipm.mospi.gov.in/Home/PublicDashboard
1547,Roads & Highways,Ministry of Road Transport & Highways,618712,6L Access Controlled Greenfield Highway from Kodur Ch. 0000 to Vanavolu Ch. 24300 of [NH-544G]  Package-1,913,798.25,331.07,2026-02-03,2026-07-31,178.0,1,,https://ipm.mospi.gov.in/Home/PublicDashboard
1548,Roads & Highways,Ministry of Road Transport & Highways,618713,6L Access Controlled Greenfield Highway from Yerragudipadu Ch. 129000 to Audireddipalle Ch. 160000 of [NH  544G]  Package-6,1200,1019.69,178.35,2026-02-10,2027-02-28,383.0,1,,https://ipm.mospi.gov.in/Home/PublicDashboard
1549,Roads & Highways,Ministry of Road Transport & Highways,618714,6L Access Controlled Greenfield Highway from Nallacheruvu palli Ch. 96300 to Yerragudipadu Ch. 129000 of [NH-544G]  Package-5,1253,1095.78,297.2,2026-02-10,2026-11-11,274.0,1,,https://ipm.mospi.gov.in/Home/PublicDashboard
1550,Roads & Highways,Ministry of Road Transport & Highways,618715,6L Access Controlled Greenfield Highway from Odulapalle Ch. 72000 to Nallacheruvu-palli Ch. 96300 of [NH-544G]Package-4,1059,946.1,367.65,2026-02-03,2026-08-30,208.0,1,,https://ipm.mospi.gov.in/Home/PublicDashboard
1551,Roads & Highways,Ministry of Road Transport & Highways,618716,6L Access Controlled Greenfield Highway from Vankarakunta Ch. 45700 to Odulapalle Ch. 72000 of [NH-544G]Package-3,993,888.07,279.56,2026-03-01,2026-07-31,152.0,1,,https://ipm.mospi.gov.in/Home/PublicDashboard
1552,Roads & Highways,Ministry of Road Transport & Highways,618717,6L Access Controlled Greenfield Highway from Vanavolu Ch. 24300 to Vankarakunta Ch. 45700 of [NH-544G]  Package-2,751,626.91,203.15,2026-03-01,2026-07-31,152.0,1,,https://ipm.mospi.gov.in/Home/PublicDashboard
1553,Roads & Highways,Ministry of Road Transport & Highways,618718,6L  Access Controlled Greenfield Highway from Kavulakuntla Ch. 196000 to Narayanmpet Ch. 203500Package-09,1092,956.4,118.58,2027-02-07,2027-02-06,-1.0,0,,https://ipm.mospi.gov.in/Home/PublicDashboard
1554,Roads & Highways,Ministry of Road Transport & Highways,618719,6L  Access Controlled Greenfield Highway from Mallapalle Ch. 176000 to Kavulakuntla Ch. 196000 Package-08,909,751.81,226.03,2026-02-10,2026-11-11,274.0,1,,https://ipm.mospi.gov.in/Home/PublicDashboard
1555,Roads & Highways,Ministry of Road Transport & Highways,618720,6L  Access Controlled Greenfield Highway from Audireddipalle Ch. 160000 to Mallapalle Ch. 176000Package-07,987,848.06,296.63,2026-03-06,2026-12-31,300.0,1,,https://ipm.mospi.gov.in/Home/PublicDashboard
1556,Roads & Highways,Ministry of Road Transport & Highways,618721,6L  Access Controlled Greenfield Highway from Chandrasekharapuram Ch. 228000 to Polavaram Ch. 260000of [NH-544G] Package-11,1293,1110.33,298.63,2026-02-10,2026-11-11,274.0,1,,https://ipm.mospi.gov.in/Home/PublicDashboard
1557,Roads & Highways,Ministry of Road Transport & Highways,618722,6L access Controlled Greenfield Highway from Gogwan Jalalpur Shamli to Ranipur Barsi Saharanpur of Shamli -Ambala section Package-I Design Ch. Form km 00.600 to km 45.500,1844,1247.55,636.74,2025-05-15,2026-07-25,436.0,1,,https://ipm.mospi.gov.in/Home/PublicDashboard
1558,Roads & Highways,Ministry of Road Transport & Highways,618723,6L access Controlled Greenfield Highway from Ranipur Barsi to Adhoya Musalmana  section of Shamli -Ambala Package-II Design Ch. Form km 45.500 to km 84.400,1554,1241.89,721.32,2025-05-16,2026-12-31,594.0,1,,https://ipm.mospi.gov.in/Home/PublicDashboard
1559,Roads & Highways,Ministry of Road Transport & Highways,618724,6L Greenfield Varanasi-Ranchi-Kolkata Highway from  Anarbansalea village to Sagrampur village From KM. 151200 to KM. 184700Package-7,1719,1723.42,64.54,2027-06-30,2027-06-30,0.0,0,,https://ipm.mospi.gov.in/Home/PublicDashboard
1560,Roads & Highways,Ministry of Road Transport & Highways,618725,6L Greenfield Varanasi-Ranchi-Kolkata Highway from Pachmon village to Anarbansalea village From KM. 116000 to KM. 151200 Package-6,1916,1920.21,0.87,2027-09-03,2027-09-03,0.0,0,,https://ipm.mospi.gov.in/Home/PublicDashboard
1561,Roads & Highways,Ministry of Road Transport & Highways,618726,6L Greenfield Varanasi-Ranchi-Kolkata Highway from junction with Chandauli-Chainpur Road near Khainti village to junction with Bhabhua-Adhaura road near Palka village from Km. 27.000 to Km. 54.000 Pkg-2,1241,1341.52,32.81,2027-10-05,2027-10-05,0.0,0,,https://ipm.mospi.gov.in/Home/PublicDashboard
1562,Roads & Highways,Ministry of Road Transport & Highways,618727,6L Greenfield Varanasi-Ranchi-Kolkata Highway from junction with Bhabhua-Adhaura road in Bhairopur village to Konki village From KM. 54.000 to KM. 90.000Pkg-3,1577,1711.44,18.69,2027-10-05,2027-10-05,0.0,0,,https://ipm.mospi.gov.in/Home/PublicDashboard
1563,Roads & Highways,Ministry of Road Transport & Highways,618728,6L Greenfield Varanasi-Ranchi-Kolkata Highway from junction with NH-19 & Varanasi Ring Road near Rewasa village to junction with Chandauli-Chainpur road near Khainti village from Km. 0.000 to Km. 27.000 - Pkg-1,1433,1564.15,332.46,2026-11-24,2027-05-18,175.0,1,,https://ipm.mospi.gov.in/Home/PublicDashboard
1564,Roads & Highways,Ministry of Road Transport & Highways,618734,6L Greenfield Varanasi- Ranchi- Kolkata Highway from junction  with  NH-320 in Lepo  village to Kamlapur villageJH/WB border  from km 358.500 to km 387.200 Pkg -13,1154,1319.18,47.59,2027-09-29,2027-09-29,0.0,0,,https://ipm.mospi.gov.in/Home/PublicDashboard
1565,Roads & Highways,Ministry of Road Transport & Highways,618735,4L of  Chandesara  to Khedakhajuriya  from Km. 0.000 to - 750 & Km 0.000 to km 41.400 of  NH-148NG Pkg-I,910,976.55,399.37,2024-05-31,2026-05-15,714.0,1,,https://ipm.mospi.gov.in/Home/PublicDashboard
1566,Roads & Highways,Ministry of Road Transport & Highways,618736,4L Elevated corridor of Kalimandir-Dimna Chowk-Baliguma Jamshedpur Section of NH-33 New NH-18 from km 241940 to km 251961 Length 10.021 km,936,832.2,210.52,2027-03-15,2027-03-15,0.0,0,,https://ipm.mospi.gov.in/Home/PublicDashboard
1567,Roads & Highways,Ministry of Road Transport & Highways,618737,Grade separated Interchanges at Km. 113.730 junction with Ranchi  Hazaribagh Road & Km. 139.225 junction with Ranchi  Jamshedpur road on 4L Ranchi Bypass of NH-33,304,5.58,0.73,2027-12-25,2027-12-25,0.0,0,,https://ipm.mospi.gov.in/Home/PublicDashboard
1568,Roads & Highways,Ministry of Road Transport & Highways,618738,6L Bridge and its approaches across River Ganga as Part of Patna Ring Road NH-131G starting from Km 8.480 near Sherpur to Km 23.000 near Dighwara,6292,3351.62,501.89,2027-09-05,2028-09-04,365.0,1,,https://ipm.mospi.gov.in/Home/PublicDashboard
1569,Roads & Highways,Ministry of Road Transport & Highways,618739,4L Greenfield Alignment  of Amas to Shivrampur from 0.000 Km. to 55.002 Km. of NH 119 D Pkg-I,1391,1427.43,342.13,2025-03-29,2027-06-30,823.0,1,,https://ipm.mospi.gov.in/Home/PublicDashboard
1570,Roads & Highways,Ministry of Road Transport & Highways,618740,4L Greenfield Alignment of Shivrampur  to Ramnagar from Km. 55.002 to Km. 109.300 of NH 119 D Pkg-II,1494,1546.07,258.16,2025-07-03,2027-06-30,727.0,1,,https://ipm.mospi.gov.in/Home/PublicDashboard
1571,Roads & Highways,Ministry of Road Transport & Highways,618741,4L  Greenfield Alignment from Kalyanapur to Tal Dashraha of NH-119D Pkg-III,1858,1969.3,416.49,2025-02-15,2027-06-23,858.0,1,,https://ipm.mospi.gov.in/Home/PublicDashboard
1572,Roads & Highways,Ministry of Road Transport & Highways,618743,Trichy 135.800 to Karur 218.000 section of NH-67 - Trichy Bypass,877,360.88,66.59,2024-10-03,,,,,https://ipm.mospi.gov.in/Home/PublicDashboard
1573,Roads & Highways,Ministry of Road Transport & Highways,618744,4L of Thirumangalam to Vadugapatti section from km 0.000 to km 36.000 of NH-744,1077,791.6,673.36,2025-02-21,2026-05-31,464.0,1,,https://ipm.mospi.gov.in/Home/PublicDashboard
1574,Roads & Highways,Ministry of Road Transport & Highways,618745,4L of Vadugapatti to Therkuvenganallur Rajapalyam section from km 36.000 to km 71.600 of NH-744,1318,1137.16,919.66,2025-04-10,2026-04-15,370.0,1,,https://ipm.mospi.gov.in/Home/PublicDashboard
1575,Roads & Highways,Ministry of Road Transport & Highways,618746,Khammam-Devarapalle Pkg I [4L  Access Controlled Greenfield from Thallampadu village to Somavaram village Design Chainage 0000 to 33604],797,1337.18,570.71,2024-10-30,2026-04-30,547.0,1,,https://ipm.mospi.gov.in/Home/PublicDashboard
1576,Roads & Highways,Ministry of Road Transport & Highways,618747,Khammam-Devarapalle Pkg III [4L Access Controlled Greenfield from Chintagudem village to Recherla village Design Chainage 63117 to 105236],830,1227.07,441.32,2024-09-26,2026-04-30,581.0,1,,https://ipm.mospi.gov.in/Home/PublicDashboard
1577,Roads & Highways,Ministry of Road Transport & Highways,618748,Khammam-Devarapalle Pkg IV [4L Access Controlled Greenfield from Recherla village to Gurvaygudem village Design Chainage 105236 to 132664],569,752.02,355.88,2024-09-25,2025-05-31,248.0,1,,https://ipm.mospi.gov.in/Home/PublicDashboard
1578,Roads & Highways,Ministry of Road Transport & Highways,618749,Khammam-Devarapalle Pkg V [4L Access Controlled Greenfield from Gurvaygudem village to Devarapalle village Design Chainage 132664 to 162126,712,926.48,407.99,2024-09-25,2026-04-30,582.0,1,,https://ipm.mospi.gov.in/Home/PublicDashboard
1579,Roads & Highways,Ministry of Road Transport & Highways,618751,2L PS of Hinotiya-Mehulwa section of NH-346 from Km. 27.000 to Km 75.700 Vidisha  Mehulwa-Talbehat Pkg-II Section of NH- 346,582,592.71,230.36,2025-09-12,2026-04-15,215.0,1,,https://ipm.mospi.gov.in/Home/PublicDashboard
1580,Roads & Highways,Ministry of Road Transport & Highways,618754,Upgradation of 2L/4L with Paved Shoulder of Shirwal-Lonand Section from KM 159900 To KM 188025 of NH-965DD Section I and 2L With Paved Shoulder of Lonand-Satara Section from KM 51500 To KM 96246 Of NH-965D Section II in Satara District in the State of Maharashtra on EPC Mode under NHO-,538,307.24,53.91,2027-06-20,2027-06-20,0.0,0,,https://ipm.mospi.gov.in/Home/PublicDashboard
1581,Roads & Highways,Ministry of Road Transport & Highways,618755,4L of left out existing road section from Lalgopalganj Km 161.450 to Nawabganj Km 180.200 in Prayagraj,160,100.74,62.01,2026-03-31,2026-05-31,61.0,1,,https://ipm.mospi.gov.in/Home/PublicDashboard
1582,Roads & Highways,Ministry of Road Transport & Highways,618756,Melur - Pilayarpatti - Karaikudi from km 99.920 of NH 38 to km 12.9 of NH 383 Ext.,1104,1085.41,669.32,2022-03-15,2026-07-15,1583.0,1,,https://ipm.mospi.gov.in/Home/PublicDashboard
1583,Roads & Highways,Ministry of Road Transport & Highways,618757,6L access controlled Highway from Km 40080 to Km 86513 Mator to Barodameo Section,2010,1565.88,664.82,2026-03-14,2026-05-17,64.0,1,,https://ipm.mospi.gov.in/Home/PublicDashboard
1584,Roads & Highways,Ministry of Road Transport & Highways,618758,6L accesscontrolled highway from km 0000 to km 40080 Paniyala to Mator Section of Paniyala-Barodameo ICR,1765,1239.24,272.55,2026-09-15,2026-09-15,0.0,0,,https://ipm.mospi.gov.in/Home/PublicDashboard
1585,Roads & Highways,Ministry of Road Transport & Highways,618759,4L PS Mydukur - Badvel from Km 585.820 to Km 630.960 of NH-67,1064,1103.87,467.8,2025-09-19,2026-04-30,223.0,1,,https://ipm.mospi.gov.in/Home/PublicDashboard
1586,Roads & Highways,Ministry of Road Transport & Highways,618760,4L Greenfield a Malout bypass from ch. Km 44.500 to ch. Km 35.500 on NH-07 and Ch. Km 0.000 to Km 6.984 on NH-09 bMandi Dabwali Bypass from Ch. 38.450 Km to  Km 27.910 Pkg-02,646,556.09,549.2,2024-07-01,2026-04-30,668.0,1,,https://ipm.mospi.gov.in/Home/PublicDashboard
1587,Roads & Highways,Ministry of Road Transport & Highways,618761,4L Spur of Meerut-Garh-Mukteshwar section connecting NH-119 and NH-58 bypassing Meerut Town of NH 709 A,992,977.73,815.91,2025-02-16,2026-07-12,511.0,1,,https://ipm.mospi.gov.in/Home/PublicDashboard
1588,Roads & Highways,Ministry of Road Transport & Highways,618762,Itarsi Km. 63.000 to Betul Km. 137.000 of NH-69 in Madhya Pradesh,950,788.33,395.04,2020-02-21,2026-04-30,2260.0,1,,https://ipm.mospi.gov.in/Home/PublicDashboard
1589,Roads & Highways,Ministry of Road Transport & Highways,618764,Moga - Bagha Purana - Bajakhana from km. 0.00 to km. 43.32,1033,1264.17,658.21,2024-12-30,2026-05-31,517.0,1,,https://ipm.mospi.gov.in/Home/PublicDashboard
1590,Roads & Highways,Ministry of Road Transport & Highways,618765,4L of Karimnagar-Warangal section from km 49.500 to km 117.820 of NH-563,2147,2486.51,857.65,2025-07-16,2026-07-31,380.0,1,,https://ipm.mospi.gov.in/Home/PublicDashboard
1591,Roads & Highways,Ministry of Road Transport & Highways,618766,Up-gradation to Four Lane with Paved Shoulder configuration of the highway starting from existing km 88.400 Savali Vihir to km 163.400 start of Ahmednagar bypass Design Length  75.000 km section of NH-160 in the State of Maharashtra under Bharatmala Pariyojana on EPC Mode,862,617.93,149.73,2027-04-29,2027-04-29,0.0,0,,https://ipm.mospi.gov.in/Home/PublicDashboard
1592,Roads & Highways,Ministry of Road Transport & Highways,618769,Walajahpet/Ranipet to TN/AP Border Section of from Km.106.800 to  Km.133.36 NH-4,1338,1214.7,75.65,2027-09-29,2027-09-29,0.0,0,,https://ipm.mospi.gov.in/Home/PublicDashboard
1593,Roads & Highways,Ministry of Road Transport & Highways,618770,4L Spur of Panipat - Shamli connecting NH-709AD Panipat  Shamli  Muzaffarnagar and NH-709A Karnal  Meerut bypassing Shamli district UP,516,273.42,232.93,2024-10-13,2025-03-17,155.0,1,,https://ipm.mospi.gov.in/Home/PublicDashboard
1594,Roads & Highways,Ministry of Road Transport & Highways,618771,6L of Varadharajula to Kumarajapet from km 0.000 to km 43.800 of NH-716B Pkg-I,1925,1887.38,947.66,2024-12-05,2026-04-10,491.0,1,,https://ipm.mospi.gov.in/Home/PublicDashboard
1595,Roads & Highways,Ministry of Road Transport & Highways,618772,6L of Kumarajapet to Veera Kaveri Raja Puram from km 43.800 to km 61.380 of NH-716B Pkg-II,703,799.36,363.9,2025-10-29,2026-04-30,183.0,1,,https://ipm.mospi.gov.in/Home/PublicDashboard
1596,Roads & Highways,Ministry of Road Transport & Highways,618773,Tuticorin - Tirunelveli from km. 0.00 to km. 47.250,450,452.48,1.17,2012-04-25,,,,,https://ipm.mospi.gov.in/Home/PublicDashboard
1597,Roads & Highways,Ministry of Road Transport & Highways,618774,Ara - Mohania Pkg-II,985,827.51,798.12,2023-07-16,2025-11-30,868.0,1,,https://ipm.mospi.gov.in/Home/PublicDashboard
1598,Roads & Highways,Ministry of Road Transport & Highways,618775,Ara Bypass,226,,0.49,2027-04-05,2027-04-05,0.0,0,,https://ipm.mospi.gov.in/Home/PublicDashboard
1599,Roads & Highways,Ministry of Road Transport & Highways,618776,4L of Greenfield section from  Sirhind to Mohali,1238,1301.15,906.97,2025-05-07,2026-06-30,419.0,1,,https://ipm.mospi.gov.in/Home/PublicDashboard
1600,Roads & Highways,Ministry of Road Transport & Highways,618777,4L of Pileru to Kalur Section from Km 55.900 to Km 92.800 & Km 94.500 to Km 95.717 of NH-71Package-II,1877,592.85,246.05,2025-11-18,2026-06-30,224.0,1,,https://ipm.mospi.gov.in/Home/PublicDashboard
1601,Roads & Highways,Ministry of Road Transport & Highways,618778,4L of Madanapalle to Pileru Section from Km 0.000 to Km 55.900 of NH-71Package-I,1877,1994.1,1105.01,2025-01-12,2026-06-30,534.0,1,,https://ipm.mospi.gov.in/Home/PublicDashboard
1602,Roads & Highways,Ministry of Road Transport & Highways,618779,4L of Aurangabad-Paithan,1505,349.96,305.23,2024-07-23,2026-04-30,646.0,1,,https://ipm.mospi.gov.in/Home/PublicDashboard
1603,Roads & Highways,Ministry of Road Transport & Highways,618782,4L of Bareilly-Pilibhit-Sitarganj from Km. 0.000 to Km. 32.500 of NH-30 Pkg-1,1394,1394.14,559.19,2026-03-13,2026-08-17,157.0,1,,https://ipm.mospi.gov.in/Home/PublicDashboard
1604,Roads & Highways,Ministry of Road Transport & Highways,618783,4-laning of Pilibhit - Sitarganj from Km. 32.500 to Km. 70.800 Pkg-2 of NH-30,1471,1471.19,407.69,2026-03-13,2027-01-25,318.0,1,,https://ipm.mospi.gov.in/Home/PublicDashboard
1605,Roads & Highways,Ministry of Road Transport & Highways,618784,Balance works of 4 lane divided carriageway of Missing Link section of NH-39 Rewa Bypass from junction with NH 30 near Bela to Junction with MPRDC ring road near Silpara on SH 9 design length 13.100 km on EPC Mode under Bharatmala Pariyojana in the State of Madhya Pradesh,355,355.36,189.7,2026-04-23,2026-04-23,0.0,0,,https://ipm.mospi.gov.in/Home/PublicDashboard
1606,Roads & Highways,Ministry of Road Transport & Highways,618785,4/6L Greenfield LudhianaRupnagar highway from Jn. with NE-5 village near to ManewalLudhiana to Jn. with NH-205 near Bheora Village Rupnagar from Km 66.0 to Km 91.0 i/c spur to Kharar from Km 0.0 to Km 19.5 with Ludhiana bypass of NH-205K Pkg-3,1501,1815.13,992.79,2025-02-15,2026-05-31,470.0,1,,https://ipm.mospi.gov.in/Home/PublicDashboard
1607,Roads & Highways,Ministry of Road Transport & Highways,618786,4L of Phagwara - Hoshiarpur,1196,1503.79,159.94,2027-03-30,2027-03-31,1.0,1,,https://ipm.mospi.gov.in/Home/PublicDashboard
1608,Roads & Highways,Ministry of Road Transport & Highways,618787,"Upgradation to 4L PS  from Bhimasar, Junction of NH-41 to Anjar- Bhuj upto Airport Junction from Km 0.000 to Km 65.478 of NH-341",1373,1687.25,751.61,2025-06-29,2026-09-30,458.0,1,,https://ipm.mospi.gov.in/Home/PublicDashboard
1609,Roads & Highways,Ministry of Road Transport & Highways,618788,4L Greenfield Jalbhera  Shahbad section from km. 0.000 to km. 22.850 of NH-152G,927,1173.66,354.55,2025-05-31,2026-04-30,334.0,1,,https://ipm.mospi.gov.in/Home/PublicDashboard
1610,Roads & Highways,Ministry of Road Transport & Highways,618791,4L PS under NH configuration of Manikpur-Sahebganj of NH-139W,1539,,47.53,2027-12-31,2027-12-31,0.0,0,,https://ipm.mospi.gov.in/Home/PublicDashboard
1611,Roads & Highways,Ministry of Road Transport & Highways,618792,4L Bhiwani-Hansi road section of NH-148B,1330,1144.21,437.49,2025-12-17,2026-04-15,119.0,1,,https://ipm.mospi.gov.in/Home/PublicDashboard
1612,Roads & Highways,Ministry of Road Transport & Highways,618793,4L of Fazilka to Abohar section of NH-07 including construction of Greenfield Abohar & Fazilka Bypasses,1410,1674.04,506.87,2026-04-14,2026-04-13,-1.0,0,,https://ipm.mospi.gov.in/Home/PublicDashboard
1613,Roads & Highways,Ministry of Road Transport & Highways,618794,Amritsarairport Junction - Ramdas from km. 100.835 to km. 139.813 Pkg - IV,525,416.58,380.9,2023-09-17,2026-05-31,987.0,1,,https://ipm.mospi.gov.in/Home/PublicDashboard
1614,Roads & Highways,Ministry of Road Transport & Highways,618795,Amritsar Bypass Pkg III from km. 71.496 to km. 105.158,1475,1228.42,864.5,2024-08-30,2026-07-31,700.0,1,,https://ipm.mospi.gov.in/Home/PublicDashboard
1615,Roads & Highways,Ministry of Road Transport & Highways,618796,Tanot -Ramgarh-Bhadasar-Jaisalmer NH-68 and BhadasarMokal-Sarkaritala up to Pakisthan Border NH-968 Pkg-BM/5,829,830.37,405.13,2021-04-21,2026-04-30,1835.0,1,,https://ipm.mospi.gov.in/Home/PublicDashboard
1616,Roads & Highways,Ministry of Road Transport & Highways,618797,Mayjilar  Jaisalmer with Jaisalmer Bypass Link Road Section of NH-11 Part of BM-7 & Sundra  Myajilar  Ambsingh ki Dhani Road part of Munabao  Tanot project NH-70,1238,927.02,0.53,2027-12-18,2027-12-18,0.0,0,,https://ipm.mospi.gov.in/Home/PublicDashboard
1617,Roads & Highways,Ministry of Road Transport & Highways,618798,4L of Sonauli - Gorakhpur,2556,2275.43,1245.26,2025-03-05,2026-05-30,451.0,1,,https://ipm.mospi.gov.in/Home/PublicDashboard
1618,Roads & Highways,Ministry of Road Transport & Highways,618799,Belakeri Port to Kumta - Sirsi road from km 0.00 - km 4.265 of Belekeri Port Road Link Rd. and km 4.965 - km 60.00 of SH-69,457,456.79,395.56,2022-12-07,2026-05-04,1244.0,1,,https://ipm.mospi.gov.in/Home/PublicDashboard
1619,Roads & Highways,Ministry of Road Transport & Highways,618800,Construction of New Double Tier 4L Elevated Corridor from Chennai Port to Maduravoyal in Chennai District from km -0.342 to Km 20.593 and Package II from Km 4.604 to Km 9.700,1617,1616.97,141.23,2026-05-20,2027-11-16,545.0,1,,https://ipm.mospi.gov.in/Home/PublicDashboard
1620,Roads & Highways,Ministry of Road Transport & Highways,618801,Construction of New Double Tier 4-lane Elevated Corridor from Chennai Port to Maduravoyal in Chennai District from Km -0342 to Km 20223 Package 1 from Km -0342 to Km 4604,1389,1388.59,150.68,2026-05-20,2027-11-16,545.0,1,,https://ipm.mospi.gov.in/Home/PublicDashboard
1621,Roads & Highways,Ministry of Road Transport & Highways,618803,Development of 4L Road from Samarlakota to Achampeta Junction as part of Kakinada Port Connectivity to NH-16 Rajanagaram Junction in East Godavari District,646,750.2,569.44,2025-08-15,2026-05-12,270.0,1,,https://ipm.mospi.gov.in/Home/PublicDashboard
1622,Roads & Highways,Ministry of Road Transport & Highways,618804,Dedicated Port road to Krishnapatnam Port Package-I from Km. 0.000 to Km. 18.000,349,341.36,181.22,2020-12-19,2026-08-31,2081.0,1,,https://ipm.mospi.gov.in/Home/PublicDashboard
1623,Roads & Highways,Ministry of Road Transport & Highways,618805,6L Connectivity to Port Road from Sabbavaram Sheelanagar-NH516C,977,,,2028-02-13,2028-02-12,-1.0,0,,https://ipm.mospi.gov.in/Home/PublicDashboard
1624,Roads & Highways,Ministry of Road Transport & Highways,618806,Improvement of 4L road to 6L road and 4L dedicated Port Roads for the Port connectivity road from Convent junction to Sheelanagar Junction,686,680.21,444.34,2026-02-13,2026-06-30,137.0,1,,https://ipm.mospi.gov.in/Home/PublicDashboard
1625,Roads & Highways,Ministry of Road Transport & Highways,618807,"4L Greenfield Road connecting North and South industrial cluster of Khandaleru Creek near Krishnapatnam port at Thamminapatnam to Mollur  from Km 0.0 to Km 16.046, Part I & 6L  extension of dedicated port road of NH-67 Km 18.0 to Km 19.3, Part II",609,559.98,446.52,2025-09-24,2026-06-30,279.0,1,,https://ipm.mospi.gov.in/Home/PublicDashboard
1626,Roads & Highways,Ministry of Road Transport & Highways,618808,6L Elevated Kona Expressway from Km. 0.145 to Km. 7.337 of NH-117,1213,1203.11,283.87,2026-12-03,2027-12-31,393.0,1,,https://ipm.mospi.gov.in/Home/PublicDashboard
1627,Roads & Highways,Ministry of Road Transport & Highways,618809,4L of Beas-Mehta-Batala-Dera Baba Nanak from intersection with Jalandhar-Amritsar Highway NH-3 near Beas till start of Batala Bypass near Village Acchhal from Km. 0.000 to Km. 31.300 Pkg-1,810,966.99,498.68,2025-06-21,2026-12-31,558.0,1,,https://ipm.mospi.gov.in/Home/PublicDashboard
1628,Roads & Highways,Ministry of Road Transport & Highways,618810,4L of existing Beas  Baba Bakala - Dera Baba Nanak Section from start of Batala Bypass  till intersection with Ajnala Gurdaspur Highway NH 354 near Dera Baba Nanak  from Km. 31.300 to Km. 69.100  with Additional batala Bypass Pkg-II,1003,993.6,586.56,2025-06-21,2026-11-15,512.0,1,,https://ipm.mospi.gov.in/Home/PublicDashboard
1629,Roads & Highways,Ministry of Road Transport & Highways,618811,4L Access Controlled  Greenfield Highway Section Mancherial  Warangal from Pangidipalle village at Design Ch. 72.350 Km to Oorugonda village at Design Ch. 112.240 KmPackage-III,1184,1170.64,83.68,2027-06-13,2027-06-30,17.0,1,,https://ipm.mospi.gov.in/Home/PublicDashboard
1630,Roads & Highways,Ministry of Road Transport & Highways,618812,4L Access Controlled Greenfield Section Mancherial  Warangal from Puttapaka village at Design Ch. 35.300 Km to Pangidipalle village at Design Ch. 72.350 KmPackage-II,1129,1145.41,31.41,2027-06-13,2027-06-30,17.0,1,,https://ipm.mospi.gov.in/Home/PublicDashboard
1631,Roads & Highways,Ministry of Road Transport & Highways,618813,4L Access Controlled Greenfield Section Mancherial  Warangal from Narva village at Design Ch. 3.834 Km to Puttapaka village at Design Ch. 35.300 Km Package-I,1128,1104.27,66.79,2026-12-22,2027-06-30,190.0,1,,https://ipm.mospi.gov.in/Home/PublicDashboard
1632,Roads & Highways,Ministry of Road Transport & Highways,618814,4L Access Controlled Greenfield Highway section on NH163G Warangal-Khammam from Oorugonda village in Hanamkonda District at Design Ch. 112.240 Km to Venkatpur village in Warangal District at Design Ch. 150.240 KmPackage-I,1143,1140.82,64.38,2027-06-12,2027-06-30,18.0,1,,https://ipm.mospi.gov.in/Home/PublicDashboard
1633,Roads & Highways,Ministry of Road Transport & Highways,618815,4L Access Controlled Greenfield Highway section on NH-163G Warangal-Khammam from Venkatpur village in Warangal District at Design Ch. 150.240 Km to Thallasenkesa village in Mahabubabed District at Design Ch. 189.650 kmPackage-II,1093,1083.11,261.74,2026-04-18,2026-10-31,196.0,1,,https://ipm.mospi.gov.in/Home/PublicDashboard
1634,Roads & Highways,Ministry of Road Transport & Highways,618816,4L Access Controlled Greenfield Highway section on NH-163G Warangal-Khammam from Thallasenkesa village at Design Ch. 189.650 km to V.Vekatayapalem village in Khammam District at Design Ch. 220.480 KmPackage-III,1105,1098.05,72.08,2027-07-03,2027-07-03,0.0,0,,https://ipm.mospi.gov.in/Home/PublicDashboard
1635,Roads & Highways,Ministry of Road Transport & Highways,618817,4L Access Controlled Greenfield Highway section on NH-163G Khammam Vijayawada from V. Venkatayapalem village at Design Ch. 220.480 Km to BrahmanapalliK village at Design Ch. 250.400 Km Package-I.,973,1021.96,189.17,2027-03-18,2027-03-18,0.0,0,,https://ipm.mospi.gov.in/Home/PublicDashboard
1636,Roads & Highways,Ministry of Road Transport & Highways,618818,4L Access Controlled Greenfield Highway section on NH-163G Khammam Vijayawada from Remidicherla village at Design Ch. 280.200 Km to Jakkampudi village on NH-16 at Design Ch. 309.909 Km Package-III,1183,1225.14,0.91,2027-05-07,2027-05-07,0.0,0,,https://ipm.mospi.gov.in/Home/PublicDashboard
1637,Roads & Highways,Ministry of Road Transport & Highways,618819,Balance work of Panikoili Rimoli Section of new NH-20 from Km 0.00 to Km. 163.000,183,200.79,89.36,2022-03-11,2022-07-10,121.0,1,,https://ipm.mospi.gov.in/Home/PublicDashboard
1638,Roads & Highways,Ministry of Road Transport & Highways,618820,Rehabilitation and Up gradation from 4 to 8 laning of Chandikhole  Paradip Section of NH-53 Old NH  5A from Km.39.000 to Km.60.00 Package-3,862,938.55,344.31,2025-12-14,2026-06-30,198.0,1,,https://ipm.mospi.gov.in/Home/PublicDashboard
1639,Roads & Highways,Ministry of Road Transport & Highways,618821,Rehabilitation and Up gradation from 4 to 8 laning of Chandikhole  Paradip Section of NH-53 Old NH  5A from Km 18.00 to Km 39.00 in the State of Odisha on HAM mode Package-2,920,950.4,403.51,2025-12-14,2026-06-30,198.0,1,,https://ipm.mospi.gov.in/Home/PublicDashboard
1640,Roads & Highways,Ministry of Road Transport & Highways,618822,Rehabilitation and Up gradation from 4 to 8 laning of Chandikhole  Paradip Section of NH-53 Old NH  5A from Km.0.00 to Km.18.00Package-1,930,869.45,362.18,2025-12-14,2026-06-30,198.0,1,,https://ipm.mospi.gov.in/Home/PublicDashboard
1641,Roads & Highways,Ministry of Road Transport & Highways,618823,4 laning of Barasat - Barajaguli Section of NH-12 from Km. 31.000 to Km. 48.679 in the district of North 24 - Parganas,352,346.39,54.34,2026-02-11,2026-12-11,303.0,1,,https://ipm.mospi.gov.in/Home/PublicDashboard
1642,Roads & Highways,Ministry of Road Transport & Highways,618824,"Development to 4-laning of the de-scoped stretches from Km 115.342 to Km 191.700 of NH-34 in Nadia District 3.962 & Murshidabad District 5.538 pertaining to Krishnagar to Berhampore section of NH-34 New NH-12 , in the state of West Bengal under NHO.",201,197.74,47.32,2026-01-16,2026-07-16,181.0,1,,https://ipm.mospi.gov.in/Home/PublicDashboard
1643,Roads & Highways,Ministry of Road Transport & Highways,618825,Bridge over Ganga River at d/s of Farraka Barrage including Approaches connecting Farakka-Raiganj,622,646.1,339.47,2021-12-18,2026-04-30,1594.0,1,,https://ipm.mospi.gov.in/Home/PublicDashboard
1644,Roads & Highways,Ministry of Road Transport & Highways,618826,4 Laning of NH-544D from Km 0.000 to km 37.000 of Anantapur- Muchukota section Pkg-1,908,905.98,440.84,2025-07-21,2026-05-29,312.0,1,,https://ipm.mospi.gov.in/Home/PublicDashboard
1645,Roads & Highways,Ministry of Road Transport & Highways,618827,4 Laning of NH-544D from Km 37.000 to km 69.000 of Muchukota- Bugga section Pkg-2,1098,1055.23,320.17,2025-08-15,2026-07-24,343.0,1,,https://ipm.mospi.gov.in/Home/PublicDashboard
1646,Roads & Highways,Ministry of Road Transport & Highways,618828,4L from Km 219.600 Khajuri to Km 260.483 Wyndhamganj on NH-75 Sec-V,1436,1465.55,826.67,2025-09-14,2026-04-30,228.0,1,,https://ipm.mospi.gov.in/Home/PublicDashboard
1647,Roads & Highways,Ministry of Road Transport & Highways,618829,4L from km 196.87 Sankha to km 219.6 Khajuri on NH-75 [Rehla / Garhwa Bypass],1129,1129.48,527.11,2023-10-06,,,,,https://ipm.mospi.gov.in/Home/PublicDashboard
1648,Roads & Highways,Ministry of Road Transport & Highways,618830,4L from Km 147.450 Bhogu to Km 196.870 Sankha on NH-75 Sec-III,1518,1652.09,949.61,2025-11-08,2026-06-30,234.0,1,,https://ipm.mospi.gov.in/Home/PublicDashboard
1649,Roads & Highways,Ministry of Road Transport & Highways,618831,4L from Km 95.400 Udaipura to Km 147.450 Bhogu on NH-75 Sec-II,1437,1301.54,177.44,2026-10-09,2027-03-31,173.0,1,,https://ipm.mospi.gov.in/Home/PublicDashboard
1650,Roads & Highways,Ministry of Road Transport & Highways,618832,4L from Km 55.00 Kuru to Km 95.400 Udaipura on NH-75 Sec-I,1275,,1.69,2028-01-10,2028-01-10,0.0,0,,https://ipm.mospi.gov.in/Home/PublicDashboard
1651,Roads & Highways,Ministry of Road Transport & Highways,618833,Kodinar - Veraval Package VI from km. 221.610 to km. 263.00 of NH-8E & km. 120.900 to km. 121.150 of NH-8D,894,1127.42,453.77,2020-07-30,2026-04-30,2100.0,1,,https://ipm.mospi.gov.in/Home/PublicDashboard
1652,Roads & Highways,Ministry of Road Transport & Highways,618834,4L Kodinar - Veraval Package VI from km. 222.400 to km. 230.00 Kodinar Bypass of NH-8E NH 51 new,163,192.01,174.82,2023-09-20,2025-04-30,588.0,1,,https://ipm.mospi.gov.in/Home/PublicDashboard
1653,Roads & Highways,Ministry of Road Transport & Highways,618835,4L of Bal Works of Talaja - Mahuva from 54.990 km. to 100.450 km. of Old NH-8E Package-II,698,735.51,418.41,2022-09-24,,,,,https://ipm.mospi.gov.in/Home/PublicDashboard
1654,Roads & Highways,Ministry of Road Transport & Highways,618836,4L of Ratnagiri - Kolhapur section from km 67.140 to km 112.340 of NH-166 Pkg  II,1985,1798.0,347.25,2025-05-24,2026-05-30,371.0,1,,https://ipm.mospi.gov.in/Home/PublicDashboard
1655,Roads & Highways,Ministry of Road Transport & Highways,618837,4L of Ratnagiri - Kolhapur section from km 112.340 to km 145.300 of NH-166 PkgIII,1939,1910.41,443.49,2025-05-24,2026-05-30,371.0,1,,https://ipm.mospi.gov.in/Home/PublicDashboard
1656,Roads & Highways,Ministry of Road Transport & Highways,618838,4L of Karwar Km. 281.980 of NH-62 Nagaur road to Dangiyavas of Jodhpur Ring Road Pkg-II,737,512.77,399.95,2024-08-28,2026-04-30,610.0,1,,https://ipm.mospi.gov.in/Home/PublicDashboard
1657,Roads & Highways,Ministry of Road Transport & Highways,618839,Aunta - Simaria including Ganga Bridge,1309,2107.68,812.81,2022-02-07,2026-04-10,1523.0,1,,https://ipm.mospi.gov.in/Home/PublicDashboard
1658,Roads & Highways,Ministry of Road Transport & Highways,618840,Simaria Km. 206.050 to Khagaria Km. 266.282,664,891.64,340.09,2019-04-03,2026-07-31,2676.0,1,,https://ipm.mospi.gov.in/Home/PublicDashboard
1659,Roads & Highways,Ministry of Road Transport & Highways,618841,4L Elevated Section and at-grade improvements at Begusarai town Simaria - Khagaria section  from Km. 221.047 to Km. 225.302 of NH-31,491,348.38,333.67,2024-12-23,2026-06-20,544.0,1,,https://ipm.mospi.gov.in/Home/PublicDashboard
1660,Roads & Highways,Ministry of Road Transport & Highways,618843,Construction of two lane with paved shoulders bypass to Mungrabadshapur town starting from near Kodahu at Km 47/225 of NH-319D and ending near Nauwadandi at Km 219/720 of NH-31 under NHO in the state of Uttar Pradesh on EPC mode,198,165.28,27.57,2027-03-21,2027-03-21,0.0,0,,https://ipm.mospi.gov.in/Home/PublicDashboard
1661,Roads & Highways,Ministry of Road Transport & Highways,618844,Viluppuram Km.0.000 to Puducherry Km.29.000,1358,1162.44,467.64,2023-11-24,2026-04-30,888.0,1,,https://ipm.mospi.gov.in/Home/PublicDashboard
1662,Roads & Highways,Ministry of Road Transport & Highways,618845,Puducherry Km.29.000 to Poondiyankuppam Km.67.000,1588,1415.9,397.76,2023-11-14,2026-04-30,898.0,1,,https://ipm.mospi.gov.in/Home/PublicDashboard
1663,Roads & Highways,Ministry of Road Transport & Highways,618846,Poondiyankuppam Km.67.000 to Sattanathapuram Km.123.800,2566,2319.35,1077.71,2024-01-19,2026-04-30,832.0,1,,https://ipm.mospi.gov.in/Home/PublicDashboard
1664,Roads & Highways,Ministry of Road Transport & Highways,618847,Sattanathapuram to Nagapattinam from Km 123.800 to Km 179.555,2900,2899.77,1201.24,2022-10-04,2026-08-31,1427.0,1,,https://ipm.mospi.gov.in/Home/PublicDashboard
1665,Roads & Highways,Ministry of Road Transport & Highways,618848,Construction of Underpass beneath airport runway on NH-31 old NH-56 for proposed expansion of runway of Babatpur Airport Varanasi,649,,0.09,2027-09-29,2027-09-29,0.0,0,,https://ipm.mospi.gov.in/Home/PublicDashboard
1666,Roads & Highways,Ministry of Road Transport & Highways,618849,Conversion of Partially Excavated Escape Tunnel to Uni-Directional 2L Tunnelincluding construction of cross passages and approach roads on either side of the tunnel from Km 12.732 to Km 14.568 of Kiratpur to Nerchowk Section of NH-21,444,412.88,394.6,2024-03-15,2026-04-30,776.0,1,,https://ipm.mospi.gov.in/Home/PublicDashboard
1667,Roads & Highways,Ministry of Road Transport & Highways,618850,Nerchowk km 190.000 to Pandoh including Pandoh bypass  km221.305,1464,1651.67,843.63,2020-07-11,2026-04-30,2119.0,1,,https://ipm.mospi.gov.in/Home/PublicDashboard
1668,Roads & Highways,Ministry of Road Transport & Highways,618851,Pandoh bypass 221.305 to Takoli 242.000 of NH-21 in the state of Himachal Pradesh,3420,4465.94,1848.29,2021-09-23,2026-06-16,1727.0,1,,https://ipm.mospi.gov.in/Home/PublicDashboard
1669,Roads & Highways,Ministry of Road Transport & Highways,618852,4L  Sundar Nagar Bypass from  Km.173.900 to Km.179.600 of NH-21,191,192.11,181.41,2024-06-14,2026-04-30,685.0,1,,https://ipm.mospi.gov.in/Home/PublicDashboard
1670,Roads & Highways,Ministry of Road Transport & Highways,618853,Construction of Four lane Elevated Structure at Raniwada Circle in Sanchore City on NH-68,353,241.34,156.66,2026-07-11,2026-07-11,0.0,0,,https://ipm.mospi.gov.in/Home/PublicDashboard
1671,Roads & Highways,Ministry of Road Transport & Highways,618854,2L PS of Raebareli - Jagdishpur with 4L Jagdishpur Bypass Spur,706,752.52,515.53,2024-01-06,2025-06-10,521.0,1,,https://ipm.mospi.gov.in/Home/PublicDashboard
1672,Roads & Highways,Ministry of Road Transport & Highways,618855,"Improvement and Up-Gradation of Existing Road to 2/4L PS from Km 40.000 to 88.750, start of Khutar bypass to start of Shahjahanpur bypass of NH 731Pkg-I",839,838.68,560.48,2025-02-02,2026-04-15,437.0,1,,https://ipm.mospi.gov.in/Home/PublicDashboard
1673,Roads & Highways,Ministry of Road Transport & Highways,618856,"Improvement and Up-Gradation of Existing Road to 4L PS from Km 123.650 to 175.080, from Start of Shahabad Bypass to End of Hardoi bypass of NH 731 Pkg-2B",1102,1212.26,312.89,2025-11-19,2026-12-31,407.0,1,,https://ipm.mospi.gov.in/Home/PublicDashboard
1674,Roads & Highways,Ministry of Road Transport & Highways,618858,"Improvement and Up-Gradation of Existing Road to 4L PS from Km 88.750 to 123.650, from Start of Shahjahanpur Bypass to start of Shahabad bypass of NH 731Pkg.-2A",955,955.34,240.51,2026-01-18,2026-12-31,347.0,1,,https://ipm.mospi.gov.in/Home/PublicDashboard
1675,Roads & Highways,Ministry of Road Transport & Highways,618859,"Improvement and Up-Gradation of Existing Road to 4L PS from Km 229.070 to 260.800, End of Hardoi District to Lucknow Ring road of NH 731 Pkg-4",576,553.61,371.48,2024-10-23,2026-04-30,554.0,1,,https://ipm.mospi.gov.in/Home/PublicDashboard
1676,Roads & Highways,Ministry of Road Transport & Highways,618861,Bakhtiyarpur-Rajauli Pkg-II from km. 54.405 to km.101.630,897,1397.47,838.02,2023-07-11,2026-04-30,1024.0,1,,https://ipm.mospi.gov.in/Home/PublicDashboard
1677,Roads & Highways,Ministry of Road Transport & Highways,618862,Bakhtiyarpur-Rajauli Pkg-III from km. 101.630 to km.152.520,2156,3046.61,1589.83,2024-06-27,2026-04-30,672.0,1,,https://ipm.mospi.gov.in/Home/PublicDashboard
1678,Roads & Highways,Ministry of Road Transport & Highways,618863,Barhi-Koderma Section of NH31 km 0.00 - km 27.5,662,826.59,478.47,2024-08-03,2026-04-30,635.0,1,,https://ipm.mospi.gov.in/Home/PublicDashboard
1679,Roads & Highways,Ministry of Road Transport & Highways,618864,4L from Mathura Bypass Start at Existing Km. 154.20 of NH-44 to Gaju Village at Km 32.982 of NH-530B Pkg-IB,1722,1820.77,1049.84,2025-03-19,2026-04-15,392.0,1,,https://ipm.mospi.gov.in/Home/PublicDashboard
1680,Roads & Highways,Ministry of Road Transport & Highways,618865,4L from Gaju Village at Km. 32.982 to Devinagar Bypass End at Km. 208.000 of NH-530B Pkg-1C.,1385,1496.44,823.04,2025-01-01,,,,,https://ipm.mospi.gov.in/Home/PublicDashboard
1681,Roads & Highways,Ministry of Road Transport & Highways,618866,"Four Lane Highway from Chandan Nagar Existing Km. 59.025 of NH 530B/Design Km. 179.5000 to Bareilly BypassStartExisting Km. 59.025 of NH 530B/Design Km. 218.000 Section of NH 530B, in the State of Uttar Pradesh on HAM Mode under NH0",2077,1112.44,144.68,2027-11-18,2027-11-18,0.0,0,,https://ipm.mospi.gov.in/Home/PublicDashboard
1682,Roads & Highways,Ministry of Road Transport & Highways,618867,4L Kasganj-Badaun Section from Km. 123.100 to Km. 179.500 Pkg-III of NH530B,2009,1936.61,135.52,2027-05-29,2027-04-30,-29.0,0,,https://ipm.mospi.gov.in/Home/PublicDashboard
1683,Roads & Highways,Ministry of Road Transport & Highways,618868,4L from Devinagar Bypass End Existing Km. 208.000 of NH 530B/Design Km. 66.000 to Kasganj Bypass End Existing Km.150.100 of NH 530B/ Design Km. 123.100 of NH 530B,2290,2223.71,405.32,2026-06-05,2026-06-05,0.0,0,,https://ipm.mospi.gov.in/Home/PublicDashboard
1684,Roads & Highways,Ministry of Road Transport & Highways,618869,"Construction of 4/6 lane Highway of Southern Bareilly Bypass, starting at Ch. 237000 of NH 530 near Jhumka chauraha,  Dhantiya village and ending at Ch. 267000 of NH 30 near Invertis University including Trumpet Interchange",1122,1869.59,52.15,2028-06-23,2028-06-23,0.0,0,,https://ipm.mospi.gov.in/Home/PublicDashboard
1685,Roads & Highways,Ministry of Road Transport & Highways,618870,4L PS from near Hemmige Village Periyapatna - Hassan Road Jn. to near Hunsur - KR Nagar Jn section from Km. 144.900 to Km. 169.000 of NH-275  Pkg. III,884,1726.65,60.91,2027-04-02,2027-04-02,0.0,0,,https://ipm.mospi.gov.in/Home/PublicDashboard
1686,Roads & Highways,Ministry of Road Transport & Highways,618871,4L PS from Near Guddehosur to Start of Kushalnagara Bypass to near Hemmige Village Periyapatna - Hassan Road Jn from Km. 122.200 to Km. 144.900 of NH-275  Pkg. II,910,896.42,2.9,2027-12-07,2027-12-07,0.0,0,,https://ipm.mospi.gov.in/Home/PublicDashboard
1687,Roads & Highways,Ministry of Road Transport & Highways,618872,4L PS from near Hunsur - KR Nagar Junction to near Yalachahalli village KR Nagara - Yelawala Road Junction fcrom Km 169.000 to Km 195.550 of NH-275 Pkg-IV,1063,952.03,92.49,2027-04-29,2027-04-29,0.0,0,,https://ipm.mospi.gov.in/Home/PublicDashboard
1688,Roads & Highways,Ministry of Road Transport & Highways,618873,4L PS from near Yalachahalli village KR Nagara - Yelawala Road junction to Srirangapatna Bypass Near Paschima Vahini from km 195.550 to Km 214.535 of NH-275 Pkg-V,1273,1203.2,97.25,2027-04-06,2027-04-06,0.0,0,,https://ipm.mospi.gov.in/Home/PublicDashboard
1689,Roads & Highways,Ministry of Road Transport & Highways,618874,Four Laning of Trichy - Dindigul from km. 333.00 to km. 421.273 of NH-45,1003,435.81,8.36,2010-07-14,2026-04-30,5769.0,1,,https://ipm.mospi.gov.in/Home/PublicDashboard
1690,Roads & Highways,Ministry of Road Transport & Highways,618875,4L of Haridwar  Nagina section Design Ch. LME from km 13.829 to km 17.110 & km 26.077 to km 27.508 and Design Ch. RME from km 13.839 to km 17.120 & km 26.078 to km 27.509 of EUP mitigation measures on NH74,184,142.11,96.31,2024-02-27,2026-06-30,854.0,1,,https://ipm.mospi.gov.in/Home/PublicDashboard
1691,Roads & Highways,Ministry of Road Transport & Highways,618878,Rehabilitation and Upgradation to 4L configuration & Strengthening of Sihuni to Rajol  from Km 51.000 to Km 72.000 of NH-154 Package-IIA,697,776.59,312.68,2025-09-26,2026-06-30,277.0,1,,https://ipm.mospi.gov.in/Home/PublicDashboard
1692,Roads & Highways,Ministry of Road Transport & Highways,618879,Rehabilitation and Upgradation to 2L PS configuration & Strengthening of Padhar to Bijni section from Km 180.000 to Km 202.815 of NH-154 Pkg-VA,931,930.86,338.46,2026-11-03,2026-11-03,0.0,0,,https://ipm.mospi.gov.in/Home/PublicDashboard
1693,Roads & Highways,Ministry of Road Transport & Highways,618880,Rehabilitation and Up-gradation to 4L configuration & Strengthening of Thanpuri to Paror section from Km 85.135 to Km 100.840 of NH-154 Pkg-IIC,816,666.79,195.95,2025-12-04,2026-07-30,238.0,1,,https://ipm.mospi.gov.in/Home/PublicDashboard
1694,Roads & Highways,Ministry of Road Transport & Highways,618881,4L PS  bijni to mandi section from Km 202.815 to Km 208.000 of NH-20 New NH-154  of Pathankot-Mandi Package-VB,1113,1112.39,308.94,2027-09-13,2027-09-13,0.0,0,,https://ipm.mospi.gov.in/Home/PublicDashboard
1695,Roads & Highways,Ministry of Road Transport & Highways,618882,Construction of additional 3-Lane Bridge over River Ganga for connection between Buxar and Bharauli on NH-922 in the State of Uttar Pradesh and Bihar on Hybrid Annuity Mode,532,444.92,18.6,2028-02-19,2028-02-19,0.0,0,,https://ipm.mospi.gov.in/Home/PublicDashboard
1696,Roads & Highways,Ministry of Road Transport & Highways,618883,Construction of Four Lane Highway form Ghazipur- Ballia-UP/Bihar State Border Greenfield section of NH-31 Package I [from Hridaipur km 0.000 to Shahapur km 42.500] on EPC Mode in the state of Uttar Pradesh.,1706,1579.59,799.01,2025-07-02,2026-04-30,302.0,1,,https://ipm.mospi.gov.in/Home/PublicDashboard
1697,Roads & Highways,Ministry of Road Transport & Highways,618884,Construction of Four Lane Highway from Ghazipur- Ballia-UP/Bihar State Border Greenfield section of NH-31 Package II [from Shahapur km 42.500 to Pindari km 78.150] on EPC Mode in the state of Uttar Pradesh.,1494,1311.44,679.94,2025-10-26,2026-07-31,278.0,1,,https://ipm.mospi.gov.in/Home/PublicDashboard
1698,Roads & Highways,Ministry of Road Transport & Highways,618885,Construction of Four Lane Highway from Ghazipur- Ballia-UP/Bihar State Border Greenfield section of NH-31 Package IV [from Buxur Spur of length km 17.270 on EPC Mode in the state of Uttar Pradesh.,618,549.02,232.0,2025-06-14,2026-08-31,443.0,1,,https://ipm.mospi.gov.in/Home/PublicDashboard
1699,Roads & Highways,Ministry of Road Transport & Highways,618886,Road Safety Improvement of Critical Junctions on MuzaffarnagarHaridwar Section of NH-334 from Km 143000 to Km 196000,239,0.1,6.06,2027-10-03,2027-10-03,0.0,0,,https://ipm.mospi.gov.in/Home/PublicDashboard
1700,Roads & Highways,Ministry of Road Transport & Highways,618887,4L of Bettadahalli- Shivamogga section from Km.170.415 to km. 226.750 of NH-206 Tumkur- Shivamogga Pkg-IV,2083,2545.11,864.0,2023-10-19,2027-03-31,1259.0,1,,https://ipm.mospi.gov.in/Home/PublicDashboard
1701,Roads & Highways,Ministry of Road Transport & Highways,618888,Rehabilitation and Up-gradation of existing road to 2L PS from End of Hamirpur Bypass near Chilbahal to Bhangbar section from Km. 138.295 to Km.175.270 of NH-88 Pkg-IV,1146,1358.62,293.06,2025-04-27,2026-06-30,429.0,1,,https://ipm.mospi.gov.in/Home/PublicDashboard
1702,Roads & Highways,Ministry of Road Transport & Highways,618889,"4L of Bhangbar Near Ranital to Kangra Bypass Section of Old NH-88 New NH-303,503 up to Intersection with NH-154 from Km 175.270 to Km 193.400 Pkg-VB",1323,1829.49,739.38,2024-12-27,2026-06-30,550.0,1,,https://ipm.mospi.gov.in/Home/PublicDashboard
1703,Roads & Highways,Ministry of Road Transport & Highways,618890,2L PS of Hamirpur Bypass from Km 121.175 to Km.138.295 of NH-103&3,739,754.82,233.24,2025-10-28,2026-06-30,245.0,1,,https://ipm.mospi.gov.in/Home/PublicDashboard
1704,Roads & Highways,Ministry of Road Transport & Highways,618891,4L PS from Kalar Bala Village to Nauni Chowk of NH 205 from Km 41.000 to Km 58.450,1244,786.91,59.37,2027-05-12,2027-09-09,120.0,1,,https://ipm.mospi.gov.in/Home/PublicDashboard
1705,Roads & Highways,Ministry of Road Transport & Highways,618893,Varanasi Gorakhpur Section Packege IV from km. 149.540 to km. 215.160 Mau-Gorakhpur,2967,3475.65,862.58,2019-10-07,2026-04-07,2374.0,1,,https://ipm.mospi.gov.in/Home/PublicDashboard
1706,Roads & Highways,Ministry of Road Transport & Highways,618894,4L of Madathukulam - Pollachi from km. 74.38 to km. 116.95 of old NH-209 New NH-83,1772,1772.13,461.42,2022-12-03,2026-04-30,1244.0,1,,https://ipm.mospi.gov.in/Home/PublicDashboard
1707,Roads & Highways,Ministry of Road Transport & Highways,618895,Kamalapuram to Oddanchatram from km. 0.00 to km. 35.822,1319,1319.42,388.15,2023-01-20,2026-05-31,1227.0,1,,https://ipm.mospi.gov.in/Home/PublicDashboard
1708,Roads & Highways,Ministry of Road Transport & Highways,618896,4L of Sannur to Bikarnakatte section from Km 691.350 to Km 736.362 of NH-169 Karkala - Mangalore Package-III,1386,2038.71,915.67,2024-10-08,2026-06-30,630.0,1,,https://ipm.mospi.gov.in/Home/PublicDashboard
1709,Roads & Highways,Ministry of Road Transport & Highways,618897,4L of Sethiyathope -Cholapuram section from Km. 65.960 to Km. 116.440 section of NH45 C Pkg-II,2356,2356.9,1011.39,2020-08-14,2026-04-30,2085.0,1,,https://ipm.mospi.gov.in/Home/PublicDashboard
1710,Roads & Highways,Ministry of Road Transport & Highways,618898,Balance Works for Four laning of Vikravandi to Sethiyathope section from Km 0.0 to Km 65.96 of NH-45C in Tamil Nadu under NHDP Phase-IV on EPC mode,1163,834.46,138.72,2027-06-24,2027-06-24,0.0,0,,https://ipm.mospi.gov.in/Home/PublicDashboard
1711,Roads & Highways,Ministry of Road Transport & Highways,618899,Kallagam km.38.700 to Meensurutti Km.98.433 of NH-227 in Tamil Nadu,1499,1499.12,640.87,2021-04-22,2026-04-30,1834.0,1,,https://ipm.mospi.gov.in/Home/PublicDashboard
1712,Roads & Highways,Ministry of Road Transport & Highways,618901,4L PS Divided Carriageway  from Patan Near Rajpur to Gojariya From Km 52.000  to Km 128.940 of NH-68,1181,1098.23,847.01,2025-03-07,2026-08-31,542.0,1,,https://ipm.mospi.gov.in/Home/PublicDashboard
1713,Roads & Highways,Ministry of Road Transport & Highways,618902,Maheshkunt-Saharsa-Purnea Pkg I km 0.00 to km. 90.00 of NH-107,662,1311.22,917.26,2021-12-19,2026-07-31,1685.0,1,,https://ipm.mospi.gov.in/Home/PublicDashboard
1714,Roads & Highways,Ministry of Road Transport & Highways,618903,Maheshkunt -Saharsa-Purnea Pkg II,1028,1244.09,815.63,2020-12-11,2026-06-30,2027.0,1,,https://ipm.mospi.gov.in/Home/PublicDashboard
1715,Roads & Highways,Ministry of Road Transport & Highways,618904,Chhapra - Hajipur from km. 143.200 to km. 209.200,2128,2171.6,98.07,2013-07-24,2026-04-30,4663.0,1,,https://ipm.mospi.gov.in/Home/PublicDashboard
1716,Roads & Highways,Ministry of Road Transport & Highways,618905,Widening with additional 3L abetting Chhapra Bypass Section of NH-19 from Km. 143.200 to Km. 159.255 Pkg-1,470,528.48,177.55,2026-08-29,2026-08-30,1.0,1,,https://ipm.mospi.gov.in/Home/PublicDashboard
1717,Roads & Highways,Ministry of Road Transport & Highways,618906,4L of Amritsar-Ghoman - Tanda - Una Section from Km 8.270 to Km 54.000 of NH-503A Package-I,858,1443.47,468.69,2024-06-19,2026-06-30,741.0,1,,https://ipm.mospi.gov.in/Home/PublicDashboard
1718,Roads & Highways,Ministry of Road Transport & Highways,618907,2L/4L of Hoshiarpur to Una section including Hoshiarpur Bypass of NH 503A,571,481.88,37.09,2027-05-20,2027-05-20,0.0,0,,https://ipm.mospi.gov.in/Home/PublicDashboard
1719,Roads & Highways,Ministry of Road Transport & Highways,618908,3L Major Bridge over River Brahmani at Km. 401.250 Duburi - Chandikhole Section of NH-200 New NH -53,154,103.68,61.82,2025-01-31,2026-12-31,699.0,1,,https://ipm.mospi.gov.in/Home/PublicDashboard
1720,Roads & Highways,Ministry of Road Transport & Highways,618909,2L PS of JH / WB Border km. 70.524 - Purulia km.84.400 & Purulia km. 94.30 - Chandil Junction with NH-33 km. 153.705 of Old NH-32,1652,1771.88,742.45,2022-08-06,2026-06-30,1424.0,1,,https://ipm.mospi.gov.in/Home/PublicDashboard
1721,Roads & Highways,Ministry of Road Transport & Highways,618910,4L of Purulia Bypass section from Km 84.030 to Km 94.345 of NH-32,558,562.57,463.78,2023-08-08,2026-04-30,996.0,1,,https://ipm.mospi.gov.in/Home/PublicDashboard
1722,Roads & Highways,Ministry of Road Transport & Highways,618911,4L Greenfield Western Side spur of Rampur-Rudrapur Section from Km 0.000 to Km 13.700 connecting NH-24 to NH-87 bypassing rampur town,646,637.83,146.15,2024-11-02,2026-05-31,575.0,1,,https://ipm.mospi.gov.in/Home/PublicDashboard
1723,Roads & Highways,Ministry of Road Transport & Highways,618912,Construction of Rudrapur Bypass Section from Km. 0.000 to 20.640 in the state of Uttar Pradesh & Uttarakhand,1052,1117.17,652.51,2026-01-11,2026-04-30,109.0,1,,https://ipm.mospi.gov.in/Home/PublicDashboard
1724,Roads & Highways,Ministry of Road Transport & Highways,618913,4-L of Rajamunda to Barkote Section of NH-23 from km. 287.200 to km. 337.185,610,630.97,114.77,2021-06-13,2024-12-31,1297.0,1,,https://ipm.mospi.gov.in/Home/PublicDashboard
1725,Roads & Highways,Ministry of Road Transport & Highways,618914,"4L Elevated Corridor and at-grade improvements from Design Ch0000 to Design Ch 19870 of Danapur  Bihta Section, Design Ch0000 to Design Ch0231 connecting the existing RoB near Danapur station ,1.35 Km ramps and at-grade improvements to 4-lane section on Danapur side and Upgradation of existing Two lane carriageway to Four Lane carriageway from Design Ch19870 to Design Ch23500 of Bihta - Koilwar section",4433,2625.4,1227.02,2026-09-08,2027-08-31,357.0,1,,https://ipm.mospi.gov.in/Home/PublicDashboard
1726,Roads & Highways,Ministry of Road Transport & Highways,618915,4L of Bal. works of Patna - Gaya -Dobhi Pkg-II from km. 39.00 to km. 83.00 of Old NH-83,1637,777.2,728.91,2022-11-08,2025-05-30,934.0,1,,https://ipm.mospi.gov.in/Home/PublicDashboard
1727,Roads & Highways,Ministry of Road Transport & Highways,618916,4L of Bal. works of Patna - Gaya -Dobhi Pkg-III from km. 83.00 to km. 127.217 of Old NH-83,1077,799.7,774.78,2022-11-23,2025-05-15,904.0,1,,https://ipm.mospi.gov.in/Home/PublicDashboard
1728,Roads & Highways,Ministry of Road Transport & Highways,618917,4L Greenfield starting from NH-30 near Saristabad Patna to Nathupur Project end point of Patna-Gaya-Dobhi Section of NH-83,488,419.66,82.68,2025-08-27,2026-04-23,239.0,1,,https://ipm.mospi.gov.in/Home/PublicDashboard
1729,Roads & Highways,Ministry of Road Transport & Highways,618919,4L PS from Mandlem Existing Km. 38.000/Design Km.30.600 to Atmakur Existing Km.73.000/Design Km 66.115 of NH340C  Package2,887,913.03,374.39,2025-11-22,,,,,https://ipm.mospi.gov.in/Home/PublicDashboard
1730,Roads & Highways,Ministry of Road Transport & Highways,618920,Access Controlled Highway of 4 Lane with Paved Shoulders from TN/AP Border Design Chainage Km 6151 to Puttur Design Chainage Km 81540 of NH-716 & 6 Lane with Paved Shoulders from Mallavaram to Renigunta,1347,1260.37,128.38,2026-12-13,2026-12-13,0.0,0,,https://ipm.mospi.gov.in/Home/PublicDashboard
1731,Roads & Highways,Ministry of Road Transport & Highways,618921,4L of Kathlighat to Shakral Village from Km 128.835 to Km 146.300 of NH- 5 Shimla Bypass - Pkg I,1703,2648.8,924.82,2026-04-21,2026-04-21,0.0,0,,https://ipm.mospi.gov.in/Home/PublicDashboard
1732,Roads & Highways,Ministry of Road Transport & Highways,618922,4L of Shakral Village to Dhalli Section from Km 146.300 to Km 156.560 Shimla Bypass - Pkg II and Shimla connectivity from Km 0.000 to Km 0.725 of NH-5,1956,2880.72,1155.67,2027-03-03,2027-03-03,0.0,0,,https://ipm.mospi.gov.in/Home/PublicDashboard
1733,Roads & Highways,Ministry of Road Transport & Highways,618923,4L Behsuma at Km 39.250 Ex. Km 39240 To Bijnor at Km 78.810 Ex. Km 86590 Design Length 39.560 Km  of NH-119 Pkg-II,2158,2553.12,565.63,2026-05-19,2026-05-19,0.0,0,,https://ipm.mospi.gov.in/Home/PublicDashboard
1734,Roads & Highways,Ministry of Road Transport & Highways,618924,2L PS of Najibabad Kotdwar section from 112.575 to Km. 138.635 of NH 119,189,99.2,25.55,2025-09-07,2026-06-30,296.0,1,,https://ipm.mospi.gov.in/Home/PublicDashboard
1735,Roads & Highways,Ministry of Road Transport & Highways,618925,Bijnor-Kotawali,301,334.48,247.27,2023-05-02,2026-04-30,1094.0,1,,https://ipm.mospi.gov.in/Home/PublicDashboard
1736,Roads & Highways,Ministry of Road Transport & Highways,618926,4L of Siwan- Masrakh section of Ram Janki Marg from Km 230.385 to Km 281.391 of NH-227A,1431,1927.04,98.48,2026-11-19,2028-11-19,731.0,1,,https://ipm.mospi.gov.in/Home/PublicDashboard
1737,Roads & Highways,Ministry of Road Transport & Highways,618927,4L of Moradabad-Thakurdwara-Kashipur Section from Km. 0.000 to Km. 38.77 of NH-734 Pkg-II,2007,1890.05,832.92,2026-03-14,2026-12-07,268.0,1,,https://ipm.mospi.gov.in/Home/PublicDashboard
1738,Roads & Highways,Ministry of Road Transport & Highways,618928,"Improvement & Up-gradation of NH-734 Section of Moradabad-Thakurdwara Kashipur including Moradabad & Kashipur Bypasse Package-III  Kashipur Bypass Length 14.490 Km., Starts from Ch. 38770 and ends at Ch. 53260 existing Ch. 05560",936,717.5,300.06,2025-09-14,2026-12-31,473.0,1,,https://ipm.mospi.gov.in/Home/PublicDashboard
1739,Roads & Highways,Ministry of Road Transport & Highways,618929,4L of Moradabad western side spur connecting NH-734 & NH-24 from Km. 0.000 to Km. 33.200 Pkg-I,1842,1843.54,934.13,2025-09-17,2026-06-30,286.0,1,,https://ipm.mospi.gov.in/Home/PublicDashboard
1740,Roads & Highways,Ministry of Road Transport & Highways,618931,4L PS from Ch. 179.780 in Bitada/Movi Village to Ch. 208.900 in Nasarpore Village of NH-56 Pkg-V,764,566.96,7.28,2027-11-26,2027-11-26,0.0,0,,https://ipm.mospi.gov.in/Home/PublicDashboard
1741,Roads & Highways,Ministry of Road Transport & Highways,618932,Construction of 6 lane Indore western bypass from km 0000 to Km 34000 Pkg -l  in the State of Madhya Pradesh on Hybrid Annuity Mode under NHO,1535,1472.68,180.48,2027-12-31,2027-12-31,0.0,0,,https://ipm.mospi.gov.in/Home/PublicDashboard
1742,Roads & Highways,Ministry of Road Transport & Highways,618933,Construction of 6 lane Indore western bypass from km 34000 to Km 64000 Pkg-II in the state of Madhya Pradesh on Hybrid Annuity Mode under NHO,1431,,8.62,2028-03-06,,,,,https://ipm.mospi.gov.in/Home/PublicDashboard
1743,Roads & Highways,Ministry of Road Transport & Highways,618934,Guwahati Ring Road in the State of Assam,5729,,2.25,2030-01-22,2030-01-22,0.0,0,,https://ipm.mospi.gov.in/Home/PublicDashboard
1744,Roads & Highways,Ministry of Road Transport & Highways,618935,4L  Ambala - Kalaamb from Km. -0.800 to Km. 33.015 of old NH-72,1184,1190.34,452.14,2025-06-08,2026-04-30,326.0,1,,https://ipm.mospi.gov.in/Home/PublicDashboard
1745,Roads & Highways,Ministry of Road Transport & Highways,618936,Jagadhari - Tajewala from Km -0.175 to 32.337 km of NH-344,1270,919.43,651.45,2025-02-06,2026-11-30,662.0,1,,https://ipm.mospi.gov.in/Home/PublicDashboard
1746,Roads & Highways,Ministry of Road Transport & Highways,618937,4L of Nagpur-Katol Section from Km. 13.00 to Km. 62.900 of NH-353J,1167,1432.82,958.33,2023-10-28,2026-06-30,976.0,1,,https://ipm.mospi.gov.in/Home/PublicDashboard
1747,Roads & Highways,Ministry of Road Transport & Highways,618938,4L of Rajura-Korpana-Adilabad Road upto M.S. Border from km 32.910 to km 89.090 of NH-353B,1013,1274.63,554.08,2024-10-15,2026-04-30,562.0,1,,https://ipm.mospi.gov.in/Home/PublicDashboard
1748,Roads & Highways,Ministry of Road Transport & Highways,618939,Construction of Standalone Flyover cum ROB from Design Ch.66.600 to Design Ch.68.800 in Gadchandur Town on NH-353B,191,107.76,17.78,2027-07-25,2027-07-25,0.0,0,,https://ipm.mospi.gov.in/Home/PublicDashboard
1749,Roads & Highways,Ministry of Road Transport & Highways,618941,4L of Bamni - Rajura - Warur - Devada upto M.S. Border of NH - 930D from km 19.000 to km 51.985,968,1187.19,398.73,2026-03-27,2026-08-26,152.0,1,,https://ipm.mospi.gov.in/Home/PublicDashboard
1750,Roads & Highways,Ministry of Road Transport & Highways,618942,Balance work of 2L PS  from Km 30.800 to Km 70.800 and 2L with Rigid Carriageway from Km 70.800 to  km 84.120 of Khanapur- KA/GOA Border section of NH-4A,227,149.44,103.98,2024-05-21,2026-11-30,923.0,1,,https://ipm.mospi.gov.in/Home/PublicDashboard
1751,Roads & Highways,Ministry of Road Transport & Highways,618943,Salem - Ulundurpet section from km 0.313 to km 136.670 of NH-68,861,1019.85,135.17,2011-01-14,2026-05-31,5616.0,1,,https://ipm.mospi.gov.in/Home/PublicDashboard
1752,Roads & Highways,Ministry of Road Transport & Highways,618944,Hyderabad - Maneguda,959,1218.49,142.89,2026-11-26,2026-11-26,0.0,0,,https://ipm.mospi.gov.in/Home/PublicDashboard
1753,Roads & Highways,Ministry of Road Transport & Highways,618945,4L of Kodad Design Km 0.00/Existing Km 185.00 of NH-65 to Khammam Design Km 31.800/Existing Km 29.400 of NH-365A,1149,1606.99,751.33,2024-05-31,2026-05-31,730.0,1,,https://ipm.mospi.gov.in/Home/PublicDashboard
1754,Roads & Highways,Ministry of Road Transport & Highways,618946,4L of Mehgama - Hansdiha from  km. 41.900 to km. 93.000 of NH -133A Pkg-II,1480,1568.18,866.62,2025-05-07,2026-04-30,358.0,1,,https://ipm.mospi.gov.in/Home/PublicDashboard
1755,Roads & Highways,Ministry of Road Transport & Highways,618947,4L of NH-80 from km 215.00 to km 260.00 Mirza Chauki to Farkka Pkg-I,1505,1508.21,785.08,2023-07-04,2026-07-31,1123.0,1,,https://ipm.mospi.gov.in/Home/PublicDashboard
1756,Roads & Highways,Ministry of Road Transport & Highways,618948,4L of NH-80 section of Mirza Chauki to Farakka section from existing km 190.00 to design km 200.75 junction at km 3.100 of NH 133 B and from existing km 260.00 to existing km 283.00 design km 274.133 in the state of Jharkhand  package - II,782,,1.75,2028-01-31,2028-01-31,0.0,0,,https://ipm.mospi.gov.in/Home/PublicDashboard
1757,Roads & Highways,Ministry of Road Transport & Highways,618949,4L of Basukinath- Deoghar Section of NH-114A,1445,1553.76,643.68,2025-12-11,2026-07-27,228.0,1,,https://ipm.mospi.gov.in/Home/PublicDashboard
1758,Roads & Highways,Ministry of Road Transport & Highways,618950,Construction of Bypass to NH-114A Connecting NH-333 and NH-133 Deoghar  Bypass from design km 0.000 to design Km 49.000,1565,,0.12,2028-01-27,2028-03-27,60.0,1,,https://ipm.mospi.gov.in/Home/PublicDashboard
1759,Roads & Highways,Ministry of Road Transport & Highways,618951,Hariharganj to Parwa Mode section from km 23.284 to km 57.049 of NH-98,1126,1186.56,573.03,2024-02-29,2026-04-30,791.0,1,,https://ipm.mospi.gov.in/Home/PublicDashboard
1760,Roads & Highways,Ministry of Road Transport & Highways,618952,4L of Sahibganj - Manihari Ganga Bridge including Manihari Bypass,1955,1978.01,1716.98,2024-10-31,2026-12-31,791.0,1,,https://ipm.mospi.gov.in/Home/PublicDashboard
1761,Roads & Highways,Ministry of Road Transport & Highways,618953,Umagaon-Saharsa Package-IV Koshi Bridge & approach Road - Bheja-Bakaur,1200,1223.94,1086.2,2023-08-11,2026-09-30,1146.0,1,,https://ipm.mospi.gov.in/Home/PublicDashboard
1762,Roads & Highways,Ministry of Road Transport & Highways,618954,Umagaon - Saharsa Package - I Combined Umagaon-Kaluahi0.000KM to 21.609Km of NH227LSaharghat-Rahika0.000 Km to 26.130KM of NH227JRahika-Rampatti 0.00 KM to 15.00KM of NH527ABideshwarsthan-Bheja0.000KM to 25.915KM of NH527A.,1473,1703.02,550.3,2027-07-01,2027-07-01,0.0,0,,https://ipm.mospi.gov.in/Home/PublicDashboard
1763,Roads & Highways,Ministry of Road Transport & Highways,618955,2L PS of Majhauli to Charout section from km. 0.00 to km. 63.655,638,1067.51,559.21,2021-11-04,2026-04-30,1638.0,1,,https://ipm.mospi.gov.in/Home/PublicDashboard
1764,Roads & Highways,Ministry of Road Transport & Highways,618956,Construction of Major Bridge over Baghmati and Lakhandei River along with Approaches from Design km.16.500 to km.21.500,499,380.3,3.19,2027-04-30,2027-04-30,0.0,0,,https://ipm.mospi.gov.in/Home/PublicDashboard
1765,Roads & Highways,Ministry of Road Transport & Highways,618957,4 laning of Champa - Korba from km 0.00 to km 38.2,1002,1304.47,718.32,2024-01-05,2026-04-30,846.0,1,,https://ipm.mospi.gov.in/Home/PublicDashboard
1766,Roads & Highways,Ministry of Road Transport & Highways,618958,2L with ES of Yagyi - Kalewa section from Milepost 40/0 to Milepost 115/5 in Myanmar,1200,1200.14,,2023-06-01,2027-07-31,1521.0,1,,https://ipm.mospi.gov.in/Home/PublicDashboard
1767,Roads & Highways,Ministry of Road Transport & Highways,618959,4L Prayagraj Greenfield By-pass from design Km 50860 near Nibi Kala Uperhar to design Km 64763 on NH-19 near Khodaypur Kasgaon including Interchange loop at NH-19,1018,427.54,406.6,2025-03-26,,,,,https://ipm.mospi.gov.in/Home/PublicDashboard
1768,Roads & Highways,Ministry of Road Transport & Highways,618960,4 Lane Inner Ring Road around Allahabad City Pkg-2 Prayagraj Southern Bypass 43.200 - 50.860,1378,1007.62,349.12,2026-06-15,2026-06-18,3.0,1,,https://ipm.mospi.gov.in/Home/PublicDashboard
1769,Roads & Highways,Ministry of Road Transport & Highways,618961,4 Lane Inner Ring Road around Allahabad City Pkg-1 Prayagraj Southern Bypass 34.400  43.200,776,498.97,0.14,2027-12-18,2027-12-18,0.0,0,,https://ipm.mospi.gov.in/Home/PublicDashboard
1770,Roads & Highways,Ministry of Road Transport & Highways,618962,4L of Budhni to Shahganj Bypass End Package-III of NH-146B from Km. 73.750 to Km. 102.000,1103,770.21,36.75,2027-08-17,2027-05-08,-101.0,0,,https://ipm.mospi.gov.in/Home/PublicDashboard
1771,Roads & Highways,Ministry of Road Transport & Highways,618963,Construction work of 4-laning of Shahganj bypass end to Badi Package-IV of NH-146B from design km 102.000 to design km 142.357 Design length 40.357 km,784,836.64,284.02,2027-03-24,2027-03-24,0.0,0,,https://ipm.mospi.gov.in/Home/PublicDashboard
1772,Roads & Highways,Ministry of Road Transport & Highways,618964,4 Laning of Sandalpur to Nasrullaganj Pkg-1 section of NH-146B Length 43.2 Km.,1426,,11.29,2028-01-09,2028-01-09,0.0,0,,https://ipm.mospi.gov.in/Home/PublicDashboard
1773,Roads & Highways,Ministry of Road Transport & Highways,618966,Six laning with both sides Service Road of Ayodhya Bypass from Design Km 0000 near Ashram Tiraha on NH-46 to Km 16439 end at Ratnagiri Tiraha on Nh-146,1123,1103.22,53.31,2027-08-11,2027-08-11,0.0,0,,https://ipm.mospi.gov.in/Home/PublicDashboard
1774,Roads & Highways,Ministry of Road Transport & Highways,618967,Upgradation and Strengthening of Chenani to Nashri Section via Patnitop of NH244 from Km 0.000 to Km 39.100,295,295.06,131.8,2026-08-05,2026-08-05,0.0,0,,https://ipm.mospi.gov.in/Home/PublicDashboard
1775,Roads & Highways,Ministry of Road Transport & Highways,618968,6L access control Greenfield highway of Vill-Khyawari to Vill-Latifpur at Saharanpur Bypass  from Km. 82.000 to Km. 119.790 Pkg-4,1428,1439.35,1193.3,2024-09-02,2026-04-14,589.0,1,,https://ipm.mospi.gov.in/Home/PublicDashboard
1776,Roads & Highways,Ministry of Road Transport & Highways,618969,4/6L of  Spur to Haridwar Greenfield from Km. 0.000 to Km. 50.70,2156,2612.3,1450.4,2025-02-19,2026-06-30,496.0,1,,https://ipm.mospi.gov.in/Home/PublicDashboard
1777,Roads & Highways,Ministry of Road Transport & Highways,618970,6L access control Greenfield highway of Vill-Lohadda to Vill-Karaunda Mahajan from Km. 27.000 to Km. 56.500 Pkg-2,1335,1335.38,984.58,2024-09-02,2026-04-14,589.0,1,,https://ipm.mospi.gov.in/Home/PublicDashboard
1778,Roads & Highways,Ministry of Road Transport & Highways,619003,Solan - Kaithlighat Section of NH-22 Now NH-5 from Km. 106.139 to Km.129.05,882,1519.53,641.55,2021-05-06,2026-11-16,2020.0,1,,https://ipm.mospi.gov.in/Home/PublicDashboard
1779,Roads & Highways,Ministry of Road Transport & Highways,619004,"Construction of Dubrajpur Bypass with 4-lane configuration of length 5.676 km on NH-60   new NH-14    from design chainage 0.00   existing km 316.135 on NH-60    to design chainage 5.676   existing km 320.980 on NH-60    in the district of Birbhum, West Bengal under Annual Plan 2022-23 in EPC Mode- reg.    Job. No. 014-WB-2022-23/518   .",561,,,2027-12-18,2027-12-18,0.0,0,,https://ipm.mospi.gov.in/Home/PublicDashboard
1780,Roads & Highways,Ministry of Road Transport & Highways,619005,Construction of bypass around Chatra Town on NH-22 old NH-99 in the state of Jharkhand under EPC Mode,235,199.2,,2028-01-01,2026-01-05,-726.0,0,,https://ipm.mospi.gov.in/Home/PublicDashboard
1781,Roads & Highways,Ministry of Road Transport & Highways,619007,Upgradation of Sarvardewla to Pal MP/MH Border Road section of NH-347 C from Design Chainge km 81.600 to 137.400 Total length 55.80 km to two lane with paved shoulder configuration along with One time improvement of 1 .95 km in the State of Madhya Pradesh on EPC mode.,461,,,2028-01-02,,,,,https://ipm.mospi.gov.in/Home/PublicDashboard
1782,Roads & Highways,Ministry of Road Transport & Highways,619008,Rehabilitation and Up gradation of Charthana  Jintur Section of NH 752 I Km 25100 to 47100 to 2 Lane with Paved Shoulder configuration Flexible Pavement in the state of Maharashtra on EPC mode. Reg- Resubmission of Annual Plan Estimate.,158,,,2027-07-26,2026-07-27,-364.0,0,,https://ipm.mospi.gov.in/Home/PublicDashboard
1783,Roads & Highways,Ministry of Road Transport & Highways,619010,Up-gradation to 2 lane with paved shoutders of Pawlrang - Rulchawm section- of NH-102B of Aizawl - Imphal Economic Corridor from Existing Chainage km 72.030 to km 104.129 including 2.459 km re-alignment section from Tuivai River to Rulchawm connecting km 48.150 of NH-6 [Design Chainage km 68.170 to km 98.579] in the State of Mizoram under Bharatmala Pariyojna on EPC mode under NHO-NE Package-3  Keifang- Tuivai Pkg-3,501,,305.45,2025-05-08,2025-07-12,65.0,1,,https://ipm.mospi.gov.in/Home/PublicDashboard
1784,Roads & Highways,Ministry of Road Transport & Highways,619013,"Construction of Balance Work of 4-Laning of the Section from Jhanji to Demow of NH-37 Old from Km 501.800 to Km 514.800 13.000 Km, under SARDP- NE under EPC Mode in the state of Assam Pkg-II Road Works",509,542.87,58.12,2026-01-22,,,,,https://ipm.mospi.gov.in/Home/PublicDashboard
1785,Roads & Highways,Ministry of Road Transport & Highways,619038,Construction/upgradation to 2-lane with paved shoulder from Design Km 95.55 Bandarkoot to Km. 111.06 Chattroo of 15.52 Km length on Khellani-Kishtwar-Chattroo section on NH-244  in UT of Jammu and Kashmir on EPC Mode Pkg-5,497,,240.1,2023-02-19,2025-06-06,838.0,1,,https://ipm.mospi.gov.in/Home/PublicDashboard
1786,Roads & Highways,Ministry of Road Transport & Highways,619042,"Construction of six lane Flyover at Katraj junction at Km, 3/880 of NH 548-DD   Vadgaon - Katraj - Kondhwa - Mantarwadi Chowk - Loni Kalbhor - Theur Phata - Lonikand Road    in Pune Dist of the State of Maharashtra. On Engineering Procurement and construction   EPC    Basis mode   L.1.326 Km,",164,,,2026-02-18,2023-02-25,-1089.0,0,,https://ipm.mospi.gov.in/Home/PublicDashboard
1787,Roads & Highways,Ministry of Road Transport & Highways,619045,Construction of New Double Tier 4L Elevated Corridor from Chennai Port to Maduravoyal in Chennai District from km -0.342 to Km 20.593 and Package IV from Km 14.185 to Km 20.593,1205,1210.21,39.06,2026-05-20,2027-11-16,545.0,1,,https://ipm.mospi.gov.in/Home/PublicDashboard
1788,Roads & Highways,Ministry of Road Transport & Highways,619057,Construction of 4-Lane Badarpur Bypass from Design Chainage km 27300 at crossing with NH-6 Old NH-44 Near Siddeswar Pt.-I Village to Design Chainage km 38600 on NH-37 Old NH-44 at Kandigram Chaita Village on Silchar - Churaibari stretch in the State of Assam on EPC Mode under Bharatmala Pariyojana in Economic Corridors Silchar- Churaibari Pkg-3,574,,316.32,2026-08-09,2026-08-10,1.0,1,,https://ipm.mospi.gov.in/Home/PublicDashboard
1789,Roads & Highways,Ministry of Road Transport & Highways,619059,Construction of 2-Lane with hard shoulders of Merangkong-Tamlu-Mon Road on EPC Basis from existing road Km. 76.640 to Km 98.065 Design chainage Km. 63.800 to Km. 86.835 Design Length-23.035 Km in the state of Nagaland under SARDP-NE  PKG-IV Balance work,324,,70.46,2025-09-10,2026-12-31,477.0,1,,https://ipm.mospi.gov.in/Home/PublicDashboard
1790,Roads & Highways,Ministry of Road Transport & Highways,619060,"Construction of Balance Work of 4-Laning of the Section from Jhanji to Demow of NH-37 Old from Km 514.800 to Km 534.800 20.000 Km, under SARDP- NE under EPC Mode in the state of Assam Pkg-III Road Works",345,619.7,46.37,2025-09-28,,,,,https://ipm.mospi.gov.in/Home/PublicDashboard
1791,Roads & Highways,Ministry of Road Transport & Highways,619063,4L Greenfield spur from Delhi-Vadodara Greenfield expressway near Bandikui to Jaipur,1636,2170.39,1204.89,2024-11-10,2026-04-30,536.0,1,,https://ipm.mospi.gov.in/Home/PublicDashboard
1792,Roads & Highways,Ministry of Road Transport & Highways,619064,Vadodara Mumbai Expressway Talsari to Karvad Phase IB - Pkg X [Km 103.400 to Km 128.000],1910,2652.24,670.18,2024-03-21,2026-11-15,969.0,1,,https://ipm.mospi.gov.in/Home/PublicDashboard
1793,Roads & Highways,Ministry of Road Transport & Highways,619066,Delhi-Amritsar-Katra Expressway Phase-II Pkg-XIV from Junction with Pathankot-Gurdaspur road NH-54 near Balsua to Junction with Hiranagar Road near village Gurha Baildaran km 423500 to km 468100,3044,3707.91,1538.57,2024-09-25,2026-06-30,643.0,1,,https://ipm.mospi.gov.in/Home/PublicDashboard
1794,Roads & Highways,Ministry of Road Transport & Highways,619067,6L of Chiloda-Naroda section from Km. 540.595 to  Km. 555.595 of NH-8Package-VII,357,463.03,103.1,2019-05-10,2026-05-31,2578.0,1,,https://ipm.mospi.gov.in/Home/PublicDashboard
1795,Roads & Highways,Ministry of Road Transport & Highways,619068,Construction of Greenfield Connectivity to Jewar International Airport from DND-Faridabad-Ballabhgarh Bypass KMP Link - Spur to Delhi Mumbai Expressway,2921,3485.77,941.1,2025-06-21,2027-04-16,664.0,1,,https://ipm.mospi.gov.in/Home/PublicDashboard
1796,Roads & Highways,Ministry of Road Transport & Highways,619069,Satara Km 725.000 to Pune Km 865.350 of NH - 4 New NH - 48 in Maharashtra,362,425.51,58.42,2022-05-04,2026-06-30,1518.0,1,,https://ipm.mospi.gov.in/Home/PublicDashboard
1797,Roads & Highways,Ministry of Road Transport & Highways,619070,Tumkur-Chitradurga,839,47.44,8.24,2013-12-01,2026-06-30,4594.0,1,,https://ipm.mospi.gov.in/Home/PublicDashboard
1798,Roads & Highways,Ministry of Road Transport & Highways,619071,Tumkur - Nelamangala 6L,2032,1664.2,504.51,2025-08-25,2027-03-31,583.0,1,,https://ipm.mospi.gov.in/Home/PublicDashboard
1799,Roads & Highways,Ministry of Road Transport & Highways,619072,Bangalore/TN border to Hoskote,1182,1297.76,775.99,2025-02-14,2026-07-31,532.0,1,,https://ipm.mospi.gov.in/Home/PublicDashboard
1800,Roads & Highways,Ministry of Road Transport & Highways,619073,4L of 42.000 to km 80.00 of Dodaballapur Bypass to Hoskote section of NH-648  Old NH-207 [Bangalore Ring Road Pkg 2],1318,1846.52,1015.48,2023-02-21,2026-04-30,1164.0,1,,https://ipm.mospi.gov.in/Home/PublicDashboard
1801,Roads & Highways,Ministry of Road Transport & Highways,619074,6-laning of Krishnagiri Km.0.000 to Walajahpet Km.148.300 section on NH-46 under NHDP-V,1673,781.74,266.14,2013-12-04,2026-06-30,4591.0,1,,https://ipm.mospi.gov.in/Home/PublicDashboard
1802,Roads & Highways,Ministry of Road Transport & Highways,619075,6L of Bhubaneswar - Jagatpur - Chandikhole Section of NH-16,639,632.89,2.07,2014-06-10,2026-04-30,4342.0,1,,https://ipm.mospi.gov.in/Home/PublicDashboard
1803,Roads & Highways,Ministry of Road Transport & Highways,619076,Six Laning of Vijayawada Bypass from Chinna Avutapalli to Gollapudi in Vijayawada - Gundugolanu Section from km. 0.00 to km. 30.00 Pkg-III,1581,1883.71,856.44,2023-02-17,2026-05-31,1199.0,1,,https://ipm.mospi.gov.in/Home/PublicDashboard
1804,Roads & Highways,Ministry of Road Transport & Highways,619077,6 laning of Balance Work of Chennai - Tada from km. 21.40 to km. 54.40,465,472.37,182.72,2020-03-27,2026-04-30,2225.0,1,,https://ipm.mospi.gov.in/Home/PublicDashboard
1805,Roads & Highways,Ministry of Road Transport & Highways,619078,Six Laning of Bihar - Jharkhand Border Chordaha - Gorhar section of NH-2 from km 249.525 to km 320.810,1773,1689.17,542.53,2021-11-26,2026-12-31,1861.0,1,,https://ipm.mospi.gov.in/Home/PublicDashboard
1806,Roads & Highways,Ministry of Road Transport & Highways,619080,4L PS of Ambala Ring Road of New NH-44,1093,1225.41,394.35,2025-10-10,2026-09-13,338.0,1,,https://ipm.mospi.gov.in/Home/PublicDashboard
1807,Roads & Highways,Ministry of Road Transport & Highways,619083,Thumbipadi-Namakkal from km. 180.00 to km. 248.625 Package No. NS-2/BOT/TN-02,256,395.43,205.97,2009-02-14,2026-05-31,6315.0,1,,https://ipm.mospi.gov.in/Home/PublicDashboard
1808,Roads & Highways,Ministry of Road Transport & Highways,619084,Start of Karur Bypass - Dindigul from km. 292.600 to km. 305.600 Contract Package No. NS2/BOT/TN-4,462,515.03,42.27,2009-04-16,2026-04-30,6223.0,1,,https://ipm.mospi.gov.in/Home/PublicDashboard
1809,Roads & Highways,Ministry of Road Transport & Highways,619086,Chengapalli km 102.035 to Neelambur Km144.680 and Madukkarai Km 170.880 to Walayar K183.010 Package No. NS-2/BOT/TN-08,852,285.55,5.01,2013-03-07,2026-04-30,4802.0,1,,https://ipm.mospi.gov.in/Home/PublicDashboard
1810,Roads & Highways,Ministry of Road Transport & Highways,619087,Widening to 6L of Existing 4L Jetpur - Gondal - Rajkot Section from Km. 117.600 to Km. 185.00 on NH-27,2070,1390.29,807.97,2025-09-26,2027-01-31,492.0,1,,https://ipm.mospi.gov.in/Home/PublicDashboard
1811,Roads & Highways,Ministry of Road Transport & Highways,619089,Balance work of 4L of NarimbangloJatinga Junction- Harangajoroad section from Km 0.000 to Km 49.230 of NH-27,1910,2745.74,1170.13,2026-01-15,2026-06-30,166.0,1,,https://ipm.mospi.gov.in/Home/PublicDashboard
1812,Roads & Highways,Ministry of Road Transport & Highways,619090,8L of Dwarka Expressway Pkg-II RuB near Dwarka Sector 21-DL/HR Border from 5.300 Km.to 9.500 Km. of NH-248BB,2068,2670.22,1886.88,2021-10-16,2026-04-30,1657.0,1,,https://ipm.mospi.gov.in/Home/PublicDashboard
1813,Roads & Highways,Ministry of Road Transport & Highways,619092,4L of Jind-Gohana road Package-1 from km. 0.00 to km. 40.601 of NH-352 A under NHO,994,1606.82,619.52,2022-07-23,2026-04-30,1377.0,1,,https://ipm.mospi.gov.in/Home/PublicDashboard
1814,Roads & Highways,Ministry of Road Transport & Highways,619093,4L Ismailabad to Ambala Section of NH-152 Lot-4/Package-1,609,454.34,160.81,2025-12-06,2026-12-31,390.0,1,,https://ipm.mospi.gov.in/Home/PublicDashboard
1815,Roads & Highways,Ministry of Road Transport & Highways,619094,Thorapalli - Agraharam - Jittandahalli Section from km 23.350 to km 60.100 [Hosur to Dhamrapuri Pkg-2],1244,1272.11,589.41,2023-12-06,2026-12-31,1121.0,1,,https://ipm.mospi.gov.in/Home/PublicDashboard
1816,Roads & Highways,Ministry of Road Transport & Highways,619095,Balance works of 4L Panvel  Indapur section of NH66 old NH17 from km 42.300 kasu to km 84.600 Indapur,546,472.1,380.82,2024-05-17,2026-06-30,774.0,1,,https://ipm.mospi.gov.in/Home/PublicDashboard
1817,Roads & Highways,Ministry of Road Transport & Highways,619096,Goa / Karnataka Km.93.700 to Kundapur Km.283.30,1645,1990.99,326.66,2016-08-28,2026-07-31,3624.0,1,,https://ipm.mospi.gov.in/Home/PublicDashboard
1818,Roads & Highways,Ministry of Road Transport & Highways,619097,Thalassery Mahe Bypass Km 170.600 to Km 189.200 of NH-17New NH-66 in Kerala,1181,1573.18,708.74,2020-05-31,2026-04-08,2138.0,1,,https://ipm.mospi.gov.in/Home/PublicDashboard
1819,Roads & Highways,Ministry of Road Transport & Highways,619098,Kozhikode Bypass Calicut Bypass Vengalam Jn. to Ramanattukara Jn.,1425,2139.18,927.08,2023-02-21,2026-04-12,1146.0,1,,https://ipm.mospi.gov.in/Home/PublicDashboard
1820,Roads & Highways,Ministry of Road Transport & Highways,619099,6L Amritsar-Bathinda Greenfield section  from Jn. with Moga Jalandhar road NH-703 near Dharamkot to Jn. with Bhagta Bhai Ka-Bhadaur Road near Dyalpura Bhai Ka from km 39.000 to km 93.000 of NH-754A Pkg-2,1801,2172.71,580.27,2026-06-26,2026-12-31,188.0,1,,https://ipm.mospi.gov.in/Home/PublicDashboard
1821,Roads & Highways,Ministry of Road Transport & Highways,619100,Dhangaon - Borgaon section km 81.000 to km 139.000 [Indore - Edlabad Pkg IV],866,1185.04,590.91,2023-08-03,2026-05-31,1032.0,1,,https://ipm.mospi.gov.in/Home/PublicDashboard
1822,Roads & Highways,Ministry of Road Transport & Highways,619101,4L Shahpur to Muktainagar from Km. 186.000 to km 216.278  of NH 753L Pkg II of Boregaon Buzurg to Muktainagar,784,659.52,285.24,2026-03-14,2026-09-30,200.0,1,,https://ipm.mospi.gov.in/Home/PublicDashboard
1823,Roads & Highways,Ministry of Road Transport & Highways,619103,4/6 Laning of Raipur-Simga Pkg-I from km. 0.00 to km. 48.58,1097,1172.36,106.47,2018-04-20,2026-04-30,2932.0,1,,https://ipm.mospi.gov.in/Home/PublicDashboard
1824,Roads & Highways,Ministry of Road Transport & Highways,619104,4L/2L PS of Govindpur Raiganj - Chas - WB border section of from km. 0.00 to km. 56.889 of Old NH-32,1140,1154.8,6.64,2019-12-09,,,,,https://ipm.mospi.gov.in/Home/PublicDashboard
1825,Roads & Highways,Ministry of Road Transport & Highways,619105,6L Access Controlled Ludhiana-Bathinda Greenfield highway from Jn. with Moga-Barnala Road NH-703 near village Tallewal to Jn. with Delhi-Katra Expressway NE-5 near Ludhiana village Ballowal from Km 30.300 to Km 75.543 of NH-754AD Pkg-2,1555,1564.66,138.54,2027-09-29,2027-09-29,0.0,0,,https://ipm.mospi.gov.in/Home/PublicDashboard
1826,Roads & Highways,Ministry of Road Transport & Highways,619106,4 Lane with PS from Des. Ch 182.300 to Des. Ch. 228.500 of Belgaum-Hungund-Raichur Section of NH 748 A  Package-5,1142,868.65,176.76,2026-11-20,2026-11-20,0.0,0,,https://ipm.mospi.gov.in/Home/PublicDashboard
1827,Roads & Highways,Ministry of Road Transport & Highways,619107,4 Lane with PS from Des. Ch 136.100 to Des. Ch. 182.300 of Belgaum-Hungund-Raichur Section of NH-748A Package-4,1311,1123.35,4.66,2027-09-28,2027-09-28,0.0,0,,https://ipm.mospi.gov.in/Home/PublicDashboard
1828,Roads & Highways,Ministry of Road Transport & Highways,619108,4 Lane with PS from Des. Ch 0.000 to Des. Ch. 43.800 of Belgaum-Hungund-Raichur Section of NH-748A Package-1,1452,1256.55,126.2,2027-06-17,2027-06-17,0.0,0,,https://ipm.mospi.gov.in/Home/PublicDashboard
1829,Roads & Highways,Ministry of Road Transport & Highways,619109,6L of Badakumari - Karki Section from Km 179.000 to km 226.500 of NH-130-CD Package  OD-3,1102,1374.43,560.92,2024-04-11,2026-05-31,780.0,1,,https://ipm.mospi.gov.in/Home/PublicDashboard
1830,Roads & Highways,Ministry of Road Transport & Highways,619111,6L Jakkuva  Korlam Section of NH-130CD Road from km 396.800 to km 421.100 Pkg 2,841,840.51,495.8,2024-03-29,2026-05-31,793.0,1,,https://ipm.mospi.gov.in/Home/PublicDashboard
1831,Roads & Highways,Ministry of Road Transport & Highways,619112,6L Kantakapalle  Sabbavaram Section of NH-130CD Road from Km 445.100 to Km 464.662 Pkg-4,1013,1012.57,508.13,2024-10-04,2026-12-31,818.0,1,,https://ipm.mospi.gov.in/Home/PublicDashboard
1832,Roads & Highways,Ministry of Road Transport & Highways,619114,Indore - Harda Pkg-II [Raghavgarh to Nanasa from km. 29.30 to km. 92.30],1082,1146.63,345.65,2026-03-14,2026-12-31,292.0,1,,https://ipm.mospi.gov.in/Home/PublicDashboard
1833,Roads & Highways,Ministry of Road Transport & Highways,619117,Hassan km 184.912 to Maranahally km 230.060 of NH - 75 in Karnataka,1022,1091.4,695.38,2019-03-07,2026-04-30,2611.0,1,,https://ipm.mospi.gov.in/Home/PublicDashboard
1834,Roads & Highways,Ministry of Road Transport & Highways,619118,Four Laning of Angul to Sambalpur from Km.112.000 to Km.265.000,2510,2632.91,1194.08,2019-08-31,2026-04-30,2434.0,1,,https://ipm.mospi.gov.in/Home/PublicDashboard
1835,Roads & Highways,Ministry of Road Transport & Highways,619119,Cuttack-Angul Section of NH-42 New NH-55 from km 0.400 to km 60.200 Pkg-I in the State of Odisha,999,1178.31,497.62,2020-07-16,2026-04-30,2114.0,1,,https://ipm.mospi.gov.in/Home/PublicDashboard
1836,Roads & Highways,Ministry of Road Transport & Highways,619120,Nidagatta-Mysore Pkg II,2920,4113.89,1378.91,2022-06-07,2026-04-30,1423.0,1,,https://ipm.mospi.gov.in/Home/PublicDashboard
1837,Roads & Highways,Ministry of Road Transport & Highways,619121,4L of Hubli - Hospet Section of NH-63 from Km 128.850 to Km 272.571,2532,3619.32,1275.33,2020-03-13,2026-05-31,2270.0,1,,https://ipm.mospi.gov.in/Home/PublicDashboard
1838,Roads & Highways,Ministry of Road Transport & Highways,619122,Akshardham - DL/UP Border Pkg-01,1479,1476.75,1327.39,2024-12-23,2026-04-16,479.0,1,,https://ipm.mospi.gov.in/Home/PublicDashboard
1839,Roads & Highways,Ministry of Road Transport & Highways,619123,6L  Access Controlled Greenfield Highway from Narayanmpet Ch. 203500 to Chandrasekharpuram Ch. 228000Package-10,814,678.21,167.91,2026-02-10,2026-10-15,247.0,1,,https://ipm.mospi.gov.in/Home/PublicDashboard
1840,Roads & Highways,Ministry of Road Transport & Highways,619124,6L Access Controlled Greenfield Highway from Polavaram Ch. 260000 to Marripudi Ch. 285500 of [NH-544G]Package-12,747,626.83,204.06,2026-02-10,2026-08-13,184.0,1,,https://ipm.mospi.gov.in/Home/PublicDashboard
1841,Roads & Highways,Ministry of Road Transport & Highways,619125,6L  Access Controlled Greenfield Highway from Somavarappadu Ch.314.600 to Muppavaram Ch.343240 of [NH-544G] Package-14,1104,943.66,161.75,2026-02-11,2027-01-15,338.0,1,,https://ipm.mospi.gov.in/Home/PublicDashboard
1842,Roads & Highways,Ministry of Road Transport & Highways,619126,6L  Access Controlled Greenfield Highway from Marripudi Ch. 285500 to Somavarappadu Ch. 314600 of [NH-544G] Package-13,976,798.71,259.73,2026-02-09,2026-07-10,151.0,1,,https://ipm.mospi.gov.in/Home/PublicDashboard
1843,Roads & Highways,Ministry of Road Transport & Highways,619127,4L of Greenfield Alignment from Km. 47.000 to Km. 89.210 of  Balbhadarpur to Bela Nawda Section  of NH-119D,2186,2118.46,373.6,2026-03-10,2027-08-27,535.0,1,,https://ipm.mospi.gov.in/Home/PublicDashboard
1844,Roads & Highways,Ministry of Road Transport & Highways,619128,Khammam-Devarapalle Pkg II [4L Access Controlled Greenfield from Somavaram village to Chintagudem village Design Chainage 33604 to 63117],616,981.64,363.74,2024-09-12,2026-04-30,595.0,1,,https://ipm.mospi.gov.in/Home/PublicDashboard
1845,Roads & Highways,Ministry of Road Transport & Highways,619129,Mahabalipuram - Pondicherry Pkg-I [Mamallapuram to Mugaiyur],1361,1477.94,552.9,2024-05-10,2026-08-31,843.0,1,,https://ipm.mospi.gov.in/Home/PublicDashboard
1846,Roads & Highways,Ministry of Road Transport & Highways,619130,Mahabalipuram - Pondicherry Pkg-II [Mugaiyur to Marakkanam],1116,1463.75,520.05,2025-12-05,2026-08-31,269.0,1,,https://ipm.mospi.gov.in/Home/PublicDashboard
1847,Roads & Highways,Ministry of Road Transport & Highways,619131,Four Laning of Chettikulam to Natham section of NH-785,838,823.93,168.75,2020-11-03,2026-05-31,2035.0,1,,https://ipm.mospi.gov.in/Home/PublicDashboard
1848,Roads & Highways,Ministry of Road Transport & Highways,619132,4/6L of Gurgaon - Pataudi - Rewari from km. 0.00 to km.43.87 of NH-352W,1810,1917.5,496.01,2023-11-23,2026-06-30,950.0,1,,https://ipm.mospi.gov.in/Home/PublicDashboard
1849,Roads & Highways,Ministry of Road Transport & Highways,619134,6L of Ambala-Chandigarh greenfield section from Km. 0.000 to Km. 25.000 with 4L spur to Lalru from Km. 0.000 to Km. 5.828  & spur to PR-7 road from Km. 0.000 to Km. 11.157,1642,1904.79,537.04,2025-10-12,2026-06-30,261.0,1,,https://ipm.mospi.gov.in/Home/PublicDashboard
1850,Roads & Highways,Ministry of Road Transport & Highways,619136,Rehabilitation and Upgradation of  Chorma - Bairgania Section of National Highway No 227F to 2 lane with paved shoulders from Design Ch.0.000 to Ch. 34.566,611,628.65,304.24,2026-01-31,2026-04-15,74.0,1,,https://ipm.mospi.gov.in/Home/PublicDashboard
1851,Roads & Highways,Ministry of Road Transport & Highways,619137,4L of Dwarka-Khambaliya-Devariya section from km 203.500 to km 176.500 and from km 171.800 to km 125.000 of NH-151A,1025,1753.95,882.0,2022-08-07,2026-04-30,1362.0,1,,https://ipm.mospi.gov.in/Home/PublicDashboard
1852,Roads & Highways,Ministry of Road Transport & Highways,619138,Yekkambi-Haveri,310,309.9,72.86,2024-03-07,2027-03-31,1119.0,1,,https://ipm.mospi.gov.in/Home/PublicDashboard
1853,Roads & Highways,Ministry of Road Transport & Highways,619139,Construction of New Double Tier 4L Elevated Corridor from Chennai Port to Maduravoyal in Chennai District from km -0.342 to Km 20.593 and Package III from Km 9.700 to Km 14.185,1299,1299.36,123.13,2026-05-20,2027-11-16,545.0,1,,https://ipm.mospi.gov.in/Home/PublicDashboard
1854,Roads & Highways,Ministry of Road Transport & Highways,619140,6L of Naidupeta Junction - Turpukanupur Section from km 57.046 to km 91.927,1399,965.58,274.15,2025-10-19,2027-02-28,497.0,1,,https://ipm.mospi.gov.in/Home/PublicDashboard
1855,Roads & Highways,Ministry of Road Transport & Highways,619141,Construction of four lane access controlled highway from Chillakuru cross road to Turpu KanupurPart 1 of Package - II km 0.000 131.500 of NH - 16 to km 23.770 on New NH-516W including sixlane flyover and approaches on NH-16 length km 1.050 and six lane access controlled from TurpuKanupur to Port South Gate Part 2 of Package - II km 23.770 to km 35.015 on New NH-516W inthe state of Andhra Pradesh on HAM Mode under Bharatmala Pariyojana Phase I,864,844.39,294.13,2025-12-06,2026-11-22,351.0,1,,https://ipm.mospi.gov.in/Home/PublicDashboard
1856,Roads & Highways,Ministry of Road Transport & Highways,619142,Construction of 4-lane connectivity to Banbasa ICP at India Nepal border from NH-09 old NH-125 Sitarganj-Tanakpur at Km 40.00 near Jagbuda bridge under Bharatmala Priyojana of NH-109D on EPC mode in the State of Uttarakhand,217,237.01,152.33,2024-09-01,2027-04-11,952.0,1,,https://ipm.mospi.gov.in/Home/PublicDashboard
1857,Roads & Highways,Ministry of Road Transport & Highways,619143,4L Access Controlled Greenfield Highway section on NH-163G Khammam  Vijayawada from BrahmanapalliK village at Design Ch. 250.400 Km to Remidicherla village at Design Ch. 280.200 KmPackage-II,826,862.58,68.8,2027-03-26,2027-03-26,0.0,0,,https://ipm.mospi.gov.in/Home/PublicDashboard
1858,Roads & Highways,Ministry of Road Transport & Highways,619144,Hospet - Chitradurga from km. 299.00 to km. 418.750,1520,387.48,35.48,2018-08-15,2026-06-30,2876.0,1,,https://ipm.mospi.gov.in/Home/PublicDashboard
1859,Roads & Highways,Ministry of Road Transport & Highways,619145,Four Laning of Una to Kodinar from km. 180.478 to km. 221.610 Package-V,878,1126.66,611.08,2019-08-08,2025-03-31,2062.0,1,,https://ipm.mospi.gov.in/Home/PublicDashboard
1860,Roads & Highways,Ministry of Road Transport & Highways,619146,Kagvadar - Una Package-IV,751,955.78,331.94,2019-09-16,2026-04-30,2418.0,1,,https://ipm.mospi.gov.in/Home/PublicDashboard
1861,Roads & Highways,Ministry of Road Transport & Highways,619147,4L of Bal Works of  Mahuva to Kagvadar from 100.450 Km. to 140.470 Km. of NH-8E Pkg- III,603,628.49,624.32,2022-09-23,2026-01-17,1212.0,1,,https://ipm.mospi.gov.in/Home/PublicDashboard
1862,Roads & Highways,Ministry of Road Transport & Highways,619148,4L of Bhavnagar - Talaja Package-I from Km. 6.945 to Km. 54.990 of Old NH-8E,1186,1343.16,53.18,2019-08-06,,,,,https://ipm.mospi.gov.in/Home/PublicDashboard
1863,Roads & Highways,Ministry of Road Transport & Highways,619149,4L of Ratnagiri - Kolhapur section of NH-166  from km 0.000 to km 19.769 and km 31.000 to km 67.140 Pkg  I,1774,2108.41,685.28,2024-11-21,2026-06-29,585.0,1,,https://ipm.mospi.gov.in/Home/PublicDashboard
1864,Roads & Highways,Ministry of Road Transport & Highways,619150,BRT Tiger Reserve Boundary Km.287.500 to Bangalore Section Km.458.420 of NH-209 in Karnataka,2083,2859.93,718.08,2019-08-20,2026-05-31,2476.0,1,,https://ipm.mospi.gov.in/Home/PublicDashboard
1865,Roads & Highways,Ministry of Road Transport & Highways,619152,Bakhtiyarpur Km 153.300 to Mokama Km 197.900,1183,1898.84,867.69,2019-12-10,2026-04-30,2333.0,1,,https://ipm.mospi.gov.in/Home/PublicDashboard
1866,Roads & Highways,Ministry of Road Transport & Highways,619153,4L of HP/Punjab Border - Mo from km. 11.00 to km. 42.00 of Old NH-20 New NH-154 Package-IA,1002,1363.04,491.3,2024-05-17,2026-06-30,774.0,1,,https://ipm.mospi.gov.in/Home/PublicDashboard
1867,Roads & Highways,Ministry of Road Transport & Highways,619154,Construction of Four Lane Highway from Ghazipur- Ballia-UP/Bihar State Border Greenfield section of NH-31 Package III [from Pindari km 78.150 to Rawalganj Bypass Km 117.120] on EPC Mode in the state of Uttar Pradesh.,1494,1493.59,509.37,2025-08-28,2026-08-15,352.0,1,,https://ipm.mospi.gov.in/Home/PublicDashboard
1868,Roads & Highways,Ministry of Road Transport & Highways,619155,Upgradation and 4L of Haridwar Bypass from Km 0.000 Km 188.100 of NH-58 to Km. 15.100 Km 5.100 of NH 74 PKg-1,1603,1423.89,585.02,2024-10-29,2026-10-31,732.0,1,,https://ipm.mospi.gov.in/Home/PublicDashboard
1869,Roads & Highways,Ministry of Road Transport & Highways,619157,4 Laning of Talcher to end of Kamakhyanagar Bypass km 8.844 - km 15.725 of NH-149 and km 301.875 - km 335.946 of NH-53 Pkg-I,795,810.71,397.12,2021-08-19,2026-04-15,1700.0,1,,https://ipm.mospi.gov.in/Home/PublicDashboard
1870,Roads & Highways,Ministry of Road Transport & Highways,619158,4 Laning of Duburi Chandikhole from km 388.376 to km 428.074 Pkg-III,789,907.61,518.91,2022-08-09,2026-06-30,1421.0,1,,https://ipm.mospi.gov.in/Home/PublicDashboard
1871,Roads & Highways,Ministry of Road Transport & Highways,619160,Balance works in AP Portion and punch list items in TN & AP portion of NH-205,167,113.46,98.26,2025-01-04,2026-01-05,366.0,1,,https://ipm.mospi.gov.in/Home/PublicDashboard
1872,Roads & Highways,Ministry of Road Transport & Highways,619161,Access Controlled Highway of 4 Lane with Paved Shoulders from Tiruvallur Design Chainage Km 1756 to TN/AP Broder Design Chainage Km 6151 of NH-716 Chennai-Tirupati Package-1,1376,1247.7,133.95,2026-12-27,2026-12-27,0.0,0,,https://ipm.mospi.gov.in/Home/PublicDashboard
1873,Roads & Highways,Ministry of Road Transport & Highways,619162,4L of Najibabad Bypass  from Km. 105.423 to Km. 118.373 excluding 2.45 Km. of NH-74 Bypass of NH-119,578,566.9,438.51,2024-06-20,2026-04-15,664.0,1,,https://ipm.mospi.gov.in/Home/PublicDashboard
1874,Roads & Highways,Ministry of Road Transport & Highways,619163,4L of Baramati to Indapur Pkg-II from km. 41.400 to km. 84.550 of NH-965G Saint Tukaram Marg,1471,1297.48,910.9,2023-09-08,2026-06-30,1026.0,1,,https://ipm.mospi.gov.in/Home/PublicDashboard
1875,Roads & Highways,Ministry of Road Transport & Highways,619164,Belgaum-Khanapur Pkg I Km 0.000-Km 30.800 of NH-4A,1214,1195.74,479.2,2021-09-02,2027-03-31,2036.0,1,,https://ipm.mospi.gov.in/Home/PublicDashboard
1876,Roads & Highways,Ministry of Road Transport & Highways,619165,Thanamcherla-Jamandlapally 2LPS,177,18.65,8.31,2023-02-07,2026-05-31,1209.0,1,,https://ipm.mospi.gov.in/Home/PublicDashboard
1877,Roads & Highways,Ministry of Road Transport & Highways,619166,Umagaon-Saharsa Package-V Bakaur-Parsarma-Bangaon-Bariyahi & Spur to Mahishi,768,968.42,383.1,2025-12-14,2026-04-30,137.0,1,,https://ipm.mospi.gov.in/Home/PublicDashboard
1878,Roads & Highways,Ministry of Road Transport & Highways,619167,4 Laning with PS of Pathrapalli-Katghora km 53.3 to km 92.6 Pkg-II of Bilaspur Kathghora,865,1275.26,592.3,2022-12-03,2026-06-30,1305.0,1,,https://ipm.mospi.gov.in/Home/PublicDashboard
1879,Roads & Highways,Ministry of Road Transport & Highways,619168,6L access controlled Greenfield highway of Junction of EPE Vill.-Mavikalan to Vill.-Lohadda from Km. 0.000  to Km. 27.000 Pkg-1,1602,1497.94,1198.22,2024-09-02,2026-04-14,589.0,1,,https://ipm.mospi.gov.in/Home/PublicDashboard
1880,Roads & Highways,Ministry of Road Transport & Highways,619181,Rehabilitation and Up gradation from 4 to 8 laning of Chandikhole  Paradip Section of NH-53 Old NH  5A from Km.60.000 to Km.76.646 Package-4,882,1009.92,122.77,2026-10-31,2027-01-31,92.0,1,,https://ipm.mospi.gov.in/Home/PublicDashboard
1881,Roads & Highways,Ministry of Road Transport & Highways,619183,Widening of Existing Road from Intermediate Lane 2-lane to 4-lane Between Km 19.994 to Km 35.180 of NH-848A Rakholi-Khadoli-Velugam Section in U.T. of Dadra and Nagar Haveli and Daman and Diu,198,239.57,73.03,2026-02-14,,,,,https://ipm.mospi.gov.in/Home/PublicDashboard
1882,Roads & Highways,Ministry of Road Transport & Highways,619184,"Rehabilitation and up-gradation of section to Intermediate/2-Lane with hard shoulder from Km 107.760 to Km 129.445 After Middle strait to Humphrey, Km 130.600 to Km 138.00 After Humphrey to Kadamtala & Km 155.00 to Km 181.0 End of Jarwa to Rangat of NH-04 in UT of A&N on EPC Package-IIIA",207,376.48,,2025-09-13,2026-05-31,260.0,1,,https://ipm.mospi.gov.in/Home/PublicDashboard
1883,Roads & Highways,Ministry of Road Transport & Highways,619185,Rehabilitation and up-gradation and completion of balance work of section from Km 155.00 to Km 181.00 End of Jarwa to Rangat of NH -4 Total length 26 Km to Intermediate Lane/2-lane with hard shoulders in the UT of A&N Islands on EPC basis - Package-III.B Balance work,184,333.12,,2025-10-05,2026-05-31,238.0,1,,https://ipm.mospi.gov.in/Home/PublicDashboard
1884,Roads & Highways,Ministry of Road Transport & Highways,619186,Construction of Balance works of Major Bridge over Middle Strait Creek between Km.106.590 to km108.553 of NH-04 connecting South Andaman  & Baratang Island in the Union Territory of Andaman & Nicobar Islands on EPC basis,263,371.88,,2026-02-25,2026-12-31,309.0,1,,https://ipm.mospi.gov.in/Home/PublicDashboard
1885,Roads & Highways,Ministry of Road Transport & Highways,619187,"Slope protection and landslide mitigation at 4 vulnerable locations km 1.950 to Km 2.100, km 11.100 to 11.450, km 22.435 to km 22.485 and km 22.610 to km 22.680 within Sevoke-Rangpo section of NH-10 old NH-31A in Darjeeling & Kalimpong district in the State of West Bengal on EPC mode",152,,,2027-06-26,2027-06-26,0.0,0,,https://ipm.mospi.gov.in/Home/PublicDashboard
1886,Roads & Highways,Ministry of Road Transport & Highways,619193,Rehabilitation and upgradation of NH-221 from km 121/0 to 165/0 Rudrampur to Bhadrachalam section to two lane with paved shoulder under NHDPIV in the state of Telangana through EPC mode,295,334.82,375.14,2017-02-24,2026-04-30,3352.0,1,,https://ipm.mospi.gov.in/Home/PublicDashboard
1887,Roads & Highways,Ministry of Road Transport & Highways,619197,Delhi-Vadodara Greenfield Alignment NH-148N Pkg-27 Ch.729.700 to Ch.756.052,1186,1259.27,970.22,2024-02-14,2026-04-30,806.0,1,,https://ipm.mospi.gov.in/Home/PublicDashboard
1888,Roads & Highways,Ministry of Road Transport & Highways,619198,Vadodara Mumbai Expressway Phase II - Pkg XII [Km. 50.700 to Km. 77.000] Masvan - Ganjad,1711,2388.52,962.91,2024-03-22,2026-04-30,769.0,1,,https://ipm.mospi.gov.in/Home/PublicDashboard
1889,Roads & Highways,Ministry of Road Transport & Highways,619199,Bangalore Chennai Expressway Phase-II Pkg-I from km.71.000 to Km 96.000 Bethamangala in the state of Karnataka to Byreddypalli,1410,1410.01,240.02,2024-10-09,2022-10-10,-730.0,0,,https://ipm.mospi.gov.in/Home/PublicDashboard
1890,Roads & Highways,Ministry of Road Transport & Highways,619200,Delhi-Amritsar-Katra Expressway Phase-I Spur-III from Junction with Amritsar-Jalandhar road NH-3 near Bhishambarpura to Junction with Amritsar-Anjala road NH-354 near Amritsar Airport [Km 71000 to Km 99000 of Amritsar connectivity],1642,1951.7,983.87,2024-10-26,2027-06-21,968.0,1,,https://ipm.mospi.gov.in/Home/PublicDashboard
1891,Roads & Highways,Ministry of Road Transport & Highways,619201,Karnal ring road Lot-4/Pkg-1,1741,2041.54,410.51,2025-08-30,2026-10-31,427.0,1,,https://ipm.mospi.gov.in/Home/PublicDashboard
1892,Roads & Highways,Ministry of Road Transport & Highways,619202,Dwarka Expressway from Km -0.600 to Km 5.300 - Pkg-I Shivmurti Chowk-RuB near Dwarka Sector 21,2145,3929.5,2990.33,2022-09-24,2026-04-30,1314.0,1,,https://ipm.mospi.gov.in/Home/PublicDashboard
1893,Roads & Highways,Ministry of Road Transport & Highways,619203,Vadape to Thane from km 539.202 to km 563.000 section of NH-3 new NH-848,1253,1371.27,482.14,2021-07-18,2026-04-30,1747.0,1,,https://ipm.mospi.gov.in/Home/PublicDashboard
1894,Roads & Highways,Ministry of Road Transport & Highways,619205,Six Laning of KT/KL Border Thalapaddy -Chengala from Km. 17.200 to Km. 57.20,1981,2681.48,1041.05,2024-05-15,2026-04-14,699.0,1,,https://ipm.mospi.gov.in/Home/PublicDashboard
1895,Roads & Highways,Ministry of Road Transport & Highways,619206,6L of Perole Nileshwar town to Taliparamba from Km 94.248 to Km 134.650 of NH-66,3042,3867.66,966.76,2024-01-11,2027-03-31,1175.0,1,,https://ipm.mospi.gov.in/Home/PublicDashboard
1896,Roads & Highways,Ministry of Road Transport & Highways,619207,Start of Kollam Bypass - Kadambattukonam,2641,3309.06,867.3,2025-03-29,2026-06-30,458.0,1,,https://ipm.mospi.gov.in/Home/PublicDashboard
1897,Roads & Highways,Ministry of Road Transport & Highways,619208,Kadambattukonam-Kazhakuttom,3636,3526.33,524.28,2025-01-18,2026-12-31,712.0,1,,https://ipm.mospi.gov.in/Home/PublicDashboard
1898,Roads & Highways,Ministry of Road Transport & Highways,619209,4L of existing 2/4L stretch from Lonand  to Dive Ghat Km 166.400 to Km 220.900  of Mohol  Alandi section of NH-965 Pkg - V,1710,2049.51,1125.89,2024-05-02,2026-04-30,728.0,1,,https://ipm.mospi.gov.in/Home/PublicDashboard
1899,Roads & Highways,Ministry of Road Transport & Highways,619210,Dharampuri-Lonand from km. 117.00 to 166.40 Pkg-IV on Mohol-Alandi Section,1412,1358.68,1015.63,2023-09-14,2026-04-30,959.0,1,,https://ipm.mospi.gov.in/Home/PublicDashboard
1900,Roads & Highways,Ministry of Road Transport & Highways,619211,6L of MH/KN Border Nimbal Village to KN/TS Border Singnodi Village from Km. 97.000 to Km. 162.500 in Yadgir of NH-150C Pkg-III,2105,2065.83,690.04,2025-10-22,2026-12-31,435.0,1,,https://ipm.mospi.gov.in/Home/PublicDashboard
1901,Roads & Highways,Ministry of Road Transport & Highways,619212,6L Access Controlled Greenfield Highway of Julekal village to Dinnedevarapadu village from Km 242.200 to Km 280.400 Pkg-2,1228,1315.87,489.45,2025-01-03,2026-09-30,635.0,1,,https://ipm.mospi.gov.in/Home/PublicDashboard
1902,Roads & Highways,Ministry of Road Transport & Highways,619213,6L of Hatibena - Badakumari Section from Km 146.50 to km 179.00 of NH-130-CD Package  OD-2,791,1070.63,631.22,2024-03-02,2026-05-31,820.0,1,,https://ipm.mospi.gov.in/Home/PublicDashboard
1903,Roads & Highways,Ministry of Road Transport & Highways,619214,4L of Channarayapatna Bypass and Hassan Bypass with structures in Devihalli - Hassan section,688,684.54,569.97,2023-01-18,2026-06-30,1259.0,1,,https://ipm.mospi.gov.in/Home/PublicDashboard
1904,Roads & Highways,Ministry of Road Transport & Highways,619215,Cuttack-Angul Section of NH-42 New NH-55 from Km.60.200 to Km. 112.000 Pkg-II in the State of Odisha,991,1168.82,499.34,2020-09-06,2026-04-15,2047.0,1,,https://ipm.mospi.gov.in/Home/PublicDashboard
1905,Roads & Highways,Ministry of Road Transport & Highways,619216,6L access Controlled Greenfield Highway from Adhoya Musalmana to Sadopur section of Shamli -Ambala Package-III Design Ch. Form km 84.400 to km 121.786,1492,1122.86,644.11,2025-05-01,2026-12-31,609.0,1,,https://ipm.mospi.gov.in/Home/PublicDashboard
1906,Roads & Highways,Ministry of Road Transport & Highways,619217,4L of Haridwar-Nagina section from km. 0.00 to km. 71.614 of NH-74,1659,1622.49,806.95,2020-07-22,2026-04-15,2093.0,1,,https://ipm.mospi.gov.in/Home/PublicDashboard
1907,Roads & Highways,Ministry of Road Transport & Highways,619218,4L Tumkur-Shimoga Pkg-I from Mallasandra to Karadi village of NH-206 from Km. 12.300 to Km. 65.195,1364,1692.12,551.42,2021-10-14,2026-04-29,1658.0,1,,https://ipm.mospi.gov.in/Home/PublicDashboard
1908,Roads & Highways,Ministry of Road Transport & Highways,619219,4L of Tumkur-Shimoga Pkg-II from Km 65.195 Karadi to Km 121.900 Banawara of NH-206,1506,1989.89,586.41,2021-10-14,2026-04-30,1659.0,1,,https://ipm.mospi.gov.in/Home/PublicDashboard
1909,Roads & Highways,Ministry of Road Transport & Highways,619220,Tumkur-Shimoga Pkg-III from Km 121.900 Banawara to Km 170.415 Bettadahalli of Old NH-206,1444,1834.81,816.79,2023-03-14,2026-04-30,1143.0,1,,https://ipm.mospi.gov.in/Home/PublicDashboard
1910,Roads & Highways,Ministry of Road Transport & Highways,619222,"Balance works of four lane from km 43.950 Thiruvallur Bypass to km 61.470 Veppampattu Bypass passing through Thannerkulam, Thozur and Sevapet Bypass 17.520 kms of Tirupathi- Tiruttani- Chennai section of NH 205",468,699.68,443.83,2024-09-20,2026-04-30,587.0,1,,https://ipm.mospi.gov.in/Home/PublicDashboard
1911,Roads & Highways,Ministry of Road Transport & Highways,619251,Construction of two lane with paved shoulder of Ghatol Bypass from km 133.250 to km 140.950 of NH-56 old NH No. 113 on EPC mode in the State of Rajasthan.,170,,,2027-09-23,,,,,https://ipm.mospi.gov.in/Home/PublicDashboard
1912,Roads & Highways,Ministry of Road Transport & Highways,619289,4L of Munger  Mirzachauki section from Munger to Kharia village junction from Km 69520 to Km 95580 Pkg-1,1660,1696.66,445.37,2024-03-30,2026-06-30,822.0,1,,https://ipm.mospi.gov.in/Home/PublicDashboard
1913,Roads & Highways,Ministry of Road Transport & Highways,619291,4L Poanta SahebMednipur from Km. 435.65 to km. 458.65 of NH-07Pkg-1,525,657.32,232.75,2025-05-01,2026-04-15,349.0,1,,https://ipm.mospi.gov.in/Home/PublicDashboard
1914,Roads & Highways,Ministry of Road Transport & Highways,619292,4L Medinipur to Ballupur from Km. 458.65 to Km. 487.65 of NH-07Pkg-2,1093,1072.5,712.04,2025-02-17,2026-04-30,437.0,1,,https://ipm.mospi.gov.in/Home/PublicDashboard
1915,Roads & Highways,Ministry of Road Transport & Highways,619293,Construction of 4 Lane Access Controlled Bypass for Dehradun on NH307 from Design Chainage km 0050 Jhajra on NH-07 to Design Chainage km 12220 Asharori on EPC Mode in the State of Uttarakhand under NHO,716,337.11,115.32,2027-04-23,2027-04-23,0.0,0,,https://ipm.mospi.gov.in/Home/PublicDashboard
1916,Roads & Highways,Ministry of Road Transport & Highways,619294,Road Safety Improvement of existing four lane section of Dehradun-Lal Tappar-Nepali Farm Section of NH-7 and Nepali Farm-Motichur NH-34 on EPC Mode in Uttarakhand under NHO.,721,388.19,,2028-08-14,2028-08-14,0.0,0,,https://ipm.mospi.gov.in/Home/PublicDashboard
1917,Roads & Highways,Ministry of Road Transport & Highways,619295,Four/Six laning of Bhaniyawala-Jollygrant-Rishikesh spur section of NH-07 from Km. 0.000 to Km 19.780,742,664.92,0.3,2027-11-30,2027-11-30,0.0,0,,https://ipm.mospi.gov.in/Home/PublicDashboard
1918,Roads & Highways,Ministry of Road Transport & Highways,619301,Construction of Approach Road to Rail-cum- Road Bridge across river Ganga at Munger Ghat  NH-333 B,538,633.91,197.77,2021-05-28,2026-04-30,1798.0,1,,https://ipm.mospi.gov.in/Home/PublicDashboard
1919,Roads & Highways,Ministry of Road Transport & Highways,619305,4L of Munger  Mirzachauki section from start of existing Bhagalpur bypass to Rasulpur from Km 125000 to Km 157350 Pkg-3,1770,2024.59,504.17,2024-04-12,2026-06-30,809.0,1,,https://ipm.mospi.gov.in/Home/PublicDashboard
1920,Roads & Highways,Ministry of Road Transport & Highways,619306,4L of Munger  Mirzachauki section from Km 95580 to Km 125000 Pkg-2,1021,1235.65,452.21,2024-03-10,2026-04-30,781.0,1,,https://ipm.mospi.gov.in/Home/PublicDashboard
1921,Roads & Highways,Ministry of Road Transport & Highways,619307,4L of Munger  Mirzachauki section from Km 157350 to Km 193931 Pkg-4,1377,1481.58,428.1,2024-08-15,2026-04-30,623.0,1,,https://ipm.mospi.gov.in/Home/PublicDashboard
1922,Roads & Highways,Ministry of Road Transport & Highways,619308,6L access-controlled highway from  Ganeshpur tonear Mohand of Ganeshpur  Dehradun  section  from Km.0 to Km.8.3 of NH-72A  Package-1,836,835.74,807.97,2023-10-07,2026-04-15,921.0,1,,https://ipm.mospi.gov.in/Home/PublicDashboard
1923,Metals & Mining,Ministry of Steel,615202,Capacity expansion of Deposit-14 and 14 NMZ at Kirandul,1700,1756.2,253.33,2028-12-31,2028-03-27,-279.0,0,,https://ipm.mospi.gov.in/Home/PublicDashboard
1924,Steel,Ministry of Steel,400121,"Construction of Screening Plant-II for Donimalai and Kumaraswamy Iron Ore Mining Complex of NMDC Limited at Ballari Dt, Karnataka.",1044,,606.39,2026-08-25,,,,,https://ipm.mospi.gov.in/Home/PublicDashboard
1925,Steel,Ministry of Steel,400174,"New Sinter Plant at BSL, SAIL",1034,1752.3,980.24,2017-10-31,2027-06-30,3529.0,1,,https://ipm.mospi.gov.in/Home/PublicDashboard
1926,Steel,Ministry of Steel,612781,Rebuilding of COB 4 at Durgapur Steel Plant,917,,190.28,2026-12-08,2027-09-30,296.0,1,,https://ipm.mospi.gov.in/Home/PublicDashboard
1927,Steel,Ministry of Steel,617242,Installation of New Bar Mill at Durgapur Steel Plant,2115,,494.78,2027-06-30,,,,,https://ipm.mospi.gov.in/Home/PublicDashboard
1928,Steel,Ministry of Steel,617243,Replacement of Hot Leveller No.1 of Plate Mill at Bhilai Steel Plant,199,,65.34,2026-07-29,,,,,https://ipm.mospi.gov.in/Home/PublicDashboard
1929,Steel,Ministry of Steel,617246,Up-gradation of Blast Furnace No. 3 at Durgapur Steel Plant,758,,213.61,2026-06-07,2027-10-31,511.0,1,,https://ipm.mospi.gov.in/Home/PublicDashboard
1930,Steel,Ministry of Steel,617248,Third Ladle Furnace in Secondary Refinery Unit at IISCO Steel Plant,228,,64.62,2026-07-17,,,,,https://ipm.mospi.gov.in/Home/PublicDashboard
1931,Steel,Ministry of Steel,617249,Replacement of existing Grinders in CRM-I & II at Bokaro Steel Plant,212,,45.08,2027-01-27,,,,,https://ipm.mospi.gov.in/Home/PublicDashboard
1932,Steel,Ministry of Steel,617250,Secondary Emission Control in Converters of SMS-II at Bokaro Steel Plant,207,,38.61,2026-10-25,,,,,https://ipm.mospi.gov.in/Home/PublicDashboard
1933,Steel,Ministry of Steel,617251,Revamping of Air Pollution Control Systems of SP-1 at Durgapur Steel Plant,196,,37.82,2026-05-27,,,,,https://ipm.mospi.gov.in/Home/PublicDashboard
1934,Steel,Ministry of Steel,617253,Revamping of old sub-systems of Blast Furnace 3 at Bokaro Steel Plant,514,,381.87,2025-07-03,2026-05-30,331.0,1,,https://ipm.mospi.gov.in/Home/PublicDashboard
1935,Steel,Ministry of Steel,617254,Replacement of remaining 04 sets  of Battery Cyclones with 04 Nos. of ESPs in Sinter Plant-1 at Bokaro Steel Plant,260,,89.76,2026-06-29,2027-04-30,305.0,1,,https://ipm.mospi.gov.in/Home/PublicDashboard
1936,Steel,Ministry of Steel,617255,"Replacement of Converter Vessels, Trunnion Rings, Support System & Installation of Secondary Emission at Bhilai Steel Plant",472,,221.36,2026-06-14,,,,,https://ipm.mospi.gov.in/Home/PublicDashboard
1937,Steel,Ministry of Steel,617256,Rebuilding of Coke Oven Battery No.7 & 8 at Bhilai Steel Plant,884,,589.3,2025-10-31,2026-03-31,151.0,1,,https://ipm.mospi.gov.in/Home/PublicDashboard
1938,Steel,Ministry of Steel,617257,Rebuilding of Coke Oven Battery No.6 at Bokaro Steel Plant,627,,321.22,2026-11-15,,,,,https://ipm.mospi.gov.in/Home/PublicDashboard
1939,Steel,Ministry of Steel,617338,Stamp Charge Battery No.12 Battery Proper at IISCO Steel Plant,2518,,333.48,2028-07-20,,,,,https://ipm.mospi.gov.in/Home/PublicDashboard
1940,Steel,Ministry of Steel,706811,NMDC Slurry Pipeline Project Phase-1,2907,5427.0,3603.64,2023-06-30,2026-04-30,1035.0,1,,https://ipm.mospi.gov.in/Home/PublicDashboard
1941,Steel,Ministry of Steel,709826,SCREENING PLANT-III AT KIRANDUL,2719,,1519.66,2026-01-31,2027-07-31,546.0,1,,https://ipm.mospi.gov.in/Home/PublicDashboard
